default,pay_delay_1,pay_delay_2,log_limit,utilization,age,sex,education
1,2,2,9.9035,0.1956,24,2,2
1,-1,2,11.6952,0.0223,26,2,2
0,0,0,11.4076,0.3249,34,2,2
0,0,0,10.8198,0.9398,37,2,2
0,-1,0,10.8198,0.1723,57,1,2
0,0,0,10.8198,1.288,37,1,1
0,0,0,13.1224,0.7359,29,1,1
0,0,-1,11.5129,0.1188,23,2,2
0,0,0,11.8494,0.0806,28,2,3
0,-2,-2,9.9035,0.0,35,1,3
0,0,0,12.2061,0.0554,34,2,3
0,-1,-1,12.4684,0.0472,51,2,1
0,-1,0,13.3535,0.0193,41,2,2
1,1,2,11.1563,0.94,30,1,2
0,0,0,12.4292,0.2835,29,1,1
0,1,2,10.8198,1.0123,23,2,3
1,0,0,9.9035,0.7688,24,1,1
0,0,0,12.6761,0.7915,49,1,1
0,1,-2,12.7939,0.0,49,2,1
0,1,-2,12.1007,0.0,29,2,1
0,0,0,11.7753,0.2951,39,2,3
1,-1,-1,11.6952,0.0026,39,2,2
1,2,0,11.1563,0.587,26,2,2
1,-2,-2,13.017,0.0122,40,2,1
0,0,0,11.4076,0.0527,23,1,1
0,0,0,10.8198,0.9524,23,1,3
1,1,-2,11.0021,-0.0018,27,1,1
0,0,0,10.8198,0.4508,30,2,3
0,-1,-1,10.8198,0.013,47,2,3
0,0,0,10.8198,0.3066,26,1,1
0,-1,-1,12.3458,0.0724,27,2,1
1,2,0,10.8198,0.6104,33,1,2
0,0,0,11.5129,0.9304,32,1,1
0,-2,-2,13.1224,0.0219,54,2,2
0,-2,-2,13.1224,0.0274,58,1,1
0,-1,-1,11.9829,0.1892,30,1,1
0,0,0,12.5425,0.6661,40,1,2
0,0,0,11.0021,0.2509,22,2,2
1,1,-1,10.8198,0.0,25,1,1
0,-1,-1,12.5425,0.0018,31,1,1
0,0,0,12.7939,0.6074,33,1,1
0,0,0,11.1563,0.9646,25,2,1
0,0,0,9.2103,0.1877,22,1,2
0,0,0,11.8494,0.425,37,2,2
0,0,0,10.5966,0.4732,30,2,1
1,-2,-2,12.2549,0.0,29,1,1
1,0,0,9.9035,0.7014,22,2,1
1,0,0,11.9184,0.0298,46,2,5
0,-1,-1,12.8479,0.059,32,1,2
0,0,0,9.9035,0.8724,24,1,1
1,1,2,11.1563,0.5292,42,1,3
0,0,0,11.5129,0.6156,43,2,3
0,-2,-2,12.6443,0.0434,49,2,2
0,1,2,12.1007,0.23,25,2,1
0,2,0,11.9184,0.3082,29,2,1
0,-2,-2,13.1224,0.0038,45,2,1
0,0,0,12.1007,0.091,34,2,3
0,0,0,12.1007,0.9771,34,2,2
0,-1,3,12.2061,0.0079,34,2,1
0,0,0,12.8992,1.0003,29,2,2
1,0,0,13.1224,0.0457,28,2,3
0,0,0,11.1563,1.0114,39,1,2
1,2,2,10.8198,0.4997,29,1,1
1,0,0,10.8198,0.5744,46,2,2
0,-1,-1,11.7753,0.0008,51,2,2
1,-2,-2,12.2061,0.7626,57,1,1
1,2,2,9.2103,0.2097,56,1,2
0,2,-1,12.2549,0.0014,30,2,1
0,1,-2,11.7753,-0.0015,29,2,3
0,2,0,9.9035,0.9282,22,1,5
0,-1,-1,11.2898,0.0098,31,1,1
1,2,2,12.6761,0.1821,29,1,2
0,-1,-1,12.2061,0.0454,32,2,2
0,1,-2,12.5776,0.0,37,2,1
0,-1,-1,12.7367,0.009,32,1,1
0,0,0,9.9035,0.731,24,1,2
0,-1,0,10.8198,0.8568,25,1,3
0,-1,-1,12.6115,0.001,45,2,1
1,0,0,10.309,0.9462,22,2,2
1,1,-2,12.3884,0.0,44,2,2
0,0,0,13.0605,0.3516,33,2,3
0,0,0,12.7939,0.065,26,2,1
1,0,0,11.0021,0.4387,30,1,3
0,0,0,12.8992,0.329,44,2,2
0,0,0,10.8198,0.9782,49,2,3
0,0,0,11.9829,0.8127,33,1,2
1,-1,-1,12.7939,0.0011,45,2,1
0,0,0,11.9829,0.0239,32,2,2
0,0,0,11.7753,0.6255,35,2,1
0,2,2,9.9035,0.4292,44,1,3
1,2,2,12.2061,0.6909,53,1,1
0,-1,-1,12.5425,0.0269,39,2,1
0,-2,-2,11.5129,-0.02,27,2,1
0,-1,-1,11.9829,0.0055,37,2,2
0,0,0,11.0021,0.7608,23,2,2
0,0,0,11.4076,0.9303,35,1,2
0,-1,-1,12.7939,0.011,43,1,1
0,0,0,11.9184,0.5734,27,1,1
0,0,0,10.8198,0.3744,22,2,3
1,0,0,9.9035,0.8986,38,1,2
0,-2,-2,11.8494,0.0048,32,1,1
0,-2,-2,12.8479,-0.0002,30,2,1
0,0,0,13.0815,0.8793,63,1,1
1,0,0,10.8198,0.894,22,2,3
0,2,2,11.0021,0.9448,26,2,2
0,-1,-1,11.1563,0.0797,24,2,2
0,-1,-1,11.2898,0.0764,36,2,2
0,-1,-1,12.7657,0.002,52,1,1
0,0,0,11.7753,1.3188,38,1,2
0,1,-2,12.7939,-0.0003,35,1,2
0,0,0,12.7068,0.3208,31,2,1
0,0,0,10.8198,0.2649,47,1,3
0,2,2,12.5425,0.4845,41,1,2
0,0,0,11.5129,0.5213,24,2,1
0,0,0,10.8198,0.3803,41,1,2
1,-1,2,10.309,0.6066,24,1,1
0,-1,-1,12.3884,0.0014,28,1,1
1,2,0,11.2898,0.1754,26,1,2
0,-1,-1,12.8992,0.0492,34,1,2
0,0,0,12.3884,0.2094,38,2,2
1,2,2,10.8198,0.9201,37,1,3
1,1,-2,13.017,0.0,40,1,1
0,1,-2,11.6082,0.0,48,2,1
1,2,0,12.6443,0.9838,35,2,2
0,0,0,9.9035,0.9558,27,1,1
0,1,-2,9.9035,0.0,23,1,2
0,0,0,12.2061,0.5508,52,1,3
1,0,0,12.1007,0.9096,36,1,1
1,0,0,10.8198,0.0669,51,1,2
0,3,2,11.0021,1.0087,55,1,3
0,1,-2,10.309,0.1333,23,2,1
0,1,-1,12.3884,0.0004,41,1,1
0,0,0,12.948,0.6035,34,1,2
0,0,0,12.7068,0.6891,46,1,3
0,0,0,10.309,0.9484,22,2,2
0,0,0,12.3884,0.0445,34,1,2
0,0,0,11.9184,0.1163,27,1,1
0,0,0,12.2549,0.0341,33,2,2
1,-1,-1,10.8198,0.015,51,2,3
0,0,0,10.8198,1.016,24,1,1
1,1,-2,12.3884,0.0,47,1,1
0,-1,-1,12.1007,0.0102,28,1,2
0,1,2,10.8198,0.2026,23,1,2
0,-2,-2,12.0436,0.0715,29,1,2
0,-1,-1,9.9035,0.06,29,1,1
0,0,0,10.8198,0.1,28,1,1
1,0,0,12.0436,0.1133,27,2,2
0,1,2,12.2061,0.9862,34,1,1
0,1,2,11.2898,0.1146,23,2,2
0,1,-2,12.4684,-0.0042,60,2,1
0,0,0,11.8494,0.6188,32,1,2
0,0,0,11.2898,0.5306,25,1,1
0,1,-1,12.7657,0.0006,41,1,1
0,0,0,12.5425,0.7456,56,2,2
0,0,0,10.309,0.3005,26,2,3
0,0,0,11.8494,0.171,34,1,1
0,0,0,12.2061,0.5271,37,2,1
0,0,0,12.2061,0.9802,30,2,3
1,2,3,12.2549,0.5514,45,1,3
0,3,2,10.8198,0.2571,57,1,3
0,2,2,10.309,0.8119,41,1,1
0,2,-1,10.8198,0.0078,27,1,2
0,-1,-1,12.5776,0.0043,47,1,3
0,0,0,12.4292,0.5649,34,2,1
0,0,0,11.0021,0.3525,46,2,2
0,0,0,11.6082,0.924,27,2,1
0,-2,-2,12.8213,0.0165,50,1,1
0,-1,2,11.5129,1.0235,27,1,2
0,0,0,11.4076,0.8012,35,2,2
0,0,0,10.8198,0.5608,22,2,2
0,0,0,12.5062,0.1396,37,1,2
0,-1,-1,12.6115,0.0023,30,2,1
0,-1,0,10.8198,0.1713,22,2,2
1,1,-2,10.8198,-0.0142,24,2,1
0,1,-2,12.7939,0.0,29,1,1
1,1,2,11.7753,0.4971,56,1,3
0,-2,-1,11.2898,0.0773,30,1,1
0,1,2,10.8198,0.9772,30,1,2
0,0,0,9.9035,0.8,22,2,2
0,0,0,11.2898,0.9735,29,2,2
0,-1,-1,12.3884,0.0509,37,1,1
0,0,-1,11.2898,0.6201,35,2,3
0,0,0,13.1224,0.1128,47,2,1
1,0,0,11.0021,0.9671,24,2,2
0,0,0,9.9035,0.5321,25,1,2
1,1,2,11.5129,0.1448,38,2,2
0,1,-1,12.7939,0.0073,32,2,1
1,2,2,12.2061,0.9972,47,2,3
0,1,-1,11.7753,0.0,34,2,2
0,1,5,9.9035,1.0852,31,2,2
0,0,0,12.6443,0.1932,32,1,1
1,2,0,11.0021,0.3271,27,2,1
0,-1,-1,12.1007,0.0633,29,2,1
0,-1,-1,12.1007,0.0815,24,2,1
0,0,0,10.8198,0.9558,36,1,2
1,1,2,10.8198,0.7233,24,2,1
0,-2,-2,11.9184,0.0,34,2,2
0,0,0,9.9035,0.9276,22,2,1
0,-2,-2,13.1224,0.0008,34,2,1
1,1,2,10.309,0.967,22,2,3
0,-2,-2,12.1007,0.0042,38,2,1
0,0,0,11.8494,0.1937,31,1,1
0,-1,0,11.8494,0.0959,26,2,1
0,0,0,11.6952,0.8943,26,1,2
0,0,0,12.7939,0.629,48,2,2
0,-1,-1,9.9035,0.0114,43,1,3
0,-1,-1,11.5129,0.0039,47,1,1
1,-1,-1,12.2549,0.0147,41,2,2
1,0,0,11.2898,1.0203,24,2,2
0,-1,-1,12.7068,0.0269,50,2,1
0,0,0,12.3014,0.48,24,1,1
1,1,-2,12.2549,0.0,38,2,1
0,0,0,10.5966,0.9564,43,2,3
0,0,0,10.309,0.9449,39,1,2
0,2,2,13.0605,0.631,27,1,2
0,-1,-1,10.309,0.013,42,1,3
1,1,-2,12.3884,-0.0039,36,2,2
0,2,0,11.2898,0.991,36,1,2
0,0,0,11.6082,0.8181,31,2,3
0,-1,-1,12.6443,0.0046,38,2,1
1,2,2,12.7939,0.2921,40,2,1
0,0,0,12.7068,1.0157,45,2,3
0,0,0,12.6115,0.9721,35,2,2
0,0,0,12.6761,0.2864,33,2,2
1,1,3,10.8198,1.0525,37,2,3
0,0,0,12.0436,0.7669,28,2,1
0,-1,-1,12.7657,0.0093,44,1,3
0,0,0,9.9035,0.8228,37,1,2
1,2,0,10.8198,0.9952,23,1,2
0,1,2,9.9035,0.9577,24,2,3
0,0,0,10.8198,0.7017,24,2,1
1,1,2,9.9035,1.0118,23,1,2
0,0,0,10.8198,2.056,26,1,2
1,2,0,12.1548,0.6832,34,1,2
0,0,0,11.0021,0.97,33,2,2
0,-1,-1,11.2898,0.0998,35,1,1
0,0,0,11.9184,0.8493,27,2,2
0,-2,-2,12.2549,0.0069,31,2,1
1,0,0,12.3884,0.9759,50,2,3
1,0,0,11.8494,0.1382,41,2,2
0,1,2,11.0021,0.3584,28,2,1
0,0,0,10.8198,0.9435,39,1,1
0,0,0,10.8198,0.5331,27,2,2
0,-1,-1,12.1007,0.0174,32,2,1
0,-1,-1,10.309,0.0047,40,2,1
0,0,0,9.9035,0.9908,40,2,2
0,0,-1,12.4292,0.2115,75,2,2
0,0,0,11.5129,0.3777,27,2,2
0,0,0,12.7068,0.1398,25,1,1
0,0,0,10.8198,0.7143,46,1,3
0,1,2,10.8198,1.0173,26,2,2
0,0,0,10.309,0.9747,28,1,2
1,0,0,11.8494,0.7254,26,2,2
0,0,0,11.9829,0.439,28,2,1
0,-1,0,12.8992,0.0488,29,2,2
0,0,0,10.8198,0.554,25,1,2
0,0,-1,11.8494,0.0082,48,2,2
0,-1,-1,11.9829,0.0501,33,2,2
0,0,0,11.5129,0.6217,43,2,3
1,2,0,12.3014,0.9563,48,1,1
0,0,0,13.1422,0.1536,29,2,1
0,0,0,10.8198,0.9855,29,1,2
0,-1,-1,11.9829,0.028,38,2,1
0,-2,-2,12.3458,0.0099,37,2,1
0,-1,-1,11.2898,0.1264,37,2,1
0,-1,-1,11.9184,0.041,25,2,2
0,0,0,9.2103,0.6974,23,1,3
1,0,0,11.7753,0.6846,49,2,3
0,0,0,10.5966,0.8718,48,2,1
1,3,2,10.8198,0.2739,27,1,2
0,0,0,11.5129,0.7,32,1,3
0,-1,2,11.6952,0.009,34,1,1
1,1,-2,12.4684,0.0,58,2,1
0,0,0,12.2061,0.0563,33,2,2
1,-2,-2,12.7939,0.0,28,2,2
0,0,0,11.1563,0.9814,36,2,2
1,2,-1,13.039,0.0004,40,1,1
0,-1,-1,10.8198,0.0231,26,2,1
0,0,0,10.8198,1.0172,33,1,3
0,0,0,12.4292,0.4124,31,2,2
0,0,0,10.309,0.0504,27,2,1
0,0,0,12.5062,0.4724,44,1,2
0,0,0,12.1007,0.9108,30,2,3
0,0,0,11.5129,0.5349,28,2,1
0,0,0,12.3458,0.8484,32,2,3
0,-1,-1,12.2549,0.5255,46,2,1
0,2,0,12.2549,0.2881,38,1,1
0,0,0,12.9945,0.4105,46,2,2
1,2,0,11.5129,0.709,25,2,2
0,0,0,12.3884,0.0365,46,2,2
1,-1,-1,12.5425,0.0032,33,1,1
1,1,-2,10.8198,0.0,22,2,2
0,3,2,10.309,0.0567,43,1,2
1,0,0,9.2103,0.7015,27,1,2
0,1,-2,11.7753,0.0,29,1,1
0,0,0,12.2061,0.9718,31,1,1
0,-1,-1,11.6952,0.014,29,2,2
0,0,0,12.2549,0.682,36,2,2
0,0,0,12.5425,0.2107,36,2,1
1,1,-2,12.6115,0.0,34,1,1
0,0,0,11.5129,0.9921,37,1,2
0,-2,-2,12.9945,0.0,36,2,1
0,0,0,10.8198,0.9988,40,2,3
1,0,0,9.9035,0.5984,25,2,1
0,-1,-1,12.2061,0.0044,27,2,1
0,-2,-2,11.6082,0.0039,26,2,2
0,-1,-1,13.1224,0.021,36,2,2
0,1,-1,12.6115,0.0,27,2,2
1,2,2,10.309,0.324,55,1,3
0,-1,-1,11.0021,0.3474,27,2,1
0,-1,0,12.8992,0.0092,38,2,2
0,0,0,12.1007,0.7961,34,2,2
0,0,0,9.9035,0.5467,40,1,1
1,-1,2,12.2061,0.2622,49,2,3
0,0,0,11.5129,0.5573,27,1,1
1,0,0,11.0021,0.8251,23,1,2
0,0,0,11.6082,0.4347,36,2,2
0,1,-1,12.4684,0.0,53,2,3
0,3,2,10.8198,0.9704,46,2,3
0,1,-2,12.1007,-0.0,29,1,2
1,1,2,11.6082,0.5306,29,1,2
0,0,0,12.7367,0.5064,27,2,1
0,-1,0,10.8198,0.028,24,1,2
1,0,0,12.3458,0.1146,28,2,2
0,0,0,12.7939,0.2584,32,2,2
0,1,-2,12.2549,0.0,43,1,2
1,-1,2,12.3014,0.003,41,2,2
1,2,2,11.0021,0.415,34,2,2
0,-2,-1,12.7367,0.1482,55,1,2
0,2,2,11.9184,0.6657,40,1,1
1,1,-1,12.2061,-0.0009,37,2,2
1,0,0,11.7753,0.0735,40,2,2
0,1,2,11.0021,0.1757,28,2,1
0,1,-2,12.8992,0.0,43,2,2
0,0,0,9.9035,1.0286,27,1,1
0,0,0,12.1548,0.7551,28,2,1
0,0,0,12.4684,0.6034,30,2,1
0,-2,-2,11.8494,0.0028,31,2,2
1,0,0,10.8198,0.9302,31,2,2
0,-1,-1,11.6952,0.0074,34,2,1
0,-2,-2,12.3884,0.0004,30,2,2
0,0,0,10.8198,0.1183,36,1,2
0,-1,2,12.2061,0.012,29,2,1
0,0,0,12.1007,1.5263,39,1,1
0,0,0,12.1007,0.8078,26,2,1
0,-1,-1,11.9829,0.0194,29,2,1
0,-1,-1,11.5129,0.0137,26,2,2
1,0,0,10.8198,0.9416,29,2,2
0,0,0,11.8494,0.9866,31,2,2
1,0,0,10.309,0.5964,26,2,2
0,0,0,11.4076,0.4348,26,1,1
0,1,-2,12.2061,-0.0719,36,1,1
1,1,-2,12.8479,0.0,30,1,1
0,0,0,11.2898,0.9632,43,2,2
0,2,2,10.8198,0.318,58,1,3
1,-1,0,12.1007,0.1538,45,1,2
0,0,0,12.3884,0.5888,26,2,2
0,0,0,12.8479,0.5114,34,1,2
0,0,0,11.6082,0.7614,24,2,4
0,-1,-1,12.4684,0.191,34,1,1
1,4,3,13.1224,1.0155,23,2,2
0,0,0,12.6761,0.2228,30,2,2
0,4,3,10.8198,0.9147,32,1,2
1,1,-2,11.6082,0.0,40,1,1
0,-2,-2,12.3458,0.0033,35,2,1
0,1,-1,12.7068,-0.0,56,2,2
0,0,0,10.8198,0.9433,61,2,2
0,-1,2,9.2103,0.2887,24,1,2
0,1,-2,12.6115,0.0,40,1,1
1,3,2,9.9035,1.0316,32,2,2
1,2,2,12.1007,0.4641,36,1,2
0,-1,-1,11.9829,0.0006,30,1,1
0,0,0,11.4076,0.3811,34,2,1
0,0,0,10.309,0.7662,54,1,3
0,0,0,12.1007,0.9626,46,1,1
0,0,0,10.309,0.6381,58,1,3
0,1,2,10.309,0.6839,43,1,2
0,-1,0,11.8494,0.0774,28,2,1
0,0,0,12.2549,0.333,30,1,1
1,0,0,10.8198,0.4105,31,1,2
0,0,0,11.7753,0.685,29,2,2
1,2,2,10.8198,0.0379,37,2,2
0,0,0,11.8494,0.7185,36,1,3
1,-1,0,12.0436,0.0173,28,2,2
0,0,0,11.2898,0.2827,25,1,2
0,0,0,12.9239,0.8246,42,2,5
0,1,-1,11.2898,0.0,29,2,1
1,-1,0,11.2898,0.7893,73,1,3
0,0,0,11.9184,1.0217,43,1,2
1,-1,-1,12.4684,0.0044,30,1,1
0,1,-2,12.7657,0.0,38,1,1
1,1,-1,12.5425,-0.0047,39,2,2
0,0,0,12.6443,0.3348,44,1,2
0,0,0,11.8494,0.1436,29,2,2
0,-1,-1,12.7939,0.1056,51,1,1
0,0,0,11.8494,1.0173,27,2,1
0,0,0,11.5129,0.4081,38,1,1
0,-2,-2,10.8198,0.0,22,2,2
0,0,0,12.2549,0.4986,30,2,2
0,2,2,11.6952,1.0025,25,2,2
0,0,0,12.3884,0.6515,29,1,1
0,0,0,11.0021,0.6887,42,2,3
1,-1,-1,11.9184,0.0098,41,1,1
0,0,0,10.309,0.9293,48,1,2
1,2,2,11.9829,1.0027,29,2,1
0,-2,-2,12.2061,0.0193,52,1,1
0,0,0,11.6952,0.2206,25,2,2
0,1,2,13.1224,1.0141,37,1,1
0,0,0,12.6761,0.1738,27,2,1
0,0,0,12.5425,0.6014,31,1,1
1,1,2,11.0021,0.4889,23,2,1
0,-1,-1,12.2061,0.001,38,2,1
0,1,-2,12.3458,0.0,32,2,1
1,1,2,12.3458,0.0594,27,2,2
0,-2,-2,13.0815,0.031,41,2,3
0,-1,-1,10.8198,0.45,35,2,3
0,-2,-2,12.2061,0.0359,31,2,1
0,0,0,10.8198,0.2962,30,2,1
0,0,0,10.8198,0.8868,48,1,2
1,1,-2,12.4684,0.0,36,2,1
0,2,0,10.309,0.8422,24,1,1
0,0,0,12.9945,0.3856,29,2,1
0,-1,-1,12.3458,0.0445,38,2,2
1,2,2,12.2061,0.5249,38,1,2
0,0,0,13.1022,0.393,30,2,2
0,-1,-1,11.2898,0.1408,32,2,2
1,2,2,9.9035,0.4776,49,2,3
1,-1,-1,12.0436,0.0012,31,2,1
0,0,0,11.1563,1.0017,27,1,1
0,0,0,12.2549,1.0124,33,2,2
0,0,0,11.4076,1.021,25,2,2
1,0,0,12.8739,0.7817,27,2,1
0,0,0,11.6082,0.4375,29,2,1
0,0,0,13.2708,0.2754,36,2,1
0,0,0,12.7939,0.0256,55,1,3
1,1,2,12.5062,0.8695,32,2,2
0,-1,-1,11.0021,0.2345,27,2,1
0,0,0,11.6082,0.5619,37,1,3
0,0,0,10.8198,1.0209,25,2,1
1,0,0,11.2898,0.9628,23,2,1
0,-1,-1,10.8198,0.007,23,1,2
0,0,0,11.5129,0.8383,32,1,1
0,1,-2,10.309,0.0,26,2,1
0,0,0,12.2061,0.6146,27,2,1
1,0,0,12.3884,1.0256,44,1,1
0,0,0,12.3014,0.1696,34,1,2
0,0,0,11.9829,0.9152,28,2,1
0,-1,-1,12.1007,0.2562,53,2,1
0,0,0,12.2061,0.1928,42,1,4
0,0,0,11.8494,0.6879,30,2,3
1,1,-2,12.8479,0.0,51,1,1
1,2,2,13.3047,0.7786,53,1,1
0,0,0,12.4684,0.9834,37,1,2
0,0,0,12.2061,0.7839,26,2,1
0,0,0,11.2898,0.9766,42,1,2
0,0,0,10.5966,1.0008,39,1,2
0,1,2,11.7753,0.5464,39,1,3
0,-1,0,10.8198,0.4795,32,1,1
0,-1,-1,12.3458,0.0036,41,2,2
1,0,0,11.1563,0.7275,48,1,2
0,0,0,12.1007,0.8473,38,2,2
0,-1,-1,11.2898,0.0211,36,2,2
0,0,0,12.5776,0.0717,26,2,2
0,0,0,12.3458,0.131,28,2,1
0,1,-2,12.0436,0.0,56,2,3
1,-1,0,12.3458,0.9063,59,1,1
1,0,0,12.3014,0.9672,38,1,1
0,0,0,12.3458,0.1222,32,1,2
0,0,0,13.1224,0.1187,38,1,2
0,-1,-1,11.4076,0.0684,41,2,1
1,0,0,12.8739,0.9108,35,2,3
0,0,0,12.8992,0.9155,41,2,2
0,-1,-1,12.1007,0.0163,34,1,2
0,1,2,11.0021,0.4882,38,1,3
0,-1,-1,11.6952,0.0346,32,2,2
0,0,0,11.0021,0.4533,29,2,2
0,0,0,10.8198,1.0179,44,1,1
0,0,0,11.1563,0.9537,37,2,2
0,-1,2,13.1224,0.0012,38,2,1
0,-2,-2,12.2061,0.0,31,1,1
0,0,0,12.4292,0.1797,40,2,2
1,0,0,11.8494,0.9383,26,1,2
0,0,0,11.1563,0.5895,28,2,2
0,1,2,11.4076,0.8623,48,1,3
0,-1,-1,11.5129,0.0249,43,2,2
0,0,0,12.1548,0.9345,31,1,2
0,-1,-1,12.3458,0.0298,42,2,1
0,0,0,12.6761,0.293,39,1,2
1,-1,-1,12.3014,0.0018,36,2,2
0,-1,-1,12.4684,0.0632,34,2,1
0,-2,-2,11.4076,0.0064,32,2,2
0,2,2,10.309,0.9568,43,2,2
0,0,0,12.4684,0.3791,30,1,2
0,0,0,12.0436,0.1665,28,2,2
1,0,0,11.2898,0.1072,28,2,1
0,-1,-1,10.8198,0.0102,41,1,1
0,0,0,12.2061,1.0159,47,2,3
0,0,0,9.9035,0.822,23,1,2
0,-1,-1,12.4292,0.0003,49,2,1
0,0,0,9.9035,0.7956,38,1,1
0,0,0,10.309,0.6781,38,2,2
0,1,2,11.4076,0.257,35,2,2
0,0,0,12.3458,0.9634,46,2,6
1,0,0,11.7753,0.1474,33,2,1
0,-2,-2,10.309,0.0,53,1,6
0,-1,-1,11.9829,0.0025,35,1,1
0,-1,-1,13.1224,0.0079,43,2,2
0,0,0,12.1007,0.2347,28,2,2
0,0,0,11.2898,0.2688,30,2,2
0,-1,-1,11.6952,0.0074,26,1,1
0,-1,-1,11.7753,0.0097,31,1,2
1,-1,-1,11.6952,0.002,35,2,2
0,-1,-1,12.7939,0.0562,28,1,1
1,2,2,10.8198,0.5902,23,1,2
0,0,0,9.9035,0.9178,23,2,2
0,0,0,11.5129,0.9426,56,1,3
0,0,0,11.1563,0.982,32,1,3
0,0,0,10.8198,0.2783,47,1,2
0,1,2,9.2103,1.025,22,2,2
0,0,0,12.5776,0.3236,34,2,1
0,0,0,10.309,0.5499,31,2,1
0,1,-1,12.9239,-0.0001,27,2,2
1,-1,-1,12.7939,0.0034,28,1,1
1,0,0,11.8494,0.7964,42,2,2
0,0,0,12.2549,0.3208,32,2,1
0,-1,-1,12.3014,0.0077,27,2,2
0,1,2,9.9035,0.9324,27,1,2
1,2,2,13.3375,0.2594,45,2,2
0,1,-2,12.7939,-0.0,26,1,1
0,-1,-1,9.9035,0.9382,21,2,2
0,0,0,10.8198,0.691,23,1,2
0,0,0,10.8198,1.9508,30,1,2
1,0,0,9.2103,0.4073,46,1,2
1,2,0,11.5129,0.5385,50,2,3
0,-2,-2,10.8198,0.0482,26,1,1
0,-1,-1,11.0021,0.008,25,1,2
0,0,0,12.9945,0.7517,35,2,1
0,0,0,11.6952,0.7667,44,1,2
0,0,0,10.8198,0.0651,52,2,1
0,1,2,11.6082,0.8422,40,2,2
0,-1,-1,12.2061,0.002,38,2,1
0,1,-2,11.9184,0.0,28,2,1
1,2,3,10.309,0.9593,36,2,2
0,0,0,11.5129,0.3009,24,2,1
0,-1,0,12.7939,0.0343,34,2,1
0,0,0,12.8739,0.1298,31,2,1
1,1,-2,12.3014,-0.0003,41,2,1
0,-2,-2,11.9829,0.0,25,2,2
0,-1,-1,12.3458,0.0104,28,2,1
0,0,0,11.6952,0.437,27,1,1
1,0,0,11.5129,0.0466,52,1,3
1,-1,-1,12.1548,0.1484,41,2,1
1,0,0,10.8198,1.0143,56,1,1
0,1,-1,12.3884,0.0,42,2,1
0,-2,-2,10.5966,0.8821,24,2,2
0,0,0,13.3535,0.0601,47,2,2
0,-2,-2,11.9829,0.0327,33,2,1
0,0,0,11.6082,0.5936,32,2,2
0,0,0,9.9035,0.8604,29,1,2
0,0,0,12.2549,0.2723,53,2,3
0,-1,-1,12.5062,0.0214,34,1,1
0,-2,-2,12.7939,0.0018,52,2,2
0,-1,-1,11.0021,0.0105,42,2,2
0,-1,0,12.7939,0.301,38,1,2
0,2,2,12.8739,0.0021,45,2,1
0,-2,-2,12.4292,0.029,35,2,3
1,0,0,11.4076,0.146,24,2,1
0,-1,-1,12.7939,0.0196,28,1,1
0,0,0,10.8198,0.7086,26,1,3
0,0,0,12.5062,0.0694,40,2,1
0,1,-1,12.2061,0.2789,29,2,1
0,0,0,10.8198,0.9962,23,2,2
0,-1,-1,12.7657,0.0311,33,1,1
1,-2,-1,11.9829,0.0196,60,2,2
0,-1,-1,11.2898,0.0421,49,2,3
1,2,0,12.5776,0.9642,53,1,1
0,-1,-1,12.5062,0.0018,28,2,1
0,-1,-1,11.2898,0.0749,31,1,1
0,0,0,10.8198,0.1039,36,1,2
0,-2,-1,10.309,0.2599,35,1,2
1,1,-1,10.309,0.0,28,1,2
0,-1,0,11.4076,0.3976,33,1,2
0,-1,-1,11.9829,0.009,26,1,1
0,0,0,11.2898,0.9721,53,2,3
0,0,0,10.8198,1.006,42,1,2
0,0,0,9.9035,0.7302,25,2,1
1,1,-2,12.3014,0.0,43,1,1
1,-1,-1,12.2549,0.042,25,1,3
0,0,0,11.7753,1.0121,29,2,2
0,-1,-1,12.4684,0.0225,31,2,2
0,0,0,12.3458,0.1319,30,2,1
0,0,0,11.9829,0.5203,34,1,1
0,0,0,10.8198,0.6995,35,1,1
0,0,0,11.2898,0.6093,32,1,2
0,0,0,11.6082,0.5155,46,1,3
0,0,0,12.2061,0.7234,43,1,1
0,0,0,12.7939,0.7448,29,1,2
0,1,-2,12.2549,0.0,31,2,3
0,2,0,11.2898,0.9905,24,2,2
1,-1,-1,12.6115,-0.0016,36,2,2
0,0,0,12.6443,0.0755,43,2,2
1,-1,-1,10.309,0.013,59,1,3
0,0,0,12.0436,0.1051,53,1,1
0,2,2,11.8494,0.1889,28,2,2
0,1,-2,12.1007,0.0,31,2,2
0,1,2,10.8198,0.4549,34,1,1
0,0,0,10.8198,0.1843,36,2,2
0,0,0,11.6082,0.3717,24,2,1
0,-2,-2,13.017,0.0089,36,2,3
0,-1,-1,12.2061,0.002,34,2,2
0,0,0,12.3014,0.2008,43,1,1
1,0,0,12.7939,0.0091,29,2,1
0,0,0,10.8198,0.9645,37,1,2
0,2,2,10.5966,0.9162,23,1,2
0,1,2,12.1548,0.6055,37,2,2
0,0,0,11.9184,0.1448,33,1,1
0,1,-2,12.2061,0.0,37,2,1
0,0,0,12.5062,0.5104,56,2,2
0,0,0,11.0021,0.9806,25,1,1
0,0,0,12.2061,0.4042,39,2,2
0,0,0,11.9184,0.241,39,2,2
0,-1,-1,12.1007,0.0019,28,2,2
0,0,0,11.4076,0.0847,27,2,1
0,1,-2,12.7939,0.0,37,2,2
0,-1,-1,11.4076,0.0055,24,2,1
0,0,0,9.9035,0.6584,24,2,2
0,0,0,11.1563,0.8577,46,1,1
0,-1,-1,12.3458,0.0029,39,1,1
0,0,0,10.309,0.9811,48,1,3
0,-1,-1,12.2061,0.0222,45,2,3
0,-1,-1,11.5129,0.0144,49,1,3
0,0,0,10.8198,0.5359,23,2,2
0,0,0,9.9035,0.8296,25,2,3
0,-2,-2,12.2549,0.0,47,2,2
0,0,0,11.6082,0.4226,56,1,3
0,-1,-1,9.9035,0.0275,44,2,3
0,0,0,10.8198,0.1126,49,2,3
0,0,0,10.8198,0.4397,41,1,2
0,-1,-1,12.8992,0.1503,40,2,1
0,0,0,12.0436,0.3316,31,1,2
0,0,0,12.5425,0.5299,42,1,2
0,0,0,11.7753,0.7703,28,2,3
0,0,0,12.2549,0.2203,32,2,2
0,0,0,12.8213,0.7471,28,1,2
0,0,0,10.309,0.9831,31,2,2
0,1,-1,11.9184,1.4297,39,1,3
1,2,0,11.0021,0.5895,31,1,3
0,0,0,11.2898,0.9702,24,2,2
1,2,2,12.5425,0.6648,44,2,2
0,8,7,9.9035,1.0538,46,2,2
0,-2,-2,12.5062,0.0,32,1,1
0,0,0,12.3884,0.0598,26,2,2
0,0,0,9.9035,1.0068,22,2,1
1,1,-2,13.017,-0.0004,42,2,1
0,0,0,9.2103,0.8177,33,1,2
1,-2,-2,12.5425,0.0074,39,1,2
0,0,0,12.5776,0.0477,27,2,3
1,0,0,12.1548,0.247,28,2,1
0,0,0,11.2898,0.6658,23,2,1
0,-1,2,12.5425,0.0015,28,2,2
0,-2,-2,11.9829,0.0884,33,2,1
1,0,0,11.4076,0.4762,40,1,2
0,-1,-1,11.8494,0.0074,37,2,1
0,0,0,10.8198,0.1027,22,1,1
0,0,0,10.5966,0.6028,32,2,2
0,0,0,11.7753,1.0005,43,2,3
0,0,0,11.1563,0.8802,27,2,3
0,0,0,10.309,0.8359,35,2,2
0,1,2,11.5129,0.97,35,2,3
1,2,2,9.9035,0.2883,30,2,1
0,2,-1,10.309,3.0,34,2,2
1,0,0,9.9035,0.6428,34,1,2
1,2,0,11.5129,0.9619,28,2,1
1,2,2,10.309,0.08,25,1,2
0,0,0,12.6761,0.3056,41,2,1
1,2,2,11.4076,0.7196,42,1,3
1,2,2,12.1548,0.7664,40,1,2
0,0,0,12.2061,0.3599,28,1,1
0,-1,-1,12.6115,0.0112,31,2,2
0,-1,0,10.309,0.9678,56,2,1
0,0,0,11.6082,0.2423,45,2,2
0,-2,-2,12.3458,0.0,29,2,1
0,0,0,12.3458,0.0185,35,2,1
0,0,0,12.6443,0.3434,28,2,2
0,0,0,12.6761,0.7727,40,1,1
0,-1,-1,12.7939,0.0043,47,1,1
1,-1,-1,9.9035,0.039,41,2,3
0,0,0,12.0436,0.9569,27,2,2
0,0,0,11.8494,0.8789,40,1,1
0,0,0,11.2898,0.6422,32,1,2
0,0,0,11.9184,0.4001,35,1,2
0,-1,2,12.0436,0.0069,27,1,2
1,2,0,12.2061,0.797,29,2,2
0,0,0,11.1563,0.7952,30,1,1
0,-2,-2,12.6761,0.136,37,1,2
0,-2,-2,11.9184,0.0,29,2,1
0,0,0,10.8198,0.5593,34,2,1
0,-1,2,11.4076,0.0977,34,2,2
0,-2,-2,12.5425,0.1001,41,1,1
0,0,0,12.6115,0.1454,31,2,1
0,-2,-2,12.8992,0.0,40,2,2
0,-1,-1,12.2061,0.0289,27,2,1
1,0,0,9.2103,0.8109,22,2,3
1,1,3,10.8198,1.0503,30,2,2
0,1,2,10.309,0.7527,22,2,2
1,-1,0,10.8198,0.309,26,1,1
0,1,2,10.8198,1.162,38,1,2
0,1,2,10.309,0.4096,46,2,3
0,0,0,9.9035,0.5238,24,1,2
0,0,0,9.9035,0.8163,49,1,2
0,0,0,10.8198,0.3536,49,1,1
0,0,0,10.309,1.5971,42,2,2
0,1,2,12.7939,0.0525,30,2,1
0,1,-1,12.0436,0.0,42,1,2
0,-2,-2,12.8992,0.0005,31,2,1
0,0,0,10.8198,0.6992,49,2,2
0,0,0,11.9829,0.506,27,2,2
1,0,0,11.1563,0.9917,33,2,2
0,1,-2,11.9184,0.0,35,2,1
0,0,0,11.2898,0.5647,48,2,2
0,0,0,10.309,0.7964,22,2,2
1,0,0,9.2103,0.796,22,1,2
0,1,-1,12.1007,0.0,27,2,1
0,-1,-1,12.6761,0.0287,47,1,1
0,0,0,11.2898,0.3242,34,2,2
1,0,0,9.2103,0.7139,45,1,2
0,-1,-1,12.7939,0.0357,39,2,2
0,-2,-2,13.017,-0.0,33,1,2
0,0,0,12.7068,0.1501,29,2,2
1,-1,2,11.0021,0.0091,29,1,1
0,0,0,10.8198,0.1987,26,2,3
0,0,0,12.2061,0.7643,38,1,2
0,1,2,11.6952,0.0106,34,1,1
0,-1,-1,11.9829,0.002,37,2,1
0,0,0,11.6082,0.4194,57,1,2
0,-2,-2,11.1563,0.3906,50,2,3
0,0,0,11.9184,0.6773,28,2,3
0,0,0,13.3212,0.234,31,2,1
0,0,0,11.6082,0.8441,25,2,1
1,2,0,11.2898,0.2166,25,2,2
0,0,0,12.0436,0.6463,33,2,2
0,-1,-1,11.6082,0.0097,30,2,1
0,0,0,11.8494,0.4055,51,2,1
0,0,0,11.1563,0.615,51,1,1
0,-2,-2,12.4684,0.1134,46,2,2
0,0,0,12.0436,0.1254,38,1,3
0,0,0,10.8198,0.2164,34,2,2
1,0,0,12.6115,0.9361,34,2,3
1,2,-1,11.9184,0.0026,31,2,1
1,8,7,10.8198,0.7529,25,2,2
0,1,-2,10.8198,0.0,26,2,2
0,2,0,11.4076,0.9412,25,2,1
1,0,0,10.8198,0.9607,26,1,2
0,-1,0,13.1224,0.0867,43,2,2
0,-1,0,13.0605,0.0019,36,2,2
0,0,0,12.3458,0.479,58,1,2
0,0,0,11.8494,0.0294,26,2,2
1,2,0,12.3458,0.0419,30,2,2
0,0,0,12.948,0.0598,31,2,2
0,0,0,10.309,1.044,24,2,2
1,1,2,10.8198,0.8669,52,2,2
0,-1,-1,11.8494,0.0014,24,2,2
0,-1,-1,12.4684,0.0306,35,2,2
0,-1,2,11.4076,0.2161,29,2,3
0,0,0,12.3884,1.0037,33,2,2
0,-1,0,13.1422,0.0041,35,2,1
0,0,0,11.6082,0.7424,35,2,2
0,-1,-1,12.2549,0.0545,28,2,1
0,-1,-1,12.3014,0.0007,40,1,2
0,-2,-2,12.2061,0.0113,35,2,1
0,-1,-1,12.7939,0.0298,53,2,2
0,-1,-1,12.4684,0.0012,44,1,1
0,0,0,9.9035,0.5513,33,1,2
0,0,0,11.6952,0.9489,32,2,2
0,-1,2,10.8198,0.1473,33,2,1
0,1,2,11.0021,0.4942,26,2,1
0,-2,-2,12.2061,0.0636,26,1,1
0,-1,-1,9.9035,0.0719,26,1,2
1,2,0,10.8198,0.9572,32,2,1
0,1,-2,10.8198,0.0,31,2,2
0,0,0,12.3458,0.1771,29,1,1
0,-1,-1,10.8198,0.0164,27,1,2
1,2,2,11.5129,0.7958,28,2,1
1,1,-2,12.2549,0.0,42,2,1
1,0,0,12.3458,0.3816,32,2,2
0,1,-2,13.1224,0.0628,26,2,1
0,-1,-1,12.8213,0.0025,38,2,1
0,-1,-1,12.3458,0.0115,35,2,1
0,0,0,11.2898,0.1487,29,1,2
0,-1,0,11.0021,0.9177,29,2,2
0,1,2,10.309,0.8461,51,2,2
0,1,-1,11.1563,-0.0008,27,1,1
0,-1,-1,12.9239,0.013,32,1,1
0,1,-2,12.5425,-0.001,40,2,3
0,0,0,10.8198,0.935,34,2,1
0,0,0,11.5129,0.9706,30,2,2
0,-2,-2,12.3458,0.0,29,2,1
0,0,0,10.8198,0.276,22,2,1
0,2,2,11.5129,0.1536,48,2,1
0,0,0,12.2549,0.1769,35,2,2
0,-1,-1,12.8992,0.001,37,1,1
1,4,3,9.9035,1.0305,25,1,2
0,-1,-1,10.8198,0.04,44,2,3
0,-1,-1,12.3458,0.029,28,2,1
0,0,0,12.3014,0.1411,29,1,2
0,0,0,12.6115,0.0841,36,2,1
0,1,-1,11.2898,0.0125,23,2,2
1,0,0,9.9035,0.8377,36,2,3
0,0,0,12.1548,0.1635,26,2,1
0,0,0,11.9829,0.0168,37,2,2
0,0,0,11.6952,0.5841,44,2,1
0,0,0,13.4588,0.1418,39,2,1
0,1,-2,11.8494,0.0,24,2,1
0,-1,0,12.6115,0.0831,29,2,3
1,1,2,11.6952,0.5505,33,1,3
0,0,0,12.5425,0.7634,39,2,2
1,2,2,11.1563,0.7853,51,1,3
0,-1,-1,9.9035,0.205,24,2,3
0,-1,-1,11.9184,0.0174,45,2,2
0,0,-1,11.0021,0.2563,30,1,1
0,-1,-1,12.2061,0.0039,51,2,3
1,1,2,10.8198,0.9772,24,2,2
0,-1,0,11.9184,0.3689,50,1,2
0,0,0,9.9035,1.0122,22,2,1
1,0,0,10.5966,0.2764,27,1,1
0,1,-1,12.0436,0.0,33,2,2
0,1,2,10.8198,0.5417,24,2,2
0,0,0,9.2103,0.8755,37,1,2
0,-1,-1,12.2061,0.0152,58,2,2
0,0,-1,10.8198,0.4189,48,2,2
0,-1,0,12.6761,0.0063,28,1,1
0,8,7,9.9035,1.2155,24,2,3
1,0,0,13.0605,0.3244,27,2,2
0,-1,-1,12.3458,0.0024,30,2,3
0,0,0,9.9035,0.8623,23,2,1
1,-1,-1,10.309,0.0533,53,2,3
0,2,2,11.2898,0.2862,23,2,2
0,0,0,11.6082,0.137,55,2,2
0,0,0,12.948,0.2118,34,1,2
1,1,-2,13.1224,0.0,43,1,1
0,1,2,11.2898,0.9915,22,2,2
0,0,0,12.7657,0.1933,31,2,2
0,-2,-2,10.309,0.0,32,2,2
1,1,-2,11.6082,0.0,33,2,2
0,0,0,13.1224,0.6304,39,1,3
0,-1,-1,13.1022,0.0088,38,2,1
0,-2,-2,12.6115,0.6835,34,2,2
1,2,0,10.8198,0.9529,42,1,2
1,4,4,11.9184,1.0074,37,1,3
0,-1,2,11.2898,0.0091,57,2,3
0,0,0,10.5966,0.5009,23,2,2
0,1,2,10.309,0.9698,32,1,2
0,0,0,10.8198,0.608,37,1,1
0,0,0,11.8494,0.3195,23,2,2
0,0,0,10.8198,0.0997,49,2,3
0,-2,-2,10.309,0.8986,25,2,2
1,0,0,10.5966,0.6615,29,2,1
1,2,2,11.5129,0.5048,43,2,3
0,0,0,11.7753,1.008,29,1,2
0,0,0,9.9035,1.0109,27,2,2
0,-2,-2,10.8198,0.0,26,1,1
0,-2,-2,12.4684,0.0042,41,1,1
1,2,2,10.309,0.0817,52,2,3
0,0,0,9.2103,1.5915,31,2,2
0,0,0,12.2061,0.2176,32,1,1
0,0,0,10.309,0.9411,46,2,2
0,0,0,12.1007,0.663,35,2,2
0,0,0,11.5129,0.2911,35,1,1
0,0,0,11.8494,0.7514,39,2,2
0,0,0,12.5776,1.0704,34,2,2
0,0,0,9.9035,0.7296,52,2,2
0,0,0,11.2898,0.4458,40,2,3
0,-2,-2,13.1224,0.0273,38,2,3
0,-1,-1,12.1007,0.0247,45,1,1
0,-1,-1,9.9035,0.1473,40,2,3
0,0,0,10.309,1.0202,25,2,2
0,0,0,11.9184,0.3022,33,1,1
0,-1,-1,12.5425,0.0212,27,2,2
0,0,0,10.8198,0.4717,43,2,2
0,2,0,9.9035,0.7647,43,2,2
0,-1,-1,12.2061,0.0247,30,1,1
1,1,-2,12.2549,0.0,49,2,2
0,0,0,12.3458,0.974,38,2,1
0,0,0,10.8198,0.9583,57,1,3
1,0,0,10.8198,1.0347,55,1,3
0,0,0,11.1563,0.7086,23,2,2
0,-2,-2,12.6443,0.005,30,1,1
0,-1,-1,12.1007,0.0138,30,2,2
0,0,0,11.4076,0.2711,24,2,2
0,0,0,12.8739,0.3832,28,1,2
0,-1,-1,11.9184,0.0051,34,2,3
0,1,1,12.8992,0.034,37,1,2
0,0,0,11.2898,0.3551,32,2,2
0,0,0,12.6761,0.4299,27,1,1
1,-1,-1,12.3884,0.001,37,2,2
0,-2,-2,12.2061,0.0005,31,1,1
1,1,2,11.6082,0.8419,55,1,1
1,2,2,12.0436,0.7757,28,2,1
1,0,0,11.4076,0.1257,51,2,3
0,-1,-1,12.2061,0.0194,36,1,1
0,-2,-1,12.7939,0.0,30,1,1
0,-1,-1,11.8494,0.0288,36,2,1
0,0,0,12.3014,0.7649,25,1,2
0,0,0,11.5129,1.5497,50,1,3
0,2,0,11.2898,0.717,40,2,2
0,-1,-1,10.309,0.9257,27,2,2
1,2,2,10.8198,0.0837,30,1,1
0,0,0,11.6952,0.1869,26,2,2
0,0,0,10.8198,0.1402,27,1,1
0,0,-1,12.7939,0.2218,27,2,1
0,2,2,11.4076,0.9557,25,2,1
0,-1,0,13.1224,0.7728,32,1,1
0,0,0,11.8494,0.4862,46,2,3
0,0,0,10.309,0.5729,45,1,3
0,0,0,11.1563,0.284,30,1,3
0,-2,-2,12.2061,0.0,39,1,1
0,0,0,12.7657,0.1571,48,1,1
1,1,-2,11.6952,0.0,32,1,1
0,0,0,12.3884,1.9659,46,1,1
0,0,0,11.4076,0.2457,23,2,1
0,1,-2,12.4684,0.0,33,2,1
0,0,0,10.8198,0.5449,24,2,1
0,0,0,11.6082,0.0771,40,1,1
0,-1,-1,9.9035,0.0686,24,2,1
0,0,0,10.309,0.913,24,2,2
1,-2,-1,12.1007,0.0633,27,1,1
0,0,0,9.9035,0.2951,46,1,2
0,0,0,10.8198,1.0068,22,2,2
0,-2,-2,12.1007,0.0596,36,2,1
0,-2,-2,12.2061,0.0062,34,1,1
0,0,0,12.4684,0.2631,24,2,2
1,-1,-1,12.6761,0.0311,60,1,1
1,2,2,11.9829,0.0124,29,2,2
1,2,0,10.309,0.2617,32,1,2
0,0,0,10.8198,0.3381,36,2,2
0,0,0,10.8198,0.4212,30,1,2
0,0,0,11.4076,0.5287,29,2,2
0,1,2,12.3884,0.0495,34,1,1
1,1,2,12.1007,0.0864,32,2,2
0,-1,-1,12.2061,0.0258,32,2,2
0,0,0,10.8198,0.8509,25,2,1
0,-1,-1,10.8198,0.0252,44,1,2
0,-1,-1,12.7068,0.0145,37,2,1
1,2,2,11.2898,0.015,24,2,2
0,-2,-2,10.8198,0.0756,23,2,2
0,0,0,12.7939,0.044,29,2,1
0,0,0,12.3884,0.9129,37,2,2
0,0,0,10.8198,0.9414,59,1,2
0,0,0,13.0605,0.4048,33,1,2
0,-1,2,11.9829,0.0125,51,2,3
1,-1,0,10.309,0.4299,27,1,1
0,0,0,11.2898,1.0134,32,2,2
0,-2,-1,13.1224,0.0218,42,2,3
0,-1,-1,12.1007,0.0174,39,1,2
0,-1,-1,11.6082,0.0219,46,2,2
0,0,-1,11.9829,0.732,41,1,1
0,0,0,12.2549,0.1037,30,2,2
1,-1,0,12.2061,0.031,34,2,1
0,-1,-1,12.7657,0.0127,35,1,1
1,-1,-1,12.4292,0.0054,41,1,1
1,1,2,12.8479,0.0216,43,1,1
0,-1,-1,10.309,0.0132,47,1,2
0,0,0,12.2061,0.1689,31,1,2
0,-1,0,10.309,0.9275,30,1,2
0,0,0,10.8198,0.2987,24,1,2
0,0,0,13.1224,0.5897,36,1,1
0,1,-2,10.309,0.0,28,1,1
0,-1,-1,12.3014,0.0045,36,2,1
0,0,0,9.9035,2.1392,27,2,2
0,0,0,12.1007,0.4122,32,2,2
1,-1,0,12.6115,0.0399,42,1,1
0,0,0,11.7753,1.0266,33,2,2
1,2,2,12.1007,0.0564,39,2,3
0,-2,-2,11.9184,0.0003,30,2,1
1,0,0,11.8494,0.9586,30,1,2
0,0,0,10.8198,0.9922,22,2,2
1,1,2,9.9035,0.3087,25,1,2
0,-1,-1,12.1007,0.0037,28,1,1
1,0,0,12.1007,0.0311,26,1,2
0,-1,0,11.9184,0.9916,54,2,3
0,0,0,11.1563,0.9129,24,2,1
0,8,7,10.309,1.1474,29,1,2
1,-2,-2,13.1224,0.0902,36,1,1
0,0,0,11.0021,0.7467,49,1,3
0,-2,-2,10.8198,0.9972,23,2,1
1,1,-1,11.7753,0.0078,43,1,3
0,-2,-2,12.4684,0.5182,33,2,2
0,-2,-2,12.8479,0.0,53,1,3
0,2,2,12.7939,0.7965,25,2,2
0,1,2,10.8198,1.2569,54,1,3
0,0,0,10.8198,1.166,39,2,3
1,-1,2,12.4684,0.0047,44,2,1
0,0,0,11.2898,0.7172,27,2,2
1,0,0,12.7939,0.7774,25,2,1
1,1,-2,12.5776,0.0,29,2,1
0,-2,-2,12.2061,-0.001,39,1,1
0,0,0,11.8494,0.2837,45,1,1
1,1,-2,12.7939,0.0,38,1,1
1,-1,-1,10.8198,0.0156,23,2,2
0,2,2,11.6952,0.9446,25,1,2
0,0,0,11.5129,0.9445,29,1,2
0,0,0,12.2061,0.4093,28,2,2
0,-1,-1,11.4076,0.0554,40,2,2
1,1,-2,12.7939,0.0,36,1,1
1,-2,-2,11.9184,0.003,30,2,3
0,-1,-1,11.8494,0.021,29,1,1
0,-1,-1,12.2061,0.0069,36,2,2
0,0,0,12.0436,0.9779,37,2,2
0,0,0,10.309,0.6595,34,1,2
0,0,0,11.2898,1.0,27,2,1
0,0,0,12.5425,0.5883,31,1,1
0,-1,-1,12.9239,0.0067,31,2,1
0,-1,0,13.017,0.0661,38,1,1
0,0,0,11.2898,0.9894,36,1,2
0,0,0,12.7939,0.2582,46,1,1
0,0,0,11.7753,0.9976,36,2,1
1,0,0,11.9829,0.0137,26,2,1
1,2,0,11.8494,0.9414,57,2,3
0,1,-2,12.3884,-0.0002,40,2,3
0,-1,-1,12.1007,0.023,45,2,3
0,0,0,11.1563,0.9914,57,1,1
0,0,0,11.9184,0.9522,25,2,2
0,-2,-2,12.2549,0.659,37,2,3
0,-1,0,12.2061,0.0496,35,2,1
0,-2,-2,12.6443,0.013,33,1,2
0,0,0,12.1007,0.8506,38,1,1
0,0,0,12.6115,0.2073,31,1,2
0,-1,-1,13.017,0.0252,41,2,1
0,1,-1,12.2061,-0.0,33,1,1
1,2,2,10.309,1.0125,67,2,2
0,-1,-1,12.8992,0.0028,40,2,1
0,-1,-1,12.0436,0.0045,33,1,1
1,-1,2,11.8494,0.0047,31,2,1
0,0,0,12.2061,0.321,35,2,2
0,1,-2,11.0021,-0.0257,39,2,2
1,1,2,11.0021,0.7226,27,1,2
0,0,0,11.9184,0.0741,23,1,1
1,0,0,12.1007,0.8317,54,1,3
0,0,0,10.8198,0.8796,23,2,3
0,-1,-1,10.8198,0.0512,24,1,3
0,-1,-1,9.9035,0.0035,26,1,2
1,2,-1,12.3458,0.0056,52,2,2
0,0,0,11.6082,0.5032,42,2,2
0,0,0,11.4076,1.0102,36,2,1
1,2,2,9.9035,0.8116,22,2,1
0,0,0,10.309,0.8949,23,2,1
1,0,0,12.3014,0.7368,30,1,3
1,1,2,11.8494,0.3064,24,2,3
0,-2,-2,12.6115,0.01,42,2,1
0,0,0,11.5129,0.347,49,1,2
0,2,2,11.6082,0.0025,31,1,2
0,0,-1,12.5062,0.037,33,2,3
0,0,0,10.309,0.9344,42,1,1
0,0,0,11.1563,1.0068,41,1,3
0,2,2,12.3458,0.0059,53,1,2
0,0,0,9.9035,0.9426,23,1,2
0,1,2,12.1548,0.6056,33,2,1
0,0,0,9.9035,0.7945,29,2,2
0,0,0,11.2898,0.2532,67,2,3
1,2,0,9.9035,1.025,33,1,3
1,0,0,11.0021,0.1655,34,2,3
0,0,0,10.8198,0.215,49,1,2
1,0,0,12.5425,1.015,56,2,2
0,0,0,12.6115,0.4005,42,1,1
1,2,0,10.309,0.9759,55,2,3
0,0,0,12.5062,0.0799,25,2,2
0,0,0,11.5129,0.8758,30,1,3
1,-1,-1,12.3884,0.0012,43,1,2
0,-1,-1,12.2061,0.0108,40,1,1
0,0,0,11.6082,0.2972,35,2,1
0,-1,-1,12.3458,0.0064,61,1,1
1,-1,-1,11.9184,0.0026,44,2,2
0,-1,-1,12.7657,0.4238,33,1,1
0,-1,-1,12.7939,0.1323,66,1,6
0,1,-1,11.9184,-0.0001,40,2,2
0,0,0,11.5129,0.9492,47,1,3
0,0,0,13.1224,0.4084,27,1,1
0,-1,0,13.1224,0.3441,35,1,1
0,-1,-1,12.1007,0.0018,47,2,3
0,1,-1,12.8992,0.006,39,2,3
0,0,0,11.5129,0.6138,29,2,2
0,1,2,9.2103,0.8425,32,1,2
0,2,2,11.0021,0.5789,30,2,1
1,1,2,10.8198,0.9411,25,2,1
0,-1,0,11.2898,0.7164,23,2,2
0,0,0,11.6082,0.9874,43,2,2
1,0,0,12.9239,0.8646,41,2,2
0,1,-1,12.4684,0.0,40,2,2
0,0,0,10.309,0.9595,35,2,3
0,0,0,12.6443,0.1178,28,2,1
0,0,0,11.1563,0.3225,38,2,2
0,0,0,12.4292,0.8613,31,1,1
0,1,2,12.2549,0.9453,29,1,3
1,1,-2,12.7939,0.0,41,1,2
0,1,2,10.8198,0.9731,31,1,2
0,0,0,13.415,0.3652,29,1,1
0,-1,-1,11.7753,0.018,26,1,1
0,1,-2,12.0436,0.0,42,1,1
0,-1,-1,10.309,0.013,29,1,3
0,0,0,11.6082,0.3346,50,1,1
1,1,2,12.2549,0.0277,46,2,3
1,0,0,10.309,0.8079,24,2,2
0,0,0,12.4684,0.0702,46,2,2
0,-2,-1,11.9184,0.0115,28,2,3
1,1,2,9.9035,0.9324,35,2,2
0,-1,-1,12.8479,0.0174,40,2,1
0,-2,-2,12.2061,0.0391,41,2,1
0,-1,-1,11.6952,0.0099,47,2,2
1,0,0,11.2898,0.962,54,1,2
0,1,2,10.309,1.0363,33,2,2
0,1,2,11.6082,0.7608,29,1,2
0,-1,-1,10.8198,0.0685,44,2,3
0,0,0,11.4076,0.935,24,2,2
0,0,0,11.6082,0.1148,33,1,1
0,0,0,10.8198,0.7721,54,1,3
0,-2,-2,11.0021,0.1977,27,1,1
1,0,0,11.9184,0.5364,37,2,2
0,1,2,9.9035,0.9369,24,1,1
1,1,-2,11.8494,-0.0011,54,2,3
0,1,-1,11.6952,-0.0001,34,2,2
1,2,0,12.2061,0.8825,40,2,2
1,1,2,9.9035,0.9988,30,1,2
0,0,0,10.8198,0.9644,26,1,2
0,0,0,12.2061,0.0901,41,2,2
0,-2,-1,11.5129,0.7591,29,2,2
0,-1,-1,12.6115,0.0076,38,1,1
0,-1,-1,13.1224,0.0447,35,2,1
0,-1,-1,12.7939,0.0083,52,2,2
0,1,-2,11.9829,0.0,29,2,1
1,0,0,10.8198,0.9411,23,2,2
1,0,0,12.3458,1.0188,34,2,2
0,1,-1,12.2061,0.0,34,2,2
0,3,3,12.5062,0.9496,44,1,1
0,2,2,10.8198,0.9032,36,2,2
0,1,2,9.9035,0.7882,28,1,2
0,0,0,11.0021,0.994,31,2,2
0,-1,-1,10.8198,0.0504,31,1,2
0,0,0,10.8198,0.3868,41,1,2
0,0,0,11.7753,0.8385,44,2,3
0,0,0,12.3458,0.6404,47,2,3
0,0,0,9.9035,0.17,25,1,2
0,0,0,10.309,0.66,25,2,1
0,-1,0,12.2061,0.0422,39,2,1
0,-1,-1,11.8494,0.018,24,2,2
1,2,0,11.5129,0.9884,35,2,2
1,2,2,12.3884,0.5309,32,1,2
1,2,2,11.1563,0.0343,31,2,1
0,1,2,12.7939,0.1978,33,1,1
0,1,2,11.8494,1.0671,30,2,1
0,-1,2,10.8198,0.0414,52,1,2
0,-1,-1,12.2549,0.0019,36,2,2
0,1,2,12.5425,0.6839,30,1,1
1,2,2,12.1007,0.2801,42,2,2
0,-1,0,11.9184,0.0714,30,2,1
0,1,2,9.9035,0.987,47,1,3
0,-1,-1,12.7657,0.025,29,2,2
0,-1,-1,11.7753,0.0294,23,2,1
0,1,-2,13.0605,0.0,39,1,3
0,-1,-1,12.7367,0.0119,48,2,2
0,1,2,11.2898,0.9674,26,1,2
0,0,0,11.1563,1.0075,33,1,1
0,-2,-2,12.3458,0.026,44,2,2
0,0,0,12.1007,0.1194,36,2,2
0,0,0,12.2549,0.1274,39,2,2
0,-1,-1,9.9035,0.039,24,1,2
0,2,0,11.8494,0.9829,25,2,2
0,0,0,12.2061,0.5785,52,1,1
0,0,0,10.8198,0.9564,59,2,3
0,-1,-1,11.2898,0.0441,23,2,1
0,0,0,10.309,0.0482,48,2,3
1,0,0,11.8494,0.0665,28,2,1
0,-1,-1,11.2898,0.0158,62,1,3
0,-1,-1,12.3014,0.0909,38,2,3
0,-1,-1,12.1007,0.0037,32,2,1
1,0,0,11.8494,0.584,29,2,2
1,2,2,12.1007,0.0557,25,1,2
0,0,0,10.8198,0.2907,35,2,2
0,0,0,12.0436,0.5734,27,2,2
0,0,0,10.8198,1.0192,38,1,2
0,0,0,10.8198,0.9829,24,1,2
0,-1,-1,12.6115,0.0062,29,1,2
0,2,0,12.8739,0.9905,27,2,1
1,2,2,11.4076,0.9111,55,2,2
0,0,0,12.2061,0.9712,29,2,1
0,0,0,13.039,0.8914,29,1,1
0,0,0,9.2103,0.3714,23,1,2
1,-1,-1,9.9035,0.063,30,1,2
0,-1,-1,10.8198,0.0246,50,2,2
0,0,0,13.0815,0.188,38,2,2
0,0,0,12.1007,0.9404,24,2,1
0,0,0,12.3884,0.0129,29,2,1
0,-2,-2,12.4292,0.0023,38,1,1
1,-1,-1,12.5062,0.0014,34,2,2
0,0,0,12.2061,0.6167,37,1,1
0,0,0,11.5129,1.0004,66,2,3
0,-2,-2,11.9829,0.0044,39,2,1
0,0,0,11.2898,1.023,45,2,2
0,-1,2,11.7753,0.2273,44,1,2
1,0,0,12.7367,0.4201,44,2,3
0,-2,-1,12.7939,0.0,36,1,1
0,0,0,11.6952,0.9025,40,2,3
0,0,0,11.6952,0.2508,29,1,1
0,0,0,12.6115,0.8243,48,2,1
0,2,2,11.0021,0.0419,23,2,2
0,0,0,12.2549,0.5082,50,2,2
1,0,0,12.2549,0.9991,29,2,2
1,2,2,11.1563,0.3003,49,2,3
0,0,0,12.2061,0.2531,33,1,2
1,0,0,12.3458,0.2252,51,2,2
1,-1,-1,9.9035,0.1838,23,1,3
0,0,0,12.2549,1.0083,37,2,1
0,-1,-1,11.9829,0.0024,26,2,3
1,-1,-1,12.5776,0.0045,30,2,1
0,0,0,11.2898,0.796,26,2,3
0,-1,-1,12.7939,0.0115,43,1,1
0,0,0,12.3458,0.7158,32,1,1
0,-2,-2,12.7939,0.0451,54,1,3
0,0,0,12.7367,1.0348,30,2,1
0,0,0,10.8198,0.1707,22,2,1
0,0,0,11.2898,1.1174,38,1,2
0,0,0,10.8198,1.9409,24,2,2
0,-1,-1,10.309,0.1006,24,2,1
0,-1,-1,12.2549,0.0065,26,1,1
1,-1,-1,11.9184,0.0217,42,2,2
0,0,0,9.9035,1.0148,21,1,2
1,0,0,9.9035,0.9812,22,1,3
0,-1,-1,12.3884,0.0222,41,2,3
0,-2,-1,13.1224,0.034,50,2,2
1,0,0,11.4076,0.1419,23,2,2
0,0,0,10.8198,1.0026,46,1,3
1,0,0,10.8198,1.0167,22,2,2
0,0,0,13.4298,0.0269,37,1,1
0,0,0,10.8198,0.9143,47,1,1
0,-1,-1,11.5129,0.0033,40,2,2
0,0,0,12.5425,0.9653,30,2,1
1,0,0,10.309,0.8759,54,1,2
1,2,2,10.8198,0.478,27,1,2
0,-1,-1,11.0021,0.1385,33,1,1
1,0,0,11.6952,0.9892,57,1,2
0,-1,-1,11.2898,0.0361,35,2,2
0,-1,-1,13.1224,0.0003,45,1,1
0,2,2,11.1563,0.2617,32,2,3
0,-2,-2,11.9829,0.0,45,2,2
1,2,2,11.5129,1.1054,50,2,3
0,0,0,9.2103,0.7877,35,1,3
0,-1,-1,11.4076,0.1194,26,1,1
1,2,2,12.0436,0.437,39,1,1
0,-1,-1,11.4076,0.0296,35,2,2
0,0,0,12.1007,0.3745,42,2,3
1,2,2,12.7657,0.0069,52,2,1
0,0,0,12.5062,0.8348,35,1,2
1,0,0,12.2061,0.3297,29,2,1
0,0,0,9.9035,0.7914,22,2,1
0,0,0,11.5129,0.4495,30,1,2
0,0,0,12.5776,0.67,46,1,1
0,1,2,11.1563,0.9853,28,1,3
0,-2,-2,12.3458,0.0018,26,1,1
0,-1,-1,12.1007,0.0053,28,2,1
0,-1,-1,12.2549,0.0014,33,1,1
0,2,2,10.8198,0.9989,24,1,1
0,0,0,11.9184,0.3,37,1,1
1,0,0,12.8479,1.0149,50,1,2
0,0,0,10.8198,0.9067,44,1,2
1,-1,-1,11.9184,0.0018,43,2,3
0,0,0,12.3014,0.5558,29,1,2
0,0,0,11.2898,0.5658,27,2,5
0,0,0,12.3014,0.8862,32,2,2
0,1,2,11.1563,0.3458,34,2,2
1,-1,2,11.6952,0.1353,37,1,2
0,0,0,12.1007,0.1152,32,2,2
0,0,0,10.8198,0.9803,57,2,3
0,1,2,9.2103,0.9532,46,2,2
0,-1,-1,12.8213,0.0572,53,2,1
0,-1,0,9.9035,0.5329,26,2,1
0,0,0,11.9184,0.8814,34,1,2
1,-1,-1,9.9035,0.0208,26,1,1
0,-2,-2,13.0815,0.0358,54,2,2
0,0,0,10.8198,0.5012,26,1,3
0,0,0,12.0436,0.1446,31,1,2
0,-2,-2,12.8992,-0.0005,30,2,2
0,0,0,12.2061,0.1932,31,2,1
0,1,-2,12.7939,0.0,34,1,1
0,0,0,11.8494,0.6516,36,2,5
0,-2,-2,12.4684,0.0464,34,1,3
0,0,0,12.9945,0.2186,26,2,2
0,0,0,13.1224,0.0244,43,1,2
0,0,0,12.3458,0.2825,29,2,2
0,-2,-2,13.0605,0.0293,41,1,2
1,1,2,9.9035,0.7294,48,2,3
0,0,0,12.2549,0.5166,24,2,2
0,0,0,9.9035,0.3366,23,2,1
0,0,0,9.9035,0.6098,53,2,3
0,1,-1,12.2061,-0.0,34,2,2
1,0,-1,12.4292,0.0249,36,2,2
0,0,0,12.6115,0.1149,41,1,2
0,0,0,12.6761,0.3556,30,2,1
0,1,2,10.8198,0.7434,29,1,2
0,-2,-2,12.2061,0.0331,34,2,2
1,0,0,11.2898,0.2117,29,2,1
1,-1,2,11.1563,0.1475,37,1,2
0,3,2,11.0021,0.9468,36,1,3
1,0,0,9.2103,1.0012,22,2,3
0,0,0,10.8198,1.0066,30,2,3
1,2,0,11.8494,0.9541,26,1,2
0,0,0,10.309,0.2387,25,1,2
0,-1,-1,12.1548,0.0023,49,1,2
0,-1,-1,11.1563,0.0122,23,2,1
0,-1,-1,12.7068,0.0012,28,2,2
0,0,0,11.6082,0.0588,24,2,2
0,0,0,12.5062,0.6122,47,1,3
1,3,2,11.9829,0.1643,31,1,2
0,3,2,9.9035,0.9468,24,1,2
0,0,0,12.6761,0.0671,32,1,2
0,0,0,12.9715,0.0694,31,1,1
0,2,0,10.8198,0.1603,37,2,1
1,-1,-1,11.8494,0.0114,48,1,2
0,-2,-2,13.1224,0.0084,49,1,2
0,0,0,11.2898,0.333,45,1,3
0,1,-2,12.8739,0.0,34,2,1
0,-1,-1,12.4292,0.0698,43,2,1
0,-2,-2,12.8739,0.0166,31,2,1
0,0,0,11.5129,0.5761,35,2,1
0,0,0,12.7939,0.4996,42,2,1
0,1,-1,11.8494,-0.0,36,1,1
0,0,0,11.6082,0.4179,51,1,2
0,2,-1,12.0436,0.0019,48,1,3
0,0,0,12.0436,0.8107,48,1,2
0,0,0,12.1007,0.0264,25,2,2
0,0,0,11.8494,0.7809,41,1,2
0,0,0,9.9035,0.6941,49,2,2
0,-2,-2,11.9184,0.0,28,1,1
0,0,0,10.8198,0.9614,28,2,2
1,1,-2,11.9829,0.0,38,2,2
0,-2,-2,11.2898,0.0394,41,1,2
1,-2,-2,12.6115,-0.0005,29,2,3
0,0,0,11.0021,1.0425,32,2,3
1,2,2,11.1563,0.6083,26,2,2
0,-1,-1,12.5776,0.0022,31,2,1
0,0,0,11.2898,0.1096,23,2,1
1,1,-2,10.8198,0.0,53,2,3
0,-1,-1,12.2061,0.0385,49,2,3
0,-2,-2,12.2061,0.0013,34,2,1
1,-1,-1,10.8198,0.0117,22,2,1
0,2,-1,9.9035,0.052,26,2,2
1,-1,-1,12.2061,0.0309,38,1,1
0,1,2,11.6952,0.6482,35,2,1
0,0,0,12.3014,0.7827,49,2,2
0,0,0,13.3535,0.6992,40,1,1
0,-1,-1,12.6115,0.0645,34,2,1
1,1,2,9.2103,0.8184,49,2,2
0,1,-2,10.8198,0.0,29,1,2
1,-1,0,12.5425,0.0278,39,2,1
0,0,0,11.7753,0.0349,30,1,1
0,0,0,10.309,0.7727,28,2,3
0,0,0,10.8198,0.1975,27,2,2
0,0,0,11.1563,0.3537,38,2,3
0,0,0,11.2898,0.5227,29,1,2
1,2,2,9.9035,0.8363,22,2,2
0,0,0,12.8739,1.2707,41,1,1
0,0,0,13.0605,0.313,32,2,2
0,0,-1,12.3884,0.0326,30,2,2
0,-1,-1,11.8494,0.1067,29,2,1
1,2,2,12.4684,0.9413,37,2,2
0,1,-2,11.9184,0.0013,25,2,1
0,0,0,11.6952,0.1224,46,1,1
0,0,0,9.9035,0.901,47,2,2
0,-1,-1,12.4684,0.0015,42,2,4
1,0,0,10.8198,0.8536,22,1,3
0,2,2,12.1007,0.7011,27,2,2
0,1,-2,12.6443,0.0334,35,2,5
0,-1,-1,12.7939,0.0142,44,1,2
0,0,0,12.1007,0.0802,30,2,2
0,2,2,12.5062,0.0046,42,2,1
0,0,0,11.1563,0.9694,28,1,1
0,-1,-1,10.8198,0.0431,24,1,2
0,-2,-2,10.309,0.0,50,2,3
0,0,0,10.8198,0.227,54,2,2
0,-1,-1,12.7657,0.0009,37,1,2
0,0,0,12.2061,0.9623,58,1,1
0,1,2,11.2898,0.8958,26,1,3
0,0,0,11.0021,0.7833,31,2,2
0,0,0,10.309,0.5248,52,1,1
0,0,0,11.6082,0.9847,36,2,1
0,-1,-1,12.6115,0.1406,27,2,1
0,0,0,10.8198,0.4571,22,2,3
0,-1,-1,13.1224,0.0049,39,1,1
0,-1,-1,12.7939,0.9914,36,1,1
0,1,2,9.9035,0.7056,39,2,2
0,0,0,12.3014,0.3418,39,1,1
0,0,0,9.9035,0.5596,22,2,2
1,3,4,11.0021,0.5064,37,1,2
0,-1,0,12.0436,0.0092,30,2,1
0,0,0,12.2061,0.2362,26,2,2
0,0,0,9.9035,0.9995,23,2,1
0,-2,-2,11.8494,0.4822,23,2,3
0,-2,-2,12.7068,0.005,35,2,1
1,1,2,12.1007,0.6032,24,2,2
0,0,0,12.7939,0.0143,35,2,2
0,2,0,9.9035,0.7408,51,1,3
0,0,0,10.8198,0.6884,23,2,1
0,0,0,11.5129,0.2076,25,2,2
0,2,2,10.309,1.0191,36,1,2
1,0,0,11.1563,0.0603,44,2,2
0,-1,-1,13.0605,0.0119,33,1,1
0,-1,-1,12.6115,0.028,36,2,1
1,-1,-1,12.6115,0.022,45,2,1
0,-2,-2,12.2061,0.0109,26,2,1
0,0,0,11.9184,0.5268,41,2,2
1,0,0,12.3014,0.7502,25,2,2
0,-2,-2,12.948,0.0037,31,1,1
0,-2,-2,12.2549,0.0022,45,2,2
0,-1,-1,13.017,0.0199,58,1,3
0,-1,-1,10.309,0.0061,38,1,2
0,-1,-1,12.3884,0.0117,30,1,2
0,-1,0,12.948,0.0672,25,2,2
0,0,0,11.0021,0.9529,25,2,1
0,-1,-1,10.309,0.1627,24,2,3
0,-2,-2,11.2898,0.0334,29,2,1
0,0,0,10.8198,0.9641,37,1,2
0,-2,-2,12.3458,0.0835,27,1,3
0,0,0,12.2061,0.0331,31,1,1
0,0,0,12.3458,0.0531,28,2,2
0,0,0,11.7753,0.9442,24,2,2
0,1,-2,12.2061,0.0,27,2,3
0,0,0,11.4076,0.8991,33,2,1
0,-1,-1,11.6952,0.0026,27,1,1
0,-2,-2,12.2061,0.0024,42,1,1
0,2,3,9.9035,0.8878,32,2,2
1,2,2,12.2549,0.3623,37,2,1
0,0,0,11.2898,1.0076,44,2,2
0,0,0,10.8198,1.0097,29,2,1
1,2,2,11.1563,0.7269,42,2,2
1,2,2,12.3458,0.8242,32,1,2
0,0,0,9.9035,0.871,52,1,2
0,-1,0,10.309,0.7014,44,1,2
1,2,2,11.5129,0.3375,31,1,1
1,0,0,11.2898,1.0167,29,2,1
0,0,0,12.2549,0.8934,33,1,2
0,1,2,10.8198,0.9631,54,1,2
0,0,0,11.7753,1.0279,23,2,2
0,0,0,11.1563,0.6919,24,2,1
0,0,0,12.2549,0.083,33,2,1
1,-1,-1,11.5129,0.0078,44,1,3
0,-1,-1,12.2061,0.0178,51,1,3
1,1,2,10.5966,0.7232,24,1,1
0,2,3,11.2898,0.87,25,2,2
1,1,-1,12.2549,0.0,37,2,1
0,-1,-1,9.9035,0.3593,23,2,2
0,0,0,9.2103,0.8813,34,1,3
1,0,0,11.0021,1.0267,50,2,3
0,0,0,10.5966,0.2818,25,2,2
1,-1,-1,12.5776,0.0014,33,2,1
0,-2,-2,10.8198,0.0317,54,1,2
0,0,0,9.9035,0.8692,25,1,2
0,0,0,10.309,1.1065,26,1,2
0,0,0,9.9035,0.8552,32,1,2
0,0,0,10.8198,0.4889,43,2,3
1,1,-1,13.1224,-0.002,42,1,2
1,-1,-1,11.4076,0.0066,24,2,3
0,0,0,9.2103,1.5147,26,1,2
1,2,2,10.8198,0.021,37,2,2
0,0,0,11.6952,0.2039,36,1,1
0,0,0,12.2061,0.788,27,2,1
0,-1,-1,12.6115,0.0297,50,2,2
0,-1,0,11.4076,0.1947,24,2,2
0,0,0,11.4076,0.7831,27,1,2
1,1,-2,11.8494,0.0,23,2,1
0,-1,-1,12.1007,0.006,39,2,2
0,-1,-1,12.7939,0.0049,39,1,1
1,1,-2,11.9829,0.0,29,2,3
0,0,0,11.5129,0.1053,45,1,1
1,0,0,9.9035,0.9638,21,1,2
0,0,0,12.7939,0.1123,36,1,1
0,-1,-1,12.3458,0.0014,39,1,2
1,0,0,11.6082,0.9182,29,2,3
0,0,0,12.2549,0.6769,37,1,2
0,-1,-1,12.2061,0.0087,26,1,2
0,0,0,10.8198,0.5512,44,1,2
1,1,-2,12.2549,0.0,30,2,1
0,1,-2,12.5425,-0.0001,31,1,1
0,0,0,13.1224,0.1892,40,1,2
0,0,0,10.309,0.1308,25,2,1
0,0,0,12.7367,0.4926,36,2,2
0,-1,-1,12.7939,0.0011,32,1,1
0,0,0,11.1563,1.0194,22,2,1
1,2,2,9.9035,0.12,44,2,2
0,0,0,12.3458,0.1945,32,1,1
0,0,0,11.0021,0.8163,41,1,2
1,3,2,10.8198,0.9966,28,1,1
1,0,0,10.8198,0.2106,29,2,1
0,0,0,11.7753,0.2778,28,2,4
0,0,0,11.9829,0.973,52,1,3
0,2,0,11.0021,0.7256,48,2,3
0,-1,-1,11.9829,0.0779,43,1,2
0,0,-1,12.1007,0.1322,25,2,1
0,2,2,12.0436,0.4468,36,1,2
1,2,2,12.7939,1.0001,35,2,2
0,0,0,11.7753,0.4612,34,2,2
0,1,-1,12.1007,0.0142,48,2,2
0,1,2,9.9035,0.3137,27,1,1
0,0,0,12.3458,0.0339,43,2,2
0,1,-2,12.3014,0.0,30,2,2
0,-2,-2,12.3884,0.0,43,1,2
0,0,0,10.8198,1.0071,54,1,3
0,0,0,12.6443,0.0234,39,2,2
0,0,0,12.7657,0.2883,70,1,1
0,-1,-1,10.8198,0.0126,24,2,1
0,1,-2,12.2061,0.1311,30,2,2
0,0,0,13.0815,1.0047,53,1,3
1,2,2,12.1007,0.4502,27,2,1
0,0,0,12.2061,0.9234,33,2,2
0,2,0,9.9035,0.7868,34,1,3
0,0,0,10.8198,1.0326,48,1,2
1,1,-2,12.2549,0.0,33,2,3
0,0,0,9.9035,0.9716,24,2,2
0,1,-2,11.9184,0.0435,31,2,2
0,0,0,10.8198,0.9306,25,2,2
1,2,2,12.1548,0.9388,49,1,3
0,2,0,12.5776,0.8018,27,2,1
0,0,0,12.948,0.4075,39,1,2
0,2,0,12.7367,0.9941,36,2,2
0,3,3,11.0021,0.1624,40,1,2
0,0,0,11.4076,0.9012,27,2,1
1,2,2,10.309,0.9402,27,2,1
0,-1,-1,11.9829,0.0124,37,2,2
0,-1,2,9.9035,0.5958,35,1,2
1,0,0,11.4076,0.9725,25,2,2
0,0,0,11.6952,0.174,27,1,1
0,1,-2,11.6952,-0.0024,38,1,1
0,-1,-1,12.7939,0.0004,50,2,2
0,-2,-2,11.9829,0.1058,32,2,1
0,-2,-1,12.6761,0.2034,34,2,1
0,0,0,9.9035,0.8254,25,1,2
0,0,0,12.3458,0.2747,29,2,1
0,0,0,10.8198,0.3186,44,1,3
0,-1,-1,10.8198,0.0544,48,1,3
0,-1,2,10.5966,0.1374,24,2,3
0,2,-1,11.6952,0.0032,27,2,3
1,-1,-1,11.7753,0.0079,25,2,2
0,0,0,11.6082,0.7811,28,2,3
1,1,2,9.9035,0.4111,22,1,2
0,1,-2,10.8198,0.0,22,1,3
0,0,0,11.6952,0.9632,30,2,3
0,0,0,10.8198,1.0075,34,1,3
1,1,-2,12.7939,0.0,34,2,2
1,-1,-1,12.3884,0.0138,44,2,2
0,0,-1,11.9184,0.3085,32,1,1
0,0,0,10.8198,0.61,23,2,2
1,-1,-1,13.1224,0.0609,42,2,1
0,0,0,11.6082,1.0536,33,2,2
1,0,0,12.0436,0.5495,48,1,2
0,0,0,12.3458,0.134,29,2,2
0,0,0,9.9035,0.4708,47,2,3
0,1,-2,11.5129,0.0,41,2,1
0,1,2,11.6082,0.4025,28,1,1
1,-2,-2,12.7367,0.0907,52,1,1
0,0,0,10.8198,0.7555,37,1,1
0,-1,-1,12.6443,0.001,50,1,1
1,1,2,10.8198,0.762,31,2,3
1,0,0,12.3884,0.4464,38,2,3
0,0,0,10.8198,0.2186,48,2,2
0,-2,-1,11.9184,0.0,34,2,1
0,0,0,11.8494,0.7717,44,1,2
0,0,0,10.309,0.5363,56,2,3
1,0,0,12.6115,0.3125,30,2,1
0,0,0,10.8198,0.0417,29,1,1
0,0,0,12.5425,0.1038,37,2,2
0,0,0,11.6952,0.9839,23,2,2
0,1,-1,10.309,0.0,27,2,1
1,-1,0,10.309,0.1075,23,2,2
0,1,2,12.1007,0.1356,45,1,3
0,1,2,11.9184,0.0598,33,1,2
0,0,0,11.6082,0.769,40,2,2
1,0,0,10.8198,1.0143,24,1,1
0,1,-1,12.3458,0.0,43,2,3
0,0,0,12.3458,0.4144,25,2,2
0,-2,-2,11.9829,0.039,46,2,1
0,0,0,10.8198,1.0571,36,1,3
0,1,-1,12.2549,0.0,36,2,1
0,-1,-1,11.6952,0.0342,38,2,2
0,0,0,12.3884,0.0914,42,2,2
0,0,0,9.9035,0.9384,47,1,3
0,0,0,10.8198,0.1108,40,2,3
0,2,2,10.8198,0.9909,70,2,1
0,0,0,10.8198,0.9702,32,2,2
0,0,0,11.5129,0.739,52,1,3
0,-1,-1,12.8739,0.0385,49,2,1
0,0,0,13.2177,0.0796,31,1,1
0,-1,-1,13.017,0.03,36,2,2
0,-1,-1,11.2898,0.0323,50,2,2
0,0,0,10.8198,0.0813,48,2,3
0,1,2,10.8198,0.9923,33,2,2
0,0,0,12.1007,0.3929,44,1,2
0,-2,-2,12.3884,0.0643,35,1,1
0,-1,-1,12.6761,0.0016,29,2,3
0,-1,2,13.0815,0.0379,35,2,2
0,-1,2,11.9184,0.0079,37,2,2
0,0,0,11.6082,0.9745,29,2,1
0,-1,-1,12.3884,0.0323,30,1,1
1,0,0,10.8198,0.9571,33,1,1
0,-1,-1,11.6952,0.0206,27,1,2
0,1,-2,11.9184,0.0,31,2,1
0,0,0,11.5129,1.015,53,2,3
0,-2,-2,12.4684,-0.0,38,2,2
0,-2,-2,12.4292,0.0675,26,2,2
0,0,0,11.5129,0.0961,26,2,2
1,2,3,11.9829,0.4953,51,1,1
1,-1,-1,12.5062,0.001,37,2,1
0,-1,-1,12.8739,0.0151,42,2,2
0,0,0,12.2549,0.3835,43,2,2
0,0,0,10.309,0.8095,23,2,2
0,-1,-1,12.6115,0.0403,30,2,3
0,0,0,12.1548,0.4717,38,2,3
1,-1,-1,11.7753,0.0488,35,2,1
0,0,0,12.7939,0.7507,44,1,2
1,1,-2,12.6761,0.0009,35,1,1
1,1,-2,9.9035,0.0,35,1,2
0,-2,-2,12.7939,0.0298,32,1,1
0,0,0,12.1548,0.5791,25,2,2
1,0,0,11.4076,0.707,33,2,2
0,-1,-1,10.309,0.0878,26,2,1
0,0,0,12.3884,1.001,29,1,1
0,0,0,10.5966,0.3077,26,2,1
0,-1,-1,12.0436,0.0124,36,1,2
0,0,0,12.1007,0.1229,37,1,1
1,2,2,9.9035,0.8048,63,1,3
0,0,0,11.9184,0.252,48,2,3
1,0,0,10.8198,0.8925,47,2,2
0,2,2,11.8494,0.6422,31,2,3
0,0,0,10.8198,0.8002,31,1,3
0,0,0,12.2061,0.335,34,1,1
0,-1,-1,11.5129,0.0912,43,2,1
0,0,0,12.4292,0.1333,32,2,1
0,-2,-2,11.2898,0.0241,38,2,1
0,0,0,12.0436,1.0468,50,2,2
0,0,0,11.2898,0.583,29,1,3
0,0,0,10.8198,0.9963,49,1,2
0,2,2,10.309,0.7896,40,2,3
1,1,3,11.1563,1.0139,34,2,1
0,-1,-1,10.309,0.0452,47,2,3
0,-1,-1,12.2061,0.0251,34,1,1
0,-1,-1,11.5129,0.1154,27,2,2
1,0,0,9.9035,0.8818,44,1,2
0,-1,-1,12.2061,0.0114,29,1,1
1,2,0,10.8198,0.7083,72,1,3
1,0,0,10.8198,0.8186,48,1,2
1,1,2,10.8198,0.7359,27,2,1
0,0,0,12.3014,0.9897,44,1,2
0,-2,-2,12.3884,0.0,39,2,3
0,0,0,10.8198,0.851,40,1,1
0,-1,-1,13.1224,0.0739,45,2,1
0,-1,-1,12.0436,0.1388,26,1,1
0,-1,-1,10.309,0.0073,34,1,1
1,1,-2,12.6115,0.0,43,1,1
0,0,0,10.8198,1.0101,30,1,2
0,-1,-1,11.5129,0.1603,31,2,3
1,0,0,11.9184,0.7254,29,2,1
0,0,0,10.8198,0.9235,28,1,1
0,-1,-1,12.1548,0.0041,31,2,2
0,0,0,9.9035,0.7281,22,2,3
0,1,2,10.8198,0.9801,55,2,3
1,-1,-1,10.309,0.0074,39,2,2
0,-2,-2,11.4076,0.0131,27,2,1
1,-2,-2,13.1224,-0.0006,36,2,1
0,-1,-1,12.5425,0.019,40,1,1
0,0,0,10.309,0.4422,31,1,2
0,2,2,11.4076,0.5477,36,2,2
1,1,2,12.2061,0.1909,42,1,2
0,-2,-2,11.5129,0.0091,30,1,2
0,0,0,9.9035,0.6324,40,1,3
0,0,0,10.8198,0.9923,51,1,2
0,0,-1,10.8198,0.2114,51,2,2
0,-1,-1,12.5776,0.0052,32,1,3
0,-2,-2,12.3014,0.0,36,2,1
0,-1,-1,12.9945,0.0098,37,1,1
1,0,0,10.8198,1.8046,49,1,2
0,-1,-1,12.6115,0.1359,31,1,1
0,0,0,12.5776,0.5709,50,2,1
0,1,2,12.8739,1.0878,40,1,2
0,0,0,10.8198,0.5837,24,2,2
1,-1,-1,12.3014,0.1761,31,2,2
0,0,0,11.9184,0.0237,29,2,2
0,0,0,10.8198,1.0193,24,1,1
0,-1,-1,12.2061,0.0033,44,1,1
0,0,0,11.6952,0.1401,30,2,2
0,-2,-2,12.3458,0.0063,61,2,1
0,0,0,12.1007,0.7437,28,2,2
0,0,0,9.9035,1.1769,22,1,1
0,0,0,9.9035,0.9402,23,1,2
1,-1,2,10.8198,0.2695,46,1,3
0,-2,-2,12.5776,0.0515,24,2,1
0,-2,-2,12.5776,-0.0002,54,2,2
0,-2,-2,11.9184,0.0,27,2,1
0,0,0,12.1548,0.9108,53,2,2
1,0,0,11.2898,1.0125,25,2,2
0,-1,-1,12.4292,0.0047,47,1,3
1,1,2,9.9035,0.9878,35,1,2
0,-1,-1,12.1007,0.0022,45,2,3
0,-1,-1,11.2898,0.0264,25,1,1
0,-1,-1,12.6115,0.0072,31,1,1
0,0,0,10.8198,0.4091,51,2,3
0,0,0,11.1563,0.7423,40,2,1
1,0,0,11.9184,0.2986,30,2,1
0,-1,-1,12.6761,0.5601,29,2,1
0,0,0,11.0021,1.0064,24,2,1
1,0,0,9.9035,0.1839,32,1,3
0,2,2,12.3458,0.5099,35,1,1
0,0,0,12.6443,0.2418,29,2,2
0,-1,-1,12.3458,0.0067,36,2,1
0,-2,-2,12.2061,0.0128,40,2,1
1,0,0,11.5129,0.2838,30,2,1
0,-1,-1,12.6443,0.0062,64,1,2
1,2,2,12.1007,0.8889,33,1,3
0,0,0,12.8739,0.4216,38,2,1
0,1,-2,9.9035,0.0,26,2,1
0,0,0,10.8198,0.9133,26,2,2
0,0,0,11.8494,1.0149,29,1,1
1,-1,-1,12.0436,0.0255,37,1,1
0,-2,-2,12.4292,0.4013,45,2,2
1,2,2,10.8198,0.9831,40,2,3
0,0,0,12.4292,0.5214,36,2,1
0,0,0,11.4076,0.629,27,1,1
1,2,0,11.4076,0.9986,44,1,2
0,0,0,11.9829,0.0827,27,2,1
0,0,0,12.7939,0.3181,29,1,2
0,0,0,12.7068,0.1778,26,2,1
0,1,2,10.8198,1.2814,54,2,3
1,2,2,11.0021,0.96,42,2,2
0,0,0,9.2103,0.4908,42,2,3
0,1,2,11.1563,0.4968,41,1,2
1,-2,-2,11.9184,0.0198,31,2,1
1,0,0,12.4292,1.0209,33,2,2
0,0,0,11.7753,0.94,33,2,3
0,0,0,11.7753,0.6513,27,1,1
0,-2,-2,11.5129,0.022,36,2,2
0,0,0,11.7753,1.0111,37,1,2
1,2,0,11.2898,0.9677,29,2,2
0,0,0,12.8479,0.922,41,1,1
1,0,0,9.9035,0.8628,23,2,2
0,0,0,9.9035,0.7894,25,1,2
1,0,0,11.8494,0.9958,54,1,1
0,-1,-1,12.1007,0.0123,33,1,1
0,-2,-2,12.3458,-0.0,29,2,1
0,-1,-1,11.4076,0.0727,32,1,1
0,-1,-1,11.9829,0.0438,29,1,2
0,0,0,10.8198,0.9892,22,2,1
0,-2,-2,11.8494,0.0068,29,2,2
0,0,0,12.4292,0.1698,31,2,2
0,-1,-1,11.6952,0.0008,24,2,2
0,0,0,11.6952,0.6589,27,2,1
0,0,0,12.4684,0.9354,40,2,2
1,2,2,9.2103,0.105,38,1,2
0,-2,-2,11.0021,0.0794,38,2,2
0,0,0,11.0021,0.5524,29,2,2
0,0,0,10.8198,0.3554,27,1,2
0,0,0,11.7753,0.0419,34,1,3
0,0,0,11.7753,0.2398,34,1,1
0,-2,-2,12.7939,0.0,32,2,1
0,0,0,11.2898,0.2546,36,2,2
0,1,-2,10.8198,0.0,26,1,2
0,1,2,12.5776,0.0244,33,2,1
0,0,0,12.2061,0.9752,53,1,1
0,0,0,9.9035,0.9145,27,1,2
0,-1,-1,13.1224,0.0108,33,1,1
0,1,2,11.7753,0.1724,26,2,1
1,0,0,10.309,0.7816,27,2,1
1,2,2,9.9035,0.396,24,2,1
0,0,0,11.1563,0.4306,26,2,2
0,-1,-1,12.2061,0.0244,27,1,1
1,-1,-1,10.8198,0.0114,46,2,2
0,-1,-1,12.7939,0.0021,56,1,2
0,0,0,10.8198,0.6639,56,2,3
0,0,0,12.1007,0.1779,26,2,3
1,2,2,10.8198,0.1436,25,1,2
0,-2,-2,11.6952,-0.0001,28,2,1
1,2,2,11.2898,0.1904,37,2,2
0,1,-2,12.7068,0.0068,47,2,1
1,0,0,10.5966,1.0274,43,1,3
0,0,0,10.8198,0.5514,26,1,2
0,0,0,11.2898,0.8939,48,1,3
0,-1,-1,13.017,0.0015,41,1,1
0,0,0,10.309,0.9316,48,2,3
0,0,0,11.9829,0.3894,28,1,2
0,-1,-1,11.2898,0.1305,22,2,1
0,0,0,12.8992,0.1307,34,1,2
1,-1,-1,12.3014,0.0091,60,1,2
1,0,0,10.5966,0.5397,25,2,2
0,-1,0,12.5425,0.2955,27,2,2
0,0,0,10.8198,1.0076,25,2,1
0,0,0,11.6082,0.9674,26,1,2
0,1,-1,12.1007,0.0155,44,2,1
0,0,0,12.2061,0.0932,26,2,1
0,0,0,12.8739,0.2193,33,2,1
0,-1,0,12.8992,0.0129,29,2,1
1,-1,-1,11.6952,0.0065,37,2,3
0,1,-2,12.2061,-0.004,34,1,1
0,0,0,12.5425,0.7428,33,1,2
0,0,0,12.3458,0.4575,27,2,1
0,-1,-1,12.5425,0.0759,36,2,1
0,0,0,11.7753,1.0174,28,1,3
1,-1,-1,11.9829,0.0048,35,2,2
0,-1,-1,11.6952,0.0088,47,1,3
0,-1,-1,12.6115,0.0011,31,2,3
0,-2,-2,9.9035,0.0132,31,2,1
1,-1,-1,13.017,0.023,31,1,1
0,-2,-2,12.4292,0.0097,30,1,2
0,0,0,11.5129,1.0125,58,2,2
0,0,0,11.9184,0.1544,27,2,2
0,0,0,11.8494,0.7217,35,1,2
0,-2,-1,13.1224,0.0667,46,2,1
0,-1,-1,9.9035,0.1576,36,1,2
0,0,0,10.8198,0.3784,53,1,2
1,0,0,11.5129,1.219,39,1,2
0,2,2,12.2061,0.934,27,2,2
0,0,0,11.9184,0.5736,37,2,2
0,0,0,11.2898,0.7516,23,1,1
0,1,-1,11.9829,0.0,40,1,1
0,-1,-1,12.1007,0.0045,44,2,2
0,-1,-1,12.5062,0.0865,32,2,1
0,0,0,12.1007,0.2075,41,2,1
1,-1,-1,11.6952,0.0032,54,1,1
0,0,0,11.6082,0.4372,29,2,1
0,0,0,10.8198,0.844,61,2,3
0,0,0,12.2061,0.9286,30,2,3
0,2,-1,11.1563,0.0036,23,2,3
0,0,0,12.7939,0.0664,30,2,2
1,0,0,12.4684,1.636,35,2,2
0,0,0,10.8198,0.8198,32,1,3
0,-1,-1,12.8479,0.0507,39,2,2
0,-1,-1,10.8198,0.008,24,1,2
1,0,0,9.9035,0.9902,38,1,3
0,-2,-2,12.5062,0.0892,32,1,6
0,0,0,13.039,0.8401,32,1,1
0,0,0,11.0021,0.9803,24,1,3
0,-1,-1,12.2061,0.1283,35,2,1
1,1,2,10.8198,0.2802,37,2,2
0,0,0,9.9035,0.988,22,2,1
1,0,0,12.5776,0.9468,40,2,2
0,0,0,11.6082,1.059,36,2,2
1,2,2,11.9829,0.8879,51,2,3
0,0,0,11.1563,0.858,31,2,2
1,-2,-2,12.2061,0.0,39,2,1
0,0,0,11.2898,0.984,40,2,2
1,-2,-2,9.9035,0.9402,41,1,1
0,-2,-2,12.2549,0.0,48,1,1
1,2,0,12.1007,0.9583,39,2,3
0,0,0,10.8198,0.6933,53,1,2
1,1,3,10.309,1.0435,26,1,2
0,-1,-1,11.9184,0.0447,30,1,1
1,-1,2,11.9184,0.0074,28,1,1
0,1,-1,12.4684,0.0,43,1,1
0,0,0,12.6443,0.9817,30,2,1
0,0,0,11.9184,0.6404,33,2,1
0,-1,-1,12.2061,0.0805,27,2,1
0,0,0,11.9184,0.6616,45,1,3
0,-1,-1,12.3014,0.0397,54,2,2
0,-1,-1,13.1993,0.0033,34,2,1
0,0,0,12.5425,0.7313,30,1,2
0,0,0,12.3458,0.2157,32,1,2
0,0,0,10.8198,0.677,39,1,1
0,1,-2,9.9035,0.0,24,2,2
1,1,6,9.2103,0.8257,35,1,2
0,0,0,13.1224,0.8147,46,1,1
0,0,0,10.8198,0.9964,24,2,2
0,-1,-1,12.948,0.018,35,2,2
0,0,0,10.8198,0.44,23,2,2
0,-2,-2,12.5425,0.0,29,2,1
0,0,0,10.8198,0.0731,46,1,2
1,2,2,11.9829,0.2876,41,2,3
1,2,2,10.5966,0.8474,23,2,2
0,0,0,11.5129,0.9226,31,2,2
0,0,0,10.8198,0.8201,26,2,1
0,0,0,11.7753,0.9178,32,2,3
0,0,0,10.309,0.9119,22,2,2
1,-1,-1,11.8494,0.0031,34,1,2
0,-1,0,12.2549,0.781,32,2,2
0,0,0,10.8198,0.9759,38,1,2
0,0,0,12.6443,0.1004,29,1,2
0,-2,-2,12.6115,0.0,31,2,1
1,2,2,10.309,0.5346,47,2,2
0,0,0,11.4076,0.9992,40,2,3
1,2,2,11.9184,0.2631,34,2,2
0,0,0,11.4076,0.3639,25,1,1
0,0,0,11.2898,1.0623,65,2,3
1,-1,-1,11.5129,0.0056,28,2,1
0,-2,-2,9.2103,0.0,33,1,2
0,0,0,12.2549,0.7674,31,1,1
0,0,-1,12.0436,0.1245,41,2,2
0,1,2,11.4076,0.9555,32,2,2
1,1,-1,12.2549,0.0,36,2,3
0,0,0,10.8198,0.7361,26,2,1
0,1,-1,11.9184,-0.0055,30,1,1
0,1,-1,11.2898,0.0,30,2,1
1,0,0,11.7753,0.4996,38,2,1
1,1,3,11.5129,0.7265,30,1,2
0,0,0,11.9829,0.3371,41,1,1
0,0,0,12.4292,0.0578,31,1,2
0,0,0,13.1224,0.1205,42,2,2
0,0,0,12.4684,0.4081,32,1,2
0,-2,-2,10.8198,0.0295,44,2,2
0,0,0,10.309,0.9129,22,2,2
0,1,2,11.6082,0.5186,42,2,2
0,-1,-1,13.1224,0.0121,39,1,1
0,0,0,12.6443,0.1131,32,2,1
0,0,0,13.2708,0.1904,37,1,2
0,0,0,12.7367,0.5449,36,2,1
0,-1,-1,12.7939,0.0618,42,2,2
0,-1,-1,12.5776,0.002,29,2,1
0,3,2,10.309,0.6808,36,1,2
0,0,0,11.2898,0.3316,29,2,1
1,-1,-1,12.7939,0.0022,38,1,1
0,-1,-1,12.0436,0.0092,31,2,1
0,0,0,11.5129,0.5626,42,1,2
0,0,0,13.017,1.0169,37,1,2
0,-2,-1,12.4684,0.0,33,2,1
0,0,0,12.3884,0.1071,29,2,1
0,0,0,11.6082,0.0515,28,2,2
0,0,0,12.3884,0.7688,26,2,2
0,0,0,12.3014,0.1583,35,2,2
0,0,0,9.9035,0.1254,33,1,2
1,1,-2,11.5129,0.0,51,2,1
0,-2,-2,12.6115,0.0009,32,1,1
1,0,0,9.9035,0.4244,33,1,2
0,0,0,12.7939,0.3882,30,2,1
1,0,0,12.3014,1.0058,28,1,1
0,0,0,13.0605,0.3611,26,2,2
0,0,0,11.1563,0.9399,22,2,2
0,0,0,11.6952,0.0848,26,2,1
0,0,0,10.8198,0.3702,35,1,2
0,0,0,13.0605,0.3601,49,1,2
0,0,0,11.7753,0.1847,49,1,2
1,-1,-1,9.9035,0.0195,24,2,1
0,-2,-2,12.4684,0.0073,36,2,1
0,-1,-1,9.9035,0.0314,39,1,1
1,2,-1,12.6115,0.0044,28,2,1
0,0,0,13.039,0.9778,35,2,2
1,1,-1,9.9035,0.0,24,2,1
1,0,0,12.7939,0.6638,27,2,2
0,0,0,12.5776,0.3395,40,1,1
0,0,0,11.4076,0.4325,30,1,1
0,-1,-1,12.1007,0.0114,26,2,1
0,-2,-2,12.7939,0.0,53,1,3
0,0,0,11.6952,0.174,45,1,1
0,0,0,12.3014,0.99,30,1,2
1,2,2,12.3014,0.9232,34,1,1
1,-1,-1,9.2103,0.0499,27,2,1
0,0,0,12.6761,0.3277,31,2,2
0,0,0,12.6761,1.017,33,1,1
0,0,0,11.4076,0.5609,39,1,2
0,0,0,12.1007,0.3673,50,1,1
0,0,0,11.4076,0.9816,28,2,1
0,0,0,11.5129,0.2307,36,1,1
0,0,0,12.7367,0.9735,41,1,2
1,0,0,10.8198,0.9545,22,1,1
0,-1,0,12.3884,0.0845,41,2,2
0,1,2,9.2103,0.8722,41,1,2
1,2,2,12.3014,0.0114,42,2,1
0,0,0,11.5129,1.0767,37,2,2
0,-2,-2,12.3014,0.0172,31,2,1
0,0,0,11.1563,0.9695,57,2,3
1,3,2,10.309,0.9886,37,2,2
0,-1,-1,11.7753,0.0853,53,2,3
0,0,0,11.8494,0.5854,25,2,2
0,0,0,9.9035,0.2242,32,1,2
1,1,-2,11.9184,0.0,38,2,1
0,0,0,10.8198,0.0827,26,2,2
0,1,1,11.4076,0.4564,29,1,2
0,0,0,12.0436,0.9348,37,2,3
1,2,2,11.1563,0.4998,30,1,1
0,-2,-2,12.2061,0.0042,43,2,1
0,0,-1,12.2061,0.0966,42,1,1
1,1,2,9.9035,1.0249,40,1,2
0,0,0,12.2061,0.4846,41,1,2
0,-2,-2,12.0436,0.0,26,1,2
1,1,-2,11.7753,-0.0154,25,1,1
0,0,0,11.5129,0.9012,27,2,1
0,0,0,12.1007,0.1587,31,1,2
0,-2,-1,12.3458,0.0052,26,2,3
0,-1,-1,9.9035,0.1096,50,1,3
1,0,0,13.1224,0.0704,35,2,1
1,1,-2,11.9184,0.0,38,2,1
1,3,2,11.2898,0.4813,40,2,3
0,0,0,12.3458,0.2442,29,1,2
1,1,-2,11.2898,0.0,37,1,1
0,0,0,12.3458,0.1086,24,2,2
1,2,0,10.8198,0.7789,49,2,2
0,0,0,10.8198,0.9763,35,1,2
0,1,3,9.2103,1.0438,25,2,1
0,2,2,11.8494,0.9711,34,1,2
1,0,0,10.8198,0.7847,42,1,2
0,0,0,12.1007,0.7207,28,1,3
1,1,-2,12.7939,0.0,65,1,1
0,2,2,13.2708,0.7827,67,1,3
0,-2,-2,12.6443,0.0472,43,2,1
0,0,0,9.9035,0.8368,52,1,3
0,-2,-1,12.1007,0.0481,43,2,1
0,0,0,11.0021,0.2508,24,2,1
0,0,0,10.5966,0.3692,59,2,3
0,0,0,11.8494,0.867,34,2,2
0,0,-1,12.3014,0.0364,32,1,2
1,0,0,9.2103,0.8602,22,1,2
0,0,-1,9.9035,0.9982,52,1,1
0,-1,0,10.8198,0.3007,23,2,1
1,2,0,10.8198,0.555,33,2,2
0,0,0,12.6761,0.3084,35,2,2
0,-2,-2,9.9035,0.11,34,1,2
0,0,0,10.8198,0.9644,40,1,2
0,-1,-1,12.7367,0.0058,49,1,1
1,1,-2,12.7939,-0.0008,32,2,2
0,1,-2,12.6115,0.0,33,2,2
0,0,0,10.5966,0.7869,26,2,2
0,0,0,11.9184,0.8598,51,1,1
1,2,2,9.9035,0.9139,40,2,2
0,1,-2,10.309,-0.0002,35,2,3
0,-2,-2,11.2898,0.0049,27,2,2
1,-2,-2,12.8739,0.0006,38,2,3
1,1,2,9.9035,0.2806,22,2,2
1,0,0,12.2061,0.3434,42,1,2
0,0,0,11.2898,0.6193,35,2,3
1,2,0,10.8198,1.0184,36,2,2
0,0,0,12.3458,0.0474,38,2,2
0,0,0,12.1548,0.7768,31,2,2
0,-1,0,12.4684,0.5941,36,1,3
0,-1,-1,11.5129,0.2945,39,2,1
0,0,0,11.8494,0.9483,41,1,2
1,2,0,9.9035,0.6213,42,2,2
0,0,0,11.2898,0.8674,30,1,2
0,0,0,12.7939,0.847,32,1,1
1,0,0,11.1563,0.6583,31,1,2
1,2,2,10.309,1.0405,24,2,2
0,0,0,13.1224,0.716,39,2,1
0,2,-1,12.6761,0.0013,30,2,2
0,0,0,13.1224,0.0654,34,2,1
0,1,-2,12.3884,0.0,27,2,1
0,-1,-1,10.8198,0.0115,25,2,1
0,0,0,11.6952,0.2634,39,2,2
0,0,0,12.4292,0.1059,32,2,1
0,0,0,12.1007,0.3651,39,2,2
0,-1,-1,9.2103,0.5208,22,2,2
0,0,0,12.2061,0.4921,53,2,3
0,-1,-1,11.6952,0.0032,29,2,1
0,-1,-1,12.3458,0.0014,38,1,2
0,1,-2,12.7068,0.0,36,2,1
1,0,0,10.8198,0.5691,28,2,2
0,0,0,11.7753,0.2115,32,1,2
1,2,2,11.6082,0.5283,26,1,2
0,-1,0,10.309,0.0736,40,2,3
0,0,0,11.6952,0.0723,25,2,1
0,-2,-1,11.6952,0.0033,28,2,1
0,0,0,12.2549,0.2039,40,2,2
0,1,2,10.309,0.5049,47,1,2
0,2,2,10.8198,1.0906,27,1,3
0,-1,-1,11.8494,0.0013,42,2,2
0,2,2,11.8494,0.9727,37,1,3
0,0,0,10.8198,1.0106,55,1,2
1,1,2,11.7753,0.2045,46,1,3
1,1,2,11.2898,0.0799,30,2,2
0,0,0,10.8198,0.8953,51,2,3
0,1,2,11.5129,0.1736,35,1,1
0,-1,-1,12.3014,0.2801,48,1,2
0,-1,-1,12.4684,0.0027,28,2,2
0,0,0,12.6761,0.9522,40,1,1
0,0,0,11.2898,0.064,30,2,2
0,0,0,11.8494,0.4689,55,1,1
1,0,0,12.1007,0.9752,26,1,2
0,1,-1,11.2898,-0.0003,23,1,4
0,1,-2,12.4292,0.0,40,1,2
0,0,0,11.2898,0.9432,33,1,1
1,0,0,10.309,0.9446,50,1,3
0,-1,-1,11.6952,0.1132,26,2,2
0,0,0,11.6952,0.6839,29,2,2
0,2,2,9.9035,0.4012,29,1,2
0,0,0,10.8198,0.5313,40,1,2
0,-2,-2,12.4292,0.0016,50,1,2
0,0,0,12.4684,0.431,37,1,1
0,-1,2,12.1007,0.0054,27,2,1
0,-1,-1,9.9035,0.0195,49,1,3
1,1,2,11.9184,0.5101,55,1,2
0,-1,-1,12.4684,0.0261,34,1,1
0,1,2,12.3458,0.0411,43,1,1
0,0,0,11.1563,0.9939,24,2,1
0,-1,-1,11.9829,0.0464,33,2,1
0,1,-2,10.8198,0.0,42,2,2
0,-1,-1,12.0436,0.0029,37,1,2
0,0,0,12.2549,0.5049,39,2,3
0,1,-2,12.3458,0.0,28,1,1
1,2,2,11.6082,0.5194,36,1,2
0,0,0,11.2898,0.55,39,2,2
0,-1,-1,11.4076,0.0077,54,2,2
1,2,2,11.4076,0.8744,41,2,1
0,-1,-1,12.4292,0.003,42,2,1
0,1,2,12.5062,0.0615,31,1,2
0,0,0,9.9035,0.5052,23,1,3
0,1,2,11.2898,0.0362,34,2,5
0,2,2,9.9035,0.7538,23,1,1
0,0,0,11.9184,0.559,36,2,2
1,1,2,11.2898,1.2424,37,2,3
0,0,0,11.7753,0.3546,47,2,2
0,-1,0,12.6761,0.0578,28,2,1
1,2,2,10.8198,0.8676,24,2,1
0,0,0,12.4684,0.5211,34,2,2
0,2,2,11.8494,0.4038,35,2,1
1,1,4,9.2103,0.4479,53,2,3
0,0,0,12.1007,0.7767,30,1,1
0,0,0,12.4292,0.7099,71,1,1
1,-1,2,9.9035,0.7692,23,1,1
0,0,0,10.8198,0.9793,28,1,3
0,1,-2,11.6952,0.0,38,2,1
0,1,2,11.9829,0.3684,49,2,2
0,0,0,11.0021,0.1953,22,2,2
0,0,0,11.7753,0.8957,31,1,2
1,1,-2,12.6761,0.0,41,1,2
0,0,0,10.8198,0.7054,43,2,2
1,0,0,10.8198,0.9612,33,1,2
1,2,2,11.1563,0.1809,44,2,2
0,0,0,11.2898,0.9624,44,2,2
1,-1,-1,12.3458,0.0018,27,1,2
1,-1,-1,9.9035,0.0195,43,1,3
0,0,0,9.9035,0.612,39,2,3
0,0,-1,12.7939,0.0278,42,1,2
0,-2,-2,11.4076,-0.021,28,2,1
0,2,2,11.9829,0.4831,34,2,2
0,1,2,10.8198,0.9969,36,1,1
0,0,0,12.3014,0.7493,27,2,1
1,2,0,12.7657,0.9171,42,1,1
0,-1,-1,11.6952,0.0329,29,2,1
0,1,2,12.2549,0.3519,30,2,1
0,2,2,11.5129,0.1761,31,2,2
1,0,0,10.8198,0.6956,52,2,3
0,-1,0,12.7367,0.1717,26,2,1
1,2,2,11.8494,0.7761,57,1,1
0,0,0,10.8198,0.9538,42,1,2
0,1,2,10.8198,0.3323,31,1,2
0,0,0,11.4076,0.6306,27,2,1
1,2,2,11.9829,0.4236,66,1,2
0,0,0,12.4292,0.1392,27,1,2
0,1,-2,10.8198,0.0,23,1,1
0,0,0,12.6115,0.4716,36,2,2
0,1,-2,12.3458,-0.0,34,2,2
1,1,-2,12.4684,0.0,43,1,1
0,2,0,11.0021,0.9807,22,2,1
0,-1,-1,11.8494,0.0153,41,1,3
1,2,0,11.1563,1.3148,49,2,3
1,2,0,9.9035,0.9369,41,1,3
1,3,2,9.9035,0.245,27,2,2
0,0,0,12.0436,1.0065,28,1,4
0,-1,-1,11.9184,0.0072,55,2,3
0,0,0,10.8198,0.2623,26,1,2
1,2,0,11.0021,1.0048,49,1,1
0,-1,-1,12.3458,0.0085,29,2,1
0,0,0,11.5129,0.3137,30,1,2
0,-1,-1,11.9184,0.007,24,1,1
0,0,0,11.1563,0.9697,51,1,2
0,0,0,11.9184,0.353,25,1,1
0,0,0,10.8198,0.4706,25,2,2
1,2,2,11.6082,0.8699,29,2,1
1,0,0,12.5776,1.0546,25,2,1
0,0,0,12.6443,0.4134,42,2,2
0,0,0,11.2898,0.928,38,2,2
0,-2,-2,12.3014,0.0,54,1,1
0,0,0,12.3458,0.7288,62,2,2
0,0,0,12.7939,0.656,52,1,1
0,-1,-1,12.6761,0.0808,48,1,1
0,0,0,9.9035,0.7203,30,1,1
0,-1,-1,12.7939,0.1716,35,2,2
0,1,-2,12.7939,0.0,38,2,2
0,-1,-1,12.9945,0.0247,37,2,1
1,2,2,12.8992,0.4398,49,1,2
0,1,2,12.1007,0.1782,35,1,2
0,1,-2,12.3458,0.0,30,2,1
0,0,0,12.2061,0.0454,29,2,1
0,0,0,12.3458,0.0998,34,1,1
0,0,0,10.8198,0.9565,53,1,2
0,-2,-2,12.5062,0.0592,36,1,1
0,0,0,12.9945,1.1044,29,2,2
0,-1,-1,12.7367,0.0111,53,1,1
0,0,0,12.6761,0.0382,35,1,2
0,-1,-1,13.1224,0.0007,36,2,2
0,-1,-1,10.309,0.9856,33,2,2
0,0,0,11.6952,0.8561,55,2,3
0,0,0,12.6443,0.0339,37,1,1
0,0,-1,11.6082,0.0246,31,2,3
0,0,0,12.8992,0.4642,31,1,2
0,-1,-1,11.9184,0.0138,55,2,1
0,0,0,10.8198,0.9491,42,1,1
0,0,0,12.5062,0.0787,27,1,2
1,0,0,10.309,0.4839,39,2,3
1,0,0,10.309,0.7993,57,1,1
0,0,-1,9.9035,0.535,24,1,2
0,0,0,10.8198,0.3694,22,2,2
0,0,0,11.5129,1.0143,50,1,2
0,1,-2,12.2061,0.0,29,2,1
0,0,0,13.1224,0.839,38,1,1
0,0,0,12.1548,0.4767,43,1,2
0,-1,-1,11.7753,0.0449,47,1,2
0,0,0,10.8198,0.3558,23,1,2
0,0,0,9.2103,0.9363,22,1,3
0,0,0,13.8155,0.9645,47,2,1
0,-1,-1,11.9184,0.0767,35,2,3
1,0,0,9.9035,0.861,37,1,2
1,2,-1,11.8494,0.0076,30,2,1
0,-2,-2,12.2549,-0.001,45,2,1
0,0,0,12.7939,0.0241,53,1,3
0,0,0,11.0021,0.9993,30,1,1
0,0,0,10.309,0.5221,33,1,2
0,0,0,11.8494,0.9121,37,2,2
0,0,0,9.9035,0.8736,21,2,1
1,0,0,11.6952,0.13,32,2,2
0,1,-2,11.2898,-0.0006,45,1,1
0,0,0,10.8198,0.4382,41,2,2
0,1,-2,12.7939,0.0,27,2,1
0,0,0,13.1224,0.8323,30,1,1
0,0,0,9.2103,0.7985,21,1,2
0,0,0,12.2549,0.0662,25,1,2
0,0,0,10.8198,0.4472,41,1,3
0,-1,2,12.2061,0.0334,38,2,1
0,-1,-1,12.6115,0.0357,36,2,1
1,0,0,11.6082,0.4067,24,1,2
1,4,3,10.8198,1.0399,58,1,2
1,-1,2,12.7367,0.02,41,2,1
1,-1,-1,10.8198,0.0164,32,2,2
0,1,2,11.6082,0.4545,63,1,3
0,0,0,13.3047,0.766,38,1,3
0,-1,-1,11.9829,0.0157,32,1,1
0,-1,-1,13.017,0.0235,38,1,1
1,1,-1,11.0021,0.0,31,1,1
1,0,0,12.6443,0.8087,43,1,1
0,-1,0,9.9035,0.518,24,2,2
0,0,0,11.0021,0.8879,29,2,2
0,-1,-1,12.0436,0.0031,38,2,2
0,1,-1,12.1548,0.0,50,2,1
1,2,2,12.3458,0.0005,49,2,1
0,-2,-2,11.2898,0.0147,25,2,1
0,0,0,11.6952,0.9297,50,2,3
0,1,2,9.9035,0.863,30,1,2
0,0,0,11.8494,0.2663,26,2,2
0,0,0,10.8198,0.9815,24,1,2
0,0,0,12.1007,0.5796,35,2,1
0,-1,-1,11.9184,0.0243,50,2,3
0,0,0,12.6115,0.9811,35,2,1
0,-1,-1,12.8479,0.0005,45,2,1
1,2,0,11.4076,1.0254,27,2,3
0,1,2,9.2103,0.8925,22,2,2
1,2,0,11.4076,0.7097,28,2,3
0,-1,-1,12.3884,0.001,34,1,1
0,-1,-1,12.1007,0.0022,32,2,3
0,0,0,11.8494,0.7247,32,1,1
1,1,2,12.5425,0.6025,36,1,2
1,-1,-1,11.6952,0.0059,30,2,1
1,0,0,13.2177,0.9941,32,2,2
0,0,0,12.0436,0.5337,30,2,2
0,2,2,10.8198,0.0518,36,2,2
0,0,0,11.8494,0.9835,35,2,2
0,0,0,9.2103,0.8858,48,1,3
0,-1,-1,12.3884,0.0058,32,2,3
0,2,2,10.309,0.9318,24,2,2
1,1,2,10.309,0.4716,25,2,2
0,0,0,12.2061,0.0116,36,2,2
0,0,0,11.8494,0.403,33,2,2
0,1,-2,12.2061,0.0,28,2,3
0,0,0,11.2898,0.2632,37,2,2
1,0,0,11.5129,0.4668,30,1,3
0,2,2,12.3014,0.9794,26,1,2
0,0,0,11.2898,0.0942,25,2,2
0,0,0,12.7657,0.8936,27,2,1
1,0,0,10.8198,0.6686,26,2,2
0,0,0,12.7939,0.0658,39,1,2
0,0,0,12.3458,0.0414,33,2,2
1,2,2,10.309,0.4629,39,1,2
0,0,0,11.1563,0.5926,24,2,2
0,-1,0,11.1563,0.044,23,2,2
0,1,-2,11.9184,0.0,44,2,1
0,-1,-1,12.7939,0.0033,35,1,1
0,1,-2,12.2549,-0.0015,56,2,2
0,0,0,10.8198,0.6462,29,1,2
0,-1,2,12.1007,0.0173,48,2,2
0,-1,-1,12.2549,0.0296,40,1,1
0,-1,-1,11.9829,0.0155,53,2,3
1,2,0,10.8198,0.7705,37,2,3
0,1,-2,12.2061,0.0,35,2,2
0,0,0,9.9035,0.6862,41,2,2
0,0,0,13.1224,0.2782,56,1,3
0,0,0,11.4076,1.161,49,2,3
0,0,0,11.1563,0.6759,29,2,1
1,0,0,10.8198,0.6756,49,2,3
0,-1,0,12.1007,0.6773,37,1,1
0,1,3,10.8198,0.8264,27,1,2
0,0,0,12.3458,1.0122,33,2,2
0,1,2,11.1563,0.5022,28,1,2
1,0,0,10.309,0.3393,39,1,3
0,1,2,9.2103,0.821,54,1,3
0,1,-1,11.4076,0.0,35,1,3
1,2,2,11.2898,0.8519,43,2,3
0,1,-1,12.7939,-0.0006,46,2,1
1,-1,2,11.9184,0.0051,29,2,1
0,1,2,12.2061,0.1291,32,2,1
0,0,0,12.6115,0.117,38,2,3
1,-2,-2,13.1224,0.0,37,1,1
0,-1,0,12.2549,0.1192,27,1,1
0,0,-1,11.2898,0.2157,33,2,2
0,2,0,12.2061,0.9428,44,2,1
1,-1,-1,12.3458,0.0096,30,2,1
0,0,0,11.0021,0.8642,29,2,1
1,1,2,12.1007,0.9602,32,1,2
0,0,0,11.2898,0.6469,26,1,2
0,-2,-2,12.3014,0.0,44,2,1
0,0,0,10.309,0.3513,26,2,2
0,1,-2,10.309,0.0,30,2,1
0,0,0,10.309,0.2955,25,1,2
0,0,0,11.9184,0.3601,40,1,2
0,1,2,10.309,0.7903,47,2,2
0,0,0,12.1007,0.5176,26,1,2
0,2,0,10.309,0.9011,56,1,1
0,0,0,12.3884,0.9866,28,2,1
0,0,0,11.6952,0.2192,31,2,2
0,0,0,11.9184,0.1169,43,2,3
0,1,-2,12.1007,0.0,47,2,1
0,0,0,10.8198,0.8915,46,1,2
1,1,-2,12.7939,-0.0006,26,2,1
0,-1,-1,10.309,0.0788,60,2,3
0,-1,-1,10.8198,0.0078,24,1,2
0,-1,3,10.309,0.0581,39,2,2
0,0,0,10.8198,1.0155,53,2,1
0,0,0,11.4076,0.5214,30,1,2
1,7,6,12.2061,0.9758,39,2,2
0,0,0,10.8198,0.9496,52,1,3
0,0,0,11.2898,0.424,40,2,2
0,0,0,10.8198,0.9082,41,2,2
0,-1,-1,12.2061,0.0048,23,2,2
0,0,0,11.4076,0.9923,36,2,2
0,0,0,12.3884,0.832,28,1,1
1,-2,-2,11.4076,0.019,29,2,1
0,2,2,9.2103,0.2724,23,1,1
0,-1,-1,12.2549,0.0112,38,2,1
0,0,0,11.8494,0.0888,26,2,2
0,0,0,10.8198,0.5944,29,2,1
1,0,0,10.8198,0.7276,28,2,2
0,-1,-1,12.3458,0.0071,45,2,3
0,-1,-1,11.9184,0.0328,27,2,2
0,0,0,12.3884,0.0449,36,1,2
0,1,2,11.2898,1.0222,25,1,2
0,1,-2,11.8494,0.0,33,2,3
0,0,0,12.5776,0.3059,50,1,2
0,0,0,11.2898,1.0067,29,1,5
0,0,0,12.8992,0.9318,34,1,2
0,0,0,9.9035,1.0196,46,1,3
0,-1,-1,12.7939,0.0319,30,1,1
1,0,0,12.4684,0.063,25,2,2
0,1,2,10.309,0.3352,28,1,1
1,0,0,11.7753,1.0108,27,1,2
0,0,0,13.1022,0.1959,41,1,1
0,0,0,13.2708,0.456,42,1,1
1,0,0,9.9035,0.631,34,1,2
0,0,-1,12.1007,0.3556,32,2,1
0,-1,-1,11.4076,0.0136,26,2,1
0,0,-1,11.4076,0.0323,25,1,2
1,2,0,12.9945,0.6294,54,2,1
0,0,0,12.5425,0.181,52,2,2
0,0,0,12.3458,0.5276,29,1,1
0,0,0,12.6115,0.9218,35,1,2
0,-1,2,9.9035,0.3282,41,2,2
0,0,0,11.2898,0.338,26,2,2
0,8,7,9.9035,1.2174,24,1,2
1,-1,-1,12.3014,0.0812,34,1,1
0,0,0,12.2549,0.3499,44,2,2
1,2,0,11.7753,0.4636,49,1,3
0,0,0,12.8992,0.6452,66,1,1
0,-1,-1,11.6952,0.0804,25,2,1
0,0,0,13.039,0.2789,33,2,2
0,-1,-1,12.3458,0.0127,42,2,1
0,0,0,12.2549,0.8952,28,1,2
0,-2,-2,10.309,0.0106,23,2,2
0,0,0,10.8198,0.825,39,2,3
0,-1,-1,12.4292,0.0047,29,2,1
1,3,3,10.8198,0.7118,25,2,2
1,2,2,10.5966,0.8288,38,1,2
0,0,0,12.3458,0.1253,35,1,2
1,1,-2,12.2549,0.0,33,1,1
1,0,0,11.0021,0.2524,30,1,2
0,0,0,13.1224,0.3815,41,2,1
0,0,0,11.6082,0.7404,28,2,2
0,0,0,12.8992,0.2393,44,1,1
0,-1,-1,12.5425,0.0047,51,1,1
0,0,0,11.0021,0.3704,35,1,2
0,0,0,11.5129,0.0393,47,1,3
0,0,0,12.3458,0.2804,42,2,2
0,1,-2,11.2898,0.0,24,2,3
0,0,0,11.6082,0.4093,43,2,2
0,-1,-1,12.8739,0.024,47,1,1
0,1,2,11.9184,0.1401,39,2,2
1,1,2,12.1007,0.0292,29,1,2
0,1,-1,13.1224,-0.0004,32,1,1
1,2,3,10.8198,0.7918,32,1,3
0,0,0,9.9035,0.4252,49,2,3
0,1,-2,11.7753,-0.0001,24,2,2
0,0,0,11.6082,0.5559,27,2,3
0,0,0,12.2061,0.2299,29,1,2
0,0,0,10.8198,0.9798,47,2,2
0,0,0,11.7753,0.9767,29,1,1
0,0,0,12.4684,0.5762,28,1,2
0,-1,-1,12.1007,0.0012,30,1,2
0,-1,-1,12.7068,0.0022,29,2,1
0,1,2,11.2898,0.6754,29,2,2
1,-1,2,12.6761,0.0024,32,1,1
0,-1,-1,9.9035,0.5231,38,1,2
1,2,2,10.8198,0.048,43,2,3
0,0,0,12.2549,0.9579,40,2,3
1,2,2,12.948,0.5697,31,1,2
0,-2,-2,12.2549,0.0123,35,2,2
0,0,0,11.9829,0.2238,42,2,2
0,0,0,9.9035,0.8888,25,2,1
0,-1,-1,12.7939,0.0056,35,1,1
1,2,0,10.309,0.3826,50,1,2
0,1,-1,10.8198,-0.0139,27,1,2
1,1,-1,10.309,0.0,38,1,2
0,0,0,10.309,0.9336,24,2,2
0,-1,-1,12.5425,0.0036,24,2,2
1,2,0,10.309,1.0093,24,2,3
0,0,0,9.9035,0.6259,33,1,2
0,0,0,12.6115,0.3621,51,2,1
0,-1,3,12.1007,0.0104,35,2,1
1,4,3,9.9035,0.8274,24,2,2
0,0,0,11.2898,0.0618,39,2,3
0,0,0,9.9035,0.9776,47,2,2
0,0,0,11.0021,0.5244,29,1,1
0,0,0,9.9035,0.9372,22,1,2
0,1,2,10.309,1.0245,67,2,3
1,1,2,10.8198,0.5391,33,1,1
0,0,-1,11.2898,0.6217,47,1,1
1,-1,-1,12.0436,0.0069,24,2,2
1,-1,-1,11.9829,0.0051,36,1,1
0,1,2,11.7753,0.4617,27,1,1
1,2,2,10.309,1.0582,34,2,2
0,1,-1,11.5129,0.0,36,2,1
1,3,3,11.6952,0.7255,25,2,2
1,-1,-1,11.9184,0.0057,49,2,1
1,1,2,11.5129,0.5634,24,2,3
1,2,0,10.309,0.8617,24,1,2
0,-2,-2,11.9829,0.0129,45,2,2
0,-2,-2,11.6952,0.0206,48,2,3
0,-1,0,11.9829,0.4245,40,2,1
1,1,-1,12.7367,-0.0,35,2,1
0,0,0,12.3884,0.1068,55,1,3
0,1,2,10.309,1.0202,42,2,3
0,0,0,10.8198,0.9574,54,1,2
1,1,-2,12.2061,0.0,25,1,2
0,0,0,11.2898,0.2131,44,2,2
1,2,2,10.8198,0.1005,41,2,2
0,0,0,11.7753,0.1397,29,2,2
1,1,-2,12.5776,0.0,57,1,1
1,0,0,10.309,0.921,44,2,3
0,0,0,12.7367,0.227,40,1,3
0,-1,-1,12.1007,0.0036,28,2,1
0,0,0,11.0021,0.9904,23,2,1
0,-1,0,12.8739,0.2141,25,2,1
0,0,0,13.039,0.8368,35,1,1
0,0,0,13.1224,0.7928,51,1,1
0,-1,2,10.309,0.2782,44,2,2
0,1,2,11.2898,0.3599,25,2,2
0,-1,-1,12.4292,0.1485,41,2,2
0,0,0,12.5425,0.5219,26,2,1
1,2,2,10.309,0.8538,26,2,2
1,2,0,10.309,0.7443,28,1,1
1,1,3,9.9035,0.9722,27,1,2
1,-2,-2,12.8479,0.0,56,2,3
1,4,3,11.5129,1.7544,29,2,3
1,-1,-1,12.1007,0.006,32,1,2
0,0,0,11.2898,0.0426,25,2,1
0,0,0,12.3014,0.7416,31,1,1
0,0,0,12.0436,0.8322,26,2,2
1,2,2,11.8494,0.6993,29,2,1
1,2,2,9.9035,0.5256,29,1,1
0,0,0,11.5129,0.6243,38,2,3
0,0,0,10.8198,0.6503,47,2,3
0,-1,-1,12.6115,0.0073,30,2,2
0,0,0,10.309,0.8923,25,2,3
0,0,0,10.8198,0.9939,53,1,3
0,-1,-1,11.9829,0.0193,37,1,2
0,0,0,11.2898,0.574,27,1,2
0,0,0,11.8494,0.9434,28,2,2
1,1,2,9.9035,0.9702,23,1,2
0,-1,-1,10.8198,0.3491,51,1,3
1,1,-2,12.2061,0.0,34,2,1
1,-2,-2,11.2898,0.0098,23,2,2
0,1,2,11.2898,1.0204,27,2,2
0,-1,-1,12.2549,0.0286,39,2,1
0,0,0,12.4684,0.1012,28,1,2
1,1,-1,12.2061,0.0,46,1,2
1,2,2,11.6082,1.003,33,2,2
0,0,0,9.2103,0.5857,23,1,2
0,0,0,12.2061,0.4597,30,1,1
1,-1,-1,12.6115,0.0012,31,1,1
0,-1,-1,12.7939,0.0194,39,2,1
0,0,0,12.5776,0.2697,32,2,2
1,1,2,10.309,1.0271,26,1,3
0,-2,-2,12.6115,0.0,47,1,1
0,-1,-1,12.6115,0.0033,28,2,1
0,-2,-2,12.2549,0.0015,45,2,3
1,0,0,10.8198,1.4994,36,1,3
0,0,0,12.7367,0.9937,26,2,1
1,0,0,12.7068,0.4182,34,1,1
0,0,0,12.3014,0.2005,28,2,1
0,0,0,11.5129,0.2394,30,2,2
1,-1,-1,12.4684,0.0015,30,1,1
0,-1,-1,12.1007,0.0024,30,1,2
0,-1,-1,12.2061,0.0039,44,1,2
1,0,0,11.6082,0.8236,41,2,3
1,0,0,9.9035,0.3593,48,1,2
0,0,0,11.0021,0.2187,25,1,1
1,2,2,10.309,0.7949,28,1,3
1,2,2,10.309,1.0401,24,2,1
1,-1,-1,12.948,0.0914,37,2,1
1,-1,-1,12.7367,0.001,34,1,1
0,1,-2,12.5062,0.0,38,1,2
0,-2,-2,12.7939,0.0417,36,2,4
0,-1,-1,12.3458,0.0032,25,2,1
0,0,0,10.8198,0.9465,33,2,2
0,-2,-2,12.3458,-0.0,28,2,1
0,-2,-2,12.2061,-0.0,38,2,1
0,0,0,11.5129,1.0189,24,2,2
0,0,0,11.9184,1.0227,47,2,2
0,0,0,10.8198,0.9342,28,1,3
0,0,0,11.0021,0.568,29,1,2
0,0,0,11.1563,0.145,30,2,2
0,-1,0,9.9035,0.2522,23,1,2
0,0,0,10.8198,0.4882,25,2,2
0,2,2,13.1224,0.0031,33,2,1
0,1,-2,12.8739,0.0,49,1,3
0,-2,-2,11.4076,0.0,27,2,1
0,0,0,9.2103,0.5748,22,1,2
1,-1,-1,10.309,0.013,24,1,2
1,1,-2,12.3884,-0.0,35,1,3
0,-1,0,12.1007,0.2032,29,2,1
0,0,0,11.1563,0.3237,23,2,2
0,-1,-1,10.8198,0.0306,26,1,2
0,0,0,9.9035,0.5662,46,1,3
1,0,0,12.4684,0.7715,36,2,2
1,-2,-2,11.9829,0.0,26,1,2
0,0,0,12.4292,0.1012,42,2,1
0,-1,-1,9.9035,0.0522,49,1,1
0,-1,-1,12.2549,0.0112,37,1,3
1,2,0,11.5129,0.4725,35,2,1
0,0,0,11.5129,0.7297,28,1,1
0,-2,-2,12.3458,0.0101,34,2,2
1,0,0,9.9035,0.6948,25,1,2
1,0,0,10.5966,0.7524,24,1,1
0,-1,-1,11.5129,0.5453,51,1,3
0,0,0,9.9035,0.8257,26,1,3
0,0,0,11.8494,0.224,32,1,2
0,2,2,10.8198,0.8894,23,1,3
0,0,0,10.309,0.578,26,2,2
0,0,0,11.2898,0.1908,28,1,2
1,0,0,9.9035,0.7827,31,2,3
0,0,0,12.2549,0.0471,26,2,1
0,-1,-1,12.3014,0.0154,33,2,1
0,0,0,11.9184,0.267,30,2,1
0,-1,-1,12.2061,0.0025,28,1,1
1,2,2,12.2061,0.342,28,2,1
0,0,0,10.8198,0.5363,39,1,2
0,0,0,11.2898,0.1223,28,2,1
1,-2,-2,12.6443,0.065,32,2,1
0,0,0,12.2549,0.6696,29,1,1
1,2,0,11.8494,0.977,40,1,1
0,0,0,9.9035,0.7749,32,2,2
0,1,-2,9.2103,0.0,23,2,1
0,0,-1,12.4292,0.0224,30,2,1
0,1,-1,12.5425,0.0,31,1,1
0,-1,-1,12.2549,0.0413,48,1,2
0,0,0,9.2103,0.5186,54,1,2
0,0,0,11.0021,0.9862,59,2,3
0,0,0,12.1007,1.0258,38,2,1
0,1,-2,9.2103,0.0,31,2,1
0,-2,-1,12.2061,0.0,41,2,1
0,-1,-1,11.6952,0.0098,29,2,1
0,0,0,11.9829,0.3389,28,2,2
0,0,0,12.1007,0.9286,48,1,1
0,0,0,11.0021,0.9698,42,2,3
0,0,0,11.2898,0.9125,27,1,2
0,-1,0,12.2061,0.0487,27,1,1
1,1,2,9.9035,0.9295,22,2,3
0,0,0,12.7939,0.0488,31,2,2
0,1,2,11.8494,1.054,43,2,1
1,0,0,11.6082,0.8548,46,2,3
0,1,-2,12.7939,-0.0006,33,2,1
0,-1,-1,10.309,0.1321,22,2,1
0,0,0,11.5129,0.7622,25,1,2
1,0,0,11.0021,0.5864,34,1,3
0,1,-2,11.7753,0.0,32,2,1
0,-1,-1,12.3884,0.023,34,2,2
1,2,2,12.2549,0.2914,35,2,2
0,-1,-1,12.7939,0.0016,25,1,1
0,1,2,10.309,0.7389,22,2,2
0,1,-1,13.0815,-0.0005,49,1,1
0,-1,-1,11.4076,0.0191,49,2,6
0,0,0,10.8198,0.0982,42,2,1
0,0,0,9.9035,0.4593,41,1,3
0,-2,-2,11.9829,0.0031,27,2,2
0,0,0,11.4076,0.1613,24,2,2
0,-2,-2,12.6115,0.0316,34,2,5
0,-1,-1,13.1224,0.0013,43,1,1
1,1,-2,11.7753,0.0,36,2,3
0,0,0,12.4292,0.1557,62,1,3
1,2,0,9.2103,0.4693,25,1,3
0,0,0,12.7367,0.0057,30,1,1
0,-1,0,11.0021,0.2588,24,1,3
0,0,0,10.8198,0.9662,47,1,2
0,-1,-1,12.0436,0.0464,34,1,2
1,-1,-1,13.1022,0.0008,51,1,3
1,0,0,9.9035,0.884,26,2,2
0,0,0,13.2177,0.1242,47,1,2
0,0,0,12.7367,0.196,39,2,2
0,0,0,9.2103,0.9576,32,1,2
0,-2,-2,12.3458,0.0,25,2,2
0,1,2,10.309,0.9796,39,1,2
0,-1,-1,12.2061,0.3652,42,2,2
0,0,0,13.017,0.0297,37,2,1
1,0,0,12.8479,0.8681,44,1,3
1,2,0,10.8198,0.5953,31,2,2
0,0,0,11.2898,0.2888,27,2,1
1,1,-2,11.9184,0.0,42,2,2
0,0,0,10.8198,0.9801,44,2,2
0,1,-2,12.2549,0.0,39,2,1
0,0,0,11.5129,0.5971,24,2,2
0,0,0,11.5129,0.2599,38,1,2
0,0,0,13.1224,0.0063,45,1,1
0,0,0,10.309,0.3273,58,2,3
0,0,-1,10.8198,1.0708,46,1,2
0,-2,-2,10.8198,0.0,23,2,2
0,-1,-1,12.948,0.0087,36,2,2
1,2,2,10.309,0.9385,32,2,2
0,0,0,12.3884,1.0033,32,1,1
0,0,0,11.2898,0.864,55,2,3
1,0,0,12.7068,0.8041,45,1,1
1,1,2,10.8198,0.9874,30,1,2
1,-2,-2,12.2061,0.0,42,2,1
0,1,-2,12.2549,-0.0014,34,2,1
0,1,2,11.7753,0.544,31,1,2
0,-1,0,12.8739,0.0268,28,1,1
0,0,0,11.5129,0.1288,40,1,3
0,0,0,11.8494,0.6094,33,2,1
1,2,2,11.2898,0.875,35,2,3
1,1,3,10.8198,0.89,42,2,3
0,0,0,10.8198,0.4263,25,1,2
0,1,-2,12.7939,0.0,39,1,1
1,1,2,12.0436,0.9019,49,2,2
0,0,0,10.8198,0.963,41,1,2
1,2,0,12.6443,0.8589,25,2,1
1,-1,-1,12.2549,0.0016,31,1,1
0,0,0,11.8494,0.6442,37,1,2
0,0,0,11.9184,0.8474,37,2,1
1,-1,-1,12.0436,0.0118,40,1,1
1,-1,2,12.4684,0.0006,25,2,1
0,0,0,12.0436,0.5846,26,2,1
0,1,-2,12.6443,0.0,35,2,1
0,0,0,10.8198,0.6873,23,2,3
1,2,2,12.4684,0.0039,35,2,1
1,0,0,11.5129,0.3601,27,1,1
0,0,0,10.5966,1.0158,25,2,2
0,1,2,12.1007,0.4584,46,2,1
0,2,2,10.8198,0.5237,41,1,3
1,-1,-1,12.2061,0.024,29,1,1
0,0,0,12.6761,0.105,53,2,2
0,-1,-1,12.3014,0.021,45,2,1
0,0,0,12.1007,0.3334,46,1,2
1,0,0,10.8198,1.8846,36,2,2
0,0,0,10.8198,0.5927,22,2,2
0,0,0,11.9184,0.5552,32,2,1
0,-1,-1,11.6952,0.0571,38,2,1
0,0,0,10.309,0.9767,34,1,2
1,-1,0,9.2103,1.756,43,1,5
0,-2,-2,12.8479,0.0918,34,1,1
1,1,-2,12.6761,0.0,38,2,1
0,0,-1,10.309,0.0483,41,2,2
0,0,0,13.0605,0.155,29,1,2
0,0,0,11.2898,0.9471,40,2,3
0,-1,-1,9.9035,0.4285,60,1,2
0,0,0,11.6952,1.0475,51,1,1
0,1,-2,11.9184,0.0,37,2,1
0,0,0,12.2061,0.9034,43,2,2
0,0,0,9.9035,2.2715,40,1,2
0,0,0,12.0436,0.5046,36,2,3
0,-1,-1,11.9184,0.006,34,2,1
0,-1,-1,11.9829,0.004,30,1,2
0,-1,-1,12.5425,0.1626,32,2,1
1,2,0,11.0021,0.6664,42,1,1
0,0,0,11.5129,0.3965,44,1,3
0,0,0,12.7939,0.189,48,1,2
0,-2,-1,13.1224,0.1438,44,2,1
1,0,0,12.5776,0.9801,30,2,1
0,-2,-2,11.9829,0.0,31,2,1
0,0,0,10.8198,0.4585,47,1,2
0,0,0,12.4292,0.1084,35,2,2
0,-1,-1,12.7657,0.0109,42,1,1
0,0,0,11.5129,0.9942,22,2,2
0,1,2,10.309,1.0652,33,1,2
0,1,-1,13.017,0.0,36,2,1
0,-1,-1,9.9035,0.4878,40,2,3
0,0,0,10.309,0.9354,26,2,3
0,0,0,11.9184,0.6882,47,2,3
0,1,3,10.309,0.7442,36,1,2
0,0,0,9.2103,0.6001,23,1,3
0,0,0,10.8198,0.3514,47,2,3
0,0,-1,10.8198,0.0825,22,2,1
0,2,2,11.7753,0.0482,23,2,2
0,0,0,10.8198,0.9413,22,2,3
0,0,0,12.1007,0.9868,25,2,2
1,2,2,10.309,0.8027,47,1,2
0,0,0,11.0021,0.4953,24,2,2
0,0,0,12.2061,0.0841,26,1,1
0,0,0,10.309,0.6097,23,2,3
0,0,0,12.6761,0.8207,36,2,2
0,-1,2,12.7939,0.0045,37,2,1
0,0,0,11.0021,0.9341,39,2,1
0,-2,-2,10.8198,0.2747,28,2,2
0,2,2,10.309,0.9048,35,1,2
0,1,2,10.8198,0.6929,31,2,2
0,0,0,11.1563,0.6015,24,2,1
0,1,-1,12.6443,-0.0001,44,1,1
0,-1,-1,12.0436,0.0168,39,2,2
0,-2,-2,11.9184,0.7423,49,1,1
0,-1,-1,11.6952,0.0278,30,2,1
0,0,0,11.5129,0.7537,33,2,1
1,2,2,11.8494,0.9884,41,1,1
0,-1,0,12.1007,0.0807,47,2,3
0,0,0,9.9035,0.9842,51,2,3
0,1,-2,11.2898,0.0,25,2,2
0,0,0,12.2061,0.8933,39,2,2
0,0,0,12.2061,0.1267,27,1,2
0,0,0,10.309,0.4872,42,1,3
0,-2,-2,12.4292,0.0,40,2,2
0,1,2,10.8198,0.6243,30,1,3
1,-2,-2,12.4292,-0.0001,31,1,1
0,0,0,11.8494,0.1672,25,2,1
0,2,-1,12.0436,0.0031,31,2,2
0,-2,-2,12.3884,0.0013,47,2,2
0,0,0,11.8494,0.9652,37,2,1
0,0,0,10.8198,1.02,28,2,2
1,1,2,12.3884,0.5184,47,2,2
0,-1,-1,12.948,0.0016,57,2,2
0,-1,-1,12.3014,0.0052,53,1,1
0,0,0,11.1563,0.6319,28,2,2
0,0,0,11.4076,0.6198,28,1,2
0,-2,-2,12.3014,0.0,40,2,1
0,0,0,12.2061,0.0466,27,2,1
0,0,0,12.3884,0.9552,55,1,3
0,0,0,12.6443,0.0633,28,2,3
1,2,2,11.2898,0.9518,34,2,2
0,0,0,12.5776,0.4971,38,2,2
1,0,0,12.4684,0.674,43,1,2
1,1,-2,11.6952,0.0,43,1,1
0,-1,-1,12.4684,0.0023,32,2,1
0,-1,2,12.7939,0.0018,39,2,2
1,0,0,10.309,0.2654,36,2,3
1,0,0,10.309,0.9148,22,2,2
0,0,0,9.9035,0.164,22,1,1
0,0,0,12.3884,0.7323,25,2,2
1,7,6,12.2061,1.2713,31,1,2
0,0,0,11.1563,0.3857,38,1,2
0,-2,-2,12.2061,0.0024,23,2,1
0,-1,-1,11.9184,0.1226,31,2,1
0,0,0,11.9829,0.1109,35,2,2
0,0,0,12.1007,0.6314,30,2,1
0,0,0,12.1548,0.7601,39,1,2
0,0,0,9.9035,0.7874,22,2,2
0,0,0,11.9184,0.55,27,1,1
0,0,0,12.6443,0.0245,35,1,2
0,0,0,12.1007,0.5485,36,2,2
1,0,0,11.2898,1.0238,24,2,2
0,0,0,12.7657,0.2438,41,2,2
0,0,0,10.8198,0.6509,47,2,2
0,2,0,11.4076,0.9741,23,2,2
0,0,0,12.3014,0.5112,35,1,2
1,2,3,10.8198,0.8774,25,2,1
0,-1,2,11.4076,0.0183,46,1,3
0,0,0,12.8992,0.4031,30,2,2
0,-1,-1,12.2549,0.011,40,2,3
1,2,2,12.1007,0.984,39,2,2
0,-1,-1,13.1224,0.0078,55,1,1
1,2,0,12.4684,0.8786,39,2,2
0,0,0,12.1007,0.0397,26,2,2
1,-1,-1,12.1007,0.0444,34,2,2
0,0,0,10.309,0.7412,24,2,1
0,0,0,12.7939,0.0874,33,2,1
0,-1,2,12.5425,0.0072,47,2,1
1,1,2,11.5129,0.5321,27,2,1
0,0,0,10.8198,0.9893,49,2,2
0,0,0,9.9035,0.8778,31,1,3
1,-2,-2,11.2898,0.0209,27,2,3
0,1,-1,11.6082,0.0,36,2,2
1,1,-1,10.8198,0.126,25,1,1
1,0,0,10.8198,0.9624,50,2,2
0,0,0,9.9035,0.8058,33,1,1
0,0,0,12.2061,0.4909,41,2,3
0,1,-1,12.4292,0.0,44,2,2
1,1,-2,11.9184,0.0,33,2,1
1,1,-2,10.8198,0.0,23,1,1
0,-1,-1,12.2061,0.0089,38,2,1
0,0,0,12.3014,0.6684,38,1,2
0,-2,-2,11.0021,0.0,36,2,2
0,0,0,11.5129,0.4773,43,1,2
0,0,0,9.9035,0.7762,46,1,3
1,1,3,11.8494,0.5876,28,1,2
1,0,0,10.8198,0.9735,46,1,2
0,0,0,10.8198,0.5728,28,1,1
0,-1,-1,11.6952,0.0057,30,2,2
0,1,-2,11.6952,0.0,39,2,1
0,0,0,10.309,0.9546,38,1,2
0,1,-2,12.1007,0.0,26,2,1
0,0,0,13.1224,0.1061,46,1,1
0,0,0,12.948,0.8043,44,1,1
0,0,0,9.9035,0.7148,45,2,2
1,0,0,10.8198,0.7817,24,2,2
0,0,0,12.4684,0.0757,30,2,2
0,0,0,10.8198,0.9496,27,1,2
0,-1,-1,10.8198,0.015,26,2,1
0,0,0,10.8198,0.8668,49,2,2
0,0,0,11.5129,0.699,49,1,2
1,4,3,10.8198,0.7793,24,2,1
0,0,0,12.1007,0.9697,27,2,1
0,1,-2,12.3884,0.0,38,2,1
0,2,0,10.309,0.9495,38,1,2
1,-1,3,10.309,0.1956,60,2,3
0,0,0,12.5062,0.3562,45,2,1
1,-1,-1,10.309,0.0116,57,2,3
1,-1,-1,12.2061,0.0066,31,2,2
1,-1,0,10.5966,0.22,29,2,2
0,-2,-2,12.7939,0.0,31,2,1
0,-1,-1,11.9184,0.0366,57,2,3
1,0,0,11.2898,0.1242,24,2,2
0,1,-1,12.6115,-0.0008,32,2,1
0,0,0,12.3014,0.9182,32,1,2
0,-1,-1,11.6082,0.0071,42,2,2
0,0,0,10.8198,0.2357,30,1,1
0,0,0,10.8198,0.6233,60,2,3
0,-1,-1,12.3458,0.0017,37,2,1
1,2,2,10.8198,0.8667,27,1,1
0,0,0,12.3884,0.7163,39,2,2
0,0,-1,11.7753,0.1543,26,2,1
0,0,0,11.9829,0.2733,34,2,1
0,0,0,12.2549,0.5795,31,2,1
0,-1,0,12.2549,0.0093,32,2,2
0,0,0,12.7068,0.7275,47,1,1
0,0,0,11.6082,0.0922,51,2,2
0,1,2,11.6952,0.9083,28,2,2
0,-1,-1,11.5129,0.0547,29,2,1
0,0,0,12.2549,0.3032,34,2,2
0,0,0,12.7657,0.5187,31,2,1
0,0,0,12.1007,0.788,25,2,2
0,0,0,11.9184,0.442,28,2,1
0,1,2,10.8198,0.9891,37,1,1
0,-1,-1,12.3458,0.0238,47,2,3
1,2,2,10.309,0.3295,39,2,2
1,2,2,11.4076,0.9627,24,2,2
0,0,0,12.8739,0.0421,24,2,2
1,2,2,10.8198,0.3136,25,2,2
0,0,0,12.6761,0.1596,39,1,2
0,0,0,9.9035,0.7954,34,1,2
0,0,0,12.2061,0.2115,41,2,2
1,-2,-2,13.1224,0.0105,40,1,1
0,1,-2,12.1548,0.0,28,2,2
1,2,0,11.1563,0.0819,25,2,1
1,-1,-1,12.3014,0.0377,35,2,1
0,0,0,10.8198,0.5773,28,1,2
0,0,0,10.8198,0.3035,37,1,2
0,2,2,10.8198,0.5678,46,2,2
0,0,0,11.1563,1.0104,42,1,1
0,0,0,11.2898,0.8373,26,2,1
0,0,0,10.8198,0.9097,41,1,3
0,-1,-1,11.9184,0.009,27,2,1
0,-2,-1,12.6115,0.0018,36,2,1
0,0,0,10.8198,0.2195,25,2,1
0,0,0,12.0436,0.0271,42,2,2
0,-2,-2,12.7657,0.0009,37,1,1
0,0,0,13.0605,0.0922,33,2,2
0,0,0,9.9035,0.6805,25,1,2
0,1,-1,11.8494,0.0,26,2,2
0,1,2,11.0021,0.7502,23,2,2
0,0,0,11.9829,0.7646,23,2,2
0,0,0,11.9184,0.6771,26,2,1
0,-1,-1,9.9035,0.0146,23,2,1
0,-1,-1,12.2549,0.0324,35,1,1
0,-1,-1,10.8198,0.067,23,1,2
0,-1,-1,12.2549,0.073,31,2,1
0,-2,-1,12.5425,0.0021,44,1,1
0,-1,0,12.6115,0.0518,36,1,2
0,0,0,12.3458,0.9928,37,2,3
0,-2,-2,12.4292,0.036,47,1,2
0,-1,-1,13.1224,0.0483,36,2,1
0,0,0,10.8198,0.2518,48,2,2
0,0,0,10.8198,0.1188,46,1,3
0,0,0,11.9184,1.979,36,2,2
0,1,-2,12.1007,0.0,53,2,1
0,0,0,13.017,0.3037,37,1,2
0,1,2,11.1563,0.0597,24,2,2
0,0,0,11.6082,0.8487,40,1,3
1,1,2,12.2061,1.017,43,1,1
0,1,-2,12.2549,0.0,37,2,2
0,0,0,12.6761,0.4569,36,1,1
1,0,0,9.9035,3.0,37,1,1
0,-1,-1,11.7753,0.0085,29,2,2
0,0,0,9.9035,0.848,29,1,1
0,-1,-1,12.2549,0.0161,39,1,1
1,0,0,10.309,0.8499,33,2,2
1,1,2,11.0021,0.7998,36,2,3
0,0,0,11.6082,0.687,49,1,2
0,-1,-1,11.7753,0.248,32,1,1
0,0,0,13.1224,0.1492,38,2,1
1,0,0,13.1224,0.9985,38,1,2
1,-1,2,11.5129,0.081,35,1,2
0,0,0,12.3014,0.1348,25,1,1
0,0,0,10.8198,0.8112,40,1,2
0,-1,-1,13.1224,0.0026,49,1,1
1,-1,-1,10.8198,0.0492,29,2,1
0,-2,-2,12.2061,0.0071,45,2,1
0,-1,0,12.6761,0.0179,50,2,2
0,1,2,13.017,0.0367,29,1,2
0,8,7,9.9035,2.167,26,1,3
0,-1,-1,12.6443,0.0016,44,2,2
1,0,0,11.6952,0.8394,23,2,2
0,0,0,12.2061,1.7715,48,2,2
0,0,0,10.8198,0.9893,53,1,3
0,0,0,11.7753,0.7732,48,1,3
0,0,0,10.8198,0.5084,23,2,2
1,0,0,11.7753,0.1264,26,1,2
0,0,0,10.8198,1.0044,42,2,2
0,2,0,10.309,0.5762,32,1,2
1,2,2,10.309,0.8005,34,2,2
1,-1,-1,11.9829,0.0024,34,1,1
0,0,0,10.8198,0.8668,27,1,1
0,0,-1,11.2898,0.2264,28,2,2
0,0,0,11.0021,0.8378,25,2,2
0,1,2,12.3458,0.2027,27,2,1
0,0,0,12.8739,0.2208,30,2,1
0,0,0,11.6082,0.0295,28,2,2
0,1,-2,10.8198,0.0,24,1,1
1,1,2,9.9035,1.1191,35,2,2
0,0,0,11.5129,0.6532,29,1,2
0,0,0,11.1563,0.4629,33,2,3
0,2,2,11.9184,1.0419,31,1,2
0,0,0,12.8739,0.0499,31,1,1
0,0,0,10.8198,0.9512,22,1,2
0,2,2,11.4076,1.3485,26,1,2
1,0,0,12.5776,0.9965,30,2,2
0,0,0,9.9035,0.97,24,1,2
1,0,0,11.4076,0.9768,28,2,1
0,0,0,12.4684,1.026,48,1,3
0,0,0,11.4076,1.0275,26,2,2
1,3,2,11.5129,1.0449,27,2,2
0,0,0,11.9184,0.8428,31,2,1
0,0,0,11.0021,1.0164,46,2,2
0,2,0,11.2898,1.0073,42,1,2
0,-1,-1,11.2898,0.1953,24,2,2
0,1,2,10.309,1.0116,26,2,2
0,-1,-1,9.9035,0.1319,38,1,2
0,0,0,10.8198,0.69,24,1,2
0,0,0,12.4292,0.1759,37,2,1
1,0,0,10.8198,0.8388,22,2,1
0,0,0,11.6952,0.0429,32,2,3
0,1,-2,9.9035,-0.0012,36,2,2
0,-1,-1,12.5425,0.0078,33,2,3
0,0,0,10.8198,0.9306,35,2,1
0,-2,-2,12.7939,0.001,49,1,3
1,-1,-1,11.5129,0.0067,32,1,1
0,2,2,11.8494,0.3397,42,2,3
0,0,0,12.0436,1.014,33,2,2
0,-1,0,10.8198,0.5132,33,2,2
0,0,0,10.8198,0.9817,46,1,3
1,-1,-1,11.6952,0.0207,47,1,2
0,0,0,12.0436,0.5082,38,2,2
0,-1,0,12.8479,0.5137,43,1,2
0,0,0,12.8992,0.1923,37,2,3
0,0,0,10.8198,0.6029,30,2,1
0,1,-2,12.9945,0.0514,42,2,2
0,2,2,10.309,0.005,24,2,2
0,-1,-1,13.0605,0.0119,39,1,1
0,-1,-1,12.1007,0.0106,40,2,3
1,0,-1,11.6082,0.3091,32,1,3
0,0,0,12.6115,0.2564,25,1,1
0,-1,-1,11.6952,0.0027,31,2,1
0,-2,-2,12.3014,0.0147,33,1,1
0,0,0,10.8198,1.0092,27,1,1
0,1,-2,11.5129,0.0,43,1,2
0,-2,-2,12.0436,0.022,30,2,1
0,-1,-1,12.7939,0.0093,37,2,1
0,0,0,12.1007,0.0268,43,2,2
0,0,0,11.6952,0.2789,27,1,2
0,-2,-1,12.2549,0.0079,32,1,3
1,0,0,11.0021,0.4807,56,1,2
0,0,0,11.7753,0.1595,40,1,2
0,0,-1,10.8198,0.0756,36,2,3
1,1,2,10.8198,0.6101,52,2,3
1,-1,-1,11.5129,0.0398,33,2,1
0,0,0,11.9184,0.604,43,2,3
1,2,-1,12.3884,0.0285,38,1,2
0,-2,-2,11.6952,0.0649,38,1,2
1,-1,-1,11.2898,0.0025,32,2,2
1,2,2,12.2549,0.8292,27,2,2
0,-1,2,11.2898,0.014,37,2,2
1,0,0,10.8198,0.4168,38,2,2
0,0,0,10.8198,1.0134,52,2,2
0,-1,-1,12.7068,0.0043,34,2,1
0,0,-1,12.3458,0.6651,28,1,3
1,4,3,10.309,0.2407,44,1,3
1,2,0,10.8198,0.7832,41,1,1
0,2,2,12.3014,0.8452,37,1,1
0,0,0,12.5062,0.0419,27,2,1
0,0,0,11.9829,0.9775,44,1,1
0,1,2,9.2103,0.3892,24,2,2
0,0,0,9.9035,0.7503,25,1,2
1,2,2,10.309,0.748,25,1,3
0,0,0,12.2549,0.4094,32,2,2
0,0,0,12.4292,0.465,50,2,2
0,0,0,10.8198,0.4649,28,1,2
0,-2,-2,12.1007,0.0032,28,2,1
0,-1,-1,12.2061,0.0371,35,1,1
1,-2,-2,12.7657,0.047,38,1,1
0,0,0,9.9035,0.9046,22,1,1
1,0,0,10.309,1.0109,36,1,3
0,2,0,9.9035,0.305,34,1,1
1,2,0,11.8494,0.4432,59,2,3
1,2,2,10.309,0.622,44,1,3
0,0,0,12.1007,0.0875,30,2,1
0,0,0,9.9035,0.4006,25,2,2
1,2,2,11.5129,0.5353,36,2,3
1,0,0,11.5129,1.0197,36,2,3
0,-2,-2,9.9035,0.0,45,1,2
1,0,0,12.7657,0.0534,31,1,1
0,0,0,11.2898,1.003,32,2,2
0,0,0,11.6952,0.3687,49,2,3
0,-1,0,12.2549,0.0079,30,2,2
0,-1,-1,11.6952,0.2671,37,1,1
0,0,0,9.9035,0.4067,22,1,2
0,-2,-2,12.2061,0.0042,25,1,3
0,-1,4,10.8198,0.0225,54,2,2
0,-2,-2,12.0436,0.0331,37,1,2
0,1,-1,13.017,0.0,37,1,1
0,-1,-1,12.6115,0.0013,34,1,1
0,0,0,12.6115,0.9848,36,1,1
0,-2,-1,12.5425,0.0073,37,1,2
0,0,0,12.0436,1.0068,39,1,1
1,2,0,11.0021,0.5002,38,1,1
0,0,0,10.8198,0.4694,29,1,2
0,-2,-2,12.8479,0.0,38,1,2
1,2,0,11.1563,0.6464,40,2,1
0,-2,-2,12.9715,0.0104,48,1,1
0,-1,-1,12.1007,0.0018,38,1,1
0,1,2,12.7068,0.8784,41,2,2
0,-1,-1,12.4292,0.0295,26,2,1
0,0,0,13.0815,0.8003,38,2,1
0,-1,-1,12.2549,0.009,37,1,2
0,0,0,11.9829,0.1566,26,1,2
0,1,2,12.8739,1.0446,29,1,5
0,1,-2,12.5425,-0.0005,44,1,1
0,-2,-2,10.8198,0.0078,33,1,2
1,1,-1,12.7657,0.0,60,1,1
0,-2,-2,12.3458,0.0016,40,2,1
0,-2,-2,12.2061,0.0282,36,1,3
0,0,0,10.309,0.9865,47,1,2
0,-1,-1,10.8198,0.0944,37,1,2
0,0,0,12.1007,0.1359,26,1,1
1,0,0,11.9184,0.9428,45,2,3
0,0,0,11.1563,0.5636,27,1,1
0,0,0,11.9184,0.0674,26,1,2
0,1,2,10.8198,0.8737,25,1,3
0,0,0,12.9715,0.2079,42,2,2
1,-1,2,11.1563,0.0519,25,1,1
0,1,-1,9.9035,0.0,36,1,3
1,-2,-2,12.6443,0.0004,33,2,1
0,0,0,11.9829,0.6051,23,2,2
0,1,2,10.309,1.0257,38,1,3
0,-2,-2,13.0815,0.1069,39,2,3
1,0,0,12.1007,0.5517,28,2,1
0,-1,-1,12.2549,0.0244,40,1,2
1,-1,-1,12.7939,0.0009,30,1,1
0,2,2,12.1007,0.2048,31,1,3
0,1,2,12.2061,0.081,29,2,1
1,0,0,10.8198,0.9685,22,1,3
1,0,-1,12.3884,0.0166,48,1,2
0,0,0,12.1007,0.1979,29,2,1
0,-1,-1,11.2898,0.0041,33,2,3
0,0,0,10.8198,0.8548,32,2,3
0,0,0,12.5425,0.3636,36,2,2
0,0,0,11.1563,0.6209,29,2,1
0,-1,-1,12.8992,0.0156,36,1,1
0,-1,-1,12.2549,0.002,45,2,3
0,0,0,11.2898,0.6928,33,1,3
0,2,2,10.309,0.01,24,2,2
0,2,2,12.6443,0.0013,29,1,2
0,1,-2,12.7939,0.0,27,2,3
0,-1,0,12.2061,0.149,28,1,2
0,0,0,10.8198,1.0086,33,1,2
0,0,0,12.6761,0.1558,41,2,2
0,0,0,11.0021,0.3906,27,1,2
0,2,2,12.3458,0.9409,30,2,1
1,-1,-1,11.9184,0.0123,44,2,1
0,-1,-1,12.7939,0.0005,39,2,1
0,0,0,10.8198,0.4123,34,1,1
0,-1,-1,12.5425,0.014,37,2,1
0,0,0,10.8198,0.77,50,2,3
0,0,0,13.1224,0.031,32,1,1
1,0,0,12.8992,0.0462,41,2,3
0,-2,-2,12.5425,0.0064,28,1,2
0,0,0,12.7939,0.4397,41,2,2
1,1,-1,12.4684,0.0596,29,2,1
0,0,0,12.7068,0.7309,42,1,1
0,-2,-2,12.7657,-0.0213,33,2,2
0,-1,-1,13.1224,0.0731,39,2,2
0,0,0,12.9945,0.2927,35,2,1
0,0,0,12.4684,0.9033,28,1,2
0,0,0,13.1224,0.0738,48,1,3
0,0,0,11.5129,0.8142,35,1,2
0,0,0,11.1563,0.9667,47,1,3
0,0,0,12.9945,0.1321,43,1,1
0,-1,0,12.3014,0.9494,44,2,1
0,-1,-1,11.9829,0.0199,32,2,1
0,-1,2,12.2061,0.0367,46,1,2
0,0,0,10.309,0.8153,25,2,2
0,0,0,11.6082,1.0315,27,2,1
0,0,0,11.0021,0.9506,43,2,2
0,-1,-1,12.4684,0.2961,28,1,1
0,0,0,11.6082,0.9942,36,1,2
0,0,0,12.4684,0.9923,44,1,3
0,0,0,12.5425,0.5624,32,2,1
0,-1,-1,12.2549,0.0022,30,1,1
0,0,-1,11.2898,0.0718,37,2,2
0,0,0,12.2061,0.3768,37,2,1
0,2,2,11.5129,0.7476,33,2,2
0,-1,-1,12.2549,0.0447,42,1,2
0,1,2,11.8494,1.0593,35,2,2
0,0,0,12.1007,0.522,29,1,1
0,0,0,12.3884,0.5117,34,2,2
0,-1,-1,11.9184,0.0324,24,2,1
1,0,0,11.2898,1.3171,54,1,2
1,0,0,12.2549,0.1091,37,2,2
0,0,0,12.1007,0.07,28,2,1
0,0,0,11.5129,0.9635,26,2,1
0,0,0,9.9035,0.868,28,1,1
0,0,0,11.8494,0.9165,34,1,2
0,-2,-2,12.2061,0.002,40,1,3
0,0,0,11.2898,0.9643,25,1,2
1,1,2,9.9035,0.9359,49,2,2
0,-2,-2,11.2898,0.0,24,2,2
0,0,0,12.0436,0.9741,41,2,1
1,2,2,11.1563,0.7177,41,2,2
0,-1,-1,11.4076,0.0397,40,2,3
0,0,0,10.309,0.7407,30,1,2
0,-1,-1,10.8198,0.0509,25,1,1
1,-1,-1,10.8198,0.0078,21,2,2
0,0,0,12.4684,0.8886,39,2,1
0,-1,-1,12.7939,0.1391,33,2,1
1,-2,-2,13.1224,0.0,52,2,3
0,2,2,11.9829,1.0531,46,1,3
0,0,0,13.039,0.1937,39,2,1
1,2,0,9.9035,0.9683,26,2,2
0,1,-1,12.7939,0.0,25,1,2
0,-1,-1,12.6115,0.0034,38,2,1
1,1,3,11.1563,0.4262,28,2,2
0,0,0,10.8198,0.5362,26,2,1
0,0,0,11.9184,0.7576,51,2,3
0,-1,-1,12.8739,0.004,42,1,2
0,0,0,12.5425,0.8982,37,1,1
0,0,0,10.8198,0.0675,28,2,3
1,1,-2,12.5425,0.0,38,2,1
0,1,-2,10.8198,0.0,41,2,2
0,0,0,10.8198,0.2637,32,1,1
0,-2,-2,11.9184,0.0,28,2,1
1,1,-1,11.6952,0.0,31,2,1
0,0,0,12.7939,0.0299,37,2,2
0,-1,0,9.9035,0.1505,33,1,2
0,0,0,10.8198,0.9759,46,2,3
1,1,2,9.9035,0.5204,23,2,1
1,0,0,11.4076,1.0052,35,1,2
0,0,0,12.3458,0.7689,35,1,2
0,-1,2,9.9035,0.8995,22,1,2
0,-2,-2,11.5129,0.4576,23,2,2
0,0,0,12.5062,0.7936,26,1,2
0,-1,-1,11.9829,0.0087,28,1,2
0,0,0,11.2898,0.584,29,2,2
1,2,0,9.2103,0.7554,24,1,1
0,-2,-2,13.1224,0.0227,27,2,2
0,-1,-1,11.4076,0.1793,43,2,1
0,-2,-2,11.9184,0.0738,59,2,3
0,0,-1,10.8198,0.0504,49,1,3
0,0,0,12.4684,0.772,48,1,3
0,-2,-1,10.8198,0.0167,22,2,2
1,-1,2,10.309,0.0397,28,1,1
0,2,2,11.1563,0.6657,26,1,2
1,1,-2,12.7939,0.0,52,1,1
0,-2,-1,12.9715,0.0016,39,2,1
0,-1,0,10.8198,0.0258,23,2,2
0,0,0,11.9184,0.1512,26,2,5
1,1,2,11.1563,0.2494,23,2,2
0,0,0,11.9184,0.2829,25,2,1
0,0,0,11.6082,0.128,38,1,3
1,-1,0,9.9035,0.1764,38,2,1
0,0,0,9.9035,0.3912,39,1,3
0,-2,-2,10.8198,0.2296,31,1,1
0,0,0,9.2103,0.8417,33,1,1
0,0,0,9.9035,0.7852,24,1,2
1,1,-2,12.1007,0.8287,34,1,2
1,0,0,11.0021,1.0099,26,2,2
1,1,2,9.9035,0.3442,30,1,1
0,0,0,11.1563,1.0158,25,2,1
0,0,0,11.0021,0.8066,38,2,2
0,-2,-2,12.2061,0.0167,28,1,1
1,1,-2,12.2061,-0.0086,34,1,1
0,-1,-1,12.6115,0.0105,37,2,1
0,-1,-1,12.8739,0.0333,34,1,1
0,0,0,11.2898,0.9046,23,2,2
0,-1,-1,11.5129,0.1266,25,2,1
0,1,2,12.3458,0.93,30,1,3
0,1,-2,10.5966,0.0,49,2,3
0,0,0,12.1007,0.1851,25,2,2
0,0,0,12.948,0.0545,28,1,2
0,0,0,9.9035,0.1473,59,1,2
0,-1,0,12.7367,0.0989,31,2,2
1,2,2,9.9035,0.4658,25,2,1
0,0,0,12.6761,0.0996,52,1,3
0,-2,-2,12.7939,0.0,39,1,1
0,0,0,11.5129,0.3333,29,2,1
0,-2,-2,12.6443,0.0,36,2,1
0,0,0,11.8494,0.2558,24,2,2
0,1,2,12.2061,0.495,33,1,2
1,-1,-1,10.309,0.0581,28,2,2
0,0,0,11.7753,1.0162,25,2,3
0,0,0,9.9035,0.8548,44,2,3
0,0,0,11.6952,0.9708,57,2,5
0,-2,-2,12.1548,0.0422,32,2,1
0,0,0,10.8198,0.8744,26,2,2
0,0,0,11.7753,0.8277,27,2,5
1,0,0,12.3014,0.1279,48,2,2
0,0,0,12.2061,0.3521,29,2,2
0,0,0,10.8198,0.744,59,2,3
0,2,2,10.309,1.0318,26,2,2
0,1,-2,12.2061,0.0,33,2,2
1,2,-1,12.8992,0.0138,50,2,3
0,0,0,11.6952,0.9904,41,2,1
0,0,0,11.0021,0.7662,38,2,2
0,-1,-1,11.9184,0.0211,25,2,1
0,-2,-1,12.3884,0.0705,44,2,2
0,-1,-1,11.7753,0.0276,29,1,2
1,2,0,12.2061,0.4568,40,1,3
1,2,2,12.3884,0.0104,56,2,2
1,-1,-1,10.309,0.4962,22,2,1
0,0,0,10.8198,0.8867,26,2,2
0,2,0,10.309,0.4553,26,1,2
0,-2,-2,12.6443,0.0,33,1,1
1,2,2,11.6952,0.932,28,2,2
0,0,0,12.5776,0.0558,34,2,2
0,0,0,10.8198,0.9182,45,1,2
0,0,0,11.7753,0.6683,27,2,1
0,0,0,10.8198,0.9462,30,1,5
0,-1,-1,12.2549,0.0005,33,2,2
1,1,3,10.8198,0.0952,47,1,3
0,0,0,9.2103,0.616,40,2,2
0,0,0,9.2103,0.5757,22,1,3
1,2,2,11.2898,0.943,24,2,2
1,1,-2,12.7939,0.0,65,1,2
0,-2,-2,13.1806,0.0235,32,1,1
0,0,0,9.9035,1.0188,46,1,2
0,0,0,12.0436,0.7743,42,1,2
0,-1,-1,12.3014,0.0731,33,2,2
0,-1,-1,12.1007,0.0055,40,1,3
0,-1,-1,12.9945,0.012,37,2,1
1,2,0,9.9035,0.8935,62,1,2
1,1,-2,12.8992,0.0,39,2,2
0,0,0,11.7753,0.3448,27,1,2
0,0,0,12.948,0.4631,29,1,1
0,0,0,11.2898,0.9836,34,2,2
0,0,0,9.9035,0.9284,45,2,2
1,1,2,12.6761,0.2908,29,2,2
0,0,0,11.9829,0.1723,40,1,1
0,0,0,10.8198,0.9745,23,2,2
0,0,0,10.8198,0.2907,35,1,2
0,0,0,11.1563,1.0148,43,2,2
1,1,2,9.9035,0.9537,59,1,3
0,0,0,11.9829,0.9837,24,2,2
1,1,-2,11.7753,0.0,33,2,1
0,0,0,9.9035,0.8459,23,2,1
0,-2,-2,12.0436,0.1102,48,2,2
0,-1,-1,12.6115,0.0024,39,2,1
0,-1,-1,11.9829,0.0104,31,2,1
0,1,-2,11.6082,0.0,52,2,3
0,0,0,12.3458,0.4007,27,2,1
0,0,0,11.0021,0.6828,21,2,2
0,0,0,12.5425,0.5227,35,1,1
0,1,-2,12.1007,-0.0,47,2,1
1,2,2,10.309,0.4036,30,2,1
0,0,0,10.8198,0.9602,28,2,2
0,-1,2,12.5062,0.0031,41,2,2
1,-1,-1,11.2898,0.0293,24,2,2
1,2,0,11.6952,0.2143,31,1,1
0,-1,-1,11.6952,0.0024,53,1,3
0,0,0,10.309,0.9675,23,1,1
0,0,0,12.8479,0.1814,36,1,1
1,2,2,11.2898,1.0064,37,2,2
0,0,0,9.9035,0.8969,26,2,2
0,-1,0,11.9829,0.0184,34,1,3
1,-1,-1,12.3458,0.0362,26,2,2
1,2,0,12.8213,0.9038,39,1,2
0,1,2,10.309,0.9906,41,2,3
0,0,0,9.9035,1.0036,24,2,2
1,1,3,9.9035,0.8764,23,1,2
0,0,0,13.0605,0.1802,52,1,2
1,0,0,12.3014,0.1641,29,2,2
0,0,0,11.2898,0.9861,32,1,3
0,-2,-2,12.1007,0.0,33,2,2
0,0,0,11.5129,0.2411,39,2,2
0,0,0,9.2103,0.7888,21,2,2
0,-2,-2,12.5425,0.0088,51,2,2
1,2,2,11.6082,0.9773,31,2,1
0,0,0,12.2549,0.6432,27,2,1
0,0,-1,12.2061,0.0516,36,2,1
0,-1,-1,12.4684,0.0033,27,1,1
0,-2,-2,13.3047,-0.0,36,1,1
0,-2,-2,12.7068,0.0592,47,1,2
0,0,0,13.1224,0.5165,31,2,1
0,-1,-1,12.2061,0.0375,29,1,1
1,2,-1,12.2061,0.0365,36,1,2
0,-1,-1,12.2549,0.0255,27,2,2
0,-2,-2,13.1224,0.008,46,2,1
0,0,0,9.2103,0.4125,44,2,2
0,0,0,11.9829,0.2312,24,2,1
0,0,0,10.8198,1.0181,42,2,3
0,1,2,11.7753,1.0043,33,1,2
1,0,0,11.8494,0.986,28,2,1
0,0,0,11.2898,1.0394,45,2,2
1,-2,-2,13.1224,0.035,31,2,1
0,0,0,13.1224,0.2934,39,2,2
0,0,0,12.6761,0.0127,35,2,2
0,1,2,10.8198,0.9922,29,1,2
0,0,0,11.6952,0.0348,40,2,2
1,-2,-2,13.1224,0.0,59,1,1
0,-2,-1,12.5776,-0.0005,42,2,2
0,-1,-1,12.5425,0.0692,50,1,1
1,0,0,10.309,1.3077,41,2,3
1,1,2,11.2898,0.2626,31,1,1
0,0,0,10.8198,0.9627,24,1,2
0,1,2,9.2103,0.7826,24,1,3
1,-1,-1,13.2177,0.0766,49,1,1
0,0,-1,11.0021,0.2482,41,1,2
0,0,0,11.8494,0.0423,28,2,2
0,0,0,10.8198,0.9219,28,2,2
1,0,0,12.6115,0.9544,27,2,2
1,2,2,10.309,0.8945,29,2,3
1,1,-2,10.8198,0.0,25,2,2
1,2,2,12.4292,0.01,33,2,2
0,0,0,11.0021,0.9163,39,1,1
0,2,0,11.2898,0.7134,44,1,3
0,1,-2,13.0815,-0.0019,33,1,1
1,1,3,10.309,0.7724,44,1,2
0,0,0,9.2103,0.915,25,2,2
0,-2,-2,12.9239,0.0,41,2,1
0,0,0,11.5129,0.3822,33,1,1
0,0,0,12.2061,0.4229,41,1,3
0,0,0,12.8479,0.9558,48,2,2
0,0,0,11.5129,0.413,27,1,2
1,0,0,10.8198,0.753,27,2,3
1,0,0,11.7753,0.8247,28,2,2
0,0,0,11.6952,1.0981,34,1,2
0,0,0,11.9184,0.9278,42,2,2
0,-1,-1,12.6443,0.0064,39,2,1
0,-2,-2,11.6082,1.3636,51,2,2
1,0,0,12.948,0.9887,37,1,2
1,-1,-1,11.8494,0.0429,28,1,2
1,1,-2,13.1224,0.0,37,2,1
0,0,0,12.4684,0.9937,26,2,2
1,-1,-1,11.4076,0.0035,48,2,2
0,-1,0,11.4076,0.5364,41,2,2
0,-1,3,9.9035,0.4459,35,1,3
1,0,0,10.309,1.2041,36,1,2
0,0,0,11.8494,0.3275,36,2,2
0,0,0,12.7367,0.2358,32,2,2
0,-2,-2,11.6952,-0.0006,31,2,1
0,-1,0,12.948,0.0429,34,1,1
0,-2,-2,11.5129,0.0635,48,1,3
0,0,0,12.7657,0.3661,37,2,2
0,0,0,10.8198,0.9798,26,1,2
0,2,2,10.309,0.0012,28,2,1
0,-1,-1,12.7939,0.0049,29,2,1
0,-1,-1,9.9035,0.8716,23,2,3
0,0,0,12.8992,0.0075,38,2,2
0,0,0,12.0436,0.2379,45,1,3
1,1,2,11.6082,0.095,36,2,2
1,-1,-1,12.2061,0.002,37,2,2
0,-2,-2,12.2061,0.0327,32,2,1
0,-1,-1,12.7939,0.0143,29,1,1
0,-1,-1,13.1224,0.0039,37,1,1
0,0,0,9.9035,0.9231,22,1,2
0,3,2,12.5062,0.5578,32,1,3
1,1,2,9.9035,0.3268,44,1,2
0,-2,-2,12.7657,0.0,43,2,1
0,0,0,11.9184,0.7719,26,2,2
0,0,0,12.4684,0.3198,30,2,1
0,-1,-1,11.4076,0.0183,33,1,1
0,0,0,12.6443,0.5243,32,2,2
0,1,-1,12.2549,-0.0158,43,2,1
1,1,2,10.5966,0.2851,45,2,2
0,1,-2,11.2898,0.0,25,2,2
1,0,0,10.8198,0.1335,22,1,3
0,-1,-1,12.8213,0.0718,46,2,1
0,0,0,11.7753,0.8739,28,1,2
1,-2,-2,13.473,0.0073,40,2,2
0,1,-1,12.1007,0.0,24,2,3
0,0,0,11.2898,0.5344,30,2,2
0,0,0,13.2357,0.1218,32,2,1
0,0,0,12.0436,0.2802,26,2,1
0,-1,-1,10.309,0.2955,63,2,3
0,-1,-1,12.9715,0.0051,30,2,1
0,-1,-1,13.1224,0.0146,37,2,2
1,0,0,9.2103,0.7606,26,1,2
0,0,0,11.7753,0.0406,25,2,1
0,-2,-2,11.9829,0.0,50,2,2
1,1,2,11.9184,0.5906,33,1,1
0,-2,-2,12.7367,0.0978,43,2,2
0,0,0,12.2061,0.9207,37,2,2
0,0,0,11.7753,0.9675,37,1,2
0,0,0,12.6761,0.1559,30,2,3
0,2,0,10.8198,1.1104,54,1,3
0,-1,-1,12.7939,0.006,46,1,1
0,0,0,12.948,0.9728,29,2,2
0,1,2,11.6082,0.0267,30,1,1
0,0,0,11.2898,0.3374,35,1,2
1,0,0,11.0021,1.0047,43,2,3
0,0,0,11.0021,0.796,24,1,2
0,0,0,12.2549,0.8862,26,1,2
0,0,-1,12.7939,0.1169,46,2,1
0,0,0,9.9035,0.3056,48,1,2
0,1,-2,11.9184,-0.0058,42,2,1
0,-2,-2,12.6443,-0.0001,30,1,3
1,-1,-1,12.3884,0.0149,40,2,2
0,-1,-1,11.9829,0.0259,55,2,3
0,-1,2,12.3884,0.0077,40,2,1
0,0,0,9.9035,0.7338,22,1,1
1,-1,-1,12.1548,0.0021,55,1,1
0,1,-2,12.5425,-0.0,40,2,2
0,0,0,11.2898,0.0465,58,1,2
0,0,0,12.5776,0.5828,49,2,3
0,-1,-1,12.2061,0.0199,34,2,1
0,-2,-2,12.6761,0.0201,50,1,1
0,0,0,12.7657,0.0458,27,2,2
0,0,0,11.6082,0.3615,33,1,1
1,1,-2,12.6115,0.0,37,2,2
0,1,-1,13.1224,0.0014,44,2,1
0,-1,-1,11.6952,0.0042,35,2,1
0,0,0,11.2898,0.0644,31,2,3
1,0,0,12.2061,0.9944,33,2,2
1,-1,-1,11.9184,0.0103,26,2,1
0,0,0,11.9184,0.9672,40,2,1
0,1,-2,12.2549,0.0031,42,1,2
1,-1,-1,11.9184,0.0359,36,1,2
0,0,0,10.8198,0.781,26,2,1
0,0,0,11.2898,0.9942,33,1,2
0,0,0,10.8198,0.0504,34,1,2
0,2,0,9.9035,0.8696,50,2,2
0,0,0,10.8198,0.5503,37,1,2
0,1,2,10.8198,0.2899,29,1,1
1,1,2,12.5425,0.6746,46,1,2
0,0,0,12.3458,0.8608,51,1,2
1,0,0,12.3458,0.168,30,1,2
0,0,0,11.2898,0.7898,37,2,3
0,0,0,11.0021,0.2116,35,2,2
0,0,0,12.2061,0.9983,37,1,2
0,-1,-1,10.309,-0.0285,22,2,3
0,-1,-1,12.7367,0.0956,34,2,1
0,-1,-1,12.4292,0.0194,40,2,2
0,-1,-1,12.2061,0.0051,52,1,1
0,0,0,11.9184,0.9782,39,1,1
0,1,-2,11.5129,0.0,53,2,3
0,0,0,12.3014,0.5751,41,2,2
1,1,-2,11.8494,-0.0,32,1,1
1,-1,-1,10.5966,0.2593,28,1,1
0,0,0,12.2061,0.9254,30,2,2
0,0,0,13.1616,0.1171,35,2,1
0,0,0,10.309,0.5511,22,2,2
0,0,0,9.9035,0.8986,28,1,2
1,0,0,10.8198,0.2927,40,1,2
0,0,0,12.6115,0.4786,29,2,3
0,-1,-1,13.1224,0.0219,36,2,1
0,0,0,13.1022,0.4545,27,2,2
0,-1,-1,12.2061,0.0032,27,1,1
1,2,2,10.5966,0.4957,23,2,1
0,-1,-1,11.9184,0.025,28,2,1
1,0,0,10.8198,0.9662,29,1,1
0,0,0,11.5129,0.9967,27,1,2
1,2,2,10.8198,0.8992,42,2,3
0,-1,-1,11.7753,0.003,25,2,2
0,-1,-1,11.1563,0.0022,27,2,1
0,0,0,10.309,0.943,30,2,1
0,0,0,10.8198,0.6234,28,1,1
1,-1,-1,11.2898,0.0184,45,1,1
0,0,0,12.3014,0.3298,30,2,1
0,0,0,12.2061,1.0019,45,1,2
0,0,0,11.6952,0.0941,24,2,2
0,2,2,11.5129,0.985,25,2,2
0,1,-1,11.5129,0.0,59,2,3
0,0,0,10.8198,1.0005,23,2,1
0,-1,-1,12.3884,0.0092,37,1,2
0,0,-1,11.0021,0.0382,28,1,1
1,-2,-2,12.4684,0.0316,34,2,2
1,2,2,10.309,0.5881,56,2,3
0,0,0,12.9945,0.1237,40,2,3
0,0,0,12.7939,0.3674,30,2,2
1,-1,0,10.8198,0.1062,26,2,1
0,-1,-1,12.5062,0.0012,50,1,1
0,-1,0,11.9184,0.2039,27,2,1
0,-1,-1,12.2061,0.0418,26,1,3
0,0,0,10.8198,0.8902,36,2,2
0,-1,2,12.2549,0.0046,33,2,1
1,2,2,10.8198,0.9552,27,2,2
0,0,0,10.8198,0.3968,24,1,2
0,-2,-2,12.9945,0.0601,29,1,1
1,2,2,11.0021,0.7277,28,2,1
0,0,0,11.1563,0.086,41,2,2
0,0,0,12.5776,0.2468,25,2,2
0,-1,-1,11.8494,0.0035,29,1,2
0,0,0,12.6443,0.3574,33,2,2
0,1,-2,13.017,-0.0001,36,2,1
0,-1,-1,12.7939,0.0028,34,1,1
0,0,0,13.2177,0.6981,34,2,2
0,1,-2,12.1007,0.0,44,1,1
0,0,-1,11.8494,0.2476,37,1,2
0,0,0,10.8198,0.3419,33,1,1
0,-2,-2,12.2061,0.0,30,2,2
0,0,0,11.0021,0.9047,39,1,2
0,0,-1,11.8494,0.0231,28,1,1
0,0,0,11.1563,1.0042,42,1,2
0,1,2,9.9035,0.3986,50,2,2
0,0,0,11.5129,0.6896,24,2,2
0,1,-2,12.7939,0.0,33,1,1
0,-1,-1,11.5129,0.0044,24,2,3
0,-1,2,11.9829,0.1671,41,2,3
0,0,0,11.9829,1.0214,27,2,2
1,-1,0,11.7753,0.0023,26,1,2
0,0,0,11.5129,0.4892,40,2,3
1,0,0,11.4076,0.1772,35,1,1
0,2,0,11.2898,0.1077,23,1,2
1,5,6,12.3014,0.9838,28,2,2
1,-2,-2,12.4684,0.0227,39,2,1
1,2,2,10.309,0.8387,45,1,3
1,1,2,11.5129,0.0454,40,2,2
0,0,0,11.2898,0.6886,39,1,2
0,0,0,9.9035,0.2763,31,2,2
0,0,0,11.8494,0.1418,41,1,1
1,1,-2,10.309,0.0,25,2,1
0,0,0,11.4076,0.229,39,1,2
0,0,0,11.9184,0.397,23,2,2
0,0,0,12.4292,0.7652,28,1,3
1,1,2,9.9035,0.9956,37,2,2
0,0,0,10.8198,0.4183,28,1,2
1,3,2,11.5129,0.02,31,1,2
0,-1,-1,13.1224,0.0072,46,1,1
0,2,0,10.8198,0.9471,36,2,2
0,0,0,10.5966,0.8057,27,2,1
0,0,0,11.2898,0.9441,35,2,2
0,0,0,11.5129,0.4512,35,1,1
0,-2,-2,12.1007,0.006,29,1,1
0,0,0,11.4076,0.9693,53,2,3
0,-2,-2,9.2103,0.1082,23,2,2
0,-1,-1,12.2061,0.0008,33,2,1
1,2,2,11.2898,0.0929,57,1,3
1,2,2,11.4076,0.689,33,1,2
1,0,0,11.2898,0.3862,42,2,2
1,2,2,11.4076,1.3829,24,2,2
0,-1,-1,11.2898,0.0294,46,2,2
1,-1,-1,11.8494,0.0059,27,1,1
0,0,0,13.0815,0.83,39,1,2
0,1,2,12.3458,1.2033,39,1,1
1,-1,3,11.1563,0.0595,27,1,1
0,0,0,12.2061,0.6304,39,2,1
0,0,0,12.1007,0.3688,35,2,1
0,0,0,12.1548,0.9542,37,1,3
0,1,2,9.9035,0.9408,24,2,2
1,0,0,9.2103,0.768,24,1,1
0,0,0,11.2898,1.0142,45,2,1
0,2,2,11.0021,0.8928,28,1,3
0,-1,-1,13.1224,0.0083,37,2,1
1,-1,-1,10.8198,0.011,42,1,3
0,1,-1,12.7939,0.0,28,2,1
0,0,0,9.2103,0.7324,56,2,3
1,-1,-1,12.6115,0.0007,54,1,1
0,0,0,11.1563,0.1206,48,1,2
0,0,0,12.4292,0.1597,32,2,2
1,2,2,9.2103,0.3577,51,1,3
0,0,0,11.8494,0.1799,28,2,3
0,1,-2,11.5129,0.0,40,2,2
0,1,-2,11.6082,0.0,31,2,1
0,-1,-1,12.2549,0.0014,38,1,2
0,-2,-2,12.2549,0.0689,40,2,1
1,3,2,11.1563,0.7029,26,2,2
0,0,0,9.9035,0.7583,47,1,2
0,-2,-2,12.3014,0.0224,31,1,1
1,2,0,9.9035,0.9178,51,2,3
0,2,2,11.2898,0.7034,28,1,1
1,0,0,13.1224,1.0136,42,2,2
0,0,0,12.2549,0.9971,66,1,3
1,2,0,11.2898,0.9612,27,1,2
0,2,2,10.8198,0.8199,37,2,2
0,1,-1,12.3884,0.0,35,1,1
0,-2,-2,11.9184,0.0013,23,2,2
0,1,-2,12.2549,0.0,49,2,2
1,1,-2,12.7939,0.0,28,2,2
0,0,0,12.3458,0.3046,29,2,4
0,1,-1,13.1224,-0.0009,35,1,1
0,-1,0,11.9184,0.3368,34,2,2
1,1,2,10.309,0.9085,31,2,2
0,0,0,13.0605,0.1784,57,1,1
0,0,0,12.2061,0.1356,59,1,1
0,0,0,13.0605,0.4506,35,1,1
0,0,0,12.6443,0.1721,32,1,1
0,0,0,12.2549,0.9723,28,2,1
0,-1,-1,13.1224,0.0489,41,2,2
0,0,0,11.2898,0.9124,27,2,2
1,0,0,9.9035,0.5903,38,1,3
0,1,-1,11.9184,0.0247,32,1,3
0,0,0,12.8739,1.2203,39,1,3
0,0,0,9.2103,1.0208,29,1,1
0,-2,-2,12.8739,0.0367,46,2,3
1,-1,-1,12.2549,0.0019,41,1,3
1,-2,-2,12.7657,0.0469,33,2,1
0,-1,-1,11.9184,0.022,35,2,1
0,0,0,12.2549,0.2606,36,2,2
0,0,0,11.5129,0.1814,55,1,1
1,0,0,12.2549,1.0022,36,1,1
0,-1,-1,12.5776,0.1082,48,2,2
1,1,-1,12.7068,-0.0,50,1,2
0,0,0,10.8198,1.014,37,1,2
0,0,0,11.2898,0.5895,27,1,3
0,0,0,12.7367,0.1154,35,1,2
0,0,0,11.6952,0.3378,38,1,3
0,0,-1,10.309,0.1053,22,2,2
0,0,0,12.4684,0.0791,35,2,1
0,0,0,10.8198,0.9674,64,1,2
1,1,2,12.948,0.1735,25,2,3
0,0,0,11.7753,0.5537,28,2,2
0,0,0,12.5062,0.2318,30,2,2
0,0,0,10.8198,0.1323,30,1,3
1,0,0,9.9035,0.859,34,1,2
0,0,0,11.8494,0.9467,34,2,2
0,0,0,11.5129,1.0623,35,2,2
0,2,2,10.8198,0.5874,41,1,3
0,-1,0,13.1224,0.0544,37,1,1
0,0,0,11.2898,0.9813,35,1,2
1,-1,-1,12.3014,0.2344,34,2,2
0,2,0,10.309,0.9119,34,1,2
0,0,0,12.3884,0.674,26,1,2
0,-2,-2,12.3014,0.0491,41,1,3
0,-1,-1,12.6761,0.0201,32,1,2
0,0,0,12.3458,0.2291,36,2,2
0,-1,2,9.9035,0.039,44,1,3
0,0,0,12.5425,0.2953,34,2,2
0,0,0,11.6082,1.0108,44,1,2
0,0,0,12.1007,1.0347,26,2,2
0,0,0,11.5129,0.9397,51,1,3
0,0,0,11.2898,0.5414,37,1,2
0,-1,-1,12.4684,0.0049,30,2,3
0,2,2,11.6082,1.0135,25,2,2
0,0,0,11.9184,0.6934,31,2,2
0,-1,-1,12.1007,0.0849,35,2,2
0,0,0,12.3458,0.2328,28,2,2
0,0,0,13.1224,0.1476,27,2,1
0,0,0,12.6115,0.005,30,1,2
0,-1,-1,12.1007,0.0018,31,2,2
1,2,2,10.309,0.035,24,2,2
0,1,2,11.6082,0.0588,29,2,3
0,0,0,11.5129,0.3643,28,2,2
0,0,0,12.8739,0.9781,31,1,1
0,0,0,12.1007,0.1622,35,2,6
0,1,2,12.6115,0.0199,37,2,3
0,-1,-1,12.4684,0.0298,36,2,1
0,1,-2,12.7939,0.0,29,2,2
0,0,-1,11.2898,0.0064,26,2,2
1,-1,-1,11.5129,0.2627,26,2,1
1,2,2,9.9035,0.7164,47,1,3
0,-1,-1,12.2549,0.1288,33,2,1
0,0,0,9.2103,0.6991,25,2,2
0,-1,-1,11.9184,0.0024,26,1,1
0,-1,-1,12.7939,0.0011,37,1,3
0,0,0,11.2898,0.212,42,2,2
0,-1,-1,11.7753,0.1015,29,2,1
0,0,0,10.309,0.3311,36,1,1
1,2,0,12.9715,0.7738,30,2,2
0,0,0,9.9035,0.832,23,2,2
0,0,0,10.8198,1.0068,32,1,2
0,0,0,11.8494,0.9285,26,2,2
0,-1,-1,12.2061,0.0575,32,1,1
0,2,2,11.2898,0.8187,28,1,2
1,0,0,10.8198,0.2526,23,2,2
0,1,2,12.5425,1.0614,27,2,2
0,1,-2,13.473,0.0,51,1,2
0,1,-1,12.1007,0.0,29,1,1
0,-2,-2,13.1224,0.0242,39,1,1
1,1,-2,12.7939,0.0,33,1,2
0,-1,0,10.8198,0.4052,29,1,1
1,2,0,11.2898,0.7853,27,1,2
0,0,0,10.8198,0.8719,44,2,2
0,0,0,10.8198,0.2743,23,2,2
0,-1,2,11.9184,0.0102,33,1,1
1,1,-2,12.7939,0.0,28,1,2
0,0,0,10.8198,0.9909,32,2,2
0,0,0,10.8198,1.668,48,2,1
0,-2,-2,12.2061,0.0467,29,2,1
0,1,-1,11.2898,-0.0007,29,1,1
0,-1,-1,11.8494,0.0028,46,2,2
1,0,0,9.9035,0.7496,22,2,1
0,1,-2,11.2898,0.0,34,2,3
0,0,0,11.6082,0.9761,30,1,2
0,0,0,11.8494,1.0253,27,2,1
0,0,0,12.6115,0.1087,31,2,1
1,0,0,10.8198,0.9482,29,2,2
0,0,0,12.1007,0.4694,39,2,5
0,0,0,12.5776,0.7343,39,2,2
0,1,-2,11.0021,0.0,36,2,2
0,1,2,11.5129,0.1289,38,2,2
0,0,0,10.309,0.9955,41,1,2
0,2,2,12.3014,0.6852,27,2,3
0,-2,-2,12.3458,0.0,30,2,2
0,1,-2,10.309,0.0,29,2,1
0,0,-1,9.9035,0.0672,47,2,2
0,-1,-1,10.8198,0.0156,30,1,2
1,1,-2,11.2898,0.0,46,2,2
0,0,0,11.4076,0.2756,29,1,1
0,0,-1,11.2898,0.2478,31,1,1
1,2,0,10.8198,0.747,23,2,3
0,-2,-2,10.8198,0.1104,29,2,2
0,2,2,9.9035,0.9684,53,1,3
0,-1,-1,12.4292,0.0021,38,2,1
0,-1,-1,11.6952,0.0074,24,2,2
1,1,2,11.6082,1.0236,28,2,2
0,-1,-1,11.9829,0.0006,33,1,1
0,2,0,11.2898,1.0275,52,2,3
0,-2,-2,12.9239,0.1003,36,1,2
0,-1,-1,11.5129,0.2129,43,2,2
0,-1,-1,13.5278,0.0967,43,2,2
0,0,0,10.309,0.9851,47,1,2
0,1,2,11.2898,0.2384,33,1,2
0,-2,-2,12.9715,0.0238,31,2,1
0,0,0,13.0815,0.7294,44,1,1
1,1,-2,12.7939,0.0,29,2,3
0,0,0,11.9184,0.1761,37,2,1
0,0,0,11.7753,0.6878,28,1,1
0,1,2,10.5966,0.9403,47,1,2
1,-1,0,12.5425,0.0414,34,2,1
0,2,2,10.5966,0.8387,45,1,2
0,-2,-2,11.6952,0.0868,26,2,1
0,-1,-1,12.5776,0.0061,39,1,1
0,-1,-1,12.4292,0.0079,39,1,3
0,-1,-1,12.2061,0.0057,43,1,1
0,0,0,11.2898,1.0139,32,1,2
0,0,0,11.7753,0.1444,27,2,2
1,-1,0,12.5776,0.0049,37,2,2
0,-1,-1,12.1007,0.0056,29,2,1
0,-2,-2,12.7939,-0.0,31,2,1
0,-1,-1,11.8494,0.0023,37,2,2
0,-1,-1,12.7657,0.1656,41,2,1
0,-2,-2,12.4684,0.0,36,1,1
0,0,0,10.5966,0.4584,26,1,1
1,1,-2,12.1007,-0.0011,27,2,1
1,0,0,11.2898,0.2798,27,1,3
0,-1,-1,13.1224,0.0077,45,2,1
0,-2,-2,11.2898,0.5761,27,1,4
0,0,0,10.309,0.6992,57,1,3
0,1,-2,12.3014,0.0,37,2,2
0,0,0,11.1563,0.975,22,2,2
0,-1,-1,13.1422,0.0063,41,1,1
0,0,0,9.9035,0.9006,22,2,2
1,2,2,11.5129,0.4724,40,2,2
0,0,0,12.7367,0.9949,30,2,2
0,-2,-2,12.1007,0.0,29,2,1
0,1,-1,12.5776,0.0,38,2,0
0,0,0,11.2898,1.0072,53,1,2
0,-2,-1,12.5425,0.0063,42,1,1
0,-2,-2,12.1007,0.0,40,2,1
0,1,-2,11.8494,0.0,66,2,1
0,-1,-1,13.1224,0.2078,32,2,1
0,0,0,12.3458,0.6599,34,1,2
1,1,3,12.4292,0.0025,26,2,2
0,0,0,9.2103,0.5803,24,1,2
0,0,0,12.3458,0.9596,39,1,1
0,0,0,11.1563,0.9086,29,1,1
0,-2,-2,11.8494,0.0332,39,2,1
0,-1,-1,12.9715,0.023,48,2,1
1,-1,-1,11.6952,0.0017,28,2,1
0,0,0,9.9035,0.8327,25,2,2
0,0,0,10.309,0.975,32,1,1
1,7,6,11.2898,1.0134,43,1,3
0,0,0,12.8992,1.0123,39,2,1
0,1,-2,12.2061,0.0,37,2,1
0,-2,-1,10.309,0.09,23,1,5
0,1,2,10.8198,1.0094,46,2,2
1,-1,-1,12.4292,0.0048,46,1,1
1,-1,0,11.6952,0.0744,28,1,1
0,1,-1,11.2898,-0.0152,45,1,3
0,-2,-2,12.9715,0.0043,33,2,1
0,0,0,11.6952,0.6316,24,2,1
0,0,0,9.9035,1.0193,22,2,2
0,0,0,9.9035,3.0,32,2,2
0,-2,-2,11.2898,0.0,25,1,1
0,0,0,9.9035,0.3839,44,2,2
0,1,-2,11.8494,0.0,27,2,2
0,0,-1,9.2103,1.4896,22,2,2
0,-2,-2,12.3014,0.4524,34,2,3
0,-1,-1,11.0021,0.0047,48,1,1
0,1,2,11.2898,0.2715,59,1,3
1,0,0,10.309,0.9915,25,1,2
0,1,2,11.8494,0.9933,27,2,2
0,0,0,9.9035,0.2246,26,1,2
0,0,0,11.5129,0.9466,46,2,3
0,0,0,12.3014,0.7222,35,1,1
0,0,0,11.2898,0.3429,40,2,1
0,0,0,11.2898,0.9523,46,2,3
1,2,2,11.7753,0.5458,28,1,2
0,1,-2,12.6115,0.0,33,2,1
0,0,0,11.0021,0.9711,42,2,2
0,-1,-1,12.7939,0.0007,32,2,1
1,-1,-1,9.2103,0.0012,24,1,2
1,0,0,10.8198,0.6563,32,1,2
0,0,0,10.8198,0.8431,48,1,2
0,1,-2,12.2061,0.0,35,1,2
1,1,2,10.309,0.5055,24,2,2
0,0,0,12.3014,0.0146,42,1,1
0,-2,-2,12.2061,0.0298,41,2,1
1,1,4,11.2898,1.059,27,2,3
0,-2,-2,12.2061,0.0755,39,1,2
1,-1,2,12.3884,0.0027,34,2,1
0,-1,-1,13.1224,0.1452,28,2,2
0,-2,-2,12.3458,0.03,38,1,3
0,0,0,9.9035,0.5621,22,1,3
0,0,0,10.8198,0.8146,35,1,1
0,0,0,11.5129,0.0583,35,2,2
0,-2,-2,12.3458,0.0,37,2,2
0,0,0,11.0021,0.704,28,1,2
1,-1,2,11.6952,0.032,48,2,3
0,-1,0,11.7753,0.044,23,2,3
1,2,2,10.8198,0.6219,25,2,3
0,-1,-1,12.8992,0.035,30,2,1
1,-2,-2,12.3884,0.0183,27,2,2
0,0,0,11.1563,0.1418,53,1,3
0,0,0,9.9035,1.4379,22,2,1
1,2,2,10.8198,0.5626,28,1,3
0,0,0,12.3884,0.2516,54,2,1
0,0,0,12.8479,0.4396,31,1,1
0,0,0,10.8198,0.1044,24,1,2
0,0,0,10.8198,0.25,33,2,2
0,0,0,12.9715,0.0953,33,2,1
0,0,0,11.0021,0.382,26,2,1
0,0,0,10.309,0.1213,25,2,2
0,0,0,12.0436,1.005,48,1,3
0,0,0,11.1563,0.5826,29,2,1
0,-1,-1,11.7753,0.003,28,2,2
1,1,2,10.8198,0.985,50,1,1
1,1,-1,9.9035,0.0,38,2,3
1,-1,-1,10.8198,0.0212,48,1,3
0,2,0,9.9035,0.7022,28,1,3
0,-1,-1,11.6082,0.0183,32,2,2
0,0,0,11.4076,0.8495,24,2,2
0,0,0,12.1007,0.36,24,2,1
0,0,0,10.8198,0.8749,28,2,2
0,1,-2,12.2061,-0.0,36,1,2
1,2,2,9.9035,0.5668,32,2,1
0,0,0,10.8198,1.0334,44,1,1
1,0,0,12.0436,0.6706,39,2,2
0,0,0,12.8479,0.9378,48,1,1
1,1,2,10.309,0.0541,39,1,2
0,0,0,10.309,0.6531,23,2,2
0,-1,-1,11.9829,0.0252,36,1,3
1,2,0,11.0021,0.4928,39,2,3
0,2,-1,13.017,0.0036,31,2,1
1,-2,-2,11.2898,0.005,43,2,2
0,1,2,11.4076,0.2646,26,2,1
1,1,-2,10.309,0.0,33,1,2
1,2,0,10.8198,0.9777,25,1,2
0,2,2,10.309,0.8781,49,1,3
1,1,2,10.8198,0.6424,52,1,3
0,-1,-1,12.6761,0.0232,34,2,1
0,-1,-1,12.6115,0.0044,43,2,2
0,0,0,12.8739,0.2315,43,2,1
0,0,0,10.8198,0.9532,23,2,2
1,2,2,9.9035,0.0525,26,1,2
0,0,0,11.4076,0.9687,52,1,2
0,-1,-1,12.6115,0.0611,51,1,3
0,0,0,12.6115,0.1802,32,2,4
0,-1,-1,12.2061,0.027,34,1,1
0,0,0,10.8198,0.6743,24,1,2
1,-1,-1,9.9035,0.0195,24,1,2
0,-1,-1,12.8739,0.0778,35,1,1
0,0,0,11.1563,0.9981,41,1,2
0,0,0,12.6115,0.5291,43,1,3
0,0,0,11.8494,0.994,50,2,3
0,-1,0,12.2061,0.4891,37,2,1
0,-1,-1,11.2898,0.0268,28,2,3
0,0,0,11.2898,1.0031,45,2,3
0,-1,-1,12.0436,0.0072,36,2,1
0,0,0,10.8198,1.0037,29,2,1
0,0,0,11.5129,0.8261,27,1,2
0,0,-1,10.309,0.0641,22,2,2
0,0,0,10.309,0.8768,49,2,6
0,-2,-1,12.6761,0.2282,36,2,2
1,0,0,11.1563,0.593,25,2,2
0,0,0,10.8198,0.9877,24,2,2
0,0,0,11.7753,0.5279,48,1,3
1,1,2,10.8198,0.179,27,2,2
0,0,0,10.8198,0.323,33,1,2
0,0,0,10.8198,0.0499,30,1,2
0,1,2,11.9829,0.6429,30,1,3
0,-1,-1,13.017,0.0003,46,1,2
0,0,0,12.8479,0.2972,33,2,1
1,1,2,10.309,0.4172,29,2,1
0,0,0,10.8198,0.9506,24,1,2
1,-1,-1,12.3014,0.0035,30,1,2
1,-1,-1,10.8198,0.0078,32,2,2
0,1,-2,11.4076,0.0,27,2,1
0,0,0,11.2898,0.8462,26,1,2
0,-1,-1,12.8739,0.0108,44,1,1
0,0,0,11.8494,0.921,43,1,2
0,0,-1,12.7939,0.2817,32,2,2
1,2,0,10.8198,1.019,26,1,3
1,0,0,12.4684,0.9413,37,1,1
1,-1,-1,12.1007,0.0067,43,2,3
0,1,-2,12.7939,-0.0053,26,1,1
1,-1,-1,12.3458,0.0114,35,2,1
0,-1,-1,11.7753,0.1027,25,1,1
0,0,0,9.9035,0.8888,42,2,3
0,-2,-2,12.2061,-0.0007,41,2,3
0,0,0,12.3014,0.4557,35,2,2
0,0,0,9.9035,0.4113,25,1,1
0,0,0,9.9035,0.8848,24,1,2
1,0,0,12.3884,0.9492,40,2,3
0,-1,-1,13.0815,0.0305,50,2,1
0,0,0,10.8198,0.521,29,2,2
0,0,0,11.5129,0.376,40,1,2
1,0,0,11.6952,0.878,34,2,1
0,0,0,12.3458,0.4522,27,2,1
0,0,0,9.9035,0.8424,32,1,2
0,0,0,10.8198,0.5028,27,1,2
0,2,2,11.7753,0.8787,32,2,1
0,-2,-2,11.9184,0.0116,38,2,1
0,1,2,11.0021,0.6876,30,2,1
0,0,0,12.4684,0.1386,44,1,2
0,0,0,13.1224,0.0608,40,1,2
0,0,0,12.5062,0.2771,34,2,2
1,1,-1,12.9239,0.0,34,2,1
0,2,-1,11.0021,0.0412,29,2,2
0,-1,-1,12.2061,0.0013,31,2,1
0,-1,-1,10.8198,0.0156,45,1,3
1,-2,-2,13.1224,-0.0001,35,2,1
0,-2,-2,11.9184,0.0022,35,2,1
0,1,-2,12.0436,0.0,44,1,3
0,0,0,10.8198,1.0292,25,2,2
0,-1,-1,11.7753,0.0081,42,1,2
0,2,2,11.6952,1.0187,30,1,3
0,0,0,11.1563,0.1316,28,1,1
0,-1,-1,12.6761,0.0109,44,2,2
0,0,0,11.6082,0.7241,37,2,2
0,0,0,12.948,0.0823,30,2,1
0,-1,-1,12.3884,0.0752,49,2,2
0,0,0,12.8479,0.1858,33,1,1
0,0,0,9.9035,0.8678,22,2,2
1,0,0,10.8198,0.7108,42,2,1
0,-1,2,9.9035,0.039,23,1,3
0,0,0,9.9035,0.833,31,2,2
0,0,0,12.3884,0.9901,28,2,1
1,1,-2,12.7367,-0.0,57,2,2
1,2,2,11.4076,0.2019,23,2,2
0,0,0,10.8198,0.6255,56,2,2
0,0,0,12.2549,0.6524,33,2,2
0,0,0,11.0021,0.7388,25,2,2
0,0,0,10.8198,0.2458,53,1,2
0,1,-1,10.8198,0.0,26,2,1
0,0,0,11.4076,0.2428,26,2,2
0,-2,-2,12.4292,0.015,31,1,1
1,2,0,12.5776,0.8807,47,1,3
0,-1,-1,12.3884,0.0358,35,1,2
0,-1,-1,12.7939,0.0038,29,1,1
0,0,0,12.7367,0.0352,36,1,1
0,0,0,12.5776,0.2582,48,2,1
0,2,0,10.8198,0.9738,25,2,2
0,-1,-1,12.6443,0.0017,41,2,2
0,0,0,9.2103,0.9358,22,1,2
0,0,0,12.4684,0.6988,31,2,1
1,0,0,12.1007,0.3983,26,2,3
0,-1,-1,9.9035,0.0048,26,1,3
0,-2,-2,12.7939,0.0067,28,2,1
0,0,0,11.2898,0.8203,30,2,1
0,0,0,13.017,0.0238,44,2,2
1,0,0,10.309,1.0063,22,2,2
0,0,0,13.1224,0.053,39,1,1
0,0,0,12.2549,0.6988,34,2,1
0,-1,-1,12.6115,0.0036,64,1,3
1,0,0,11.5129,0.9094,52,1,4
1,1,2,12.3884,0.5754,47,1,1
0,0,0,10.8198,0.6024,56,2,2
1,3,2,9.9035,0.8855,22,1,2
1,0,0,11.6082,0.0171,23,2,2
0,-1,-1,12.2061,0.0494,43,1,1
0,1,-1,12.3014,-0.0005,33,1,3
1,0,0,10.8198,0.1957,43,2,2
0,0,0,11.0021,0.6695,26,1,2
1,2,2,9.9035,0.4868,23,2,1
1,-1,-1,12.0436,0.0143,39,1,2
0,2,-1,10.309,0.0677,29,2,1
1,-1,-1,11.9829,0.0111,29,2,1
1,0,0,12.2061,0.9995,35,1,1
0,0,0,11.6952,0.6761,25,1,3
0,0,-1,12.3458,0.0561,38,2,1
0,-1,-1,9.9035,0.5332,42,2,3
1,2,2,9.2103,0.105,46,1,3
0,1,-2,11.5129,0.0,24,2,3
0,1,-2,11.7753,0.0,24,2,2
0,0,0,10.8198,1.8296,47,1,2
0,0,0,11.8494,0.6617,31,2,3
0,0,0,10.8198,0.9573,49,1,2
0,-2,-2,12.7939,0.0089,29,1,1
1,4,3,9.9035,0.9764,22,2,2
0,0,0,11.6082,0.973,33,2,2
1,5,4,11.5129,0.9082,33,1,2
0,0,0,12.4684,0.9868,39,2,1
0,0,0,10.8198,0.935,23,2,1
1,1,-2,12.7939,0.0,39,2,2
1,2,2,10.309,0.9299,27,2,2
0,0,0,10.8198,0.996,23,1,2
0,-2,-2,12.5062,0.0,31,2,2
0,-2,-2,12.4292,0.0199,44,2,1
0,-2,-1,12.4292,0.021,48,1,1
0,1,-2,11.6952,0.0,24,2,2
0,-1,0,12.4292,0.177,36,2,3
0,-1,-1,12.4684,0.0049,29,2,2
0,2,0,12.3884,0.9778,39,1,2
0,0,0,11.0021,0.3037,27,2,2
1,-1,-1,12.4292,0.0013,40,2,1
0,0,0,11.5129,0.9854,26,2,2
0,1,-1,11.9184,0.0,35,2,1
0,0,0,12.0436,0.972,45,2,1
0,0,0,13.473,0.0403,32,2,1
0,0,0,9.9035,0.331,50,1,2
0,0,0,12.7939,0.2317,36,2,2
1,1,-2,11.9184,0.0,60,2,3
0,-1,-1,11.9184,0.0208,49,2,3
0,0,0,10.8198,0.1511,58,1,3
0,2,2,11.8494,0.8734,38,2,3
0,1,-2,12.4292,-0.0,42,1,1
0,0,0,9.9035,0.5712,36,1,2
0,-2,-2,12.7939,0.0065,42,2,2
1,-1,-1,11.9829,0.0171,34,2,2
0,0,0,12.1007,0.1512,30,2,2
0,0,0,10.8198,0.5714,23,1,2
0,0,0,10.8198,0.3967,45,1,2
1,2,2,12.3014,0.0865,60,2,1
1,0,0,11.9184,0.5094,39,1,2
0,-1,-1,11.9829,0.0104,40,1,2
0,-1,-1,11.9829,0.0066,30,2,3
0,0,0,12.2061,0.3685,29,2,2
0,0,0,12.1548,0.0289,32,1,1
1,0,0,10.8198,0.9489,32,2,2
0,-1,-1,10.8198,0.0078,24,1,2
0,0,0,11.8494,0.6314,35,2,2
0,0,0,11.0021,0.8144,26,2,2
0,0,0,9.2103,0.8283,24,2,3
0,1,-1,12.8992,-0.0033,28,1,1
0,0,0,13.1224,0.761,44,2,1
0,-1,-1,12.6761,0.1391,24,2,2
0,-1,-1,12.3884,0.0088,50,1,1
0,0,0,11.6082,1.1667,44,2,3
1,1,-2,12.3884,0.0,29,1,1
1,2,2,10.8198,0.5282,31,2,3
0,2,-1,11.5129,0.0022,46,2,3
0,-1,-1,10.8198,0.5009,25,1,1
1,-1,0,10.8198,0.5087,24,1,3
1,-2,-1,10.8198,0.0208,43,1,2
0,0,0,11.9184,0.421,30,2,2
0,-2,-2,12.2061,0.0208,37,2,2
0,0,0,11.2898,0.5904,28,2,2
0,-1,-1,12.7939,0.0332,35,1,1
0,0,0,11.6952,0.324,49,1,2
0,0,0,12.3458,0.3085,28,1,1
1,0,0,11.0021,0.9053,34,2,2
0,1,2,11.4076,0.1061,37,1,2
1,3,2,10.8198,0.9949,29,1,2
0,-1,-1,12.3884,0.0044,31,1,2
0,-1,-1,12.3458,0.0302,42,2,2
0,0,0,11.2898,0.3,23,2,1
0,-1,-1,12.8992,0.0082,28,2,1
0,0,0,11.6952,0.9815,45,1,1
0,1,-1,12.4292,0.0,39,1,1
0,1,2,10.309,0.9949,24,2,1
0,0,0,11.9184,1.0137,54,2,1
0,2,2,12.6443,0.671,37,1,3
0,0,0,11.9184,0.9039,34,1,2
0,0,0,11.2898,0.138,29,2,1
1,1,-2,12.2061,0.0,37,2,1
0,0,0,10.8198,0.7033,24,1,2
1,0,0,12.1548,1.1762,23,1,2
0,2,0,10.8198,0.6155,33,1,2
1,1,2,11.5129,0.2438,31,1,2
0,0,0,11.9184,0.9651,33,1,1
0,0,0,11.2898,0.2408,43,1,2
0,1,-2,12.2061,0.0037,30,1,2
0,0,0,11.6952,0.9725,46,2,3
1,2,0,11.0021,1.0182,49,2,2
0,-1,-1,13.017,0.3209,51,2,6
1,-1,-1,11.6952,0.0074,32,1,1
0,-2,-2,11.7753,0.0,43,1,2
1,-1,-1,12.3884,0.0224,36,2,1
0,0,0,11.4076,0.1242,26,2,2
1,2,0,12.2549,0.0356,25,1,2
0,-1,-1,11.4076,0.0089,23,2,2
0,-2,-2,12.948,0.0043,40,2,1
1,0,0,12.5776,0.6338,63,1,1
0,0,0,12.8739,0.1104,29,1,1
0,-2,-2,12.3458,0.0021,32,1,1
0,0,0,11.4076,0.153,29,2,2
0,1,-2,12.5425,0.0,45,2,2
0,-2,-2,12.5425,0.0774,28,2,1
0,-2,-1,10.309,0.0,25,2,3
0,-1,0,9.9035,0.9298,38,1,2
0,-1,-1,12.1007,0.2027,43,2,1
1,0,0,11.1563,0.102,26,2,3
0,-1,-1,12.3458,0.0087,34,2,2
0,0,0,10.8198,0.3401,36,1,2
0,-1,-1,12.4292,0.0429,47,1,2
0,0,0,11.8494,0.7804,47,1,1
0,0,0,11.8494,0.3115,41,2,2
0,-1,-1,11.7753,0.0084,25,2,1
0,-2,-2,11.6952,0.6158,40,2,2
1,1,2,11.0021,0.7366,43,2,2
0,0,0,11.2898,0.9673,32,2,3
0,-1,-1,12.3884,0.0184,41,2,1
1,0,0,10.8198,0.9345,32,1,3
0,-2,-2,12.5062,0.0448,33,2,1
0,-1,-1,12.0436,0.0173,52,2,1
1,0,0,10.8198,0.8492,51,1,2
0,0,0,12.3458,0.5367,29,2,5
0,-2,-1,12.8739,0.0129,26,2,1
1,0,0,12.2061,0.7598,39,2,2
0,0,0,13.1224,0.3494,27,2,2
1,3,2,10.309,0.473,25,2,1
0,-1,-1,13.017,0.0681,33,2,1
0,0,0,10.8198,0.2203,25,1,2
0,0,0,10.8198,0.963,26,2,1
0,0,0,12.3014,0.5241,48,1,1
0,0,0,10.309,0.9988,33,2,2
0,3,2,10.8198,0.6908,42,2,3
0,0,0,10.8198,0.9694,31,1,2
1,2,0,10.309,0.9503,24,2,2
1,-1,-1,12.2061,0.0033,42,2,1
1,1,2,10.8198,0.8649,46,2,2
0,0,0,11.2898,0.5974,26,2,2
1,3,2,9.9035,0.5068,26,1,3
0,0,0,11.1563,0.9812,44,2,2
0,0,0,11.7753,0.1209,44,1,3
0,0,0,12.2061,0.9646,34,1,3
0,-2,-2,12.6761,0.0354,34,2,1
0,0,0,12.0436,0.3634,27,2,1
0,-1,-1,12.5425,0.0305,30,2,1
0,0,0,9.2103,0.8014,34,2,2
0,1,2,12.2061,1.0222,35,1,1
0,0,0,11.1563,0.9043,27,1,2
0,0,0,12.3458,0.8897,45,2,1
0,-1,-1,11.9184,0.0053,40,2,1
0,0,0,12.6761,0.2979,29,2,1
0,4,4,10.8198,0.7181,25,1,1
1,1,2,12.2061,0.0133,44,2,2
1,-1,-1,12.2061,0.0016,39,1,2
0,-1,-1,11.9829,0.014,29,2,2
0,0,0,12.8479,0.0048,42,1,1
1,0,0,10.8198,0.2317,51,1,2
0,-2,-2,13.1224,0.0177,51,2,2
0,0,0,11.9184,0.2587,34,1,3
1,0,0,11.4076,0.6255,33,1,2
1,0,0,11.0021,0.4113,46,1,2
0,-1,-1,11.8494,0.0964,27,1,1
0,-1,-1,12.3014,0.0621,40,2,1
0,0,0,13.017,0.5825,41,1,3
0,0,0,12.2061,1.0258,48,1,2
1,0,0,11.8494,0.2214,34,2,1
1,0,0,12.5776,0.0228,46,2,1
0,0,0,12.4684,0.3357,34,1,1
0,0,0,11.0021,1.0169,27,2,1
0,-1,-1,12.5425,0.0455,31,1,1
0,0,0,12.6443,0.2244,40,2,3
0,0,0,11.2898,0.0828,50,2,3
0,0,-1,11.9184,0.4936,33,2,1
0,0,0,11.2898,0.6163,28,1,2
1,-1,-1,13.0815,0.0025,45,2,2
0,1,2,12.7657,0.0674,34,2,2
0,1,-2,12.3458,0.0,30,1,1
0,0,0,12.1007,0.6062,46,1,3
1,0,0,10.8198,1.0153,32,1,2
1,1,2,12.6443,0.8601,43,2,2
0,0,0,9.2103,0.6859,41,1,1
0,0,0,12.5425,0.0353,25,1,1
1,0,0,10.8198,1.0111,52,1,2
1,2,0,10.8198,0.2146,51,2,2
0,1,3,9.2103,0.8352,22,2,1
0,0,0,12.5776,1.0154,43,1,1
0,1,-2,12.3884,0.0,33,1,1
1,1,2,11.5129,0.4801,26,2,2
0,-1,-1,11.9829,0.1348,25,2,2
0,0,0,12.3458,0.7407,46,1,2
0,-2,-2,12.3458,0.0,46,2,2
0,1,-1,12.6115,0.0,41,2,3
0,0,0,13.1224,0.423,32,1,3
0,-1,0,12.2061,0.0056,29,1,1
0,0,0,12.2549,0.5982,44,2,1
0,-1,-1,10.8198,0.0075,23,2,2
0,0,0,11.7753,0.8659,25,1,2
0,-1,-1,11.4076,0.028,37,2,2
0,-1,-1,11.2898,0.0698,36,2,3
0,2,2,10.309,0.3577,23,1,3
0,1,-2,13.0815,0.0,30,2,2
0,0,0,11.2898,0.6759,41,2,3
0,0,0,11.4076,0.402,24,2,2
0,1,2,11.1563,0.4706,31,1,2
0,0,0,10.8198,0.1092,31,1,3
0,0,0,11.6082,0.6642,39,2,3
0,0,0,11.6952,0.84,30,1,2
0,-2,-2,12.1007,0.0127,24,1,2
1,1,2,10.8198,0.8032,33,1,2
0,-1,-1,11.9184,0.0171,29,2,1
0,1,-2,12.7367,0.0,30,2,1
0,0,0,12.6115,1.1708,33,2,2
1,-1,0,11.9184,0.8211,36,2,1
0,2,0,10.309,2.3236,38,1,1
0,0,0,10.8198,0.9519,52,1,2
1,-1,2,11.5129,0.0221,42,1,1
0,-1,-1,12.5062,0.0006,35,2,2
1,-1,-1,12.6761,0.0102,43,1,1
0,-1,-1,11.9829,0.0077,26,1,2
0,0,0,12.6115,0.0352,26,2,1
1,0,0,10.309,0.0758,49,2,2
0,-2,-2,12.5776,-0.0,41,1,3
0,-2,-1,12.1007,0.0006,49,2,2
0,-2,-2,11.9184,1.0244,57,1,1
0,-1,0,11.0021,0.9063,30,2,2
0,-2,-2,12.4684,0.0249,33,2,1
1,0,0,11.9184,0.958,32,1,2
0,0,0,12.3458,0.9323,55,1,3
0,1,-2,12.4292,0.0,29,2,1
0,0,0,11.1563,0.0276,29,2,2
1,-1,-1,12.7939,0.0055,44,1,3
0,-1,-1,12.2061,0.0294,34,1,1
0,0,0,10.309,0.9284,30,2,1
0,-1,-1,9.9035,0.0736,30,1,2
0,0,0,11.2898,0.7324,66,1,3
0,-2,-2,12.4684,-0.0001,32,2,1
0,0,0,12.2549,0.3083,35,2,2
0,0,0,10.8198,0.7043,35,1,3
0,0,0,11.8494,0.4752,26,1,1
0,2,2,11.4076,0.5408,42,1,3
0,0,0,9.9035,1.7826,31,1,2
0,-1,-1,12.7939,0.0005,44,1,1
0,-1,-1,13.2708,0.0353,57,2,2
0,0,0,12.1007,0.1638,39,1,2
0,0,0,11.0021,1.0093,51,1,2
0,0,0,11.0021,0.6639,25,2,2
0,0,0,10.8198,1.0199,30,1,2
0,-1,-1,11.5129,0.002,39,2,2
0,0,0,12.8479,0.3713,46,1,1
0,-1,-1,12.6443,0.001,37,2,1
1,1,2,10.8198,0.5746,37,1,2
0,0,0,9.9035,0.8064,33,1,2
0,0,0,10.309,0.9095,50,2,2
1,1,2,10.8198,0.6563,32,2,2
1,1,2,10.309,0.3344,52,2,3
0,0,0,13.1022,1.0156,42,1,1
0,-1,0,13.1224,0.4371,34,2,1
0,0,-1,11.2898,0.1646,27,1,3
0,0,0,12.2061,1.0258,33,1,2
0,0,0,12.7939,0.5698,29,1,1
1,0,0,10.309,0.9831,39,1,2
0,0,0,12.0436,0.2713,36,2,1
0,0,0,9.2103,0.6703,21,1,2
0,1,-2,12.3458,0.0,52,2,2
1,-1,-1,12.2061,0.0021,49,1,1
0,0,0,11.9829,0.3818,35,2,1
1,2,0,12.5062,1.0206,34,1,2
0,0,0,11.2898,0.7225,28,1,2
1,-1,-1,12.7939,0.0032,29,2,1
0,0,0,11.8494,0.7987,27,2,2
0,0,0,11.2898,0.9574,43,2,3
0,0,0,12.2061,0.0085,25,2,1
0,-1,-1,11.2898,0.0049,25,2,1
0,0,0,12.8739,0.0739,35,1,1
1,-1,-1,11.2898,0.0127,31,2,2
1,0,0,11.2898,0.5103,44,2,3
1,1,2,9.9035,1.0818,31,1,2
0,0,0,10.309,0.9526,22,2,3
0,-1,-1,11.0021,0.0894,23,1,5
0,0,0,11.5129,0.5922,25,2,2
0,0,0,11.5129,0.8138,52,1,2
0,0,0,10.5966,1.732,48,2,3
0,-1,-1,11.6952,0.0026,30,2,1
0,0,0,9.9035,0.6342,56,2,3
0,0,0,12.6443,0.283,26,2,2
1,1,2,10.8198,0.3841,23,1,2
0,1,2,13.1224,0.019,49,1,2
0,0,0,12.5776,0.5241,40,1,3
0,0,0,10.309,0.6367,34,1,2
0,-1,-1,11.5129,0.0085,23,2,1
0,-1,-1,12.7939,0.023,31,2,1
1,-1,-1,9.9035,0.115,51,1,3
1,1,2,11.9184,0.7252,37,2,2
0,-1,-1,12.7939,0.0102,31,2,1
0,0,0,13.1022,0.0532,30,2,2
0,-1,-1,10.5966,0.2942,44,2,2
0,-1,-1,11.5129,0.0149,36,2,3
0,0,0,9.9035,0.7184,24,2,2
0,0,0,13.1224,0.0753,32,2,2
0,-2,-2,10.8198,0.9941,28,1,2
0,-1,-1,12.4684,0.0012,34,1,1
0,-1,-1,11.8494,0.0176,49,2,2
0,-1,-1,12.4684,0.0012,49,1,1
0,-1,-1,12.2061,0.0173,32,2,1
0,0,0,10.8198,0.9426,28,2,2
0,1,-1,12.2061,0.0,32,2,1
0,0,0,9.9035,0.3345,26,2,2
0,0,0,9.2103,0.405,24,1,3
0,0,0,10.309,0.9338,34,1,2
0,0,0,12.0436,0.434,40,2,3
0,0,0,10.8198,0.0882,45,2,3
1,-1,-1,12.948,0.0314,34,2,1
0,0,0,11.1563,0.1205,30,2,2
0,-1,-1,12.6115,0.0011,31,2,2
0,2,2,13.1224,1.0663,31,1,2
0,0,0,9.9035,0.7972,49,2,2
0,0,0,12.5425,0.575,30,2,1
0,-1,-1,11.9184,0.0026,41,1,1
0,-1,-1,12.1007,0.0061,35,1,2
0,0,0,10.8198,1.008,25,1,1
0,1,-2,11.9184,0.0,24,2,2
0,1,4,10.309,0.8129,26,1,2
0,-2,-2,12.4292,-0.0008,37,1,1
0,0,0,12.6115,0.1256,39,2,3
0,0,0,11.2898,1.3836,30,1,2
0,0,0,10.8198,1.0004,58,2,3
0,-1,-1,11.6952,0.0027,36,1,3
1,8,7,12.7068,1.1448,39,2,2
0,0,0,11.8494,0.7647,30,2,2
0,3,2,11.9184,0.0215,50,2,2
0,-1,-1,12.7068,0.0096,57,1,1
0,2,2,12.8479,0.8479,34,2,1
0,0,0,10.8198,0.9251,32,1,2
0,0,0,11.6952,0.8712,26,2,1
0,0,0,11.9184,0.9014,37,2,2
0,0,0,11.7753,0.9817,38,2,2
0,0,0,11.9829,0.4912,27,2,2
0,-1,-1,10.309,0.0357,44,2,3
0,1,-2,12.8213,0.0,33,1,2
0,-1,-1,12.1007,0.0028,51,2,1
0,2,2,10.8198,0.9716,54,1,2
1,-1,-1,12.0436,0.0019,34,2,1
1,0,0,11.0021,0.5789,25,2,2
0,-1,-1,9.9035,0.6968,34,1,2
1,1,2,9.9035,0.8166,23,1,2
0,0,0,10.8198,0.7085,25,2,1
0,0,0,11.9184,0.0379,52,2,3
0,0,0,12.0436,0.9815,34,2,2
0,0,0,10.309,0.9287,43,2,2
1,1,-2,10.8198,0.0,25,2,1
0,-1,-1,11.5129,0.0042,25,1,2
0,-1,-1,13.1224,0.2156,53,1,1
0,-1,-1,12.1007,0.0018,35,1,1
0,-2,-2,12.5425,0.0023,33,1,1
0,-1,-1,10.8198,0.03,27,2,2
0,0,0,12.7939,0.9398,49,2,2
0,-1,-1,12.0436,0.0386,44,1,1
1,4,3,11.4076,0.6971,36,1,2
0,0,0,10.8198,0.9954,25,2,2
1,-1,-1,9.9035,0.0312,24,1,1
0,0,0,12.3014,0.4992,34,2,2
0,-1,-1,12.2061,0.0101,25,2,4
0,0,0,11.1563,0.9521,29,2,1
1,0,0,12.8992,0.4529,28,2,1
0,-1,-1,11.4076,0.1111,36,2,1
1,4,4,10.8198,1.026,54,2,3
1,1,2,11.0021,1.1552,31,1,3
0,1,-2,10.8198,0.0,47,2,3
1,1,2,11.5129,0.2151,52,1,1
1,2,2,12.1007,0.5278,34,2,2
0,1,-2,12.2549,0.0,42,2,1
0,-1,-1,12.9715,0.0085,35,2,1
0,-1,-1,9.9035,0.1234,41,2,2
1,0,0,10.5966,3.0,51,2,2
0,-2,-2,12.1007,0.0682,27,2,1
0,-1,0,11.8494,0.094,28,2,1
0,0,0,10.309,0.9537,45,2,3
0,0,0,12.2549,0.4869,36,1,1
1,8,7,11.4076,1.2518,35,1,2
0,0,0,11.9829,0.3187,29,2,1
0,1,-1,11.7753,-0.0015,27,2,2
1,0,0,9.2103,0.866,21,2,2
0,0,0,12.0436,0.8432,39,1,2
0,0,0,9.9035,0.788,29,1,2
0,0,0,10.8198,0.7648,29,2,1
0,-2,-2,12.7939,0.0476,59,1,1
0,-1,-1,10.8198,0.0283,23,2,1
0,-1,-1,11.2898,0.0049,25,2,1
0,-1,-1,11.9829,0.0332,32,1,1
0,0,0,12.8479,0.4559,37,1,1
0,0,0,12.3014,0.1532,32,2,1
0,-2,-2,10.8198,0.0,54,1,3
0,0,0,11.8494,0.6808,50,2,2
0,2,0,12.5062,0.2088,48,1,1
0,0,0,10.8198,1.0242,26,1,2
1,1,2,11.5129,0.5311,25,2,2
0,-1,-1,12.7939,0.0272,28,1,2
0,0,0,9.9035,0.9796,39,1,2
0,0,0,10.8198,1.018,27,1,2
0,1,2,12.7939,1.0052,46,2,2
0,1,-1,9.9035,-0.0002,50,2,2
0,0,0,11.5129,0.7054,42,1,3
0,0,0,11.2898,0.9602,27,1,1
0,0,0,11.8494,0.978,39,1,3
0,0,0,12.8739,0.1652,28,2,1
0,-1,-1,12.7657,0.0009,39,1,1
0,-1,-1,12.0436,0.0023,48,1,2
0,1,-1,12.5062,0.9816,37,2,3
0,0,0,13.039,0.0952,42,2,3
0,-2,-2,12.2061,0.0197,37,2,3
0,-1,-1,13.017,0.0002,28,2,1
0,-1,-1,12.3884,0.0009,47,1,1
0,-2,-2,12.4684,0.0057,29,2,1
0,0,0,11.6082,0.2195,34,2,2
0,0,0,10.8198,0.7687,51,1,2
0,1,2,12.4292,1.041,49,2,3
1,-1,-1,12.8479,0.0103,41,1,1
0,0,0,11.6082,0.38,28,2,2
0,0,-1,12.2061,0.1341,44,2,1
0,-1,-1,13.1224,0.0208,41,2,1
0,0,0,12.4684,0.2696,35,2,2
0,0,0,12.5062,0.2246,38,2,2
0,0,0,11.9184,0.103,29,1,2
0,3,3,10.309,0.9223,42,2,3
0,0,-1,12.5776,0.9966,46,2,1
0,-1,-1,12.2061,0.0016,30,1,2
0,-2,-2,12.2549,0.0026,35,2,1
0,1,-2,11.5129,0.0,49,2,2
0,0,0,10.8198,0.9078,45,2,2
0,0,-1,12.2549,0.1301,56,2,3
0,-2,-2,12.3884,-0.0379,44,1,2
0,0,0,11.8494,0.241,25,2,2
0,0,0,10.8198,0.7125,49,1,2
1,1,-2,12.7939,0.0,27,2,1
0,0,0,12.1007,0.4721,47,1,2
0,8,7,11.5129,1.1007,36,1,2
0,0,0,11.4076,0.0624,29,2,2
0,-2,-2,11.4076,0.0138,37,2,1
0,2,2,11.4076,1.0067,52,1,2
1,-2,-2,10.309,0.026,25,1,3
0,0,0,12.6115,0.1661,29,1,2
0,0,0,9.9035,0.942,36,1,3
1,0,0,10.309,0.278,25,2,1
0,0,0,10.8198,0.2563,27,2,1
0,-1,-1,10.8198,0.0238,45,1,3
1,0,0,10.309,0.2893,22,2,1
0,1,2,11.0021,0.7877,28,2,1
1,1,-2,12.2061,0.0,25,2,1
0,-1,0,13.017,0.0018,39,2,2
0,0,0,11.8494,0.9261,32,2,2
0,0,0,11.6952,0.9371,47,2,2
0,0,0,12.5062,0.0263,45,2,2
1,0,0,11.7753,0.852,46,1,1
0,0,0,10.8198,0.1967,27,1,2
0,-1,-1,12.3014,0.0919,52,2,2
0,0,0,10.8198,0.5688,26,1,2
0,2,0,9.9035,0.9798,36,1,2
0,0,0,11.6082,0.9586,54,1,3
0,0,0,11.1563,1.0717,36,2,1
0,0,0,12.8479,1.0021,38,2,3
0,-2,-1,11.9829,0.0176,26,1,4
0,2,2,11.1563,0.6815,35,1,3
0,-1,-1,11.4076,0.2095,29,2,2
1,0,0,11.7753,0.8165,52,1,3
0,1,-1,12.3884,-0.0,26,2,1
0,2,2,11.6952,0.5625,32,1,3
0,0,0,12.3884,0.7846,44,2,1
0,0,0,12.6115,0.2077,45,1,1
0,0,0,11.5129,0.267,40,2,2
0,-2,-2,12.2061,0.0305,25,2,1
0,0,0,10.8198,0.7865,39,1,2
0,1,-2,11.5129,-0.0017,40,2,1
0,-1,-1,13.1224,0.1671,39,1,1
0,0,0,9.9035,0.9531,50,1,5
0,-1,-1,12.5425,0.0062,39,2,1
0,0,0,11.9829,0.9453,23,2,1
0,0,0,10.309,0.8862,21,1,2
0,0,0,10.8198,0.4082,45,1,1
0,-1,-1,9.9035,0.1904,24,1,1
0,0,0,11.8494,0.3635,32,1,1
0,0,0,11.7753,0.692,27,1,3
0,0,0,11.5129,0.1353,23,2,2
0,0,0,11.5129,0.861,25,1,2
1,2,2,10.8198,0.6595,26,1,2
0,1,-2,12.7939,0.0,31,1,1
1,1,2,9.2103,0.5674,42,1,3
0,0,0,10.8198,0.9668,65,1,3
0,2,0,9.2103,0.0223,24,1,2
1,1,-2,12.2549,-0.0,38,1,1
0,-1,-1,12.6761,0.0216,31,1,2
0,0,0,11.1563,0.5705,23,2,2
1,0,0,11.9829,0.3273,24,2,2
1,0,0,12.1007,0.0251,36,1,2
1,1,2,11.1563,1.0224,27,2,2
0,-1,-1,12.5425,0.0049,30,2,2
0,1,-2,10.5966,0.0,29,1,1
0,2,2,10.8198,0.6677,51,2,3
0,0,0,11.2898,0.9412,25,2,5
1,5,4,10.309,1.0918,42,1,3
0,-1,-1,9.9035,0.0375,24,2,2
0,2,2,11.7753,0.9183,42,2,2
0,-1,-1,9.2103,0.1261,25,1,2
0,0,0,11.1563,0.9834,25,2,1
0,0,0,12.5425,0.7575,34,1,1
0,0,0,12.6115,0.2206,34,1,1
1,0,0,10.8198,0.9475,40,2,2
0,0,0,12.3458,0.4945,29,1,2
0,0,0,11.2898,0.7921,39,2,2
1,-1,-1,10.8198,0.0078,38,1,1
0,0,0,13.0605,0.5898,40,2,2
0,0,0,12.2549,0.1593,39,1,2
0,-1,-1,12.2061,0.0007,32,2,1
0,0,0,10.8198,0.9913,46,1,2
0,2,0,12.6115,0.173,37,2,2
0,-1,-1,13.1224,0.0022,33,2,1
0,-2,-2,11.9184,0.3201,36,2,2
0,0,0,10.8198,0.2278,25,1,2
1,0,0,12.5062,0.5791,37,1,1
1,1,2,11.0021,0.8183,27,2,2
0,0,0,12.2061,0.8368,31,2,3
0,0,0,10.8198,0.6564,23,2,2
1,-2,-2,11.8494,0.114,31,2,1
0,0,0,11.6952,0.0438,25,2,2
0,0,0,9.9035,0.7138,29,1,2
0,-1,0,12.2549,0.1113,30,2,1
0,0,0,11.1563,0.8268,27,2,3
1,1,-2,12.3458,0.0,37,1,2
0,-1,-1,12.5062,0.0086,33,2,2
0,1,-2,9.9035,0.0,56,1,1
0,-1,-1,11.6952,0.0027,30,2,1
0,0,0,11.8494,0.0334,24,2,1
0,0,0,12.1007,0.8546,33,2,2
0,-1,-1,12.1548,0.0094,36,1,1
0,2,2,11.5129,0.8023,29,2,2
0,1,2,10.8198,0.8441,26,2,1
0,0,0,11.9184,0.9752,44,1,3
0,0,0,12.4292,1.0223,38,2,2
1,2,3,12.3014,0.8398,24,2,1
0,0,0,12.2061,0.2733,28,1,3
0,0,0,12.4292,0.1899,44,2,2
0,0,0,12.5425,0.7232,32,2,1
1,2,2,10.309,0.4531,64,1,3
0,0,0,11.2898,1.1133,29,2,2
0,0,0,12.8479,1.004,31,2,2
0,-2,-2,12.7657,0.0561,32,2,2
1,-1,2,11.9829,0.144,48,1,1
1,2,0,11.1563,0.9644,45,1,3
0,1,-2,11.9184,0.0,33,1,1
0,0,0,11.9829,0.2724,39,2,1
1,0,0,10.5966,0.6666,27,1,2
0,0,0,12.7657,0.7006,30,2,2
1,0,0,10.8198,1.0115,27,1,3
0,0,0,12.3014,0.0202,38,2,1
0,-1,-1,12.2061,0.0333,26,2,1
0,-1,0,12.8739,0.0191,41,1,1
0,-2,-2,12.7068,0.0852,32,1,1
1,0,0,11.5129,1.0176,60,1,1
0,0,0,11.1563,1.9812,58,2,2
0,0,0,12.3884,0.5266,41,2,1
0,0,0,10.309,0.9092,23,1,2
1,2,2,10.309,0.5082,43,2,2
0,0,0,11.9829,1.0249,29,1,2
0,0,0,11.6952,0.1872,40,2,2
1,3,2,9.2103,0.5358,55,2,2
0,0,0,13.0605,0.1534,33,1,1
1,-1,-1,12.2061,0.0169,26,2,2
0,0,0,10.8198,0.1303,22,1,4
0,1,-1,11.4076,0.0,29,2,1
0,-1,-1,12.3014,0.0013,35,2,1
1,-1,2,10.5966,0.0163,23,2,2
1,1,2,12.2061,0.8854,50,1,3
0,0,0,11.6952,0.2761,43,1,2
1,-1,-1,12.2549,0.0042,43,1,1
0,-1,3,10.309,1.0392,22,2,2
1,2,2,11.6082,0.5167,54,1,2
0,0,0,12.5425,0.9962,35,1,2
0,1,-2,11.9184,0.0,31,2,1
0,0,0,9.9035,0.7618,49,1,3
0,0,0,11.2898,0.3728,25,1,2
1,2,0,10.8198,0.6021,43,1,2
0,0,0,12.0436,0.544,36,1,1
1,1,-1,12.2061,0.0,45,1,1
0,-1,-1,12.6115,0.0013,38,1,1
1,2,2,11.5129,0.175,46,1,2
0,1,2,11.2898,0.0679,28,1,1
1,0,0,10.309,0.9467,32,1,1
0,0,0,11.2898,0.3445,35,2,1
1,-1,-1,11.0021,0.0044,30,1,1
0,0,0,11.6082,0.86,24,2,2
1,1,2,9.2103,0.9841,46,2,2
0,0,0,12.5776,0.0758,32,2,3
0,0,0,10.309,0.9057,26,1,1
0,0,0,11.0021,0.9912,45,1,2
0,0,-1,11.9184,0.0269,49,1,3
0,-2,-2,13.5278,0.0218,40,2,3
0,0,0,10.309,0.3574,29,1,2
0,-1,-1,11.9829,0.0384,51,2,2
1,0,0,10.8198,1.0126,31,2,2
0,-1,-1,10.8198,0.0262,42,2,1
0,2,2,11.9829,0.4713,30,1,2
0,0,0,11.9184,1.0111,23,2,1
0,0,0,10.309,0.9092,42,2,2
0,0,0,12.7657,0.0564,35,1,1
0,0,0,9.9035,0.941,24,2,1
0,0,0,10.8198,0.9441,39,1,2
1,0,0,12.1007,0.0683,27,1,3
1,2,0,10.309,0.9715,23,1,3
0,0,0,11.5129,0.5512,52,1,2
0,1,2,9.9035,0.5946,24,1,2
0,0,0,11.2898,0.9215,29,1,1
0,0,0,11.9184,0.5966,43,1,2
0,-1,-1,12.3458,0.0033,30,2,1
0,0,0,10.8198,0.1094,25,1,1
0,-1,-1,12.2549,0.0189,39,2,1
0,0,0,10.8198,1.0452,41,1,2
0,0,-1,12.3884,0.0077,37,2,2
0,0,0,13.1224,0.5299,40,2,3
0,0,0,12.2549,0.0256,28,1,2
0,-2,-2,11.9829,0.0,40,2,2
1,1,-2,12.4292,0.0,48,2,1
0,0,0,13.1224,0.0412,46,2,1
1,1,2,11.5129,0.5912,35,1,2
0,0,0,9.9035,0.8192,26,2,2
0,0,0,10.309,0.4817,30,2,2
0,0,-1,10.8198,0.266,27,2,1
0,0,0,11.9829,0.6838,27,1,2
0,1,-1,10.8198,-0.196,28,1,3
1,-1,-1,11.4076,0.0374,25,2,3
0,0,0,9.9035,0.5724,28,1,2
0,0,0,10.8198,0.7029,44,1,1
0,1,2,12.3458,0.0495,39,2,3
0,3,2,11.9184,0.5074,31,1,2
0,0,0,10.8198,0.9744,45,1,1
0,-1,-1,12.5425,0.0975,36,2,1
0,0,0,13.1224,0.6316,37,2,1
0,-1,-1,11.4076,0.021,47,2,2
0,-1,0,12.7939,0.1795,29,1,1
0,0,0,11.8494,0.7048,50,1,2
0,-1,-1,11.8494,0.0378,44,1,1
1,1,-2,12.3458,0.0,44,2,1
0,0,0,10.8198,0.7807,25,2,2
0,-1,-1,11.7753,0.0116,50,2,2
1,0,0,12.7068,0.7382,44,2,1
0,-1,-1,12.2549,0.023,30,1,1
0,2,0,9.2103,0.492,27,2,1
0,0,0,10.8198,0.9864,54,2,2
0,0,0,11.5129,0.3924,46,2,1
0,0,0,11.1563,0.9395,26,2,3
0,0,0,10.8198,0.813,45,2,2
0,0,0,12.0436,0.1194,28,2,1
1,2,2,11.5129,0.4408,50,2,2
0,0,0,11.2898,0.7514,36,1,1
0,0,0,11.9184,0.5153,27,1,3
0,0,0,10.8198,0.5391,23,2,3
0,1,-2,11.2898,0.0,34,1,2
0,0,0,11.6952,0.6525,24,2,1
0,0,0,13.0605,0.3479,47,1,3
0,0,0,11.2898,0.2262,52,2,3
0,0,0,11.0021,0.7718,30,1,1
0,0,0,11.2898,0.9408,42,1,2
1,0,0,10.8198,0.511,57,1,2
1,0,0,13.1224,0.8076,43,1,1
0,0,0,11.6082,0.4521,26,1,2
0,0,0,11.2898,0.5096,44,2,2
1,2,2,10.8198,0.9731,27,1,2
1,4,3,12.8992,0.6972,44,2,1
0,0,0,11.4076,1.0083,29,2,1
0,0,0,11.9184,0.906,53,2,5
0,-1,-1,12.7939,0.0295,35,2,1
0,0,0,12.0436,0.9707,29,1,3
1,2,0,11.6082,0.9396,37,1,3
0,0,0,12.3014,1.0221,29,2,1
0,0,0,12.2061,0.994,36,2,2
0,-2,-2,13.1224,0.0,47,2,1
0,0,0,12.7367,0.9443,48,1,1
0,1,-2,12.1007,0.0,32,2,2
0,-1,-1,13.1022,0.006,44,1,1
0,0,0,11.0021,0.9358,26,2,2
0,-2,-2,12.4292,0.0109,30,1,1
1,2,0,9.9035,0.7998,30,2,2
0,1,2,12.0436,1.0062,39,1,3
1,2,2,11.9829,0.1039,37,2,3
0,-1,-1,11.2898,0.0209,25,2,1
0,-1,-1,12.8479,0.0215,36,2,1
1,0,0,11.1563,1.0176,33,2,3
0,0,0,11.2898,0.9755,29,1,1
0,0,0,12.8479,0.9729,58,1,2
0,0,-1,12.3458,0.0651,24,2,1
1,2,2,11.7753,1.0347,28,1,2
0,-1,-1,11.9829,0.0178,35,2,1
0,0,0,10.8198,0.8866,42,2,3
0,2,2,12.1007,0.5915,45,1,1
0,0,0,12.3014,0.343,31,2,2
1,1,-1,12.2061,0.0,41,2,3
1,2,2,13.1616,0.8383,41,1,3
1,0,0,10.309,0.4162,46,1,2
0,1,-2,11.9184,0.0,41,2,2
0,-1,-1,12.2549,0.0035,32,2,2
1,2,0,10.8198,0.8476,36,2,2
0,0,0,9.9035,0.8922,37,2,2
0,-1,-1,12.5776,0.0663,44,1,1
0,1,-1,10.8198,0.6076,32,2,2
0,0,0,11.7753,0.981,42,2,3
0,0,0,11.0021,0.9135,24,1,2
0,0,0,9.9035,0.5697,25,1,1
0,0,0,11.9829,0.7779,35,2,2
0,-1,-1,12.4292,0.0203,39,2,3
0,0,0,11.2898,0.241,38,1,3
0,0,0,11.0021,0.911,33,2,2
1,0,0,11.2898,0.1724,30,1,2
0,2,2,11.0021,1.0054,25,1,2
0,-1,-1,12.9239,0.0265,38,1,1
0,0,0,12.3884,0.0585,34,2,1
1,3,2,10.309,0.4595,46,1,3
0,0,0,12.2061,0.0418,31,2,2
0,1,2,12.1007,0.1995,46,2,2
0,-1,0,11.5129,0.8855,32,1,2
1,0,0,10.8198,1.0161,42,2,5
1,-1,-1,11.0021,0.0313,45,2,3
1,0,0,10.8198,0.116,26,2,1
0,-2,-1,12.3884,0.0025,34,2,1
0,0,0,12.3014,0.2179,29,2,1
0,-1,2,10.5966,0.0494,42,1,3
0,0,0,11.2898,0.8936,23,2,1
0,-1,-1,12.6761,0.0035,52,1,2
0,0,0,12.948,0.1064,43,1,2
0,-1,-1,13.1224,0.0567,48,1,2
0,0,0,12.5776,0.5012,24,2,2
0,0,0,12.1548,0.9569,45,1,1
1,2,0,11.5129,1.0133,33,1,1
0,1,-2,12.3458,0.0,26,2,2
0,1,3,10.8198,0.3921,36,1,2
0,0,0,12.2549,0.2239,43,1,2
1,1,-2,11.4076,0.0,24,2,2
0,0,0,13.0815,0.2156,56,1,3
0,1,-2,11.6952,-0.0001,41,1,1
0,1,2,11.9829,1.0173,28,1,2
0,1,2,11.6082,0.4242,27,1,2
0,1,-2,12.4684,-0.0001,60,2,2
0,-1,0,11.2898,0.0266,24,1,1
0,-1,-1,10.8198,0.0391,58,1,2
1,0,0,10.8198,0.7023,45,2,2
0,0,0,11.5129,0.7501,29,2,2
1,1,2,9.9035,0.4383,56,1,3
0,1,-1,12.4684,0.0,44,2,1
0,0,0,13.4298,0.2787,42,2,1
0,-1,-1,10.8198,0.0358,25,1,2
0,0,0,12.0436,0.6988,27,2,1
1,-1,-1,12.2549,0.0016,37,2,2
0,-2,-2,13.1224,0.0201,51,1,1
0,0,0,12.1007,0.1026,45,2,1
0,1,-1,12.7367,-0.0019,37,2,2
0,0,0,11.9829,1.0024,30,1,3
1,2,0,10.309,0.8949,22,2,2
0,0,0,12.3458,0.8954,44,2,2
0,2,0,10.309,0.9443,22,1,3
0,-1,-1,13.0815,0.1203,33,1,2
0,-1,-1,12.7939,0.0465,44,1,1
1,1,2,13.1224,0.1497,50,1,1
0,-1,-1,12.3014,0.0774,37,1,1
1,3,2,11.5129,0.8779,29,2,1
0,1,-2,12.2061,0.0,31,2,2
0,0,0,12.2061,0.9652,40,1,1
0,0,0,11.4076,1.0184,23,2,2
0,0,0,10.8198,0.5593,24,1,2
1,2,2,11.2898,0.5711,42,2,2
0,0,0,12.4684,0.0321,48,2,1
0,0,0,11.2898,0.7743,25,2,3
1,1,-2,9.9035,-0.0174,23,1,1
0,1,-1,10.8198,0.0,53,1,2
0,0,0,11.4076,1.0274,29,2,1
0,0,0,12.5776,1.2134,30,1,2
0,-2,-2,9.9035,0.946,30,2,3
0,1,-2,12.3458,0.0,36,2,1
0,1,-2,12.7939,0.0,34,2,2
1,0,0,10.8198,0.9666,40,1,2
0,-2,-2,11.2898,0.7403,36,1,2
1,0,0,11.5129,0.9755,56,2,2
0,0,0,12.8739,0.7356,28,2,1
0,2,0,11.6952,0.8939,52,1,2
0,1,3,9.9035,1.0486,35,2,2
1,2,2,11.9184,0.4232,24,2,2
1,0,-1,9.9035,0.8414,38,1,2
0,0,0,9.9035,0.8987,44,1,1
0,0,0,12.4292,0.3949,44,1,1
0,0,0,12.3458,0.0836,25,2,2
0,0,0,9.9035,1.0084,40,1,3
0,0,0,11.2898,0.2714,41,2,2
0,0,0,12.6443,0.1645,32,2,2
0,0,0,13.0815,0.9514,49,1,1
0,0,0,9.9035,0.8099,24,2,1
0,0,0,10.8198,0.929,22,1,3
1,6,5,12.1548,1.3418,35,1,2
0,0,0,10.8198,0.9057,41,1,2
1,2,2,10.8198,0.1656,29,2,2
0,0,0,10.8198,0.4524,38,1,2
0,-1,-1,12.6115,0.1368,45,2,2
0,0,0,11.0021,0.7041,33,1,2
0,1,-1,12.4684,-0.0046,28,1,1
0,1,-1,12.1548,-0.023,27,1,1
0,0,0,13.1224,0.83,53,1,3
0,0,0,12.6115,0.2023,31,2,1
1,0,0,10.8198,1.0133,43,1,2
1,-1,0,10.8198,0.5864,27,2,3
0,0,0,11.7753,0.189,42,2,2
0,-1,-1,11.2898,0.0076,38,1,1
0,0,0,10.8198,0.8966,37,1,2
0,0,0,10.8198,0.8004,31,2,2
0,0,0,11.6952,0.5903,27,2,1
0,-1,-1,12.3014,0.0146,33,2,1
0,0,0,10.8198,1.0301,35,2,1
0,0,0,11.4076,0.9806,29,2,1
0,-2,-2,12.7939,0.0,43,2,2
0,0,0,12.5425,0.0738,49,2,2
0,-2,-2,12.5062,0.0502,57,2,1
0,0,0,12.2061,0.8015,31,1,1
0,0,0,11.2898,1.0062,25,1,3
0,1,-2,11.0021,0.0,34,2,1
0,0,0,11.0021,0.9696,31,2,2
0,-1,0,11.4076,0.266,28,2,1
0,0,0,9.2103,0.7065,48,2,3
0,0,0,11.8494,0.6756,36,1,2
1,0,0,12.5425,0.6182,42,1,1
0,0,0,11.8494,0.866,24,2,2
0,0,0,11.6082,0.1269,52,1,3
0,0,0,11.6952,0.1874,26,2,3
0,0,0,11.7753,1.0127,39,2,2
0,0,0,12.5776,0.7747,48,1,2
0,0,0,11.2898,0.2758,33,1,2
1,2,2,10.8198,0.3001,22,2,2
0,-2,-2,13.017,0.0007,33,2,2
1,3,2,10.8198,0.6082,37,1,3
0,-2,-2,12.0436,0.907,27,2,1
0,0,0,12.2549,0.1856,30,1,2
0,2,0,10.309,0.7228,23,2,2
0,0,0,12.3458,0.2486,33,1,1
1,-1,-1,12.0436,0.0165,34,1,2
0,0,0,9.9035,0.8979,22,2,2
0,1,2,10.8198,0.9854,54,1,3
0,0,0,11.5129,0.6592,42,2,2
0,-1,-1,11.8494,0.0028,27,2,1
0,0,0,11.5129,0.9038,30,2,1
1,1,-1,11.9184,0.0,37,2,1
1,1,2,11.0021,0.4805,23,2,3
1,0,0,12.2061,0.9967,33,1,3
0,0,0,12.2061,0.0596,27,2,1
1,0,0,10.8198,0.9717,35,2,1
0,0,0,11.0021,0.8656,32,1,2
1,1,2,10.8198,0.913,32,2,3
0,0,0,11.8494,0.1619,55,2,2
0,0,0,13.3692,0.0869,41,2,1
1,2,2,12.2549,0.4176,41,1,2
0,0,0,11.0021,0.7293,27,2,2
1,3,2,11.2898,0.9048,32,2,2
1,-1,-1,12.5776,0.012,37,2,1
0,1,-2,11.9184,0.0,28,2,1
0,0,0,12.2061,0.4986,40,2,2
1,2,2,11.7753,0.0222,29,2,2
0,-2,-2,13.1022,0.0,34,1,2
1,-1,-1,12.2061,0.0488,40,1,2
0,-1,-1,12.2549,0.037,54,2,1
1,-1,-1,12.4684,0.0144,29,2,1
0,0,0,11.2898,0.603,42,1,2
0,0,0,10.8198,0.8335,53,1,3
0,0,0,12.2549,0.3697,30,2,2
0,-1,-1,12.2549,0.0039,52,2,2
0,1,2,10.5966,0.5014,41,2,3
0,0,0,11.6082,1.6764,33,2,2
0,0,0,10.8198,0.5055,49,1,1
0,-1,-1,11.2898,0.04,27,2,1
1,-1,-1,11.2898,0.0842,37,2,1
0,0,0,12.4292,0.3727,43,2,1
0,0,0,11.5129,0.753,27,2,1
1,2,2,10.8198,0.8641,29,1,2
1,2,2,11.9184,0.8053,32,2,1
1,0,0,11.1563,0.2504,30,1,2
0,-1,-1,11.9184,0.0017,29,1,1
0,-1,-1,12.7939,0.0041,31,2,1
0,0,0,11.4076,0.5763,29,1,2
0,0,0,11.9829,0.0377,28,2,2
0,0,0,11.1563,0.9695,36,2,2
0,0,0,12.7939,0.9051,33,2,2
0,-1,-1,12.948,0.0612,33,2,1
0,0,0,10.8198,0.9778,47,2,2
1,3,2,11.9829,0.6926,28,2,2
0,1,-1,11.5129,0.0,38,2,2
0,-1,-1,12.3884,0.0166,41,2,3
0,0,0,12.8739,0.252,42,2,1
0,0,0,11.2898,0.7229,37,2,2
1,0,0,12.7939,0.0712,29,2,1
0,-1,-1,12.2549,0.0162,34,2,2
1,1,-2,12.6761,0.0,28,2,1
0,0,0,9.9035,0.4306,50,2,3
1,2,2,12.1007,1.0383,27,2,2
0,0,0,13.1022,0.4201,50,1,2
0,0,0,10.309,0.8512,22,2,2
0,-1,-1,12.5776,0.0004,34,2,1
0,-2,-2,12.7367,0.0,46,2,2
0,-1,-1,10.5966,0.0055,43,2,2
0,-2,-2,10.8198,-0.0006,23,1,2
1,2,0,10.309,0.7109,30,1,2
0,2,-1,11.0021,0.0082,34,2,1
0,1,-2,12.1007,0.5125,29,1,5
0,-1,-1,11.9829,0.0024,57,1,3
0,1,2,12.0436,0.0531,33,1,1
0,2,0,10.8198,0.2533,42,1,2
0,0,0,10.8198,0.1712,45,1,2
0,-2,-2,12.7939,0.0,32,2,1
1,2,2,11.9829,0.8194,35,2,2
0,0,0,12.4684,0.4146,39,2,1
0,2,0,12.7657,0.0573,31,2,1
0,0,0,10.309,0.9125,26,2,2
0,1,2,12.1007,0.0956,27,2,2
0,-1,-1,12.3458,0.0053,30,2,1
0,1,-2,10.8198,0.0,29,2,1
1,2,0,12.8213,1.0163,38,1,2
0,0,0,10.309,0.8106,42,1,2
0,1,-1,12.5425,0.0,31,1,1
1,-1,-1,12.2549,0.0019,53,2,2
0,-1,-1,11.9184,0.0028,49,2,1
0,-1,-1,12.0436,0.0494,30,2,1
0,0,0,11.2898,0.9154,28,1,2
1,1,2,10.309,0.5536,29,2,2
0,0,0,10.8198,1.0209,38,1,2
0,0,0,11.8494,0.2749,24,2,2
0,2,2,10.309,0.8835,22,2,1
0,0,0,10.8198,0.8523,45,1,2
0,-1,-1,9.9035,0.0195,24,1,1
0,0,0,12.1007,0.0849,37,1,1
0,0,0,10.309,0.8265,46,1,2
0,0,0,12.2549,0.4385,26,1,2
0,0,0,10.309,0.6727,35,1,2
0,0,0,10.8198,0.409,31,2,2
0,-2,-2,12.5062,0.0036,31,2,1
0,0,0,11.1563,0.3276,25,2,2
0,-1,-1,11.6082,0.021,32,1,2
1,-1,-1,9.9035,0.1652,24,2,1
1,0,0,11.9184,0.9859,37,1,2
0,0,0,12.948,0.4186,59,1,1
0,-2,-2,9.9035,0.015,24,1,1
0,0,0,10.8198,1.0077,51,1,2
0,0,0,12.0436,1.1473,51,1,1
0,1,2,9.9035,1.2061,35,1,3
1,-1,-1,12.7939,0.0069,36,2,3
0,-1,2,12.5425,0.0311,34,2,1
0,-1,-1,12.7367,0.0025,35,1,1
1,0,0,12.1007,0.8921,46,1,1
1,-1,-1,12.5425,0.0315,33,1,1
1,0,0,11.0021,0.2476,27,1,1
1,2,0,11.9184,0.7795,56,1,1
0,0,0,12.6115,0.1168,24,2,1
0,0,0,12.2549,0.9535,34,2,1
0,0,0,10.8198,0.5576,29,1,1
0,-1,-1,11.8494,0.002,30,2,1
0,-1,0,12.1007,0.024,42,2,1
0,-1,0,12.8479,0.1062,44,1,3
0,0,0,9.2103,0.7418,22,2,2
0,0,0,10.8198,0.9196,45,1,3
1,0,0,10.8198,1.0037,22,2,2
0,-1,0,10.8198,0.1708,25,2,1
0,0,0,11.8494,0.0716,37,2,2
0,0,0,11.6082,0.994,36,1,2
0,-1,-1,12.4684,0.013,63,1,2
0,0,0,10.8198,0.9944,26,2,2
0,3,2,12.1007,0.0099,30,2,1
0,2,0,11.9184,0.3797,26,2,2
0,0,0,11.2898,0.4556,39,2,1
0,-2,-2,12.2549,0.0,31,2,1
0,-1,-1,12.6761,0.0234,44,1,1
0,0,0,11.5129,0.9269,36,2,2
0,0,0,11.5129,0.5271,35,2,1
0,0,0,10.8198,0.3255,24,1,1
1,-1,-1,12.3884,0.0112,43,1,3
0,1,-2,12.6115,0.0,33,2,1
1,0,0,12.2061,0.9961,30,2,1
0,0,0,12.5062,0.3212,31,2,1
1,2,2,11.9184,0.5025,26,2,1
0,-2,-2,12.4684,-0.0,29,2,2
0,0,0,10.8198,0.5248,24,2,2
1,1,2,11.7753,0.3966,32,2,2
0,0,0,11.2898,0.7222,28,2,1
0,0,0,9.9035,0.5888,32,1,1
0,0,0,12.9239,0.6016,50,2,2
1,2,2,11.2898,0.9632,36,1,2
0,-1,-1,11.9829,0.0127,58,2,3
0,-2,-2,13.1224,0.0319,40,2,1
0,0,0,9.9035,0.816,36,2,2
0,-1,-1,12.1007,0.0383,34,2,4
1,0,0,12.2061,0.9682,45,2,2
0,0,0,12.6443,0.7701,44,1,3
0,-1,-1,11.9829,0.0089,40,1,1
0,1,-2,12.0436,0.0,61,2,3
1,-1,-1,13.1224,0.0106,45,1,1
0,1,-1,11.8494,0.0,28,2,1
0,0,0,11.2898,0.5564,48,2,3
0,-1,0,12.948,0.0647,28,2,2
0,-2,-2,11.4076,0.0411,24,2,3
0,-2,-2,12.5425,0.0012,31,2,1
0,0,0,9.9035,0.5504,44,1,3
0,0,0,12.0436,0.3762,31,2,2
0,0,0,10.309,0.416,26,2,2
0,0,0,9.9035,0.816,26,1,3
1,-2,-2,12.5425,0.0156,49,2,1
0,1,2,10.309,1.7907,40,2,3
0,0,0,12.0436,0.0327,38,2,1
0,1,-1,12.5776,0.0,38,2,1
0,1,-2,12.5776,0.0,24,2,1
0,-1,-1,12.7939,0.0148,33,2,2
0,0,0,12.1548,0.4565,34,2,2
0,0,0,11.4076,0.7798,26,1,2
0,1,2,9.9035,0.8217,48,1,3
0,0,0,12.5776,0.5336,42,2,2
0,0,0,13.039,0.6452,38,2,1
0,-2,-1,12.3458,-0.0,26,2,1
0,-2,-2,12.0436,0.0019,37,1,2
0,-1,0,12.1007,0.0235,40,2,1
0,0,0,9.9035,0.9666,27,1,2
0,0,0,10.8198,0.9643,25,1,2
0,-2,-2,12.2061,0.0,30,1,1
0,-2,-2,11.2898,0.0,53,2,3
0,-1,0,12.8479,0.0129,53,1,1
1,-1,-1,13.1224,0.0233,40,1,1
1,2,2,12.0436,0.1588,49,1,2
0,0,0,9.9035,0.7302,23,2,1
0,0,0,12.6761,0.5026,32,2,2
1,0,0,10.8198,0.9613,23,2,1
0,0,0,12.8992,0.8428,45,1,2
0,-1,-1,12.6761,0.0012,33,2,1
0,0,0,12.2061,1.1017,28,1,1
1,0,-1,9.9035,0.369,28,1,1
1,1,-2,12.3458,0.0,42,2,3
1,-1,-1,11.7753,0.0022,29,2,1
1,0,0,12.6443,0.8793,28,1,1
0,0,0,10.8198,0.4977,58,2,3
0,0,0,11.4076,0.9613,45,1,3
0,0,0,12.4684,0.2171,42,2,3
0,0,0,12.5062,0.2912,36,1,1
0,0,0,12.2549,0.2513,30,2,1
0,0,0,12.3014,0.5801,52,2,2
1,2,2,11.2898,0.9023,30,1,2
0,0,0,10.8198,0.7241,61,2,3
0,0,0,9.9035,2.2814,39,2,2
0,0,0,9.9035,0.5984,23,2,1
0,-1,0,11.5129,0.1666,25,2,1
0,0,0,12.6761,0.2348,32,1,2
0,1,-2,12.2061,0.0,31,2,2
0,-1,-1,11.2898,0.0029,25,2,1
1,2,2,11.6952,0.5345,34,2,2
0,0,0,9.9035,0.9598,43,1,2
0,-1,-1,12.2061,0.0506,35,2,1
0,-1,-1,11.8494,0.005,24,2,2
1,2,0,10.8198,0.551,52,1,2
0,1,2,11.0021,1.0252,25,1,2
0,0,0,10.8198,0.9422,30,1,2
0,0,0,12.2061,0.9487,33,2,2
1,0,0,9.9035,0.802,53,1,2
0,1,-2,12.2061,0.0,32,2,1
0,-2,-1,12.7657,0.0305,49,2,3
1,0,0,10.8198,0.4166,40,2,3
1,-1,2,11.6952,0.0411,44,1,2
0,-1,-1,11.9184,0.0269,35,1,2
0,-1,-1,12.1007,0.0614,48,2,2
1,1,-2,11.6952,0.0,27,2,2
0,0,0,11.7753,0.9708,55,2,1
0,-2,-2,11.2898,0.0909,41,2,2
0,0,0,12.8739,0.0189,49,2,2
1,1,2,10.8198,0.4365,27,2,1
0,1,2,10.8198,0.5172,31,1,2
1,-1,-1,12.6761,0.01,29,2,2
1,2,0,10.8198,0.3692,48,2,2
0,2,2,12.2061,0.8582,43,2,2
1,1,2,10.309,0.4495,59,1,3
0,-2,-2,12.5776,0.0026,36,2,2
0,0,-1,10.8198,0.0793,57,2,3
0,-1,-1,10.8198,0.012,52,2,2
1,2,2,11.8494,0.9577,45,1,3
1,0,0,10.8198,0.3188,43,1,2
0,0,0,11.2898,0.0516,23,2,2
0,0,0,10.8198,0.6058,31,2,1
0,-2,-2,12.5425,0.0636,28,2,2
0,0,0,11.2898,0.4655,53,2,2
0,0,0,11.0021,1.0388,29,2,2
0,-1,0,12.7939,0.0038,26,2,1
0,0,0,13.1616,0.0341,32,1,2
1,1,-2,12.2549,0.0,43,2,2
0,0,-1,12.7939,0.0331,26,1,1
0,0,0,11.5129,0.9978,27,1,1
1,2,0,10.8198,0.9528,45,2,3
0,0,0,12.5425,0.4557,31,2,2
0,0,0,11.6952,0.1629,26,1,1
1,2,2,10.8198,0.9146,29,1,1
0,-2,-2,12.7939,0.0059,48,2,1
1,-1,-1,11.8494,0.0335,35,2,2
0,1,-2,11.7753,0.0,25,1,1
0,-2,-2,12.3884,0.0383,33,2,1
0,0,0,11.1563,0.8646,40,2,3
0,0,0,11.2898,0.3527,45,1,2
0,0,0,9.9035,0.8981,35,2,5
1,0,0,12.1007,0.9571,29,2,2
0,0,0,11.2898,0.7971,25,1,2
0,0,0,12.6115,0.028,39,2,2
0,0,0,11.1563,0.8962,31,1,2
1,1,-2,12.1007,0.0,30,2,1
0,0,0,11.9184,0.5848,33,1,2
1,2,2,10.309,0.8479,36,2,3
0,0,0,12.1007,0.7266,24,2,1
0,5,4,9.9035,1.0882,31,1,2
0,2,2,10.309,0.6834,29,1,2
1,-2,-2,13.1224,0.0,38,1,1
0,0,0,12.5776,0.2139,29,2,1
0,0,0,13.1224,0.365,47,2,2
0,-1,0,11.9184,0.4601,37,1,2
1,-1,2,12.2061,0.0022,37,1,1
0,0,0,10.8198,0.4164,23,2,2
1,1,-2,12.1007,-0.0001,47,2,1
0,1,-1,11.9184,-0.0001,40,2,1
1,1,-1,12.2549,0.0,34,2,2
0,2,2,10.309,0.0942,23,2,5
0,-1,-1,12.7939,0.0084,51,1,3
0,1,2,11.0021,0.3702,38,2,2
0,-1,-1,12.3458,0.0089,25,2,2
0,0,0,12.4684,0.0135,39,1,3
0,-1,-1,12.2549,0.0407,34,2,2
0,-1,-1,12.2061,0.0218,42,2,1
0,0,0,9.9035,0.8218,37,1,2
0,2,0,10.309,0.9344,53,1,3
1,2,2,12.1007,0.409,32,2,1
1,2,0,10.8198,0.8487,28,1,2
0,0,0,12.2061,0.731,43,1,3
0,0,0,11.8494,0.1174,27,2,1
0,-1,-1,12.4292,0.0187,42,2,1
0,0,0,12.2061,1.0111,43,1,1
0,0,0,11.2898,0.5625,30,2,1
0,0,0,11.0021,1.0442,48,2,3
0,-1,2,12.7939,0.0022,29,2,1
1,-1,-1,10.8198,0.0613,23,1,1
0,1,-2,12.3884,-0.0001,36,2,3
1,-1,-1,12.7068,0.04,30,2,2
1,1,2,10.8198,0.275,25,2,2
1,1,2,11.6082,0.0648,33,1,3
1,1,-2,10.309,0.0,29,1,3
1,1,2,9.9035,0.2783,36,1,2
1,0,0,9.9035,0.668,43,1,1
0,0,0,11.9829,0.8551,31,1,1
0,0,0,11.2898,0.9881,24,1,2
0,-1,-1,12.1007,0.0448,47,2,1
0,-1,-1,11.2898,0.0049,27,1,2
0,0,-1,11.9184,0.0319,30,1,1
1,0,0,11.7753,0.6301,29,1,1
0,-1,-1,12.3884,0.0197,32,1,3
0,-1,0,12.8992,0.0035,28,2,1
0,-1,-1,13.1224,0.0207,32,1,2
1,0,0,9.9035,0.9262,22,1,1
0,-1,-1,12.3884,0.0019,35,1,1
1,2,2,11.6082,0.7801,26,2,2
0,0,0,11.2898,0.7047,26,2,2
0,-2,-2,10.8198,0.0805,58,1,3
0,-1,-1,12.7068,0.0256,37,1,1
0,0,0,12.2061,0.9372,40,1,3
0,-1,-1,12.3458,0.0478,32,2,5
1,0,0,11.8494,0.202,26,2,2
0,1,-2,12.7939,-0.0002,34,1,2
1,2,2,11.1563,0.418,46,1,3
0,1,-2,12.7939,-0.0007,40,2,2
0,1,-2,12.4684,0.0,27,2,1
0,-1,0,11.2898,0.9515,29,2,3
0,-1,-1,12.1007,0.0556,48,2,2
0,-1,-1,12.1548,0.0344,30,2,1
1,2,2,12.1548,0.3659,50,1,1
0,0,0,12.4684,0.9977,39,1,1
1,0,0,12.2061,1.1682,27,1,2
1,0,0,12.7367,0.959,47,2,1
0,-1,-1,12.2061,0.0026,47,2,2
0,-1,-1,11.9184,0.0896,36,2,1
0,0,0,11.5129,0.9996,40,1,2
1,0,0,11.5129,0.8759,45,2,2
0,-1,-1,12.2061,0.0697,34,2,5
0,0,0,12.3458,0.1669,39,1,1
0,-2,-2,12.2061,-0.0,40,1,1
0,2,2,11.8494,0.8127,28,1,1
0,0,0,10.309,0.8977,24,1,2
0,1,-2,11.5129,0.0,30,2,2
1,-1,-1,10.8198,0.0078,41,1,2
0,-1,-1,12.7068,0.0125,41,2,1
1,2,0,13.1224,0.3945,36,2,1
0,-2,-1,13.1224,0.0091,31,2,2
0,0,0,10.8198,0.9521,28,2,2
0,0,0,10.8198,0.3352,25,2,1
0,0,0,10.8198,0.9594,42,2,2
0,0,0,9.9035,0.8424,51,1,2
0,1,2,11.1563,0.9907,24,2,3
1,0,0,11.0021,0.9241,34,2,1
0,0,0,12.3458,0.9506,36,1,1
0,2,2,11.0021,0.3776,58,1,3
0,-1,-1,12.7068,0.04,43,1,2
0,-1,-1,13.1224,0.0043,35,2,1
0,-2,-2,10.309,0.0,45,2,3
0,0,0,11.9829,0.3288,53,2,1
0,0,0,11.6082,0.9926,40,1,2
0,0,0,10.8198,0.6143,35,2,1
0,-1,-1,10.8198,0.0112,43,2,2
1,1,-2,9.9035,0.0,25,1,1
0,2,2,10.8198,0.9873,23,1,2
0,1,-2,12.2549,0.0,28,1,1
0,-2,-2,13.1224,0.0007,30,2,2
0,0,0,12.6761,0.0936,50,1,3
0,0,-1,12.7657,0.0309,32,2,1
0,0,0,10.8198,0.9111,27,1,3
0,0,0,10.8198,0.2149,34,2,2
1,2,0,9.9035,0.9038,33,2,2
1,0,0,11.2898,0.9714,47,2,2
0,0,0,12.0436,0.9958,35,1,1
1,0,0,10.8198,0.9786,24,2,2
0,0,0,12.8992,0.0914,49,1,3
1,2,2,11.4076,0.9741,48,2,2
0,2,2,10.8198,1.0052,22,1,2
0,0,0,11.0021,0.9616,24,2,1
0,0,0,10.8198,0.416,50,2,2
0,0,0,12.4292,0.856,45,2,1
1,-1,-1,12.6761,0.0109,53,2,3
0,0,0,12.4684,0.0584,27,2,1
0,0,0,9.9035,0.9551,24,1,2
0,0,0,10.8198,0.3719,25,1,1
0,1,2,10.8198,0.5855,35,1,2
0,3,2,10.8198,0.7887,35,1,1
0,-1,-1,11.9184,0.0487,27,2,1
1,1,3,9.9035,1.0502,21,2,2
1,2,2,12.1548,0.9024,39,2,1
0,-1,2,12.4292,0.0215,46,1,1
0,0,0,12.8479,0.1404,32,1,1
0,0,0,12.7068,0.7753,28,2,2
0,0,0,10.8198,0.9172,31,2,2
0,0,0,11.8494,0.2951,31,2,1
1,1,2,9.9035,0.2532,50,2,2
0,0,0,11.1563,0.767,28,2,1
0,0,0,11.9829,1.0053,31,2,1
0,-2,-2,12.3884,0.0257,34,2,2
0,-2,-2,12.6115,0.0103,27,2,1
0,0,0,11.1563,0.3501,28,1,2
1,0,0,10.309,0.3897,28,2,2
0,0,0,12.8739,0.0564,32,2,1
0,0,0,9.9035,0.3345,40,2,2
0,0,0,12.7068,0.7104,44,2,1
0,-2,-2,12.948,0.0105,29,2,1
0,-1,-1,12.2061,0.0016,63,1,1
1,0,0,11.1563,0.8823,29,1,2
0,0,0,12.1007,0.1157,40,2,2
0,0,0,12.4684,0.7132,55,2,3
0,-1,-1,11.2898,0.0071,25,2,3
0,-1,-1,12.4292,0.0007,32,2,1
0,0,0,11.8494,0.9836,29,1,1
1,1,2,10.5966,0.9222,24,2,2
0,0,0,10.8198,0.5487,36,2,2
0,0,0,12.2549,0.7739,37,2,2
0,0,0,12.1007,0.171,33,2,2
0,0,0,10.8198,0.9218,45,1,2
0,0,0,12.6761,0.4882,54,2,2
0,-1,-1,12.3458,0.0407,41,1,1
0,-1,-1,11.9829,0.0042,40,2,2
0,0,0,11.6082,0.9032,25,1,2
0,0,0,12.4292,0.0735,39,2,3
0,0,0,9.9035,0.3362,37,2,5
0,0,0,12.0436,0.0725,28,2,1
0,0,0,11.8494,1.0033,32,1,3
1,0,0,11.0021,0.9361,42,2,2
1,-1,-1,9.9035,0.5142,24,1,1
0,0,0,11.2898,0.831,53,1,2
0,2,0,11.0021,0.975,34,1,3
0,0,0,12.2549,0.4001,35,2,5
0,0,0,12.6761,0.9971,27,1,2
0,0,0,10.8198,0.7447,55,2,3
0,0,0,9.2103,0.8634,37,1,2
1,0,0,10.8198,0.9745,51,1,2
0,0,0,11.8494,0.9507,33,2,2
0,-1,-1,10.8198,0.0118,38,2,2
1,2,2,11.2898,0.0075,36,1,2
0,0,0,12.6115,0.9097,36,2,1
1,0,0,13.1616,0.9333,33,2,1
0,0,0,12.2061,0.3988,57,2,2
0,1,-2,12.2061,0.0,35,2,2
0,0,0,11.0021,0.9495,44,2,2
0,0,0,12.1007,0.5692,42,2,2
0,0,0,11.6952,0.2693,24,2,2
0,0,0,10.8198,0.9806,47,1,2
0,0,0,9.9035,0.8796,33,1,1
1,0,0,9.2103,1.6944,27,1,2
0,0,0,13.1616,0.0184,34,1,1
0,-2,-2,13.1224,0.0002,33,2,1
0,0,0,10.8198,1.0049,24,1,2
0,0,0,12.2061,0.3076,29,2,2
0,1,-1,12.7939,-0.0,36,2,1
0,-1,-1,12.8992,0.0147,48,2,1
0,-1,-1,11.4076,0.0041,30,1,2
0,-1,0,11.4076,0.0102,29,2,2
0,0,0,12.2061,0.3055,29,2,1
1,-1,-1,11.9184,0.0007,38,2,1
0,0,0,12.7657,1.0296,31,1,2
0,0,0,13.1224,0.7578,31,1,2
0,0,0,11.9829,0.0815,24,2,2
0,0,0,11.2898,0.6508,35,1,1
0,0,0,11.7753,1.0262,38,1,2
0,0,0,11.5129,0.8503,31,2,3
0,0,0,11.2898,0.3847,46,1,2
0,0,0,10.8198,0.364,24,2,2
0,1,-2,11.2898,0.0,50,2,1
0,1,-2,12.2061,0.0,27,1,1
0,0,0,12.7068,0.1141,28,2,2
1,2,0,10.8198,0.2124,26,2,1
1,-1,-1,11.2898,0.0039,23,2,2
0,-1,-1,12.5062,0.0426,33,2,2
0,0,0,10.309,0.3858,60,2,3
0,-1,-1,13.1224,0.0017,30,1,2
0,-1,-1,11.0021,0.0573,26,2,1
0,2,2,9.9035,0.8576,34,2,2
0,1,-2,12.1007,0.0,28,2,2
0,0,0,10.309,0.1219,38,2,2
0,-1,-1,12.2061,0.0029,45,1,1
0,-2,-2,12.6761,0.0122,32,2,1
0,0,0,12.2549,0.1791,28,2,3
0,-1,-1,12.2061,0.0033,30,2,1
0,-2,-2,12.0436,0.0363,41,1,2
0,0,0,10.8198,0.9568,42,1,3
0,0,0,9.9035,0.4293,52,2,2
0,0,0,9.9035,0.9238,22,2,2
0,0,0,13.2708,0.8359,31,2,1
0,0,0,11.2898,1.0002,25,2,3
1,0,0,10.8198,0.3985,38,2,1
0,0,0,10.309,0.8929,31,1,2
1,0,0,10.8198,0.9123,31,2,2
1,2,2,9.9035,0.0825,25,1,3
0,2,0,11.5129,0.7198,41,2,2
0,0,0,11.2898,1.0,48,1,3
0,2,2,10.5966,0.0195,48,2,3
0,1,2,11.2898,0.9888,27,2,3
0,0,0,9.2103,1.0119,31,1,3
0,-1,-1,12.2061,0.0526,41,2,1
0,1,2,10.8198,1.0214,28,2,2
0,0,0,11.8494,0.7175,23,2,3
0,0,0,12.7367,0.2258,34,2,1
1,2,0,12.3014,0.9324,28,1,1
1,1,2,11.2898,1.0058,23,2,1
1,0,0,9.9035,0.6094,24,1,3
0,-1,-1,13.1224,0.0507,36,1,1
0,1,2,11.5129,0.0783,48,2,2
0,1,-2,11.9184,-0.0,39,1,2
0,0,0,12.7939,0.4453,27,1,2
0,0,0,11.0021,0.9616,37,2,2
0,-1,-1,13.1224,0.0038,34,1,1
0,-1,-1,12.5062,0.0075,27,2,1
0,0,0,12.3458,0.3246,30,2,2
0,0,0,11.9829,0.8764,33,2,2
0,0,0,9.9035,0.7277,26,1,1
0,0,0,12.3458,0.5734,34,1,2
0,0,0,10.8198,0.6648,23,2,3
0,-1,-1,13.1224,0.0152,52,2,2
0,2,0,11.2898,0.8896,30,2,3
1,0,0,10.8198,0.9111,55,1,3
0,1,2,9.9035,1.0416,29,1,2
0,-2,-2,12.2061,0.0327,40,2,1
0,0,0,11.5129,0.39,44,2,2
0,0,0,12.8739,0.435,44,2,2
0,-1,-1,13.017,0.0067,44,1,2
1,1,2,9.2103,0.7229,40,1,3
0,0,0,12.5062,0.0684,29,1,2
0,0,0,12.1548,0.7237,33,1,1
0,0,0,10.309,1.0917,30,2,1
0,-2,-2,12.7939,0.0641,28,2,1
0,0,0,10.8198,0.3994,28,2,2
0,-1,0,12.3884,0.0452,41,2,1
0,0,0,11.9184,0.9641,26,1,2
0,0,0,11.9184,0.9577,44,1,2
0,1,2,9.9035,0.8841,23,1,2
1,-1,-1,10.8198,0.0078,24,1,1
0,0,0,10.5966,0.9623,38,2,2
1,1,2,9.9035,0.8344,25,1,1
0,1,-2,11.9184,0.0,29,2,1
0,-1,-1,10.8198,0.0216,48,2,2
1,1,-1,10.8198,-0.0008,44,2,3
1,-1,-1,10.8198,0.0433,23,1,2
1,0,0,10.8198,0.144,24,1,3
0,0,0,12.2061,0.376,35,2,1
1,2,2,12.2061,0.7857,37,1,1
0,0,0,11.6952,0.9812,38,2,3
1,2,0,11.4076,0.2109,28,1,2
0,-1,-1,10.309,0.0261,24,2,1
0,-1,-1,11.1563,0.0335,29,1,1
0,-1,-1,13.1022,0.0057,52,2,2
0,-1,-1,10.8198,0.0504,39,1,3
0,0,0,12.6761,0.7359,55,1,2
1,1,2,10.8198,0.2577,27,2,1
1,-1,0,11.8494,0.0159,25,2,1
0,-1,-1,13.1224,0.0558,49,2,2
0,-1,-1,13.1224,0.0146,58,1,1
0,0,0,10.8198,0.9712,34,1,1
0,0,0,12.0436,0.018,31,1,3
1,0,0,11.7753,0.1846,36,2,3
0,0,0,11.9184,0.0205,27,2,3
0,0,0,10.8198,0.8775,25,2,1
0,0,0,12.9239,0.5638,48,1,1
0,0,0,11.0021,0.8696,33,2,5
0,-1,0,11.9184,0.1945,45,1,3
0,-2,-2,12.4684,0.0027,43,2,2
0,-2,-2,12.3458,0.0,40,1,1
0,0,0,10.8198,0.4856,49,1,2
0,-2,-2,12.3458,0.2677,23,2,1
0,0,0,12.5425,0.8416,44,2,1
0,-1,-1,13.1224,0.0088,67,1,2
0,0,0,10.309,0.9908,38,1,2
0,0,0,12.7068,0.905,31,2,2
0,0,0,12.1007,1.009,50,1,1
1,3,2,10.309,0.9925,47,1,2
0,-1,-1,12.2061,0.009,36,1,1
0,0,0,11.2898,0.6557,41,2,3
1,0,0,11.2898,0.3972,25,1,2
0,-1,-1,11.5129,0.039,27,2,1
0,-2,-2,12.6115,0.0,54,1,1
1,1,-1,12.3884,0.0,58,2,1
1,-1,-1,10.8198,0.2503,49,2,2
0,0,0,10.8198,0.7083,50,2,3
0,0,0,11.5129,0.1756,42,1,2
0,0,0,11.6082,0.7724,40,1,3
0,0,0,12.1007,0.1323,40,2,2
0,0,0,11.8494,1.0063,26,2,2
0,-1,0,11.2898,0.9713,28,1,2
0,-1,-1,11.4076,0.1891,26,2,1
1,2,0,11.4076,0.4187,45,1,3
0,0,0,12.3884,0.7874,41,2,2
0,1,-2,11.9184,-0.0013,41,1,1
0,-1,0,12.3884,0.6378,33,2,1
0,0,0,11.2898,0.982,34,1,3
0,2,2,11.6082,0.258,42,2,2
0,0,0,11.6952,0.1836,39,2,2
0,-2,-2,12.7939,0.0505,42,2,2
0,0,0,11.9184,1.169,30,1,4
0,0,-1,11.2898,0.0348,53,1,1
1,3,3,11.8494,1.3727,47,1,2
0,0,0,10.8198,0.3018,40,1,2
0,1,2,9.9035,0.8608,36,2,3
0,0,0,12.3884,0.0892,29,2,1
0,0,0,10.8198,0.9551,49,1,1
0,0,0,12.8479,0.8401,57,1,1
0,-1,-1,10.309,0.0553,49,1,2
0,1,2,10.8198,0.4756,31,2,2
1,-1,-1,11.9829,0.0157,36,2,2
0,0,0,10.8198,0.9834,53,1,2
0,0,0,11.2898,0.4328,31,2,3
1,1,2,11.1563,1.0105,28,2,2
0,0,0,12.2061,0.9394,29,1,1
1,3,4,11.5129,1.1095,28,2,3
1,2,2,12.1007,0.1198,38,1,2
0,-1,-1,12.7939,0.1262,53,1,3
0,-1,-1,12.3458,0.0036,39,1,1
0,0,0,12.1548,1.1085,48,2,2
0,0,0,12.4684,0.4709,32,1,1
0,-1,2,10.309,0.149,25,2,2
0,1,-2,11.9184,0.0,25,2,3
0,1,-1,11.2898,0.0,34,2,2
1,2,2,11.2898,1.0195,37,1,2
0,-2,-2,12.1007,0.0069,43,2,3
0,-2,-2,12.7657,-0.0,33,2,1
0,-1,-1,12.2061,0.0056,30,2,3
0,0,0,11.8494,0.1718,27,1,2
1,0,0,9.9035,0.1326,25,1,1
1,1,2,9.9035,0.9279,55,2,3
0,0,0,12.3014,0.1561,37,1,1
1,1,2,12.5776,0.5877,36,2,1
0,0,0,11.2898,0.371,40,2,3
0,2,2,9.6803,0.2861,48,2,2
0,0,0,11.5129,0.8231,33,2,2
0,0,0,12.8739,0.5144,37,2,2
0,0,0,13.2177,0.1522,35,2,1
0,0,0,11.2898,1.017,31,2,2
0,-1,0,11.9184,0.0824,39,2,2
0,0,0,9.9035,0.3643,27,2,2
0,0,-1,9.9035,1.0,21,2,2
0,-2,-2,11.5129,0.0204,29,2,3
1,2,2,10.309,0.01,28,1,3
0,0,0,11.2898,0.4199,47,2,3
1,2,2,10.309,0.9091,33,1,1
0,-1,-1,11.8494,0.0028,23,1,3
0,0,0,12.2061,0.9023,32,1,2
0,0,0,12.5776,0.8795,41,1,1
0,0,0,10.8198,1.9247,23,1,2
0,1,-2,12.4684,0.0,28,2,1
0,0,0,11.0021,0.4101,24,1,2
0,0,0,12.5425,0.7606,34,1,1
0,0,0,11.5129,0.1067,36,2,1
0,-1,0,12.5776,0.9827,48,2,3
0,0,0,10.8198,0.2129,49,1,3
0,0,0,11.9184,0.8735,66,1,1
0,-2,-2,12.8739,0.1241,39,2,1
0,0,0,12.1007,0.8955,44,2,2
1,1,-2,12.5776,0.0,55,2,2
0,0,0,12.1007,0.1244,34,1,2
0,-1,-1,11.2898,0.18,31,2,1
0,-1,-1,13.017,0.1611,42,2,1
0,0,0,9.9035,1.0004,37,1,2
0,0,0,11.2898,0.393,25,1,1
0,0,0,11.5129,0.8766,36,2,2
0,0,0,11.1563,0.8381,39,1,3
0,0,0,12.7068,0.658,49,1,3
0,-2,-2,12.2061,0.0074,30,1,1
0,0,0,10.309,0.9249,36,1,1
1,2,2,12.2061,0.0125,69,2,3
0,-1,-1,11.2898,0.0632,27,2,1
0,0,-1,12.7367,0.2018,40,2,1
1,0,0,9.9035,0.8546,56,2,2
0,2,0,11.7753,0.9731,29,2,1
0,0,0,12.8992,0.2888,31,1,1
0,0,0,12.2061,0.172,29,2,2
0,0,0,11.2898,0.0595,47,2,2
0,0,0,10.8198,0.5396,39,1,3
0,0,0,10.309,0.6594,25,2,1
0,0,0,11.1563,0.4482,22,2,2
0,-1,-1,13.1224,0.0079,33,1,1
0,-1,-1,11.2898,0.0818,27,1,1
0,0,0,11.6952,0.7847,40,1,2
0,0,0,12.8739,0.0456,33,1,1
0,0,0,10.309,0.963,52,1,3
0,0,-1,11.1563,0.0964,30,2,1
0,0,0,11.8494,0.8281,39,1,3
0,0,0,10.309,1.7545,27,2,2
0,1,-2,12.1548,0.0,25,2,2
0,0,0,12.5062,0.4359,33,1,1
1,-2,-2,12.5776,0.6376,35,1,1
1,0,0,10.8198,0.0394,29,1,2
0,0,0,12.2061,0.1534,41,2,1
0,0,0,10.309,0.1936,24,2,2
0,0,0,11.9184,0.3108,29,1,2
1,-1,-1,10.309,0.0982,48,2,3
0,-2,-1,13.1224,0.0667,34,1,1
0,0,0,9.9035,0.8614,23,2,1
0,1,2,10.8198,0.4489,29,1,3
0,2,2,12.5425,0.3948,30,1,2
0,1,-1,11.2898,0.0,24,1,3
0,1,-2,12.2061,0.0,27,1,1
0,0,0,10.309,0.911,60,2,3
0,0,0,10.309,0.7427,24,2,2
0,-1,-1,12.8479,0.007,35,2,2
0,0,0,12.4684,0.6321,26,2,2
0,1,2,10.8198,1.0009,22,1,2
0,0,0,11.4076,1.1101,53,1,3
0,1,2,9.9035,0.796,40,1,2
0,1,-1,9.2103,-0.2,27,1,2
0,1,-2,12.8992,0.0,44,2,2
0,-2,-1,12.6115,0.0069,32,2,1
0,-2,-1,11.9184,0.0071,25,2,5
0,0,0,10.8198,1.0289,33,2,2
1,2,2,11.5129,1.0183,25,2,2
1,-2,-2,11.9184,0.0,38,2,2
0,0,0,11.6082,1.0143,34,1,2
0,0,0,11.5129,1.0675,28,2,2
1,0,0,10.8198,0.4292,33,1,2
0,0,-1,11.2898,0.0778,29,1,1
0,-1,-1,12.2549,0.0218,25,2,1
1,0,0,11.8494,0.9838,60,2,3
0,0,-1,12.3884,0.0369,43,2,1
0,0,0,11.6082,0.4375,36,2,2
0,-2,-2,11.5129,0.0242,48,2,3
0,0,0,10.8198,0.3592,24,1,2
0,0,0,11.4076,0.9129,35,2,2
0,0,0,11.9184,0.1783,33,1,1
1,2,2,11.5129,0.2978,30,2,2
0,0,0,11.8494,1.0161,62,2,2
0,0,0,12.3458,0.7503,33,2,1
1,0,0,9.9035,0.9612,25,2,2
0,0,0,12.3458,0.0647,38,2,3
1,-2,-2,11.9184,0.0242,26,1,2
0,0,0,9.9035,0.5267,24,1,2
0,0,0,11.6952,0.2306,35,2,3
1,1,2,10.309,0.8307,58,2,3
0,1,2,12.3014,0.2724,42,1,1
0,-1,-1,12.4292,0.0366,41,1,1
0,0,0,11.2898,0.1432,34,1,2
0,0,0,11.0021,0.9565,22,1,1
0,1,-2,11.7753,0.0,37,2,2
0,-1,0,12.8992,0.3645,43,1,3
0,0,0,11.9184,0.6882,28,2,2
1,-2,-2,12.3458,0.0014,58,2,3
0,0,0,11.1563,1.0842,24,2,3
0,0,0,10.8198,0.9481,39,2,2
0,-1,-1,11.4076,0.0042,38,2,1
0,0,0,10.309,0.9279,49,2,3
0,3,2,10.309,0.8773,49,1,2
0,-2,-2,12.4292,0.005,26,2,1
0,1,-1,10.309,-0.0,23,2,2
0,-2,-2,11.9184,0.0062,27,2,2
0,-1,-1,12.8992,0.0612,48,2,1
1,0,0,10.309,0.6844,52,2,2
0,-1,-1,12.5062,0.0115,50,2,1
0,-1,-1,12.7939,0.0008,37,1,3
1,2,0,11.2898,1.0328,23,2,2
0,0,0,11.1563,0.2046,33,2,2
0,0,0,10.8198,0.8379,29,2,1
0,0,0,12.3014,0.6493,38,2,2
1,0,0,11.1563,0.8089,29,1,2
0,0,0,12.7367,0.737,39,2,1
0,-1,-1,9.9035,0.0195,43,2,3
0,0,0,12.6115,0.4653,32,2,2
0,-2,-2,12.1007,0.0,29,2,1
0,1,-2,11.0021,-0.0011,33,1,2
1,2,2,11.9829,0.9864,27,2,2
0,0,0,10.8198,1.003,37,1,2
0,-1,-1,11.5129,0.0167,38,2,1
0,-1,-1,11.0021,0.0495,48,2,3
0,0,0,10.309,0.8908,23,1,2
0,-2,-2,13.1224,0.0266,33,2,2
0,0,0,9.9035,0.9063,35,2,2
0,0,0,10.8198,0.7026,23,2,2
0,0,0,12.1007,0.9702,35,2,2
0,0,0,11.4076,0.2134,23,2,2
0,0,0,11.9184,0.252,33,2,2
0,0,0,10.309,1.0001,44,1,2
0,0,0,11.7753,0.1039,45,1,3
0,-2,-2,11.2898,0.0,39,2,3
0,0,0,12.2549,0.9829,33,2,2
0,0,0,13.1806,0.8289,39,2,1
1,1,3,12.7939,0.0099,51,1,2
0,0,0,11.8494,0.9584,36,2,2
0,2,0,9.9035,0.9809,24,2,2
0,-1,-1,12.2061,0.0016,40,2,1
1,0,0,10.5966,0.9773,25,2,2
0,0,0,12.2061,0.3011,27,1,3
0,0,0,11.4076,1.1225,34,1,5
0,0,0,12.9239,0.679,45,1,2
0,0,0,12.0436,0.4576,42,2,3
0,0,0,12.3458,0.3883,37,2,1
0,-1,-1,12.2549,0.0078,42,2,2
0,0,0,12.2061,0.0373,29,1,2
0,1,2,10.8198,0.862,25,2,1
0,0,0,11.7753,0.6425,42,1,2
0,0,0,12.2549,0.1177,34,1,2
0,0,0,11.7753,0.3304,42,2,2
0,-1,2,11.2898,0.8257,41,2,2
0,-1,-1,12.7939,0.0417,49,2,2
0,1,1,13.1224,0.0192,42,1,1
1,-1,-1,11.0021,0.0065,53,2,2
0,0,0,11.9829,0.0514,26,2,2
1,2,0,10.8198,0.9415,22,2,2
0,0,0,10.8198,0.3875,33,1,3
0,0,0,12.7939,0.712,36,1,1
0,1,-2,10.309,0.0,38,2,2
0,-1,2,9.9035,0.0113,27,2,2
1,0,0,12.7939,0.1048,32,2,1
0,0,0,10.8198,0.1322,28,2,1
0,-2,-2,13.039,0.0167,43,2,1
0,-1,2,9.9035,0.9659,24,1,2
0,1,-1,12.7068,-0.0006,39,1,2
0,1,-2,12.2061,0.0,29,2,3
1,2,2,10.8198,1.0193,38,2,2
0,0,0,10.8198,0.141,24,2,2
0,1,-1,10.8198,-0.0004,24,1,2
0,-1,-1,12.5062,0.0042,42,2,2
0,-1,-1,12.2061,0.0388,33,2,2
0,0,0,12.6115,0.666,28,2,2
0,1,-2,10.8198,-0.0,26,2,1
1,0,0,12.4292,1.1879,55,2,3
0,0,0,12.8992,0.5045,33,1,1
0,0,0,12.7939,0.3309,27,2,1
1,0,0,11.6952,1.0237,29,2,2
1,2,0,10.8198,0.3834,49,2,2
0,-2,-2,12.7367,0.0,40,2,2
0,0,0,12.1007,0.5474,29,1,2
0,1,-1,10.8198,-0.0394,23,2,1
0,-1,0,11.9184,0.7459,37,1,2
1,2,2,11.5129,0.9703,41,2,2
0,1,-1,12.2061,0.0,28,2,2
0,0,0,11.9829,0.0529,43,1,2
0,0,0,10.8198,0.8852,55,1,3
0,0,0,11.9184,0.2703,40,2,2
0,-2,-2,10.8198,0.0,52,2,3
0,0,0,12.3014,0.5759,36,2,2
1,2,2,10.309,0.395,23,2,2
1,2,0,10.309,0.8456,26,2,2
0,0,0,10.8198,0.372,57,2,3
0,0,0,11.9829,0.1599,35,2,2
0,-2,-2,12.1007,0.0,31,1,1
0,0,0,12.1548,0.8338,31,1,1
0,0,0,13.0815,0.2222,39,2,1
0,0,0,12.5062,0.0939,32,2,1
0,-2,-2,12.2061,0.0008,37,1,2
1,-1,-1,11.2898,0.0098,38,1,1
0,-2,-2,12.9239,0.0093,36,1,2
1,-1,2,10.8198,0.0565,25,2,1
0,0,0,10.8198,0.0478,42,2,3
1,-2,-2,12.2549,0.0047,39,1,1
0,0,0,9.9035,0.8098,28,1,1
0,0,0,11.9184,0.7322,28,2,1
1,1,2,11.7753,0.0198,25,2,1
0,0,0,12.2061,0.6092,26,2,1
0,0,0,11.6082,0.9724,23,2,2
1,-1,-1,12.1007,0.0152,30,2,1
0,-1,-1,12.6115,0.0364,40,2,1
0,-1,-1,12.7939,0.0001,32,1,1
0,-2,-2,12.8479,0.0099,30,2,2
1,-1,-1,12.7939,0.008,29,2,1
1,-2,-2,11.2898,0.1075,28,1,1
0,-1,-1,12.7657,0.5177,48,2,1
0,0,0,9.9035,1.075,28,2,5
0,0,0,12.6761,0.7123,35,2,1
0,0,0,11.4076,0.9578,62,1,3
1,-1,-1,10.5966,0.8135,27,2,1
0,-1,0,10.8198,0.9323,40,2,2
0,-1,-1,12.2549,0.0193,24,2,1
0,3,2,10.309,1.0026,22,2,2
1,1,-1,12.6443,0.0,27,2,1
0,-2,-2,12.5425,0.0058,35,2,2
0,0,0,12.5425,0.3563,41,2,1
0,2,-1,12.4684,0.0053,33,2,1
0,-1,-1,11.4076,-0.0194,41,1,2
0,-2,-2,12.5425,0.0421,49,1,1
0,-1,2,12.7939,0.0069,34,2,3
1,2,2,10.309,0.4419,27,2,3
0,0,0,12.8479,0.9976,48,1,2
0,3,2,11.2898,0.526,22,2,2
1,2,2,10.8198,0.9142,25,2,1
0,1,-2,12.5425,0.0016,37,2,1
1,2,2,11.6952,0.2204,37,2,2
0,0,0,12.1007,0.3525,49,1,1
0,-1,-1,12.8479,0.0079,33,1,3
0,0,0,11.6082,0.2815,27,2,1
0,-1,-1,10.8198,0.023,37,2,2
0,-2,-2,12.2061,0.0,48,2,1
0,-1,-1,12.2061,0.1296,44,1,1
0,0,0,11.9184,0.1822,35,2,1
1,0,0,11.0021,0.968,40,1,2
0,0,0,12.2061,0.7788,30,2,2
1,2,0,11.4076,0.7047,35,2,2
0,-1,-1,11.9184,0.0117,32,2,1
1,1,2,9.9035,0.4563,23,1,3
0,0,0,11.9184,0.7493,34,2,3
0,-1,0,12.1007,0.0942,34,1,1
0,-2,-2,13.0605,0.0505,34,1,2
1,2,2,10.309,0.7256,59,2,3
0,-1,-1,9.9035,0.4133,22,2,1
0,-1,-1,12.8992,0.0361,36,2,1
0,0,0,12.2549,0.0746,27,2,1
1,2,2,11.6952,0.6456,38,1,3
0,-2,-2,11.9829,-0.0099,42,2,4
0,0,-1,12.2061,0.0312,26,2,1
0,-1,-1,11.9829,0.0602,30,2,1
1,2,2,11.9829,0.9208,37,2,2
0,-2,-1,12.4292,0.0007,51,1,3
0,0,0,11.8494,0.0519,56,1,3
1,-2,-2,12.7068,0.0,30,2,2
1,2,0,12.3014,0.7322,24,2,1
0,1,2,10.309,0.4388,29,2,3
1,1,2,12.4684,0.5736,35,1,1
0,0,0,12.8479,0.7777,30,2,2
1,0,0,9.2103,1.5004,33,2,2
0,0,0,12.1548,0.9529,44,2,1
0,0,0,10.309,0.794,38,2,2
0,1,2,12.6115,0.0203,39,2,1
0,0,0,9.9035,0.8531,27,1,2
0,0,0,9.9035,0.8792,35,1,2
0,0,0,11.2898,0.4749,22,2,3
0,0,0,12.3884,0.9388,33,1,2
0,0,0,11.4076,0.1632,26,2,3
0,0,0,11.5129,0.9894,43,2,2
0,-1,-1,12.6761,0.0025,32,1,1
0,2,2,12.7939,0.0069,45,1,2
1,1,2,12.1007,0.0157,38,1,2
0,-2,-2,12.6115,0.0529,40,1,2
0,-2,-2,9.9035,-0.0004,22,2,1
0,0,0,12.5062,0.1109,26,2,2
0,0,0,9.9035,0.9718,49,2,3
0,0,0,12.7939,0.1102,35,2,2
0,0,0,11.6952,0.4203,38,1,2
0,0,0,11.7753,0.9935,27,2,3
0,0,0,11.0021,0.9153,45,2,3
0,0,0,11.0021,0.7677,36,1,2
0,-1,-1,11.6952,0.0147,31,2,3
0,0,0,11.7753,0.7112,33,1,3
0,-1,-1,12.7939,0.0013,31,2,1
0,-1,-1,9.2103,0.6217,24,1,3
0,-1,-1,11.6952,0.005,24,2,1
1,2,2,11.0021,1.0184,26,1,2
1,2,2,12.3884,0.0104,40,2,1
0,0,0,11.9829,0.8606,40,2,2
0,-2,-2,12.2061,0.0,44,2,2
0,-2,-2,12.6115,0.0,29,1,1
0,-1,-1,11.5129,0.0078,26,2,2
0,0,0,12.5425,0.7778,30,2,1
0,-1,-1,12.1548,0.0611,26,2,2
0,1,2,10.8198,0.3523,48,1,2
0,0,0,12.2549,0.1503,33,2,3
0,0,0,11.6952,0.9244,26,2,1
0,-2,-2,11.8494,0.013,33,2,1
0,-2,-2,10.8198,0.0161,23,2,1
0,-2,-1,11.9184,0.0134,31,2,1
0,4,3,10.8198,0.542,23,1,1
1,1,-2,11.6952,0.0,50,1,1
0,-1,0,12.3884,0.1266,29,2,1
0,0,-1,9.9035,0.0745,26,1,1
0,0,0,11.2898,0.9864,24,2,2
0,0,0,11.8494,0.7093,28,2,2
0,0,0,10.8198,0.5686,25,2,2
0,-2,-2,11.9184,0.0279,26,2,2
1,0,0,11.4076,0.7249,53,2,3
0,0,0,13.3692,0.3005,36,1,1
0,-1,-1,12.7939,0.0425,31,1,1
0,-1,-1,11.7753,0.0189,33,2,2
0,0,0,12.2549,0.9587,34,2,1
1,2,2,12.1548,0.5668,36,1,1
0,-1,-1,11.9184,0.0091,44,2,1
0,-1,-1,9.2103,0.3161,25,1,3
1,-1,-1,10.309,0.3093,24,2,1
1,1,-2,12.2061,0.0,67,1,1
1,3,2,11.8494,0.1542,25,2,1
0,0,0,12.0436,0.7118,30,2,2
1,2,2,9.9035,0.3135,24,2,2
0,0,0,11.2898,1.0269,45,2,2
0,0,0,11.6082,0.4709,49,1,2
0,0,0,11.9184,0.9862,28,2,1
0,-1,0,10.8198,0.5268,43,2,2
0,2,2,10.8198,1.0817,70,2,3
0,2,0,10.8198,0.9721,50,1,3
1,0,0,9.2103,0.2274,22,2,2
1,-1,0,12.5425,0.0638,38,2,1
0,2,2,10.8198,1.0323,42,1,2
0,0,0,9.2103,0.9397,22,2,1
0,0,0,11.8494,0.9378,28,2,2
1,2,2,11.8494,0.7475,34,1,1
0,0,0,12.6115,0.6449,45,1,1
0,1,2,10.309,0.911,26,2,2
0,0,0,12.2061,0.9264,47,1,3
1,0,-1,12.5062,0.1231,26,2,2
0,0,0,11.4076,1.0162,36,2,2
1,2,2,9.2103,0.24,26,1,2
0,2,2,10.8198,0.4544,22,2,3
0,-2,-2,11.2898,0.0,25,2,1
0,0,0,11.6082,0.5982,26,2,2
0,0,-1,12.8213,0.0178,30,1,1
0,-1,0,10.8198,0.0336,23,1,2
0,-1,-1,9.2103,0.0885,37,1,2
0,0,0,12.1007,0.5508,27,2,1
0,4,4,11.0021,0.95,59,2,2
1,0,0,11.4076,0.6449,43,2,1
0,1,-2,11.6952,0.0,30,2,1
0,0,0,11.6082,1.0073,30,1,1
0,0,0,12.5425,0.5812,61,2,3
0,0,-1,12.2061,0.0373,28,1,1
0,0,0,11.7753,0.481,29,1,2
1,1,2,12.2061,0.3092,28,2,2
1,0,0,10.8198,0.5871,26,2,2
0,0,0,10.309,0.0532,53,1,3
0,-1,-1,12.3458,0.0608,30,2,1
0,-1,-1,12.1007,0.0218,31,2,1
0,0,0,12.3014,0.5891,40,1,1
0,0,0,10.8198,1.028,46,1,1
0,1,-2,9.9035,0.0,27,1,1
0,-1,-1,12.4292,0.0094,40,2,2
0,0,0,10.8198,0.9477,41,1,3
0,0,0,12.1007,0.0604,26,2,2
0,-1,-1,12.6761,0.1151,44,1,2
1,-1,-1,9.2103,0.078,41,2,3
0,-2,-2,12.6761,0.0042,31,2,1
0,0,0,12.4292,0.6822,30,1,2
0,1,2,10.309,0.6995,24,1,2
0,-1,-1,12.4684,0.0013,31,1,2
0,0,0,11.7753,0.9457,37,2,2
1,0,0,12.1007,0.8282,30,2,1
0,0,0,12.5062,0.7435,27,2,1
0,0,0,11.2898,0.4584,30,2,3
0,-1,0,10.309,0.0139,27,2,1
1,2,2,11.5129,1.0133,35,1,3
1,0,0,12.7367,0.9888,33,2,2
0,0,0,12.2549,0.9859,26,2,2
0,-2,-2,12.5425,-0.0,27,2,1
0,-1,-1,13.473,0.0119,33,1,2
0,0,0,10.8198,0.8558,23,2,2
0,0,0,12.1548,0.1309,35,1,1
0,0,0,12.8992,0.121,32,2,1
0,-2,-2,11.6082,0.0132,53,2,3
1,2,0,9.9035,0.8109,23,2,2
1,2,2,9.9035,0.9223,25,2,1
0,1,2,9.9035,0.6093,29,2,2
0,1,2,9.9035,0.2336,23,1,2
0,0,0,12.3458,0.1725,43,2,1
0,-1,-1,12.1007,0.0804,37,1,2
0,-1,-1,12.5425,0.0126,41,1,2
0,0,0,13.1422,0.4606,36,2,1
0,0,0,11.9184,0.9446,40,1,2
1,2,0,9.9035,0.894,26,1,3
0,0,0,11.6082,0.9154,38,2,3
1,-1,2,12.3458,0.0039,34,2,1
0,0,0,12.1007,0.6917,27,2,1
0,0,0,12.3458,0.06,36,2,3
0,0,0,12.8213,0.1087,35,2,1
0,-2,-2,13.1224,0.0022,30,2,1
0,1,-2,12.4684,0.0,43,2,2
1,0,0,11.2898,0.0725,53,1,2
0,1,2,11.8494,0.843,27,2,2
0,0,0,10.8198,0.5999,30,1,1
0,0,0,10.8198,0.5323,45,2,2
0,-1,-1,11.2898,0.0507,32,1,1
1,0,0,11.9184,0.5675,28,2,2
0,0,0,10.8198,0.9972,46,2,2
0,2,0,11.2898,0.9515,39,1,2
0,0,0,11.8494,0.4812,40,2,1
0,0,0,11.8494,0.7552,30,2,1
0,-1,-1,10.8198,0.0316,24,2,2
0,0,0,10.309,0.837,24,2,2
1,0,0,12.3458,0.744,32,1,2
0,0,0,11.9184,0.629,26,2,2
0,-1,-1,12.2061,0.0253,53,2,2
0,2,2,11.6082,0.0014,41,2,1
0,0,0,11.9184,0.1182,44,2,2
1,-1,-1,12.2061,0.006,46,2,3
0,1,-1,12.1007,0.0,33,2,3
0,-1,-1,11.4076,0.0683,29,2,1
1,-1,-1,12.2061,0.0005,30,2,1
0,-1,-1,12.3458,0.0005,45,2,2
0,-1,0,11.2898,0.2195,29,1,1
0,-1,-1,12.3458,0.0273,33,2,1
1,4,3,12.7367,1.7111,31,2,2
0,-1,-1,12.5776,0.0053,53,2,2
0,0,0,11.0021,0.9296,41,2,3
1,0,0,12.6761,0.0379,29,2,1
0,-2,-2,12.2061,0.1135,25,2,2
0,0,0,10.8198,0.333,54,2,3
1,4,3,10.8198,0.5445,24,1,3
0,0,0,12.3458,0.3688,43,2,2
0,0,0,11.7753,0.8175,29,2,1
0,-1,-1,11.2898,0.0089,39,2,3
0,0,0,11.6952,0.689,31,2,1
0,0,0,12.2061,0.024,34,2,2
0,-1,-1,12.6115,0.0158,34,1,3
0,-1,-1,12.2061,0.0054,36,2,2
0,0,0,11.2898,0.4312,46,2,2
0,1,-1,11.2898,-0.0017,32,2,3
0,0,0,11.0021,0.8651,25,2,1
0,0,0,10.309,0.8385,30,2,2
0,-1,-1,12.6115,0.1297,42,2,2
0,0,0,11.5129,0.6676,38,2,1
0,0,0,12.5776,0.1524,31,2,1
0,1,-1,12.5062,0.0,39,1,0
1,0,-1,11.1563,0.1005,24,2,2
0,-2,-2,11.4076,1.0141,24,2,2
0,0,0,12.0436,0.6378,26,2,1
1,0,0,11.2898,0.872,36,2,2
0,0,0,11.5129,0.9533,41,2,2
0,-2,-2,12.3884,0.0239,47,1,1
0,-1,-1,12.5776,0.0386,41,2,1
1,1,-2,11.6952,0.0,27,2,1
0,0,0,12.2061,0.516,26,1,2
0,0,0,9.9035,0.6724,22,1,2
0,-1,-1,13.1224,0.1509,38,1,1
0,0,0,11.5129,0.9835,25,2,2
0,-1,-1,12.7657,0.017,55,1,1
0,1,2,10.8198,0.6814,24,2,2
0,0,0,12.7367,0.975,52,2,2
0,0,0,12.1007,0.1444,29,2,2
0,-1,-1,12.6115,0.0036,54,2,1
0,1,2,12.3014,0.0788,32,2,1
0,0,0,11.2898,0.7052,26,1,1
0,0,0,10.8198,0.895,32,2,2
0,0,0,11.5129,0.6008,26,1,2
0,0,0,12.2061,0.2936,27,1,1
0,-1,0,13.0815,0.0374,45,2,1
0,0,0,12.0436,0.2079,34,2,2
1,-1,0,9.9035,0.7895,25,2,1
1,0,0,11.2898,0.4014,28,1,2
1,0,0,11.2898,0.9956,26,1,1
0,1,2,12.6115,0.8337,31,1,2
0,-1,-1,11.9184,0.0129,29,1,1
0,0,-1,10.8198,0.2963,24,2,2
0,-1,-1,10.8198,0.038,26,2,2
0,2,0,11.5129,0.9963,28,2,3
0,-1,-1,11.4076,0.4161,45,2,2
1,1,2,11.1563,0.2276,24,2,1
0,0,0,11.4076,0.9242,23,2,5
0,0,0,12.8992,0.0852,42,1,1
1,0,0,9.2103,0.7393,36,1,2
0,0,0,11.2898,0.9071,27,1,1
0,0,0,11.1563,0.9121,33,1,1
0,2,2,11.5129,0.3008,44,1,3
1,-1,-1,12.2549,0.0094,33,2,2
1,1,-2,12.7939,0.0,39,2,3
0,1,2,12.5425,1.0187,28,1,1
0,0,0,12.1007,0.4724,32,1,1
0,1,2,12.3014,0.7142,45,1,1
0,-1,-1,12.2061,0.0035,47,1,1
0,1,2,11.7753,0.4014,25,2,2
0,-2,-2,12.2061,0.0019,47,1,2
0,-1,-1,12.0436,0.1761,44,2,1
0,0,-1,11.8494,0.1627,30,1,1
0,0,0,10.8198,1.0064,54,2,3
0,0,0,12.2061,0.1131,26,2,3
0,0,0,12.2061,0.9077,33,1,3
0,2,0,12.7939,0.4181,36,2,3
0,0,0,10.8198,0.2708,33,1,2
0,-1,-1,13.1224,0.0127,37,2,1
1,0,0,11.4076,0.8376,30,2,2
0,-1,-1,13.1224,0.0049,36,1,1
0,0,0,11.2898,0.9804,33,2,3
0,-1,-1,12.3458,0.0093,53,1,3
1,-1,-1,11.6952,0.0035,30,2,1
0,0,0,12.1548,0.3537,56,2,3
0,0,0,13.1224,0.5316,50,1,2
0,1,-2,11.2898,0.0,42,2,2
0,1,-2,13.017,0.0,35,2,1
0,1,-2,12.5425,0.0,30,2,1
1,-2,-2,12.7939,0.004,47,2,3
0,0,0,10.309,0.9624,21,2,2
1,0,0,10.8198,0.7135,25,2,2
1,1,-2,11.0021,0.0,49,2,2
0,0,0,10.309,0.2873,28,2,2
1,0,0,9.9035,0.8174,49,1,2
0,1,2,9.9035,1.0221,57,1,3
1,2,0,12.2061,0.2164,43,1,1
0,-2,-2,11.5129,0.0,25,2,1
0,-1,-1,12.6115,0.0037,39,2,3
0,1,-2,12.2549,0.0,39,2,1
0,0,0,11.1563,0.9239,71,2,3
0,1,1,12.2549,0.0084,29,2,2
1,1,2,12.9945,0.6233,31,1,1
0,-1,-1,12.9239,0.01,33,1,1
0,0,0,11.6082,0.95,36,1,1
0,0,0,12.2061,0.6043,36,2,1
1,-1,-1,12.1007,0.0115,42,2,3
0,0,0,11.9184,0.1452,46,2,1
0,1,-2,12.7068,-0.0006,33,2,1
0,-1,-1,13.1224,0.0179,41,2,2
0,-2,-2,12.7657,0.2382,35,2,2
1,-1,-1,12.2061,0.0024,36,2,2
1,-1,-1,12.5425,0.0081,45,1,1
0,-1,-1,11.2898,0.066,39,2,3
0,-1,-1,12.5425,0.0156,29,2,1
0,2,2,11.7753,0.8921,23,2,2
0,0,0,11.9829,0.4778,49,2,2
1,2,2,9.9035,0.12,23,2,2
0,0,0,12.6115,0.0886,32,2,2
0,0,0,11.5129,0.9372,32,2,1
0,-1,-1,11.7753,0.006,38,1,2
1,2,2,13.1224,0.0099,55,1,1
1,1,3,12.2061,0.92,27,2,2
0,0,0,12.7939,0.1964,30,2,1
1,1,-2,9.9035,0.0,26,2,2
0,1,2,12.8992,0.0527,29,1,2
0,1,2,12.2061,1.0169,52,2,3
0,0,0,10.309,0.6427,60,2,5
1,-1,-1,10.309,0.0817,58,1,2
0,1,2,10.8198,0.8861,55,1,2
1,-1,-1,12.3458,0.0043,51,2,1
1,1,-1,12.2549,0.0,36,2,1
1,2,2,10.8198,0.003,49,2,1
0,0,0,12.0436,0.8455,33,2,5
0,-1,-1,12.3458,0.0035,44,1,1
0,0,0,12.3458,0.7004,48,2,1
0,0,0,12.7657,1.0058,36,2,1
0,-1,-1,12.0436,0.0015,36,2,1
0,2,2,11.9184,0.9182,36,2,2
0,-1,-1,11.4076,0.0196,27,2,2
0,-2,-2,12.6761,-0.0011,33,2,1
0,0,0,11.6952,0.7667,45,2,2
0,2,0,9.9035,0.6432,56,2,3
0,2,-1,12.5425,0.001,41,2,1
0,0,0,11.4076,0.9061,28,2,2
0,0,0,13.017,0.0561,30,1,1
0,0,0,12.5062,0.5347,27,1,2
0,0,0,11.2898,0.9278,41,2,2
0,0,0,12.3458,0.726,41,2,2
1,-1,-1,10.8198,0.0083,30,2,2
1,0,-1,12.4292,0.8213,48,1,1
0,-1,-1,12.3014,0.1197,42,2,1
0,0,0,10.309,0.882,38,2,1
1,2,2,11.6952,1.045,68,1,2
0,0,0,11.5129,0.2232,26,2,2
1,3,3,11.9184,0.9817,25,2,1
0,0,0,13.415,0.1323,28,1,1
0,-1,-1,12.2061,0.0403,36,1,1
0,0,0,11.1563,1.0199,47,2,3
0,1,2,10.8198,0.3182,41,2,2
1,2,2,11.2898,0.9255,64,2,2
1,2,2,9.2103,0.105,23,1,1
1,0,0,11.8494,0.8884,37,2,1
0,0,0,10.309,0.5815,21,2,2
1,0,0,12.2061,0.4974,36,1,2
1,0,0,11.4076,0.2992,24,2,2
0,1,2,11.7753,0.8649,52,2,2
0,-1,-1,11.9829,0.0502,26,2,2
0,-2,-2,11.9184,0.2815,58,2,3
0,-2,-2,11.9184,0.008,34,2,1
0,-1,-1,9.9035,0.1651,24,1,1
1,-1,-1,11.2898,0.0083,26,2,1
0,0,0,13.039,0.2618,31,1,2
1,1,-1,11.0021,0.0125,40,2,3
1,0,0,10.8198,0.9939,38,1,2
1,0,0,12.2061,0.9405,35,2,3
0,0,0,11.0021,0.9922,30,2,2
0,-1,0,12.2061,0.29,31,1,1
0,0,0,12.3458,0.9482,33,1,1
0,0,0,10.8198,0.5162,38,1,2
0,0,0,11.0021,0.9466,51,2,3
1,-1,-1,12.1007,0.0082,47,1,2
0,0,0,10.8198,1.0146,47,2,2
0,1,-2,11.9184,0.0,62,1,3
1,-1,-1,11.8494,0.0023,36,2,2
1,1,2,11.6952,0.9511,35,1,1
0,0,0,12.2061,0.9658,39,2,1
0,1,-2,13.1224,0.0,31,1,1
1,2,2,11.6952,0.9827,36,2,2
0,-2,-2,13.1224,0.0343,28,1,1
0,0,0,10.8198,0.9467,23,2,3
0,0,0,10.309,0.5754,51,2,3
0,-2,-2,12.3884,0.0084,35,1,1
0,1,-2,12.0436,0.0,37,2,2
0,1,1,11.2898,0.9298,26,1,1
0,-1,-1,12.7939,0.0063,29,1,1
1,2,0,10.8198,0.4126,24,2,2
1,2,0,11.1563,1.0866,27,2,2
1,2,2,12.4292,0.5137,29,2,2
1,1,2,11.9184,0.5384,39,2,1
0,-2,-2,11.5129,0.0039,41,2,2
0,-2,-2,12.7939,0.0,32,1,1
0,-2,-2,10.309,0.2304,47,2,3
1,-1,-1,13.1022,0.0002,29,1,1
1,2,2,12.1007,0.9936,60,2,2
0,-1,-1,12.948,0.0,36,2,1
1,2,0,9.9035,0.8169,33,1,1
0,0,0,13.0815,0.1438,47,1,1
0,1,-2,12.7657,0.0625,27,1,1
1,1,-2,12.7939,0.0,57,1,2
0,-2,-2,12.3884,0.0137,27,2,1
1,-1,-1,12.5425,0.1071,30,2,1
0,0,0,11.9184,0.2193,39,2,2
0,0,0,12.6761,0.0927,30,1,2
1,-1,-1,9.9035,0.0316,22,2,2
1,0,0,10.8198,0.9052,36,2,3
0,0,0,12.5425,0.9839,33,1,1
0,-2,-2,13.017,0.0056,53,2,2
0,0,0,12.4684,0.9041,53,2,1
0,0,0,13.1224,0.1743,56,1,1
0,0,0,13.0605,0.8378,35,1,1
0,0,0,11.9184,0.1063,23,2,2
0,0,0,11.5129,0.9198,46,2,3
0,1,2,11.5129,0.248,38,1,1
0,-1,-1,12.3014,0.0162,39,1,2
0,1,2,12.6115,0.1136,37,2,1
0,-2,-2,12.3458,0.0,31,2,1
1,1,-2,12.6115,-0.0131,39,2,3
0,0,0,10.8198,1.5936,48,1,3
0,-2,-2,12.0436,0.0089,47,1,3
1,-1,-1,13.039,0.0117,41,1,1
1,1,2,10.309,0.8007,34,2,1
1,-1,-1,10.309,0.0055,24,2,1
1,0,0,9.9035,1.0716,42,1,2
0,-1,-1,12.3014,0.0017,44,1,3
0,0,0,11.1563,0.9989,62,2,1
0,2,2,12.7068,0.3973,40,2,2
1,1,-2,12.8213,0.0,40,1,1
0,-2,-1,12.3458,0.1037,28,1,1
0,0,0,10.8198,0.8056,49,1,3
1,0,0,12.7939,0.7822,31,1,2
0,0,0,12.8739,0.8319,37,2,2
0,0,0,12.7939,1.1921,42,2,2
1,0,0,10.309,0.3337,27,2,2
0,1,-2,13.1224,0.0058,33,1,1
0,0,0,11.6952,0.5656,32,2,3
1,-2,-2,12.7939,0.0,29,1,1
0,0,0,9.9035,0.998,27,2,2
0,0,-1,10.8198,0.1199,48,2,2
0,1,-1,12.3458,0.0,27,2,1
0,1,-2,11.9829,0.0,48,2,1
1,2,2,11.6082,1.0403,32,2,1
0,2,2,10.8198,0.6447,25,1,2
1,2,2,10.309,0.7441,28,1,3
1,0,0,10.8198,1.1514,35,1,2
0,-2,-2,12.3884,-0.0,37,2,3
0,0,0,11.4076,0.9298,29,1,3
1,-1,-1,11.9184,0.004,29,2,1
1,3,3,11.5129,0.6109,35,2,2
1,2,2,11.1563,0.3773,24,2,1
1,-2,-2,12.9715,0.0006,27,2,2
0,0,-1,11.9184,0.4292,31,1,1
0,0,0,10.8198,1.0708,48,1,1
1,-2,-2,12.2061,-0.0001,33,1,1
0,0,0,11.9184,0.133,28,2,2
0,0,0,10.8198,0.1166,25,1,2
0,0,0,12.6115,0.0559,31,1,1
0,0,0,10.8198,0.9116,44,2,2
1,1,-2,10.309,0.0,30,1,1
0,1,-1,12.8479,0.0,53,1,1
0,1,2,11.1563,0.9971,45,2,1
0,0,0,12.7939,0.0539,28,1,2
0,0,0,10.8198,0.8399,41,1,2
0,1,2,9.9035,0.5865,30,2,1
0,0,0,11.2898,1.0011,27,2,2
0,0,0,10.309,0.4285,49,1,2
0,0,0,10.8198,1.0336,55,2,3
0,0,0,10.309,0.8804,37,2,3
1,-1,-1,12.4684,0.0402,38,1,1
0,-1,-1,12.2549,0.21,39,2,2
0,0,0,12.2061,0.0376,29,2,1
1,-1,0,10.8198,0.1087,56,1,1
0,0,0,13.1022,0.2207,28,1,3
0,-1,-1,12.0436,0.0205,45,1,1
0,-1,0,13.1224,0.0315,29,1,1
0,2,0,12.3014,0.7166,46,1,2
0,0,0,11.9184,0.9422,30,2,1
0,2,2,10.8198,0.8931,34,2,2
0,0,0,10.8198,0.9287,52,1,2
0,0,0,11.5129,0.9186,26,2,1
0,0,0,12.6443,0.0923,25,2,2
0,0,0,13.1422,0.1223,35,2,1
0,1,2,12.2061,0.056,41,1,2
0,0,0,10.8198,0.1596,43,1,3
0,1,3,12.6115,0.0345,38,2,1
0,1,-2,13.017,0.0,40,2,1
0,-1,-1,10.309,0.1301,27,1,2
0,-1,-1,11.0021,0.0139,27,2,1
1,2,0,11.8494,0.183,23,2,2
0,0,0,10.8198,0.7242,32,2,2
0,0,0,11.4076,0.961,28,2,3
0,0,0,12.1548,0.7296,34,2,2
0,0,0,11.9184,0.9822,29,2,1
0,-1,-1,12.8739,0.0489,28,2,2
0,0,0,10.309,0.9641,47,1,3
1,2,0,12.3884,0.7684,60,1,1
1,-1,-1,12.4684,0.0018,29,2,1
0,0,0,10.309,0.3399,25,1,3
0,0,0,13.1224,0.1162,28,2,1
0,2,2,11.0021,0.6898,29,2,2
0,0,0,12.2061,0.7247,30,1,3
0,0,0,11.2898,0.8833,31,1,2
0,1,-2,11.5129,-0.0,30,2,2
0,-1,-1,12.8479,0.0115,42,1,1
1,0,0,12.2549,0.1567,30,1,2
1,0,0,9.2103,0.8257,27,1,2
0,0,0,13.1224,0.1834,44,1,2
1,2,0,12.3884,0.4933,37,2,1
0,0,0,12.5062,0.8425,29,1,1
0,0,0,10.8198,0.4201,25,1,2
0,0,0,11.6952,0.7014,36,2,1
0,0,0,12.5425,1.0059,28,1,1
0,0,0,12.4684,0.4862,28,2,1
0,-1,-1,12.7939,0.0222,38,1,1
0,1,-1,12.2549,0.0,30,2,1
0,0,-1,12.8739,0.0254,29,1,1
0,0,0,10.5966,0.8718,36,1,2
0,0,0,9.2103,0.6691,27,2,2
1,-2,-2,11.6952,0.0,43,2,2
0,-1,-1,12.2061,0.0072,43,1,3
0,-1,-1,11.2898,0.0185,37,2,2
0,0,0,11.0021,0.2032,27,2,2
1,2,2,11.7753,0.3849,39,2,2
0,0,0,11.5129,0.1785,29,2,2
0,-1,2,9.9035,0.1606,45,1,2
0,0,0,13.039,0.0986,34,1,1
0,1,2,11.2898,1.0276,32,1,2
0,0,0,11.2898,0.9311,26,1,1
0,0,0,12.3884,0.8744,28,2,1
0,0,0,12.2061,0.4879,38,2,3
0,-2,-2,12.3458,0.0009,29,1,2
0,2,-1,12.4684,0.0032,53,2,1
0,0,0,11.4076,0.9862,38,2,2
0,0,0,12.6761,1.0147,29,1,2
0,0,0,12.5425,0.8256,47,2,2
1,1,2,11.6952,0.7281,29,1,2
0,1,-2,12.8992,0.0004,27,2,1
0,0,0,10.8198,0.5009,55,2,1
1,2,2,9.2103,0.24,23,2,1
0,0,0,11.1563,0.9986,26,1,2
0,0,0,12.2549,0.3124,30,1,1
0,-1,-1,11.8494,0.0072,39,2,2
0,-1,-1,12.5776,0.0032,50,1,2
0,0,0,10.309,0.9431,32,1,3
1,1,2,11.6082,0.5334,32,2,1
0,0,0,9.9035,0.4888,54,2,3
0,0,0,12.3014,0.6207,36,2,2
0,-1,-1,12.1007,0.0038,36,2,2
1,4,3,10.309,0.8633,26,1,1
0,1,-2,10.8198,0.0,31,2,2
0,0,0,11.9184,0.2578,29,1,3
0,0,0,11.9184,0.2046,32,2,1
0,1,3,11.8494,0.6001,30,1,3
0,0,0,11.2898,0.994,48,2,2
0,0,0,12.2061,0.5289,33,2,1
0,-1,-1,12.8992,0.0112,44,1,1
0,2,2,11.7753,1.0447,28,2,2
0,0,0,10.8198,0.7721,22,2,2
1,0,0,12.1548,0.4564,51,1,2
1,0,0,13.0605,0.0367,40,2,1
0,-1,-1,12.5425,0.0083,55,1,1
0,-1,-1,13.039,0.0407,26,2,1
0,0,0,12.7367,0.4978,32,2,2
0,0,0,11.6082,0.9414,27,1,2
0,-1,0,12.9945,0.0572,27,2,2
0,-2,-2,11.4076,0.0382,23,2,2
0,-2,-2,11.1563,0.913,24,2,2
0,1,2,10.309,0.2378,24,2,2
0,0,0,11.6952,0.0325,49,2,2
0,-1,-1,12.6115,0.0425,27,2,2
0,0,0,11.0021,0.2719,25,2,1
1,-1,-1,12.1007,0.0006,36,1,2
1,1,2,10.309,0.5925,43,2,1
0,-1,-1,12.7939,0.0439,35,1,1
0,-2,-2,11.9184,0.1031,49,1,1
0,0,0,11.1563,0.2905,28,2,1
0,0,0,11.9184,0.413,44,2,2
0,-2,-2,12.9945,0.0,33,2,1
0,1,-1,13.1224,-0.0,52,1,1
1,1,2,12.4684,1.0152,29,1,2
0,1,-2,12.7939,0.0,29,1,1
0,0,0,11.8494,0.9491,28,1,1
1,0,0,9.2103,0.4216,24,1,1
0,-2,-2,12.2061,0.0129,32,2,1
0,0,0,12.2549,0.6124,35,1,2
1,2,0,9.9035,0.6874,27,1,2
0,-1,-1,12.3884,0.0176,44,1,1
1,5,4,10.309,0.885,51,1,2
0,-2,-2,13.017,0.0244,38,2,2
0,-1,-1,11.0021,0.4083,40,2,3
0,0,0,11.5129,0.5834,30,2,2
0,-1,-1,13.1224,0.0259,49,1,1
0,-1,-1,10.8198,0.0127,51,1,3
0,-1,-1,11.2898,0.0125,35,2,2
1,2,2,9.9035,0.2872,22,2,2
0,0,0,13.1224,0.2826,43,1,1
0,0,0,11.8494,0.5076,31,2,1
0,0,0,13.1224,0.9101,29,2,2
1,2,0,10.8198,0.8649,24,1,2
1,0,0,12.0436,1.0021,60,1,1
0,0,0,12.3014,0.622,44,2,2
1,2,2,11.1563,0.9138,33,2,2
0,0,0,12.7939,0.3394,34,2,2
0,0,0,12.9715,0.0809,29,2,1
0,2,2,9.9035,1.0078,26,1,3
0,-1,0,12.2061,0.0039,53,2,3
0,-1,-1,12.2061,0.01,35,2,2
0,0,0,11.2898,0.98,25,2,2
0,2,0,11.7753,0.5968,35,1,1
0,-1,-1,11.9184,0.0423,49,1,1
1,2,2,11.9184,0.1186,53,1,3
1,2,2,12.1548,0.0247,27,2,2
1,1,-2,13.017,0.0,36,2,2
0,-1,-1,11.2898,0.0049,31,2,2
0,-1,3,12.4684,0.3164,31,2,2
1,2,2,11.2898,0.7803,34,1,1
0,1,-2,13.1224,0.0,39,1,1
0,-1,-1,12.4684,0.0003,43,1,1
1,2,0,12.4684,0.362,30,2,1
0,2,4,10.8198,0.4989,33,1,1
0,1,-1,12.7939,-0.0,46,2,1
0,-2,-2,12.0436,-0.0012,53,2,1
0,1,-2,11.6952,0.0,34,2,2
0,0,-1,10.8198,0.1039,26,2,2
1,-1,2,10.8198,0.0093,40,2,1
0,0,0,12.6443,0.0957,48,1,1
0,0,0,10.8198,0.3508,27,1,1
0,0,0,11.8494,0.8679,32,2,2
1,2,0,11.5129,0.7307,28,2,2
0,1,2,9.9035,0.9922,32,1,3
1,0,0,11.6952,0.0948,27,2,1
0,0,0,10.309,0.939,59,2,3
1,0,0,9.9035,1.0092,27,1,3
1,1,-1,11.9829,0.0,27,2,2
0,1,-2,12.1007,-0.0071,37,2,2
0,0,0,10.5966,0.5234,26,2,1
0,0,0,11.2898,0.6126,34,2,2
0,3,3,11.6952,0.9477,31,1,2
1,-1,-1,9.9035,0.124,22,2,2
0,0,0,9.9035,0.9136,33,1,2
1,4,5,11.5129,1.0176,52,1,1
0,1,-2,13.1224,0.0,45,1,1
0,0,0,11.2898,0.9787,29,2,2
0,-2,-2,11.9184,0.0645,41,2,1
0,0,0,10.309,0.9198,26,2,3
1,1,2,11.6952,0.0054,34,1,1
1,2,2,11.1563,0.3682,27,2,2
0,0,0,11.9184,0.9423,32,1,2
0,1,-2,12.2549,0.0,42,2,2
0,1,2,11.2898,1.0361,30,2,2
0,0,0,11.4076,0.9588,29,1,2
0,0,0,9.9035,0.8904,22,2,2
0,1,-1,12.3884,0.0,36,2,1
1,2,2,10.8198,0.6023,29,1,2
0,0,0,12.4292,1.0957,28,2,1
0,1,-2,12.5425,0.0,31,2,1
0,0,0,9.2103,0.8286,40,1,3
0,-1,0,11.9184,0.3067,33,2,2
0,1,-2,12.7068,0.0,47,2,2
1,-1,-1,12.3884,0.0223,30,1,1
0,0,0,11.7753,0.3236,34,2,2
0,0,0,13.017,0.0361,37,1,1
1,-1,-1,10.8198,0.0105,26,1,1
0,0,0,11.1563,0.9726,24,2,3
0,0,0,11.2898,0.4186,26,1,2
0,-1,-1,10.8198,0.0047,24,1,1
1,2,0,10.309,0.9914,33,1,3
0,0,0,10.8198,0.9605,23,1,2
0,0,0,11.1563,0.9791,29,1,2
1,0,0,10.8198,0.2944,33,2,2
1,0,0,11.5129,0.5342,27,2,3
0,0,0,12.2061,0.1986,24,2,2
0,1,-2,12.1007,0.0222,38,1,1
1,-1,-1,12.3884,0.0288,38,2,1
0,2,2,11.4076,0.3897,35,2,3
0,0,0,10.8198,0.3385,33,2,2
0,0,0,11.2898,0.9332,48,1,2
0,-2,-1,12.2549,0.0,43,2,1
0,0,0,12.7657,0.9975,41,1,3
1,0,0,11.9829,0.8243,45,1,2
1,0,0,11.1563,0.9553,33,1,1
0,1,-1,11.8494,0.0,33,2,1
0,0,0,11.2898,0.6586,47,1,2
1,2,2,11.6082,1.001,39,2,2
0,0,0,10.8198,0.3471,25,1,2
0,0,0,10.309,0.9143,38,1,1
0,0,0,10.309,0.9464,27,2,2
1,0,0,12.2061,0.4001,33,1,2
0,0,0,12.5776,0.4613,28,2,2
0,0,0,12.3014,0.1343,34,1,1
0,0,0,12.1007,0.0547,28,1,1
0,0,0,13.1224,0.1484,38,1,3
0,-1,-1,12.2549,0.0339,39,1,2
1,3,2,11.5129,1.0002,24,2,1
0,0,0,11.5129,0.08,23,2,2
1,2,2,11.7753,1.0685,25,2,2
1,0,0,9.2103,0.9042,21,1,2
0,-1,-1,10.8198,0.0156,35,1,2
0,0,0,12.3884,0.799,37,1,1
0,0,0,9.9035,0.6118,53,2,3
0,-1,-1,9.9035,0.0962,38,2,1
0,3,2,11.9184,0.0007,39,2,1
0,-1,-1,12.3458,0.0168,36,1,2
0,-1,0,10.8198,0.9943,26,1,2
0,0,0,12.6115,0.0364,35,2,2
0,-1,-1,11.6082,0.0029,54,2,2
0,-2,-2,12.3458,0.0197,33,2,1
0,1,-1,10.8198,0.0,30,2,2
0,0,0,11.1563,0.9559,24,2,2
0,-2,-2,12.7939,0.0,27,2,1
0,0,0,11.6082,0.9833,32,2,2
0,0,0,11.6952,0.9682,48,2,2
1,-1,-1,12.2061,0.0756,45,2,1
0,-1,-1,12.4684,0.0366,46,2,5
0,-1,-1,12.5776,0.0534,47,2,1
0,0,0,9.9035,0.8752,22,2,2
1,0,0,10.8198,0.9337,22,2,3
0,0,0,10.8198,0.6743,23,2,2
0,0,0,11.0021,0.0586,23,2,1
0,-1,-1,12.7068,0.0224,46,1,1
0,0,0,11.0021,0.9807,23,2,2
0,0,0,12.1007,0.7485,25,2,2
0,1,2,11.2898,0.6693,28,2,1
0,1,-1,13.017,0.0,32,2,1
0,-2,-2,11.9184,0.035,36,2,4
0,1,-2,12.5425,0.0,28,2,2
0,0,0,12.1007,0.3723,47,1,3
0,-1,-1,12.8479,0.0043,54,2,3
0,-2,-2,11.9184,0.0026,45,1,2
0,-1,-1,12.5425,0.0032,52,2,1
0,-1,-1,11.9829,0.1185,34,2,2
0,0,0,11.6952,0.9856,29,1,2
0,0,0,12.7068,0.7939,34,2,1
0,1,-2,12.2549,0.0,49,2,2
0,1,-1,12.2061,-0.0002,27,1,1
0,0,0,12.7367,0.8281,27,2,5
0,-1,-1,12.2061,0.0048,34,1,1
0,0,0,11.9829,0.0298,34,2,3
0,-1,-1,13.1224,0.1549,48,2,2
0,0,0,10.8198,0.5657,43,1,2
0,-1,0,12.0436,0.1894,23,2,2
0,1,2,12.4684,0.9035,29,2,1
1,1,-2,12.7939,0.0,49,1,2
0,0,0,12.8992,0.1026,29,1,1
0,-1,0,12.8479,0.2416,32,2,1
1,0,0,10.8198,0.1467,29,1,3
0,-1,-1,11.7753,0.003,40,1,2
0,1,-1,11.6082,-0.0114,24,2,2
0,1,-2,10.8198,0.0,23,1,1
0,0,0,12.1548,0.8172,26,1,2
1,-1,-1,12.0436,0.0161,46,2,2
0,0,0,12.2549,0.8536,25,2,4
0,0,0,10.8198,0.9255,25,1,3
1,2,0,9.9035,0.7032,45,2,3
1,0,0,11.2898,0.4165,26,2,2
0,-1,0,13.1224,0.0088,39,2,1
1,1,2,12.4292,0.2395,31,2,2
0,0,0,10.8198,0.1362,34,1,3
0,0,0,12.6115,0.6046,38,1,2
1,2,2,10.309,0.9325,40,2,2
0,2,2,10.8198,1.2244,34,1,2
0,-2,-2,12.1007,-0.0006,35,2,2
0,0,0,10.8198,0.1803,28,2,5
0,0,0,10.8198,0.1213,46,1,3
0,0,0,12.1548,0.9699,40,2,2
0,-2,-2,12.2061,0.0047,32,2,2
0,0,0,11.8494,1.0076,26,2,2
1,0,0,9.2103,0.6817,47,1,3
0,0,0,12.1007,0.4919,54,2,5
0,-1,-1,12.0436,0.0851,29,2,3
0,1,-2,10.8198,0.0,36,1,2
0,-1,-1,12.2061,0.0462,32,1,2
1,-1,-1,12.0436,0.0064,42,2,2
0,1,2,10.8198,0.1179,52,1,2
0,-1,-1,12.3458,0.0103,24,2,2
0,0,0,13.1224,0.0427,36,2,2
1,2,2,10.8198,0.021,25,1,2
0,0,0,11.2898,0.407,38,1,1
0,-1,-1,12.2061,0.0039,61,2,2
1,1,-2,12.7939,0.0,34,1,3
0,-1,2,11.8494,0.0056,41,2,1
1,1,2,12.5776,1.01,48,2,2
1,0,0,10.8198,0.9605,41,1,2
0,0,0,9.2103,0.3213,38,2,2
0,2,-1,11.2898,0.0149,27,1,2
1,0,0,9.9035,0.9268,22,1,3
0,-2,-2,11.9184,0.0008,37,1,1
1,0,0,12.3458,0.0395,37,2,1
1,0,0,11.0021,1.0082,24,2,3
0,-1,-1,12.7939,0.002,26,2,1
0,0,0,11.5129,0.462,36,1,2
0,0,0,10.309,0.7822,33,1,2
0,0,0,12.7068,0.4706,30,2,2
0,-1,2,9.9035,0.0316,24,2,1
0,1,2,11.2898,0.5257,49,2,2
1,0,0,11.4076,0.4461,23,2,5
0,0,0,9.9035,0.837,23,2,2
1,1,-2,12.3458,0.0,61,1,3
0,-1,2,11.9829,0.0219,28,1,2
0,-1,-1,12.2061,0.0125,36,2,2
0,0,-1,9.9035,0.0978,27,1,2
0,0,0,12.0436,0.3012,35,1,1
0,0,0,12.1007,0.0204,26,2,2
0,0,0,10.8198,1.9698,29,2,2
0,-1,-1,12.7939,0.0459,40,2,1
0,-1,-1,12.3458,0.0038,28,2,2
1,0,0,11.2898,0.9464,28,2,1
1,2,2,11.0021,1.0239,31,1,1
0,-1,-1,11.9184,0.0028,52,2,3
0,0,0,11.6952,0.9752,52,2,3
0,-1,-1,12.9715,0.0485,43,2,1
0,0,0,12.7939,0.2476,32,1,3
0,-1,-1,12.2061,0.002,60,2,2
0,0,0,10.8198,0.8192,26,1,2
0,0,0,11.9184,0.4667,36,2,2
0,0,0,9.9035,0.6073,46,2,1
0,0,0,9.9035,0.2782,23,1,1
1,1,3,10.8198,1.0587,24,1,2
1,0,0,12.4684,0.0758,27,2,2
1,0,0,12.3458,0.0081,30,2,3
0,-1,-1,12.0436,0.1132,43,1,3
0,-2,-2,12.1007,-0.0007,28,1,1
0,1,2,10.309,0.8057,38,1,1
1,3,2,9.9035,0.8007,22,1,2
1,2,0,12.4684,0.0025,50,1,3
0,-1,-1,12.1007,0.0096,30,2,3
1,0,0,12.3458,0.249,32,2,2
0,0,0,11.6952,0.3907,43,2,2
0,-2,-2,12.5425,0.0,63,1,1
0,0,0,12.5062,0.5562,29,2,2
0,0,0,11.1563,0.9639,39,1,1
0,0,0,11.0021,0.8872,31,1,2
0,0,0,12.1007,0.434,28,1,2
1,0,0,11.9829,0.1901,32,2,2
0,0,0,10.8198,0.29,25,2,1
0,-2,-2,11.0021,0.8841,48,2,2
1,3,2,10.8198,0.2592,48,1,2
0,1,-1,11.2898,-0.0,56,2,2
0,0,0,10.309,0.9541,22,2,2
0,0,0,11.4076,0.3573,26,2,1
0,0,-1,11.7753,0.0751,33,2,2
0,-2,-2,12.2061,0.0139,38,1,1
1,0,0,9.9035,0.5782,23,2,2
0,-1,-1,12.6115,0.0063,31,1,3
0,0,0,11.9829,0.7533,41,2,1
0,-1,-1,13.1224,0.0014,41,2,1
1,2,2,10.8198,1.0173,25,2,2
0,0,0,9.9035,1.0026,25,1,1
1,2,3,12.3884,0.8906,40,1,3
1,2,2,12.2061,0.8616,29,1,2
1,-1,-1,12.2061,0.0009,27,2,2
0,-1,-1,12.4684,0.0401,36,2,1
0,2,2,11.5129,0.893,26,1,2
0,-1,-1,12.7939,0.0722,42,1,3
0,0,0,12.5425,1.0231,38,2,6
0,0,-1,12.7939,0.0284,47,1,1
0,-1,0,12.948,0.001,34,2,1
0,-2,-2,12.8992,0.0,42,2,2
0,2,0,10.8198,0.6669,41,2,2
0,-2,-2,13.1224,0.3732,45,1,1
0,0,0,10.8198,0.9605,56,1,2
0,-1,2,11.2898,0.0159,24,2,1
0,2,3,11.2898,1.0522,23,2,2
0,0,0,9.9035,0.6961,50,2,2
0,0,0,13.039,0.1766,27,2,1
0,0,0,12.3884,0.1989,33,1,1
0,0,0,11.6952,0.4455,30,1,2
0,1,3,9.9035,0.386,24,1,2
0,0,0,12.5776,0.2151,50,1,3
0,0,0,10.8198,0.676,38,2,2
0,0,0,12.2061,0.1103,40,2,2
0,0,0,9.9035,0.8986,27,2,3
0,0,0,11.5129,0.4397,43,1,1
0,0,0,12.4684,0.4129,36,2,1
0,4,3,9.9035,1.0875,27,2,2
0,0,0,9.2103,0.5964,22,2,2
0,-2,-2,12.948,0.11,47,1,1
0,0,0,11.7753,0.228,27,2,3
0,0,0,11.9184,0.2433,25,2,1
0,-1,-1,11.6952,0.0024,33,1,1
0,0,0,10.309,0.2415,25,2,2
0,0,0,12.4684,0.6387,31,2,2
1,-1,-1,11.0021,0.0054,34,1,3
0,0,0,11.1563,1.5142,52,2,3
0,2,0,11.6082,0.2572,26,1,2
0,-1,-1,12.1007,0.0488,37,1,2
0,-2,-2,12.6115,0.021,48,2,2
0,-2,-1,12.4684,0.0024,38,2,1
1,2,2,10.8198,0.7266,41,2,2
0,0,0,11.4076,0.7013,45,2,3
1,1,2,9.9035,0.3012,24,2,2
0,-1,-1,12.3014,0.0124,30,2,1
0,0,0,12.3884,0.0123,27,1,1
0,0,0,12.9945,0.2239,40,2,2
0,5,4,11.0021,1.008,37,2,2
0,-1,-1,12.8479,0.0178,31,1,2
1,2,2,10.309,0.6536,44,2,3
0,0,0,11.6952,0.5976,35,2,2
0,-2,-2,11.9184,0.0306,29,1,1
0,0,0,11.4076,0.4813,28,1,2
0,0,0,12.1007,0.1389,34,2,2
0,-1,0,9.2103,0.7841,37,2,2
1,2,2,9.9035,0.7583,24,1,2
1,2,2,11.2898,0.7219,41,2,3
0,0,0,13.3212,0.0832,30,1,2
0,1,-2,12.1007,0.0,27,2,3
1,1,-1,10.8198,0.0,53,1,3
1,0,0,11.7753,1.0054,30,1,1
0,0,0,11.9829,0.8452,26,1,1
0,0,0,12.2061,0.6861,29,1,1
0,0,0,9.9035,0.7448,29,1,1
0,0,0,10.8198,0.9412,56,2,2
1,1,2,10.309,0.9294,46,2,2
0,0,0,11.8494,0.934,29,1,2
0,1,2,11.9829,0.0723,45,1,2
0,-1,-1,12.9239,0.0079,33,1,1
0,0,0,12.6761,0.0254,30,2,1
0,0,0,10.8198,0.9481,36,2,2
0,0,0,11.6082,0.9747,29,1,2
0,0,0,13.1806,0.4149,50,2,3
1,0,0,11.2898,0.5873,40,2,2
1,2,0,12.1548,1.0752,26,2,1
0,-1,-1,13.1224,0.0082,58,1,2
0,1,-1,12.5062,0.0,30,2,3
0,2,2,9.9035,0.8684,26,2,2
1,0,0,11.4076,0.3085,39,1,2
0,1,2,9.2103,0.6898,44,1,2
0,0,0,12.6761,0.0127,36,2,2
0,0,0,12.1548,0.2249,33,2,1
1,-1,-1,12.8479,0.0167,39,1,1
0,0,0,12.1007,0.8087,30,1,2
0,-1,-1,12.7939,0.0025,33,2,1
0,1,2,11.9184,0.27,30,1,2
1,1,2,10.8198,0.9122,57,2,1
0,1,2,10.8198,0.7993,39,1,2
0,0,0,10.8198,0.8451,51,1,3
0,0,0,12.7367,0.1402,30,2,2
0,-1,0,12.6761,0.3491,26,1,1
0,-1,-1,12.3458,0.0014,42,2,1
0,-1,-1,11.6952,0.0054,31,2,1
0,1,2,10.309,0.8974,34,1,1
0,-1,-1,12.3884,0.0876,34,1,1
0,1,-2,12.3884,0.0,32,2,2
0,0,0,12.2549,0.4731,30,1,1
0,1,2,9.9035,0.8616,24,1,3
1,0,0,9.9035,0.828,42,2,2
0,1,2,11.6082,0.0398,25,2,1
0,0,0,11.7753,0.677,39,1,2
0,0,0,11.2898,0.9732,28,2,2
1,1,2,9.9035,0.6282,36,1,2
1,-1,-1,9.2103,0.4711,38,1,1
0,-1,-1,12.1007,0.0304,37,1,2
0,0,0,12.5425,0.5032,29,2,2
1,2,2,12.3014,0.5674,29,1,1
1,3,3,12.4684,0.8289,42,1,2
0,1,2,10.309,0.5175,40,1,2
0,-2,-2,10.8198,0.4305,29,2,2
0,0,0,11.9184,1.0248,47,2,3
0,0,0,11.9829,0.2954,38,1,3
0,1,-1,9.9035,0.0,26,1,2
0,0,-1,12.5425,0.0677,42,1,1
0,0,0,10.8198,0.1343,24,1,2
0,1,-2,12.6115,0.0045,43,2,1
0,0,0,12.3458,0.2632,31,1,2
0,0,0,11.0021,0.6195,27,1,3
0,-2,-2,12.1548,0.2717,29,1,3
0,1,-2,11.0021,0.0,43,1,2
1,2,0,11.5129,0.8842,25,2,2
0,0,0,10.309,0.5722,45,2,2
1,6,5,12.2061,0.3566,30,2,2
0,0,0,10.309,0.8369,27,1,1
0,0,0,11.7753,0.9727,25,1,2
0,0,0,11.6952,0.5008,29,1,2
0,1,-2,11.9829,-0.0012,35,2,2
0,0,0,9.9035,0.8886,23,2,2
0,2,2,10.309,0.8711,24,2,2
0,0,0,11.1563,0.9289,23,2,2
0,0,0,11.2898,0.9779,25,1,3
0,0,0,11.2898,0.0761,23,2,2
0,0,0,11.5129,1.0447,50,1,2
0,0,0,13.2534,0.047,31,1,1
0,2,-1,12.0436,0.0021,45,1,1
0,1,-1,10.8198,0.0,25,2,2
0,0,0,12.6443,0.9694,39,2,1
1,0,0,11.8494,0.1392,27,1,1
0,0,0,12.2061,0.3471,29,2,2
1,0,-1,12.6115,0.0378,26,2,2
0,0,0,12.6115,0.9873,26,2,1
0,0,0,11.8494,1.1604,55,1,2
0,-1,-1,13.2357,0.0188,47,1,1
1,1,2,12.2061,0.3677,46,1,1
0,0,0,12.3458,0.8019,31,2,3
1,0,0,12.2061,0.0117,36,1,1
1,2,2,11.9829,0.4614,34,1,2
0,0,0,12.3014,0.9823,29,1,1
0,0,0,11.0021,0.997,25,1,3
1,2,2,12.8739,0.2017,43,2,2
0,-2,-2,12.5425,0.0067,39,2,1
0,0,0,11.2898,0.6664,60,1,1
0,0,0,12.7939,0.0877,34,1,2
0,0,0,9.9035,0.9385,21,2,2
0,-1,-1,13.1224,0.0044,31,2,2
0,-1,-1,11.4076,0.0035,23,2,1
0,0,0,10.309,0.9243,33,2,1
0,1,-1,12.8739,0.0,47,1,1
1,1,-2,12.7939,0.0,32,1,1
0,0,0,9.2103,0.9463,32,2,2
0,1,-2,11.9184,0.0,32,2,1
0,0,0,10.5966,0.7252,27,2,2
0,0,0,12.2549,0.3235,29,2,5
0,0,0,10.8198,0.9393,41,2,2
1,0,0,9.2103,0.7886,23,1,2
0,0,0,12.6443,0.131,26,2,2
0,0,0,10.8198,0.8759,34,1,1
0,-1,-1,11.9184,0.0319,37,2,1
1,0,0,10.8198,0.2368,48,1,3
0,0,0,12.4292,0.309,30,2,1
1,2,2,10.309,0.7451,46,2,3
1,0,0,10.309,0.7514,32,1,1
1,2,2,10.309,1.0205,50,2,3
1,8,7,9.9035,0.8471,44,2,2
0,0,0,10.309,0.5872,24,2,1
1,-1,-1,12.6115,0.0033,45,1,1
0,0,0,11.4076,0.062,28,1,2
0,0,0,10.309,0.8354,24,1,2
1,0,0,12.2061,0.641,51,2,2
0,0,0,12.1007,0.5585,29,2,2
0,0,0,11.1563,0.724,26,2,2
0,-2,-2,12.3458,0.0,29,2,2
0,1,-2,12.3884,0.0,45,2,1
0,-1,-1,12.1548,0.014,41,2,3
0,-2,-2,11.2898,0.0528,29,2,1
0,0,0,12.6115,0.2871,34,2,2
0,0,0,12.3014,0.9567,36,2,1
1,0,0,12.7367,0.1856,31,1,2
0,-1,-1,13.0815,0.0147,57,2,1
0,0,0,11.0021,0.7596,25,2,1
0,-1,0,12.2061,0.0572,28,1,2
0,0,0,9.9035,0.9823,53,1,2
0,0,0,11.6082,0.4168,46,2,3
1,0,0,13.0605,1.0456,32,2,2
0,-1,-1,12.2061,0.0037,42,1,2
0,0,0,11.7753,0.1289,30,1,1
0,0,0,11.2898,0.9858,46,1,1
0,1,-2,11.6952,0.0,30,2,2
0,0,0,12.1007,0.1652,27,1,1
0,0,0,12.8992,0.7168,42,1,2
0,0,0,11.9184,1.0053,43,1,3
0,0,0,13.3692,0.1647,34,2,3
0,1,1,13.1224,0.0963,32,1,1
1,1,2,11.1563,0.4015,26,2,1
0,-1,3,11.5129,0.0133,24,2,1
0,-2,-2,11.2898,0.0,42,2,3
0,0,0,11.6952,0.7008,30,2,2
0,0,0,12.2549,0.1913,31,2,1
0,-1,-1,10.8198,0.2714,25,2,1
0,0,0,10.8198,0.9238,45,2,2
0,-2,-1,12.4684,-0.0002,35,1,2
0,1,-2,9.9035,-0.0025,22,1,2
0,2,2,10.309,1.2667,40,1,2
0,0,0,12.6443,0.5877,29,2,2
0,-1,-1,11.5129,0.4313,34,1,1
0,-2,-2,12.6115,0.0013,38,2,1
0,0,0,10.309,0.9203,47,1,3
0,0,0,12.6761,0.5429,34,1,2
0,0,0,11.6952,0.6823,32,2,1
1,0,0,11.2898,0.3271,24,1,2
1,2,2,9.9035,0.7544,50,1,3
0,-2,-2,12.8479,0.0009,53,1,1
0,0,0,12.1007,0.9616,30,2,1
0,0,0,10.8198,0.5276,27,1,2
0,-2,-2,12.5425,0.0,33,1,1
0,0,0,10.309,0.8421,47,2,3
1,2,0,11.5129,0.9761,25,1,2
0,0,0,10.309,0.933,45,1,1
0,0,0,11.9829,0.7761,30,2,2
0,-1,-1,12.2549,0.0109,42,1,1
0,0,0,9.2103,0.793,30,1,1
0,-1,-1,12.948,0.0085,36,2,2
0,-2,-1,12.8992,-0.0004,37,2,1
0,0,0,11.1563,0.8981,29,2,1
0,0,0,11.6082,0.555,31,1,2
0,0,0,12.6115,0.782,54,1,1
0,-1,0,11.6952,0.1836,27,2,1
0,0,0,12.1007,0.0772,27,1,1
0,0,0,12.8992,0.0797,46,1,1
0,0,0,11.5129,0.3722,44,1,1
1,-2,-2,12.3014,0.8351,32,2,2
0,-1,-1,12.3014,0.0014,43,2,2
0,0,0,11.8494,0.9055,27,2,2
1,0,0,11.4076,1.2509,51,2,2
0,0,0,10.309,0.9764,23,2,1
0,0,0,12.3884,0.0095,28,2,1
0,0,0,11.6082,0.9696,37,2,1
1,2,2,11.0021,0.6226,24,2,1
1,1,5,9.9035,0.6621,26,1,2
1,0,0,12.1007,0.9638,53,1,2
0,0,0,11.7753,0.6472,26,2,2
0,0,0,11.7753,0.3273,36,2,3
0,2,0,11.1563,0.7227,26,1,1
1,-1,2,9.2103,0.986,42,1,2
0,-2,-2,10.8198,0.0179,24,2,1
0,-1,3,12.1548,0.0427,31,2,1
0,0,0,11.0021,0.987,36,1,2
1,1,2,9.9035,0.8574,25,1,1
1,2,2,11.2898,0.9248,42,2,2
0,-1,-1,13.1224,0.0105,51,2,1
0,1,-2,12.3014,-0.0195,52,1,3
0,-2,-2,12.3458,0.0165,36,2,2
0,2,2,9.9035,0.7761,25,1,2
1,0,0,10.8198,0.9761,39,1,2
0,0,0,11.6952,0.9207,29,2,1
1,0,0,11.7753,0.7661,34,2,2
0,2,-1,12.3458,0.0016,26,2,1
0,0,0,12.7657,0.2632,32,1,1
0,-2,-2,12.6115,0.0452,38,2,1
0,0,0,11.1563,0.9653,55,2,2
0,0,0,12.5425,1.0057,33,1,1
1,0,0,11.0021,0.3439,25,2,2
1,0,0,12.6443,0.5476,42,1,2
1,0,0,12.5776,0.0188,34,1,3
1,1,2,12.1007,0.7412,35,1,1
0,1,-2,12.7367,-0.0006,43,2,1
0,-2,-2,12.7939,0.014,29,2,1
1,-1,0,12.1007,0.0055,33,2,1
0,0,0,10.309,0.8538,48,2,3
0,0,0,11.5129,0.2613,32,1,1
0,0,0,12.1007,0.4879,42,1,2
1,2,2,12.2549,0.6252,31,2,1
0,0,0,12.1007,0.6177,36,2,2
0,0,0,11.0021,0.8853,48,2,3
0,0,0,13.1224,0.3845,30,1,1
0,0,0,12.2061,0.0288,37,2,2
0,0,0,13.3212,0.2379,39,2,2
0,0,0,10.8198,0.9475,29,1,2
0,0,0,11.2898,0.083,25,2,6
0,0,0,12.2549,0.492,38,1,1
0,1,2,10.8198,1.0422,56,1,1
0,-1,-1,12.7939,0.0156,58,1,1
0,-2,-2,12.3884,0.2242,30,1,2
0,0,0,9.9035,0.5424,56,1,3
1,0,0,9.2103,0.2946,22,1,1
1,2,0,10.309,1.0186,23,2,2
0,0,0,12.7939,0.1118,30,1,0
0,0,0,12.4684,0.2003,29,1,1
0,0,0,11.5129,0.6436,52,1,2
0,-1,-1,13.1224,0.0045,40,2,2
0,0,0,11.1563,0.9924,42,2,3
0,-2,-2,12.2061,0.1317,38,2,1
0,0,0,12.3458,0.6279,45,2,5
0,-1,-1,12.2061,0.0149,36,1,2
1,2,2,11.6082,0.8809,38,1,2
0,0,0,12.4684,0.0262,33,2,1
0,-1,-1,10.8198,0.0078,55,2,3
0,0,0,10.8198,0.9824,44,1,2
0,0,-1,11.2898,0.3249,23,1,2
0,-1,-1,12.4684,0.0276,29,1,1
0,0,0,11.2898,0.6098,31,1,1
0,0,0,11.2898,0.602,29,2,1
0,-1,-1,12.2061,0.0118,36,2,5
1,4,3,12.8213,1.0554,29,2,2
1,2,2,11.0021,0.7801,43,2,1
0,1,2,12.4684,0.2174,29,1,1
1,3,2,10.309,0.4487,35,1,2
1,1,2,11.6952,0.5026,32,1,2
0,0,0,11.7753,1.0294,39,2,3
0,-2,-2,11.9829,0.0,38,2,3
0,-1,-1,12.3458,0.022,31,2,2
0,0,0,12.6115,0.9785,26,2,1
0,-2,-1,12.1007,0.0222,29,2,2
1,1,-2,11.2898,0.0,24,2,2
0,0,0,12.1007,0.5963,30,2,4
1,3,2,10.8198,1.0103,25,1,2
0,-2,-2,9.2103,0.2778,62,1,2
0,-1,-1,10.8198,0.0308,46,1,2
0,1,2,11.4076,0.0924,31,2,1
1,2,0,10.309,0.7712,29,2,3
0,0,0,12.1007,1.0072,38,1,1
0,0,0,11.9184,0.9342,38,2,2
0,0,0,13.2879,1.0686,63,1,1
0,0,0,11.0021,0.9988,39,1,2
1,2,0,11.5129,0.63,27,1,2
0,-2,-2,9.9035,0.3833,25,2,2
1,2,2,9.2103,0.6883,22,1,1
1,2,2,12.6115,0.9105,26,1,1
0,0,0,12.4684,0.9291,40,2,2
0,0,0,11.9829,0.2416,28,2,3
1,-2,-2,12.4684,0.0,32,2,1
0,-1,-1,12.5425,0.0078,29,2,1
0,1,-1,12.4684,-0.0001,35,2,1
0,-2,-2,12.3884,0.0152,43,1,1
0,0,0,10.8198,0.9136,49,2,2
1,1,-2,12.4684,0.0,44,2,2
1,2,2,11.0021,1.0045,24,2,2
0,0,0,11.7753,0.1891,26,2,2
0,0,0,11.8494,0.8067,31,2,1
1,2,0,9.9035,0.9122,39,1,3
0,1,-2,12.7939,0.0,35,2,1
0,0,0,12.3014,0.5774,28,1,1
1,-1,-1,13.1224,0.0087,37,1,1
0,0,0,10.8198,1.0148,59,1,3
0,-1,-1,12.2549,0.0012,28,2,1
0,0,0,12.2061,0.4546,41,1,1
0,0,0,12.8213,0.236,28,1,1
0,1,2,12.2061,0.5602,27,1,2
0,1,-2,12.4684,-0.0008,51,1,1
0,-1,-1,10.8198,0.3102,23,2,1
0,0,0,12.4684,0.071,33,2,1
0,-1,-1,12.3458,0.0121,48,2,3
1,1,-2,9.9035,0.0,27,1,2
0,0,0,13.1224,0.0066,33,1,2
1,-1,-1,11.9829,0.0079,50,2,2
1,0,-1,10.8198,0.031,25,1,2
1,2,0,12.3014,0.0107,37,2,2
0,0,0,11.9184,0.379,64,1,3
0,-1,-1,12.1007,0.0618,35,2,1
1,0,0,11.2898,1.0269,40,2,2
0,0,0,10.8198,0.8398,27,2,3
1,1,2,10.309,0.1744,26,2,2
0,0,0,12.1007,0.9818,31,2,2
0,0,0,11.1563,0.8884,64,1,3
1,-2,-2,12.6115,0.0,33,2,1
0,-2,-2,13.3692,0.0101,50,2,1
0,1,-2,11.0021,0.0,28,2,1
1,2,0,11.6952,0.5643,24,2,2
0,-1,-1,12.5425,0.1299,27,2,1
0,0,0,12.4684,0.0314,32,2,1
0,0,0,10.8198,0.9708,34,1,2
0,1,2,11.1563,0.9227,47,1,2
1,-1,-1,10.8198,0.0078,38,1,1
1,2,0,13.0605,0.5131,40,1,1
0,-2,-2,12.6761,0.1753,41,2,1
0,0,0,10.8198,0.9877,23,2,3
0,-2,-2,12.3458,0.0,32,2,3
0,0,0,11.8494,0.3074,29,2,2
1,0,0,10.8198,0.126,25,1,2
0,1,-2,13.017,0.0,45,2,1
0,-1,-1,13.1224,0.0007,49,1,2
0,0,0,9.9035,0.798,37,1,2
0,-1,-1,12.3458,0.0083,38,1,1
0,1,3,10.8198,1.0778,24,1,2
0,-1,-1,12.6115,0.0426,31,1,2
0,2,2,11.5129,0.9268,36,2,3
0,0,0,10.309,0.9688,27,1,2
0,-1,-1,12.8992,0.016,44,1,2
0,-1,2,12.0436,0.0059,30,1,1
0,0,0,12.7367,0.1455,57,2,3
0,0,0,12.2549,0.2122,35,2,2
1,-1,-1,11.2898,0.0237,38,2,2
0,-1,-1,9.9035,0.3898,24,2,1
0,-1,-1,12.6115,0.001,51,2,1
1,-1,0,9.9035,0.3042,43,1,3
0,0,0,10.8198,1.0131,40,1,1
0,-1,-1,11.0021,0.0523,27,2,1
0,0,0,11.0021,0.9976,50,2,2
1,1,2,10.8198,0.9618,51,1,3
0,1,2,11.6952,0.4385,26,2,2
0,2,2,9.9035,0.256,59,1,3
0,-1,-1,12.3884,0.0014,40,2,2
0,-2,-2,12.948,0.0,36,2,1
0,1,-2,12.1007,0.0,28,2,1
0,2,2,12.9239,0.9939,28,2,3
1,0,0,10.309,0.5366,41,1,1
0,2,0,11.6082,0.3495,25,1,2
0,-1,-1,11.4076,0.0055,33,1,1
0,-1,-1,12.3014,0.1376,41,1,1
1,2,0,10.8198,0.947,57,2,3
0,0,0,10.309,0.6914,22,2,3
0,-1,-1,13.1616,0.0044,55,1,1
0,2,2,11.2898,0.605,39,2,3
0,0,0,9.9035,0.6033,58,1,3
0,-1,-1,12.2549,0.1303,29,2,1
0,0,0,11.5129,1.0156,28,2,2
0,1,-2,12.6761,0.0,33,2,1
0,0,0,13.1224,0.0761,44,2,2
0,0,0,9.9035,0.8104,41,2,3
0,0,0,9.2103,0.6827,59,1,2
0,-1,-1,12.6443,0.0139,43,1,3
0,-1,-1,12.2061,0.0561,37,2,1
0,-2,-2,12.1007,0.0242,29,1,3
0,0,0,10.8198,0.7459,32,1,2
0,-1,-1,11.9184,0.0158,41,2,2
0,0,0,13.1224,0.1873,45,2,1
1,0,0,12.3458,0.0632,31,1,2
0,0,0,9.9035,0.9922,38,1,2
0,0,0,12.1548,0.2267,28,2,2
0,0,0,9.9035,0.9522,24,2,2
0,0,0,12.0436,0.3259,51,1,3
0,0,0,12.2549,0.8617,43,2,2
1,2,2,11.5129,0.5959,44,1,2
0,0,0,12.4684,0.1925,42,2,2
0,0,0,12.2061,0.1119,25,2,2
1,0,0,11.4076,1.1883,40,1,2
0,0,0,13.0605,0.5745,35,2,1
0,-1,0,12.5062,0.5674,27,2,1
1,0,0,11.5129,0.6398,49,1,1
0,1,-2,12.2061,-0.0022,40,2,1
0,0,0,11.1563,0.5453,43,2,2
0,-1,-1,12.2061,0.081,40,2,1
0,0,0,10.8198,1.0551,31,2,2
0,0,0,11.4076,0.3148,24,2,2
0,0,0,10.8198,0.9628,30,2,2
0,-1,-1,12.3884,0.0013,37,2,1
0,-1,-1,11.8494,0.0023,35,1,1
0,2,2,11.6952,0.9383,52,1,1
0,1,-1,13.039,0.0,61,1,2
0,0,-1,12.0436,0.0112,25,2,2
0,0,0,13.1224,0.0796,39,2,1
0,0,0,10.8198,0.6256,51,1,2
0,1,-1,12.2549,-0.0001,26,2,1
0,0,0,10.8198,0.8502,24,1,1
0,-1,-1,12.2061,0.0016,42,2,2
0,-1,-1,9.9035,0.5515,26,2,1
0,1,2,11.2898,0.1214,53,2,2
1,1,-1,12.9715,0.0,32,1,2
1,3,2,12.7657,0.8989,44,2,1
0,-1,-1,10.8198,0.0548,34,2,2
1,0,0,12.2549,1.0334,55,2,3
0,-1,-1,9.9035,0.039,51,1,2
1,0,0,11.9829,0.2258,29,2,2
1,2,0,10.8198,0.5141,46,2,3
0,0,0,10.8198,0.9996,24,2,1
1,3,2,10.309,1.0196,31,1,3
1,2,2,11.5129,0.4819,29,1,1
0,0,0,12.7939,0.0988,28,1,2
0,0,0,12.6443,0.0134,34,2,2
0,2,2,10.8198,0.8017,30,2,2
0,0,0,11.6952,0.1,37,2,2
1,1,2,10.309,0.5498,29,2,2
0,0,0,12.2061,0.9665,30,2,2
0,0,0,9.9035,0.9858,37,1,3
1,0,0,10.8198,0.9404,23,2,2
0,0,0,11.1563,0.1182,25,2,1
0,1,-2,12.5776,0.0,32,2,1
0,2,2,11.4076,0.0083,30,2,1
1,2,2,11.9184,0.7109,37,1,2
0,0,0,11.4076,1.2468,38,1,2
1,0,0,11.2898,0.3507,40,1,1
0,1,2,11.5129,0.9579,32,1,1
0,-2,-2,12.2061,-0.0039,41,2,2
1,3,3,11.8494,0.8908,31,2,2
0,-1,-1,11.6082,0.0076,45,2,2
0,0,0,10.8198,0.624,43,2,3
0,0,0,11.0021,1.0293,42,2,2
0,0,0,11.7753,0.1952,40,1,1
0,0,0,12.6761,0.5658,43,2,2
0,-1,-1,11.6952,0.0184,42,2,3
0,1,2,13.017,0.7733,35,2,2
1,-1,0,12.2061,0.6814,36,2,2
1,1,3,9.9035,0.8085,31,1,1
0,-2,-2,12.9239,0.0165,29,2,2
0,0,0,12.2549,0.9848,40,2,1
1,1,-2,12.2549,0.0,36,2,1
0,1,-2,11.7753,0.0,38,1,3
1,-2,-2,12.0436,0.0383,27,2,1
0,0,0,12.1548,0.5492,55,2,2
1,0,0,12.3458,0.4172,28,2,1
0,0,0,11.6952,0.9545,29,2,2
1,0,0,10.8198,0.3463,23,2,2
1,0,0,12.3014,0.1455,41,2,2
0,2,0,12.6761,0.9793,32,2,1
1,0,0,11.9829,0.4728,27,2,2
0,0,0,9.9035,0.228,23,2,2
0,1,-2,13.039,-0.0006,34,2,1
0,1,-2,13.1022,0.0008,38,1,1
0,0,0,11.7753,0.6563,47,2,2
0,0,0,12.0436,0.9559,41,1,2
0,0,0,11.9184,0.7262,24,2,2
0,-2,-2,12.1007,0.0069,33,2,1
0,0,0,10.8198,0.8329,35,1,3
0,0,0,12.3884,0.1971,44,2,5
0,-1,-1,12.8739,0.053,37,2,1
0,0,0,10.8198,0.9719,47,1,3
0,-2,-2,12.6443,0.0,43,1,1
0,1,-1,11.5129,0.0029,28,2,1
0,-1,-1,12.4684,0.0115,36,2,1
0,0,0,10.309,0.9449,28,2,2
0,-2,-2,12.6443,0.2223,27,1,2
0,0,0,12.5062,0.7165,40,1,1
1,-1,-1,12.4292,0.0077,30,2,1
0,0,0,11.7753,0.2478,31,2,2
0,0,0,12.3014,0.0998,35,1,1
0,0,0,11.0021,1.4425,48,2,2
0,-2,-2,11.6952,0.9944,29,1,1
0,-1,-1,10.309,0.3786,35,2,2
1,2,2,11.7753,0.9589,30,2,1
0,-1,-1,11.5129,0.2905,35,2,2
0,0,-1,12.2061,0.0064,26,2,1
0,0,0,12.4684,0.6313,47,2,2
1,2,2,12.8739,0.4749,45,1,1
0,0,0,12.7367,0.906,42,2,1
1,-2,-2,11.8494,0.9788,24,2,2
0,0,0,12.3014,0.6463,39,2,2
0,-1,-1,9.9035,0.0786,31,1,2
0,-1,-1,13.1224,0.0664,40,1,2
1,0,0,12.2549,0.0418,33,2,2
0,0,0,12.7367,0.9067,39,2,2
1,2,0,11.7753,0.1258,44,1,2
0,0,0,12.2061,0.9464,34,2,2
1,0,0,11.9184,1.0686,35,1,1
0,0,0,10.8198,0.7385,22,2,3
1,2,2,11.0021,0.6342,25,2,1
0,-1,-1,11.0021,0.0231,27,1,1
0,0,0,11.9184,0.7868,29,2,3
1,2,2,12.1007,0.2626,38,1,1
0,0,0,10.8198,1.102,22,1,2
0,0,0,9.2103,0.7863,48,2,3
0,0,0,11.5129,0.9406,24,2,2
0,-2,-2,10.309,0.0,21,2,2
0,0,0,10.8198,0.971,51,1,3
1,0,0,10.309,0.6548,39,1,2
1,2,2,11.5129,0.9664,30,2,2
0,2,2,11.5129,0.2452,35,1,2
0,-2,-2,12.5776,0.6893,37,1,2
0,0,-1,11.8494,0.0266,42,2,2
0,1,-2,12.3884,0.0,39,2,1
0,-1,2,12.8479,0.0066,27,1,1
0,-1,-1,12.3458,0.0053,54,2,3
1,0,0,10.5966,0.7035,24,2,1
0,0,0,12.2549,0.3536,34,2,1
0,0,0,11.9184,0.965,37,2,2
1,2,2,11.1563,0.3892,27,2,3
0,0,0,11.2898,0.1199,24,2,2
0,0,0,10.8198,0.9852,30,1,2
0,-2,-2,12.6115,0.0,27,2,2
0,0,0,12.1007,0.351,30,2,2
0,-2,-2,11.9184,0.0611,35,2,1
0,0,0,11.0021,0.3479,24,1,1
1,0,0,11.5129,1.7796,37,2,2
0,2,0,11.4076,0.9994,26,2,2
0,0,0,9.9035,0.7051,43,1,2
1,-2,-2,12.6761,-0.0,32,2,1
0,-2,-2,11.4076,0.0222,68,2,3
0,1,-2,13.1224,0.0005,36,1,2
0,-1,-1,12.2549,0.0147,37,1,1
1,2,0,10.309,0.9534,29,1,2
1,0,0,9.9035,0.52,51,1,2
0,1,-2,10.8198,0.0,23,2,1
0,-1,-1,12.7939,0.0138,39,2,3
0,0,0,11.2898,0.4606,28,2,3
0,-1,-1,11.9184,0.0267,47,1,1
0,2,2,9.9035,1.2637,36,1,2
0,-2,-2,11.9184,0.008,55,2,3
0,0,0,12.7367,0.9768,29,1,3
1,1,-2,13.1224,0.0,61,1,2
0,0,0,11.5129,0.3253,33,2,3
0,-2,-2,11.9829,0.0,62,1,2
0,-1,-1,12.6115,0.0013,42,2,1
0,0,-1,12.3884,0.0784,34,1,1
1,2,0,11.0021,1.0093,30,2,2
0,0,0,9.9035,0.6858,21,2,2
0,-1,2,11.2898,0.0172,25,2,2
0,-1,-1,9.9035,0.0195,47,1,2
0,-1,-1,12.3884,0.024,35,2,1
0,1,2,9.9035,0.9621,25,1,2
0,0,0,12.5776,0.6571,33,1,2
0,0,0,11.6952,0.4424,33,2,1
0,0,0,11.5129,0.6109,33,2,2
0,0,0,9.9035,0.9158,42,1,2
1,1,2,11.0021,0.2836,49,2,2
1,0,0,11.9184,0.0713,26,2,2
0,-1,-1,13.1224,0.0091,57,1,1
1,0,0,11.6952,0.2889,24,2,2
0,-1,-1,11.2898,0.0995,35,2,2
0,0,0,11.5129,0.3967,39,2,3
0,0,0,9.9035,0.6802,53,1,1
0,0,0,12.2061,0.1188,33,2,2
0,0,0,11.2898,0.7714,39,1,1
0,0,0,11.2898,0.9498,33,1,1
0,0,0,11.9184,0.1981,26,1,1
0,0,0,10.8198,0.9544,50,1,2
0,-1,-1,12.8213,0.0016,28,2,1
1,0,0,11.7753,0.8276,25,2,2
0,-1,0,13.017,0.0059,41,2,1
0,-1,2,12.2061,0.0025,44,2,2
0,0,0,11.7753,0.699,30,1,1
0,0,0,12.3458,0.24,23,2,5
0,0,0,11.4076,0.1014,29,2,1
0,-1,-1,10.309,0.0088,53,1,3
1,-1,0,12.1007,0.0246,43,1,2
0,-1,-1,11.8494,0.0683,32,1,1
0,1,-2,12.8479,0.0,52,1,1
1,2,2,10.309,0.8669,56,2,2
1,2,0,11.2898,0.9686,46,2,3
1,0,0,11.0021,0.985,47,2,3
0,-2,-2,12.5776,0.0,32,2,1
1,-1,-1,11.9829,0.0082,26,2,2
0,0,0,9.9035,0.3516,28,1,1
0,0,0,11.2898,1.0032,65,2,3
0,-2,-1,12.7939,0.0118,34,2,1
0,1,2,10.309,1.3116,44,2,1
0,-1,-1,11.8494,0.0024,37,2,2
0,0,0,11.9184,0.5203,33,1,1
0,0,0,11.7753,0.4475,45,1,1
1,-1,0,12.9239,0.2665,34,1,1
1,0,0,11.1563,0.6987,28,2,1
0,0,0,10.309,0.906,24,2,1
0,-1,-1,10.8198,0.1493,37,2,2
0,0,0,12.1007,0.6617,45,1,2
0,-1,-1,10.309,0.013,36,2,2
0,0,0,9.9035,0.8394,38,1,1
0,0,0,10.309,0.4267,24,1,2
0,0,0,9.9035,0.4424,53,2,2
0,-1,-1,12.5425,0.0234,27,1,1
1,0,0,10.8198,0.2852,28,2,2
1,1,-2,12.7939,-0.0004,34,1,1
1,2,0,12.1548,0.9776,41,2,3
0,-2,-2,12.1007,0.0158,36,2,1
0,0,0,11.0021,0.8148,24,2,1
0,-1,-1,12.6761,0.0317,47,2,2
1,-1,-1,9.2103,0.1655,33,1,3
1,-1,-1,12.2061,0.0016,52,2,2
0,0,0,10.8198,0.1985,24,1,2
0,-2,-2,12.1007,0.0,25,2,1
1,2,2,9.9035,0.7793,24,1,2
0,2,0,12.6115,0.9889,28,2,2
1,-1,-1,11.4076,0.0039,28,2,1
1,-1,2,11.9829,0.7263,23,2,2
0,0,0,9.9035,0.7077,39,1,2
0,-1,-1,11.9184,0.0547,28,2,2
0,1,2,10.8198,0.9712,26,1,3
0,0,0,11.0021,1.1728,43,1,3
0,0,0,12.2549,0.0779,54,2,1
0,0,0,11.9184,0.8966,27,1,2
1,0,0,11.0021,0.969,24,2,2
0,0,0,12.2549,0.1229,35,2,2
0,-2,-2,12.2549,0.9463,28,1,2
0,-1,-1,12.7939,0.0801,31,2,3
0,0,0,9.2103,0.6005,25,1,1
0,0,0,11.8494,1.0146,32,2,1
0,1,2,11.5129,0.5507,33,2,1
1,-1,-1,10.8198,0.0167,23,1,2
1,-2,-2,12.7939,0.0,42,2,3
0,1,-2,12.7939,0.0,42,1,2
0,0,0,10.309,0.3743,27,2,2
0,2,2,9.9035,0.518,36,1,2
0,0,-1,12.4684,0.0331,42,2,1
1,2,2,11.5129,0.3716,38,2,1
0,-2,-2,12.7367,0.1659,39,2,2
1,1,2,10.8198,0.0226,31,2,1
0,0,0,12.1007,0.0452,32,2,2
0,-1,-1,12.7939,0.0045,33,2,1
0,0,0,11.0021,0.4649,35,2,2
0,1,2,9.9035,0.9355,28,2,3
1,1,2,11.9184,0.1818,44,2,1
0,0,0,11.9184,0.6776,50,1,1
0,0,0,12.6115,0.1025,32,1,1
0,0,0,12.948,0.1517,35,2,3
0,0,0,13.1224,0.649,34,1,1
0,0,0,11.9184,0.4373,30,2,2
1,0,0,10.8198,0.686,54,1,3
0,1,2,11.6082,0.6188,24,2,2
0,-2,-2,11.9184,0.0074,38,2,2
0,0,0,11.2898,0.9675,26,1,1
0,0,0,11.9184,0.1275,34,2,3
0,0,0,10.8198,0.413,39,2,2
0,0,0,9.9035,1.8329,33,1,2
0,0,0,11.2898,0.8742,33,2,2
1,2,2,11.9184,0.7557,41,1,1
0,1,-2,12.3884,-0.0093,41,2,3
0,-2,-2,11.5129,0.0039,27,2,2
0,0,0,11.7753,0.6098,45,2,2
0,0,0,9.9035,0.921,37,1,2
0,-1,-1,12.7367,0.0009,35,2,1
0,-1,-1,12.9715,0.0142,40,1,1
0,0,0,11.6082,0.1463,57,2,1
0,0,0,11.4076,0.1138,49,2,3
0,0,-1,9.2103,0.9459,26,2,1
0,-1,-1,11.5129,0.0427,32,1,1
0,-2,-2,12.8739,0.0196,34,2,1
0,-1,-1,11.7753,0.0158,43,2,2
0,0,0,12.1007,0.4338,37,2,2
0,0,0,10.8198,1.59,51,1,2
0,0,0,11.2898,0.8074,30,2,2
1,1,2,10.309,0.8152,33,2,3
0,-1,-1,11.9184,0.0468,30,2,1
0,1,-1,12.3458,0.0016,46,1,2
1,2,3,11.4076,0.918,23,2,2
0,0,0,11.2898,0.1497,30,2,2
0,-1,0,13.4588,0.0118,35,1,1
1,0,0,10.309,0.9149,22,2,2
1,-1,0,11.4076,0.1418,28,2,1
0,-1,-1,12.2061,0.0016,44,1,2
1,0,0,12.3458,0.4101,50,1,2
0,0,0,11.5129,0.9993,54,1,1
0,0,0,12.7939,0.4224,28,2,1
1,1,-2,13.1224,0.0,43,1,1
0,-1,-1,12.3884,0.0139,42,2,2
0,0,0,12.7939,0.2178,28,1,1
1,2,2,12.7939,0.0069,30,1,2
0,0,0,12.6761,0.3438,43,1,1
0,0,0,10.8198,0.4339,40,2,2
0,0,0,11.8494,0.363,31,2,2
0,0,0,12.7939,0.0178,30,2,2
1,-1,-1,12.1007,0.0036,27,2,1
0,-2,-2,12.7068,0.0078,40,2,1
1,0,0,11.8494,0.0448,24,2,1
0,-2,-2,12.7939,0.0068,27,2,1
1,2,2,11.9184,0.1032,27,2,1
0,0,0,12.3014,0.0648,29,2,3
0,0,0,12.4684,0.992,31,1,3
0,0,0,10.309,0.5903,54,2,3
0,-1,-1,13.2708,0.0043,31,1,1
0,0,-1,10.8198,0.0316,25,1,2
1,-1,-1,12.3458,0.0038,36,2,1
1,2,0,9.9035,1.0132,39,1,2
1,2,0,11.6082,0.6145,35,1,3
0,0,0,12.3884,0.7003,28,2,1
0,0,0,10.8198,0.9988,34,2,2
0,-1,-1,9.9035,0.184,51,2,1
0,0,0,12.1548,0.5975,42,2,3
0,0,0,11.5129,0.8403,50,2,3
0,-2,-2,13.1224,0.026,34,1,2
0,-1,-1,12.0436,0.003,40,2,1
0,0,0,11.9184,0.052,23,2,2
0,0,0,10.309,1.5593,48,1,2
1,2,0,11.2898,1.0018,41,1,2
0,-2,-1,12.7367,0.0602,49,2,3
0,0,0,12.2549,0.427,30,2,2
0,0,0,10.309,0.9413,23,2,1
0,-1,-1,12.3458,0.0142,27,1,1
0,0,0,9.9035,0.9248,23,1,2
0,0,0,11.1563,1.0164,26,2,3
1,0,0,12.6443,0.8383,66,2,1
1,0,0,11.2898,0.2401,36,1,2
0,0,0,11.9184,0.9785,27,2,2
0,0,0,9.9035,0.694,49,1,3
0,-1,-1,12.3014,0.0012,54,2,2
0,0,0,11.9184,1.0028,30,2,1
0,0,0,13.1806,0.4038,30,1,1
0,-1,-1,11.9184,0.0007,28,2,2
1,-1,-1,11.9184,0.0157,29,2,1
0,0,0,12.948,0.1991,30,2,2
0,-2,-2,11.2898,0.0,31,2,2
0,-1,0,11.5129,0.8706,37,2,2
1,2,2,10.309,0.5064,27,2,2
0,0,0,10.8198,0.4721,37,1,2
1,-1,-1,12.7068,0.006,39,2,1
0,0,0,11.8494,0.9627,36,2,2
0,0,0,10.8198,1.9076,34,2,2
1,1,-2,12.7939,0.0,37,1,2
1,-1,-1,12.1007,0.3011,38,1,2
0,2,0,11.7753,0.4225,27,2,2
0,1,2,11.7753,0.9299,31,2,2
0,2,2,9.9035,0.91,24,1,1
0,0,0,12.4684,0.3444,30,2,1
0,0,0,10.8198,1.1519,51,2,2
0,0,0,12.6761,0.456,29,2,2
1,0,0,11.1563,0.7111,37,2,2
0,-1,-1,12.1007,0.0045,47,2,1
0,2,2,11.0021,1.0249,54,1,2
0,-2,-2,11.2898,0.0099,23,1,2
0,0,0,9.2103,0.6904,49,2,3
1,1,2,11.9184,0.2862,33,2,2
0,0,0,10.8198,0.914,55,2,3
0,0,0,11.9184,0.4295,41,1,3
0,0,0,12.7657,0.1031,38,1,1
0,0,0,12.8479,0.9787,44,2,1
0,-1,-1,11.7753,0.0019,25,2,3
0,-1,-1,12.1007,0.0092,35,2,1
0,0,0,11.5129,1.0722,41,2,2
1,3,2,10.309,0.7789,31,2,3
0,0,0,12.9715,0.9465,28,1,1
1,-1,2,12.2061,0.0134,37,2,2
1,1,-2,12.7939,0.0,43,1,2
0,-1,-1,11.2898,0.0143,32,2,1
1,2,2,10.5966,0.6814,26,2,1
0,0,0,11.2898,0.1549,29,2,2
0,0,0,9.9035,0.8515,23,1,3
1,-1,-1,12.4292,0.0038,24,2,2
0,0,0,11.1563,0.2312,43,1,2
1,0,0,9.9035,0.7338,34,2,1
0,1,-2,11.9829,-0.0001,39,2,4
1,0,0,11.1563,0.3981,36,1,2
0,-2,-2,10.8198,0.0118,34,2,2
1,2,2,10.309,0.8681,41,2,3
0,0,0,11.2898,0.5812,48,1,2
0,0,0,9.9035,0.7884,52,1,2
0,0,0,10.8198,0.2067,32,2,5
0,1,-2,10.8198,0.0,26,1,1
0,-1,-1,12.3458,0.009,36,2,1
1,1,-2,9.2103,-0.1,23,2,2
0,0,0,9.9035,0.8035,42,1,2
0,2,0,11.6082,0.9835,34,1,2
0,-1,-1,12.2061,0.0281,29,2,1
0,1,-1,9.9035,-0.0606,59,1,2
0,-1,-1,11.2898,0.0368,29,1,1
0,1,-2,12.5425,0.0,31,2,2
0,0,0,11.8494,0.7641,45,2,2
0,0,0,11.0021,0.4011,25,2,1
0,0,-1,10.8198,2.2649,51,1,2
0,-2,-2,12.2061,0.0,34,2,1
0,1,2,12.1007,0.6356,38,2,1
0,0,0,12.4684,0.7999,45,2,2
1,0,0,11.9184,0.3505,32,1,1
0,0,0,11.7753,0.9698,32,2,1
1,-1,-1,11.6952,0.0032,50,1,3
0,-2,-2,12.2549,0.0,30,2,2
0,0,0,11.6082,1.5008,33,2,1
0,-1,-1,10.309,0.9872,28,1,2
1,-1,-1,12.0436,0.0719,25,2,1
0,-1,-1,12.7939,0.0384,32,2,1
1,0,0,11.7753,0.893,37,1,1
1,2,2,10.309,0.4108,24,2,1
0,-2,-2,11.9829,0.0015,31,2,2
0,-1,0,10.309,0.8389,43,2,2
1,1,-1,9.2103,0.0,22,2,2
0,0,0,10.8198,0.0482,38,2,2
0,0,0,11.2898,0.2979,40,1,2
0,1,-2,12.4684,0.0,49,2,1
1,2,0,12.0436,0.438,26,1,3
0,0,0,10.309,0.6994,25,2,3
0,0,0,10.8198,0.5115,51,2,3
0,0,0,11.6952,0.7349,40,1,3
1,2,0,12.3884,0.2995,31,2,2
0,0,-1,12.1007,0.0909,41,1,1
0,0,0,11.0021,0.6454,26,2,3
1,0,0,11.9184,0.7595,32,2,3
0,1,-2,12.7939,0.0,26,2,2
1,-2,-2,12.7657,0.0,32,2,1
0,-1,-1,10.309,0.013,43,2,1
0,0,0,11.6952,1.015,29,2,1
1,1,-2,12.7068,0.0,43,1,1
0,-2,-2,13.1224,0.0534,44,1,2
0,0,0,11.5129,1.0272,34,2,2
0,1,2,11.2898,0.0328,37,2,2
0,0,0,12.4684,0.1323,30,2,2
0,0,0,13.1224,0.3431,41,1,2
0,0,0,11.4076,1.0184,52,1,1
0,-1,-1,12.7939,0.0045,38,2,2
0,-1,-1,12.7939,0.0106,34,1,3
0,0,0,11.5129,0.0879,25,2,2
1,0,0,12.2061,0.9506,36,1,2
0,0,0,13.1022,0.3917,52,2,2
0,0,0,13.039,0.2174,40,1,1
1,1,2,9.9035,0.5484,39,1,1
0,0,0,12.3458,0.3307,35,2,2
0,0,0,12.0436,0.9972,28,2,2
0,0,0,11.0021,0.9381,63,2,3
0,0,0,11.4076,0.2975,33,2,2
0,1,-1,11.9829,0.0,38,1,1
1,2,2,9.9035,1.0293,30,1,2
0,1,-2,13.1224,0.0,36,2,1
1,0,0,10.309,0.3267,42,2,2
0,-1,-1,12.0436,0.0171,31,1,2
0,0,0,11.5129,0.8081,44,2,3
0,0,0,10.8198,0.9699,39,1,2
1,2,2,11.6082,1.014,28,1,2
0,0,0,9.9035,0.5836,23,2,1
0,0,0,11.1563,0.4142,26,2,3
0,-2,-2,12.6443,-0.002,42,2,2
1,2,2,10.309,1.1997,28,1,2
1,0,0,10.309,0.7211,27,2,2
0,0,0,11.5129,0.5171,36,2,1
0,-2,-2,11.9184,0.0014,30,2,1
0,0,0,11.2898,0.9801,27,1,2
0,0,0,12.2061,0.794,40,2,3
1,1,2,9.9035,0.9503,36,1,2
0,0,0,10.309,0.7967,33,1,2
0,0,0,10.8198,0.2687,42,2,3
0,0,-1,11.7753,0.0252,32,2,5
0,0,0,12.7068,0.4929,32,1,1
0,-2,-2,11.2898,0.0711,53,2,3
0,-1,-1,10.8198,0.0506,34,2,1
0,-1,0,11.9184,0.0703,33,2,1
0,1,-1,12.2549,0.0,30,2,2
0,3,2,10.309,1.0194,30,2,2
0,1,-1,13.1224,0.0343,30,2,1
0,1,2,11.0021,0.5272,32,2,1
0,-1,-1,9.9035,0.0736,29,2,2
1,2,2,10.309,0.7011,23,2,2
1,2,2,11.6952,0.2291,60,1,2
1,1,2,11.2898,0.9988,37,2,2
1,-2,-2,12.7939,0.0,35,2,1
0,-1,-1,11.9184,0.045,36,1,2
0,0,0,9.2103,3.0,51,2,3
0,0,-1,12.3458,0.5838,30,2,3
0,-1,-1,12.8479,0.0102,31,2,3
0,-2,-2,12.7657,0.0,48,2,1
0,0,0,11.7753,0.8762,23,2,2
0,-2,-1,13.1022,0.0088,29,2,1
0,0,-1,11.9184,0.0818,28,2,2
1,-2,-2,12.7367,0.0,38,2,2
0,1,-2,11.2898,0.0,52,2,1
0,-2,-2,12.3458,0.0,36,2,1
0,0,0,11.9829,0.7448,37,1,2
0,-1,-1,12.6115,0.0044,33,2,2
0,0,0,12.8992,0.4407,24,2,2
0,-1,-1,11.2898,0.0049,45,2,2
0,-1,-1,12.6761,0.0046,45,1,2
0,-2,-2,12.6443,0.0568,36,1,1
0,-2,-2,12.5062,0.0147,32,2,2
0,0,0,12.5425,0.0157,53,2,3
0,0,0,12.7068,0.4952,31,1,1
0,0,0,10.8198,0.1456,49,1,2
1,1,-2,12.3884,0.0,26,2,1
0,-1,-1,12.1007,0.0217,27,2,3
1,4,4,12.5062,0.881,28,1,1
1,2,2,11.1563,0.7145,36,1,1
0,0,0,12.5776,0.8493,27,1,1
0,-2,-2,12.7657,0.0,41,2,1
0,2,-1,12.2549,0.0022,54,1,2
1,2,2,11.6082,0.482,47,1,2
1,-1,-1,12.6115,0.0096,32,1,2
0,0,0,11.8494,1.0104,38,2,2
0,0,0,11.2898,0.9639,27,1,1
0,-1,-1,12.7939,0.1233,42,2,2
0,0,0,12.2549,0.095,33,2,2
1,-1,2,10.8198,0.3975,22,1,2
1,1,-2,11.2898,0.0,28,2,1
0,0,0,11.7753,0.3829,27,2,3
0,0,0,10.8198,0.9815,22,2,1
0,-2,-2,11.2898,0.0073,34,2,3
0,-1,-1,12.7657,0.0093,35,1,1
0,-2,-2,12.7068,0.0065,37,2,2
0,2,2,11.2898,0.2583,23,2,2
0,-1,-1,12.5425,0.0401,51,2,1
0,0,0,10.309,0.9138,49,1,2
0,0,0,12.2061,0.3455,44,1,3
0,-1,-1,11.6952,0.0241,26,2,1
0,0,0,10.8198,0.0648,38,2,2
0,1,2,10.8198,0.3638,31,1,2
1,1,2,12.6115,0.5274,58,1,1
0,0,-1,9.9035,0.6378,30,1,2
1,0,0,10.8198,0.9554,46,1,2
0,0,0,13.1224,0.1545,44,2,2
0,-1,-1,11.7753,0.0111,40,2,2
1,2,2,11.1563,0.8542,28,2,1
0,-1,-1,11.1563,0.3477,29,2,3
0,0,0,11.6952,0.3015,27,2,2
0,0,0,12.7367,0.2166,48,1,2
1,-1,-1,11.7753,0.0107,41,1,1
0,0,0,12.3884,0.9959,33,1,1
0,0,0,10.8198,0.5704,37,2,2
0,-1,-1,12.2549,0.0566,48,2,2
1,2,2,10.309,0.6911,30,1,2
0,0,0,11.2898,0.9592,22,2,2
0,0,0,10.8198,1.0142,42,1,3
0,0,0,12.3014,0.4258,25,2,3
0,1,2,10.5966,0.3032,37,1,2
0,0,0,12.5425,0.8785,26,1,1
0,-1,-1,11.4076,0.0039,31,2,2
0,0,0,12.1007,0.9273,39,2,2
1,0,0,10.8198,0.6556,30,1,2
0,0,0,12.6761,0.452,27,1,2
0,0,0,11.1563,0.7446,38,1,2
1,1,2,12.4684,0.0081,36,2,1
0,0,0,12.7939,0.7709,38,1,1
0,0,0,11.5129,0.8984,38,2,2
1,-1,-1,11.5129,0.0038,32,2,1
0,0,0,11.8494,0.9546,39,2,2
0,1,2,11.4076,0.9276,28,2,2
0,-1,-1,12.3014,-0.0084,25,1,1
0,-2,-2,12.4684,0.0201,34,2,1
0,-1,-1,12.4684,0.0003,42,2,1
0,-1,-1,9.9035,0.236,24,1,1
0,2,0,10.8198,0.9859,27,2,1
0,0,0,11.1563,0.8148,23,2,2
1,2,2,12.0436,0.0884,36,2,2
0,0,0,10.309,1.024,22,2,2
0,0,0,12.2061,1.0177,68,1,2
0,0,0,10.8198,0.3346,39,2,2
0,1,-2,10.8198,0.0,30,1,2
0,0,0,13.0605,0.138,35,2,2
1,-1,-1,9.9035,0.3851,22,2,1
0,2,-1,10.8198,0.0058,26,1,2
0,0,0,12.7939,1.3891,56,2,2
0,1,-2,9.9035,0.0,46,2,2
0,-1,-1,11.8494,0.0443,26,2,1
1,0,0,9.2103,0.2855,47,2,3
0,0,0,11.4076,0.2111,30,2,1
0,-1,-1,12.2061,0.0036,46,2,2
0,-1,-1,12.8739,0.0021,39,2,2
1,0,0,11.4076,0.8739,25,2,2
0,1,-1,11.7753,0.0,27,2,1
1,1,-1,11.6952,0.0,33,2,2
0,-1,-1,11.9829,0.0034,35,2,2
0,2,2,11.1563,1.0191,24,2,2
0,0,0,11.2898,0.8511,60,1,3
0,0,0,12.4292,0.2485,36,2,2
0,0,0,12.3884,0.7166,37,1,2
0,0,0,10.8198,0.2454,49,2,2
0,0,0,10.309,0.0759,23,2,3
1,2,0,10.8198,1.1006,51,1,3
1,-1,-1,11.2898,0.0269,24,2,2
0,0,0,11.7753,0.8434,47,1,2
0,0,0,10.8198,0.9407,23,1,3
0,1,-2,12.2061,-0.002,39,1,2
0,0,0,11.8494,1.0057,33,1,3
0,0,0,10.309,0.6132,23,2,1
0,1,2,9.9035,0.5864,25,2,1
0,0,0,11.1563,0.2616,29,1,2
0,0,0,9.9035,0.9795,48,2,3
0,0,0,12.9239,0.0672,42,1,1
1,-1,-1,12.4292,0.0016,41,1,1
1,2,0,11.8494,0.9736,27,2,2
0,0,0,11.4076,0.1967,26,2,1
0,-1,-1,12.7367,0.001,38,1,1
0,-1,-1,12.3458,0.0052,28,2,2
0,0,0,11.2898,0.3752,33,1,3
1,0,0,10.8198,1.0304,42,2,2
0,0,0,11.0021,1.0084,35,2,2
0,0,0,10.8198,0.1717,24,2,2
0,0,0,12.2549,0.6935,28,2,2
0,0,0,11.8494,0.9661,27,2,1
0,0,0,9.9035,0.2169,32,1,3
1,1,-2,9.9035,-0.0369,48,1,3
0,-2,-2,12.3458,0.0121,32,1,1
0,0,0,12.2549,0.1446,27,1,2
0,0,0,9.9035,1.8386,34,1,2
0,0,0,10.8198,0.9107,24,2,2
0,0,-1,10.309,0.5322,49,1,3
1,0,0,10.8198,0.7466,36,2,2
0,1,2,11.9184,0.2988,30,2,1
0,-1,2,11.9829,0.0126,57,1,2
0,0,0,11.4076,0.1597,42,2,3
0,-1,-1,11.9184,0.0672,39,1,2
1,-2,-2,12.2061,0.229,36,1,3
0,0,0,12.0436,1.0108,40,1,1
0,0,0,11.5129,0.8488,38,2,2
0,0,0,9.9035,0.8473,39,1,3
0,0,0,10.309,0.9192,24,1,1
0,0,0,12.2061,0.2116,32,1,1
0,-1,-1,12.1007,0.0022,46,1,2
0,1,-1,11.9829,0.0,44,2,2
0,1,2,11.2898,0.6776,31,2,2
0,2,0,11.1563,1.1674,36,2,1
1,2,0,11.2898,0.9869,44,1,3
1,0,0,10.8198,0.9681,45,1,2
1,2,2,11.8494,0.5031,58,2,2
0,0,0,11.4076,0.8447,50,2,2
0,-1,-1,11.6952,0.1611,27,2,1
0,-2,-2,11.2898,0.5983,33,2,2
1,4,3,9.9035,1.7106,43,1,2
0,1,2,9.9035,0.5316,28,1,1
0,-2,-2,12.9945,0.0,34,2,2
0,0,0,12.6443,0.3437,28,2,2
0,-2,-2,11.2898,0.0,25,2,2
0,-2,-1,12.2061,0.4753,28,1,1
1,1,2,12.6115,0.0215,34,2,2
0,0,0,11.8494,0.073,35,2,2
0,-1,-1,12.3458,0.015,43,2,2
1,0,0,11.7753,0.7726,38,2,3
0,0,0,10.5966,0.9474,48,2,5
0,0,0,9.9035,1.0015,23,2,3
0,0,0,11.4076,0.4812,26,2,2
1,2,2,10.8198,0.4813,41,2,3
0,0,0,12.3014,0.6995,49,1,2
1,2,0,11.0021,0.409,64,2,2
0,0,0,12.3884,0.4666,48,1,3
0,1,-2,12.8992,0.0,40,2,2
0,-1,-1,11.6952,0.0015,30,1,1
0,1,-2,12.5425,0.0,37,2,1
0,-1,-1,12.8739,0.0036,28,2,2
0,-1,-1,12.7367,0.0278,46,2,1
1,-1,-1,9.2103,0.0219,47,1,2
1,0,0,11.6082,0.4376,35,1,2
0,0,0,11.5129,0.9597,31,1,2
0,0,0,11.7753,0.9208,25,2,2
0,2,2,12.3458,0.9639,45,1,2
1,0,0,12.5776,1.0207,39,2,2
0,0,0,10.8198,0.3329,29,1,1
0,-2,-2,11.6952,0.1116,27,2,1
1,-1,-1,12.3884,0.0294,36,2,1
0,0,0,12.7939,0.4635,32,2,1
0,0,0,11.6082,0.7054,31,2,3
0,0,0,11.0021,0.3878,23,2,3
1,1,-2,11.7753,0.0,33,1,1
0,-1,-1,12.4292,0.0013,31,2,1
0,-1,-1,12.9239,0.0118,38,1,3
0,0,0,11.7753,0.7706,53,2,3
0,0,0,12.2061,0.9024,38,1,1
0,2,2,11.0021,0.6214,25,2,1
0,-2,-2,9.9035,0.0042,25,1,1
0,0,0,9.9035,0.8607,37,1,2
0,0,0,12.8479,0.7739,50,2,2
1,0,0,11.2898,0.9802,47,1,3
0,0,0,11.9829,0.154,31,1,2
0,1,2,10.8198,0.944,23,1,1
0,0,0,10.8198,0.485,34,1,2
0,0,0,12.6443,0.3135,34,1,2
0,0,0,11.7753,0.7369,30,1,2
0,0,0,12.1007,0.1852,33,1,1
0,0,0,11.7753,0.9931,43,2,2
0,0,0,10.8198,1.0096,35,1,1
1,1,2,11.9184,0.2431,30,2,2
0,0,0,12.3458,0.1431,25,2,1
0,0,0,9.9035,0.9541,23,2,1
1,1,-2,12.7939,0.0,33,2,1
0,1,-2,12.1007,0.0,31,2,1
0,0,0,12.5425,0.7029,37,1,2
1,-1,0,11.4076,0.1277,23,2,1
0,1,2,12.2549,0.7112,41,1,2
1,1,-2,12.3884,0.0,30,1,1
0,-1,-1,12.2061,0.0237,49,2,1
0,0,0,12.1007,0.2645,35,2,1
0,1,-1,12.1548,-0.0084,44,1,3
0,-1,-1,10.8198,0.0959,53,2,3
0,-1,-1,11.2898,0.0625,23,2,5
1,2,2,10.8198,0.6518,23,1,2
0,0,0,11.7753,0.7895,29,1,1
1,2,2,10.309,0.6166,52,2,2
0,0,0,10.309,1.218,28,2,1
1,0,0,10.8198,0.4076,24,1,2
0,0,0,12.7939,0.2795,41,2,1
1,2,0,11.2898,0.5706,24,2,2
0,0,0,13.039,0.3501,33,1,1
0,-1,-1,12.2061,0.0274,48,1,1
1,0,0,10.8198,0.9867,22,1,2
0,0,0,12.8213,0.2358,28,2,2
1,3,2,9.9035,0.9232,42,2,2
0,0,0,10.8198,1.0107,24,2,1
0,0,0,11.2898,0.3341,54,1,2
0,1,-2,12.0436,0.0,31,2,1
0,-2,-2,12.8992,0.0034,54,1,1
0,0,0,13.1224,0.2634,41,2,2
1,-1,-1,12.4292,0.0273,44,1,3
0,0,0,11.2898,1.0061,22,2,2
0,1,2,11.4076,0.9974,40,2,2
1,4,3,11.6952,1.2436,44,1,3
0,0,0,12.6443,0.0127,44,1,2
0,0,0,9.9035,0.677,22,1,2
0,-1,2,11.0021,0.0767,29,2,2
0,0,0,13.039,0.3715,29,2,1
0,-1,-1,12.3014,0.0105,40,1,2
1,0,0,12.3014,0.9259,32,1,1
0,1,2,9.9035,0.872,33,1,2
1,-1,-1,11.2898,0.0784,38,1,3
0,-1,-1,12.3014,0.0342,31,1,1
0,0,0,9.9035,0.5239,23,1,2
0,0,0,11.5129,0.4689,26,2,2
0,0,0,12.3458,0.3554,31,2,1
0,0,0,12.6115,0.6139,40,2,2
0,0,-1,9.9035,0.1261,24,1,2
0,-1,-1,11.9829,0.0024,29,1,1
1,1,2,11.1563,0.6871,27,2,2
0,0,0,12.3884,1.1671,37,2,2
0,-1,-1,11.5129,0.0128,25,1,2
0,-2,-2,12.3014,0.0832,30,1,2
0,0,0,10.8198,0.1054,42,1,2
0,-1,-1,11.2898,0.0716,44,2,3
1,2,2,11.7753,0.878,28,1,1
0,1,2,10.309,0.9057,23,2,2
1,1,-2,12.7939,0.0,46,2,2
1,0,0,12.5425,0.4511,34,1,2
0,0,0,12.3458,0.1908,45,1,1
0,-1,-1,10.309,0.1018,24,2,1
1,0,0,11.1563,0.6534,28,2,2
0,0,0,11.5129,0.4379,32,1,2
1,0,0,10.8198,1.0136,27,1,2
0,-2,-2,11.9184,0.0015,26,2,2
1,-1,-1,9.9035,0.039,46,1,2
1,2,-1,11.5129,0.1051,48,1,3
1,2,2,11.4076,0.464,25,2,2
0,0,0,10.8198,0.6892,49,1,3
1,2,2,12.2061,0.0125,49,1,1
0,0,0,12.4292,0.1859,26,2,2
0,1,-2,11.8494,0.0,32,2,1
0,-1,-1,12.6761,0.0012,44,2,2
1,2,2,9.9035,1.022,22,2,2
0,0,0,11.2898,0.5842,26,2,2
0,1,-2,12.6115,0.0,36,2,2
0,0,0,13.1224,0.1096,38,2,1
0,1,-1,10.309,0.1624,22,1,2
0,2,-1,11.7753,0.0114,47,2,4
0,0,0,10.5966,0.9385,25,1,2
0,0,0,9.9035,0.9597,22,2,2
0,-1,-1,13.0605,0.0027,39,2,1
1,-1,-1,12.2061,0.0067,42,2,1
1,2,2,10.8198,0.6124,31,2,2
0,0,0,11.7753,0.2019,36,2,2
0,-2,-2,11.5129,0.0558,33,2,2
0,-1,-1,11.9829,0.0035,29,1,1
0,0,0,10.8198,0.4826,26,1,3
0,0,0,12.1007,0.6892,42,1,1
0,0,0,10.8198,0.9573,29,1,3
0,0,0,11.1563,0.9314,40,2,3
1,2,2,12.5062,0.7838,53,1,2
0,-2,-2,12.2549,0.0007,48,2,2
0,0,0,11.1563,0.944,43,2,2
0,-1,-1,11.9829,0.0222,31,2,1
0,0,0,10.309,0.1509,27,2,2
0,-1,-1,12.4292,0.0482,29,1,1
0,1,2,9.2103,0.2731,51,2,3
0,1,2,10.8198,0.3531,27,1,2
0,-1,-1,11.6952,0.0289,38,1,3
0,0,0,10.8198,0.9883,28,1,2
0,0,0,12.4292,0.5728,36,1,1
1,-1,-1,9.9035,0.0195,48,1,2
0,0,0,11.1563,0.2787,25,2,2
0,-1,-1,10.8198,0.0527,46,1,2
0,0,0,11.6082,1.0979,41,1,2
0,1,2,11.5129,0.0713,32,2,1
0,-2,-2,9.9035,-0.0033,31,1,2
0,0,0,11.6952,0.2577,25,2,2
0,0,0,10.8198,0.1077,26,1,2
1,1,2,11.8494,0.5236,29,1,2
1,-1,-1,11.8494,0.0051,34,1,2
0,0,0,12.4292,0.7856,39,2,1
0,0,0,12.1007,0.2432,30,2,2
0,0,0,11.7753,0.4258,26,1,2
0,-2,-2,12.2061,0.0122,27,1,1
0,0,0,11.5129,0.6409,26,2,1
0,-1,0,9.9035,0.794,23,1,2
0,0,0,12.5776,0.2193,27,2,3
0,0,0,11.6082,0.9646,46,1,1
0,2,2,10.309,0.04,27,2,2
0,0,0,11.9184,0.0421,23,2,3
0,-1,-1,11.9184,0.0098,34,2,2
1,1,-2,11.6952,0.0,25,2,1
0,0,0,12.5425,0.0864,28,1,2
0,1,-2,11.4076,-0.0021,36,2,2
0,0,-1,11.7753,0.0838,39,1,2
1,1,2,10.309,0.9087,24,1,2
0,-1,0,11.5129,0.9184,25,1,1
1,0,0,10.309,0.6745,27,2,1
0,0,0,11.4076,0.506,28,2,2
0,4,3,11.9829,0.6462,25,2,2
0,-1,-1,12.4684,0.003,51,1,1
1,2,0,10.8198,0.9702,28,1,1
0,0,0,12.4684,0.5106,27,1,3
0,-1,-1,12.3014,0.0338,35,2,1
0,0,0,9.9035,0.9624,22,2,2
1,1,5,12.6115,1.0521,25,2,1
0,1,-2,12.4292,-0.0005,31,2,1
0,-1,-1,12.2061,0.0021,30,1,2
0,0,0,9.9035,0.683,21,2,2
1,3,3,10.8198,0.536,25,1,2
0,0,-1,11.5129,0.0722,28,2,3
0,0,0,12.0436,0.9661,37,1,2
0,0,0,11.6952,0.5694,37,1,1
0,0,0,11.6952,0.2818,38,2,2
0,0,0,10.8198,0.7572,26,1,2
0,0,0,12.4684,0.2442,28,2,1
0,0,0,11.0021,0.961,44,2,2
1,-1,2,11.6952,0.0017,28,2,2
0,-1,-1,12.3014,0.1746,47,2,3
0,-1,-1,12.2061,0.0015,26,1,1
0,0,0,11.4076,0.7005,45,2,2
0,0,0,12.6443,0.5953,25,2,1
0,0,0,11.6082,0.1666,34,2,2
0,0,0,11.8494,0.1785,42,2,2
0,0,0,11.9829,0.3963,51,2,1
1,2,2,11.2898,0.2973,24,2,2
0,0,0,13.1224,0.5039,36,2,1
0,0,0,11.7753,1.0054,29,1,2
0,0,0,12.3884,0.9185,44,2,2
1,2,2,10.8198,0.048,24,2,2
0,1,-1,12.1007,0.0,42,2,1
1,-1,-1,12.3884,0.0078,33,1,2
0,0,0,12.1007,0.75,30,1,2
0,0,0,11.7753,0.8845,33,1,2
1,0,0,10.8198,0.2561,24,2,1
0,-1,-1,13.1224,0.3082,34,1,1
0,0,0,12.2061,0.8419,29,1,2
0,-2,-2,12.3014,0.0865,29,2,1
0,0,0,11.1563,0.3096,33,1,2
0,-1,0,12.9945,0.0485,31,1,1
0,0,-1,12.5776,1.0427,52,1,4
0,0,0,10.8198,0.6188,23,2,2
0,0,0,11.6952,0.9638,23,2,2
0,-1,-1,11.2898,0.0061,44,2,3
0,0,0,12.0436,0.966,27,2,2
1,-1,-1,11.9829,0.0025,41,1,1
1,-1,2,12.5425,0.0275,29,1,1
1,2,2,10.5966,0.778,47,2,2
0,0,0,11.2898,0.825,53,2,3
0,-1,-1,12.2549,0.0598,40,2,2
1,2,2,11.0021,0.9375,29,2,2
1,0,0,9.9035,0.7246,40,2,2
0,1,-2,12.3458,0.0105,36,2,2
0,0,0,11.4076,0.6553,50,2,1
0,-1,-1,12.0436,0.0043,35,2,1
0,0,0,11.1563,0.827,22,2,2
0,0,0,10.8198,0.4809,29,1,2
0,-2,-2,11.8494,0.0382,48,2,1
0,0,0,10.8198,0.9572,55,2,3
0,0,0,12.5062,0.356,45,2,1
1,2,2,12.0436,0.9659,49,2,2
0,0,0,12.1007,0.532,27,2,1
0,-1,-1,11.2898,0.0116,29,2,1
0,-1,0,13.017,0.16,37,2,1
0,-1,-1,12.8992,0.0169,29,1,1
0,-1,2,12.8992,0.0048,35,2,2
0,0,0,11.0021,0.9588,25,1,3
0,0,0,11.6082,0.4649,25,1,1
0,0,0,11.0021,0.4549,24,2,2
1,0,-1,11.8494,0.0239,37,1,1
1,0,0,9.9035,0.5042,24,1,2
1,0,0,10.8198,1.2152,30,1,1
0,0,0,10.309,0.7034,53,2,3
0,0,0,12.2549,0.9207,26,2,2
1,2,2,10.8198,0.658,36,1,2
0,-1,-1,12.2061,0.0759,30,1,1
0,0,0,11.6952,0.9936,50,2,3
1,-1,-1,12.2061,0.0449,29,2,1
0,-1,-1,12.1007,0.0104,35,2,2
1,1,-1,12.9945,-0.0,47,2,2
0,0,0,11.9184,0.0507,22,2,2
1,1,-2,11.7753,0.0,70,1,1
0,0,0,10.8198,0.2932,26,2,2
1,1,2,12.1007,0.0414,28,2,2
0,0,0,11.2898,0.9642,24,2,2
0,-2,-2,12.0436,0.0,29,2,1
0,-1,0,11.9184,0.1256,25,2,1
0,0,0,12.3884,0.7486,35,1,2
1,0,0,11.8494,0.8934,24,1,2
0,0,0,10.8198,0.1881,50,1,3
0,0,0,9.9035,0.4922,36,2,2
0,-1,-1,12.3884,0.0342,38,2,1
0,0,0,10.309,1.0075,45,2,2
1,2,2,10.8198,0.1161,29,2,2
1,0,0,9.9035,0.8725,37,2,2
1,7,6,9.9035,1.1429,50,2,2
0,-2,-2,12.6443,0.0,48,2,2
0,0,0,12.2061,0.0656,39,1,2
0,1,-1,12.7068,0.0,48,1,3
0,0,0,11.5129,0.9977,53,2,3
0,0,0,10.8198,0.6701,35,2,3
0,0,0,11.6952,0.6451,30,1,2
0,0,0,11.9829,0.4368,42,1,1
0,0,0,12.0436,0.0764,62,1,1
0,2,0,10.8198,0.9986,27,2,3
0,-1,-1,10.309,0.013,23,2,2
0,0,0,11.9184,0.9755,29,1,1
0,-1,-1,12.6761,0.05,33,2,2
0,1,2,10.8198,0.6423,58,2,2
0,0,0,9.9035,0.9181,26,2,1
1,4,5,9.9035,1.0007,25,1,2
0,0,0,10.8198,0.908,34,1,2
0,-1,-1,11.9829,0.0104,46,1,3
0,0,0,9.9035,0.9864,34,2,2
1,0,0,11.7753,0.4086,27,1,2
0,1,-1,11.9184,0.0,24,2,2
0,0,0,9.9035,0.8311,23,2,2
1,0,0,9.9035,0.5287,45,1,3
0,0,0,11.1563,0.2425,56,2,3
0,-1,0,10.8198,0.3603,26,1,1
0,0,0,12.2061,0.3159,40,1,2
0,-1,-1,12.6761,0.0116,30,2,2
0,-1,2,10.8198,0.0156,34,1,3
0,0,0,11.1563,0.3288,25,1,2
0,-2,-2,12.2061,0.0,33,2,3
0,-2,-2,12.4292,0.0,29,2,2
1,0,0,11.1563,0.9534,25,2,1
1,-1,-1,11.4076,0.0076,36,2,2
0,0,0,12.8992,0.0548,32,1,1
0,-1,0,11.7753,0.0202,33,2,1
0,0,0,11.6082,0.479,40,2,1
0,1,2,11.9184,0.9267,38,1,1
0,-2,-2,12.7068,0.0034,28,2,1
0,2,2,10.309,0.9436,21,2,3
0,-1,-1,12.7939,0.1181,32,2,1
0,0,0,10.8198,0.9754,54,1,1
1,2,2,11.0021,0.4597,24,2,2
0,-2,-2,12.2061,0.0013,27,2,2
0,-2,-2,12.1007,0.0,43,2,1
0,0,0,10.8198,0.9789,52,1,3
0,-1,-1,11.2898,0.0041,38,2,3
1,2,2,10.8198,0.6361,23,2,2
0,-1,-1,12.5062,0.0142,30,2,3
1,-1,-1,11.5129,0.0069,23,2,2
0,0,0,12.0436,0.8885,38,2,2
0,0,0,10.309,0.3341,30,1,1
0,0,0,12.3458,0.4538,38,2,2
0,-1,-1,12.2061,0.0372,34,2,1
1,0,0,11.7753,0.983,36,1,1
0,0,0,10.309,0.3729,62,1,2
0,0,0,11.8494,0.2968,26,2,2
0,-1,-1,13.1022,0.0529,43,1,1
0,0,-1,11.9829,0.017,30,1,2
1,0,0,12.1007,0.1549,42,1,2
0,0,0,12.4684,0.9375,32,2,2
1,0,0,11.2898,0.921,27,2,2
1,-1,-1,12.7939,0.001,29,2,1
0,-1,-1,9.9035,0.1325,25,2,1
0,0,0,9.9035,0.9924,28,1,1
0,0,0,11.2898,0.9488,28,2,3
0,0,-1,13.1224,0.0366,32,1,1
0,0,0,11.9829,0.951,55,1,1
0,0,0,9.9035,0.6202,22,2,1
0,-1,-1,12.7068,0.0012,36,2,1
1,0,0,11.2898,0.4772,26,2,1
0,2,0,12.3014,0.9385,40,1,2
0,0,0,12.3458,0.8061,28,2,2
0,0,0,11.4076,0.9077,25,2,2
1,-1,-1,12.6115,0.9158,61,1,3
1,0,0,10.309,1.0163,45,2,2
1,2,2,11.2898,0.9826,40,2,2
0,0,0,11.0021,0.1818,27,1,1
0,0,0,12.7939,0.7644,31,1,5
0,-1,2,12.7939,0.005,27,1,1
0,0,0,10.309,0.3602,23,2,2
0,0,0,12.1548,0.5601,50,1,3
0,0,0,11.7753,0.9898,45,2,2
0,0,0,11.6082,1.0065,34,2,1
0,-1,-1,12.7657,0.0371,46,2,2
0,0,0,10.8198,0.8228,52,2,3
0,-1,-1,11.7753,0.006,38,2,2
1,-1,2,10.8198,1.0749,29,1,1
0,0,0,10.8198,0.5441,25,1,2
0,0,0,12.8479,0.5288,31,2,2
0,0,0,12.4684,0.624,30,2,1
0,-2,-2,11.8494,-0.0013,28,2,2
0,-1,-1,12.5062,0.0128,36,2,1
0,0,0,10.309,1.0049,33,2,2
0,1,-2,12.3884,0.0009,35,1,1
1,0,0,11.1563,0.9351,32,1,3
1,2,2,11.6952,0.3214,50,1,1
1,2,2,11.9829,0.9539,42,2,2
1,-1,-1,12.0436,0.0023,36,1,3
0,0,0,12.8479,0.8729,31,2,1
0,1,2,11.9829,0.4727,26,2,2
0,2,3,10.309,0.9,39,1,2
0,-2,-2,12.4684,0.0081,40,2,1
1,2,2,11.1563,0.4964,41,1,2
0,-1,-1,12.3884,0.0223,39,1,2
0,0,-1,12.0436,0.1218,43,2,2
0,1,4,10.309,0.9361,36,1,2
0,0,0,11.4076,0.9687,32,1,3
0,2,0,12.4292,0.1147,25,1,2
0,0,0,12.5062,0.0873,25,2,2
1,-2,-2,11.7753,0.0076,24,2,2
0,-1,2,12.7939,0.0564,43,1,1
0,0,0,13.1022,0.0477,35,1,1
0,0,0,11.6082,0.7193,31,2,2
0,-2,-2,11.5129,0.3363,27,1,2
0,-1,-1,12.2061,0.009,28,1,3
0,0,0,10.8198,1.0252,24,2,2
0,-1,0,12.3014,0.0114,30,1,2
0,2,-1,12.7939,0.0006,41,1,3
0,-1,-1,9.9035,0.52,51,2,2
0,0,0,11.1563,1.141,44,2,2
0,0,0,12.1007,0.6779,29,2,2
0,0,0,10.8198,0.9787,32,1,2
0,0,-1,11.8494,0.0418,28,2,1
0,-2,-2,12.3014,0.0347,47,1,2
0,-1,-1,11.9184,0.0526,50,2,2
0,0,-1,10.309,0.9858,33,1,2
0,0,0,12.6115,0.5679,32,2,2
0,-1,2,12.948,0.002,36,1,1
0,0,0,11.2898,0.4467,30,2,2
0,1,-1,11.5129,0.0,46,2,3
1,1,-2,11.6952,0.0,25,2,2
0,0,0,12.3458,0.1095,38,2,1
0,-1,-1,12.2061,0.0141,28,2,2
0,-1,-1,12.2061,0.0019,29,1,1
0,0,0,12.3458,0.457,30,1,3
0,-1,0,12.2061,0.659,27,1,2
1,1,2,10.8198,0.2353,65,1,3
0,-1,-1,12.3014,0.0763,36,1,1
1,2,2,11.4076,1.0025,27,1,3
0,0,0,13.1224,0.4145,35,1,2
0,-1,-1,11.7753,0.0165,29,2,1
0,0,0,12.2549,0.4063,37,1,2
0,-1,-1,12.2061,0.0084,30,2,1
1,2,2,9.9035,0.0946,24,1,1
1,2,2,12.9239,0.4413,38,2,1
0,1,-2,12.5776,0.0,35,2,1
0,0,0,12.5062,0.3118,26,2,2
1,0,0,11.4076,0.1602,27,2,1
0,0,0,10.309,0.8712,27,2,1
0,-1,-1,12.7939,0.0732,28,2,1
0,0,0,12.3884,1.0032,30,1,1
0,0,0,12.1007,1.0035,23,2,2
0,-2,-2,10.8198,0.018,24,2,2
1,0,0,10.8198,1.0177,47,2,2
0,0,0,11.5129,0.8331,30,1,2
0,0,0,10.8198,0.9476,39,1,2
0,0,0,12.7939,0.4664,48,1,1
0,-2,-2,13.2177,0.5043,52,2,5
1,2,0,12.4684,0.5231,39,2,2
1,-2,-2,13.1224,0.0,34,2,1
0,-1,-1,11.7753,0.0151,27,1,1
0,0,0,10.309,0.9569,39,1,2
0,1,-2,11.9829,0.0,40,2,1
1,-2,-2,12.948,0.0095,40,2,2
0,2,2,10.8198,0.8038,22,2,3
1,1,2,10.309,0.8582,36,2,1
0,0,0,10.8198,0.8051,32,2,2
1,1,-1,11.9829,-0.0,39,2,1
0,3,3,11.6952,0.1003,26,2,2
0,0,0,10.8198,0.9294,28,2,1
0,0,0,11.7753,1.0068,42,1,2
1,2,0,11.9184,0.9593,42,1,1
1,-1,2,13.017,0.0123,48,1,1
0,-1,-1,11.9184,0.3116,29,1,1
0,0,0,11.4076,0.3338,53,2,2
0,0,0,11.7753,0.709,28,1,1
0,0,0,11.7753,1.0139,30,1,2
0,-2,-1,12.8739,0.0102,41,2,2
1,2,2,12.2061,0.0125,29,1,2
0,0,0,12.6115,0.0781,50,2,2
0,0,0,11.8494,0.1363,42,2,2
0,-1,-1,12.2061,0.0045,35,2,1
0,0,0,10.309,0.9007,30,1,2
0,2,2,10.309,0.949,24,1,3
0,0,0,11.9829,0.9563,37,2,1
0,0,0,12.2549,0.148,37,2,2
0,-2,-2,12.6443,0.0003,51,2,2
0,0,0,12.8992,0.0248,33,2,2
1,2,2,10.8198,0.9975,35,2,3
0,0,0,11.2898,0.3562,33,1,2
0,-1,-1,12.7367,0.0017,33,2,1
0,-2,-1,11.8494,0.1786,27,1,1
1,2,0,12.8479,0.3354,39,1,1
1,1,2,10.8198,1.0209,34,2,2
0,0,0,9.2103,0.7026,35,1,2
0,-1,-1,10.309,0.1896,28,2,2
1,-2,-2,12.7939,0.0,50,2,1
0,-1,-1,11.9184,0.0021,47,2,2
0,0,0,10.8198,0.3067,23,1,1
0,0,0,11.6952,0.0261,42,1,2
0,-2,-2,12.4292,0.0026,35,2,1
1,0,0,9.9035,0.668,24,1,1
1,0,0,10.309,0.5066,30,2,1
0,0,0,12.4684,0.6104,27,1,1
0,0,0,12.4292,0.0862,30,2,1
0,-1,-1,12.4684,0.0104,41,2,2
0,0,0,11.9184,0.8552,35,2,2
0,-1,-1,11.9829,0.0741,33,2,2
0,0,0,11.2898,0.9977,30,1,2
0,1,-2,13.1224,0.0556,38,2,1
0,1,2,11.6082,0.1915,29,2,2
0,0,0,11.5129,0.9703,28,1,1
0,0,0,12.7939,0.2832,35,2,1
0,-2,-1,12.7068,0.0,65,1,2
0,0,0,11.1563,0.1551,32,2,3
1,-1,-1,11.8494,0.0122,29,1,1
0,0,0,12.2061,0.7591,31,1,1
1,2,0,10.8198,0.9517,49,1,2
0,0,0,12.5776,0.7655,56,1,1
0,0,0,10.309,0.9735,57,1,2
0,0,0,12.1007,0.1209,31,2,1
0,1,2,10.309,0.5354,38,1,2
0,0,0,12.1007,0.9703,47,2,1
0,-1,-1,12.3884,0.0112,39,1,1
0,0,0,11.7753,1.0292,27,2,5
1,1,-2,12.3458,0.0,32,1,1
1,0,0,13.1224,1.0093,43,1,1
0,1,-1,12.7939,0.5493,33,1,2
1,2,2,10.8198,1.0431,23,1,2
1,-1,-1,12.2061,0.0185,31,1,1
0,0,0,12.3458,0.8832,45,1,3
1,3,3,11.1563,0.4501,32,2,2
1,2,2,10.8198,0.7927,29,1,2
0,-1,-1,13.1224,0.0214,46,1,1
1,0,0,11.8494,0.7885,28,1,2
0,-1,-1,11.8494,0.0028,23,2,2
1,0,0,11.7753,0.8407,32,1,2
0,0,0,11.9829,0.9587,48,2,3
0,1,-1,10.8198,0.0,58,2,3
1,0,0,9.9035,0.6612,41,1,3
0,0,0,12.7939,0.3288,42,2,2
1,0,0,11.9829,0.4226,51,2,2
0,-2,-1,12.4292,0.0,37,2,1
1,-2,-2,11.7753,0.0051,25,2,2
1,1,2,12.1548,0.8072,36,1,1
0,-1,-1,12.1007,0.0166,25,2,2
0,0,0,11.2898,0.9768,43,1,2
0,-1,-1,12.3884,0.0068,40,1,1
0,0,0,10.8198,0.9613,35,1,2
0,-1,2,11.9829,0.0196,50,2,2
0,-2,-2,11.4076,0.0029,49,2,2
0,-2,-2,12.6443,0.3247,37,2,2
0,0,0,11.0021,0.6511,27,1,1
0,0,0,12.3884,0.2579,29,1,1
0,0,0,10.8198,0.9279,24,2,2
0,-1,-1,11.9184,0.0652,34,2,1
0,2,2,11.7753,0.7677,44,2,2
0,0,0,9.9035,0.5002,22,2,1
0,0,0,11.9184,0.8237,40,1,1
0,0,0,12.3884,0.3014,42,1,1
0,0,0,10.8198,0.5975,45,1,3
0,0,0,10.8198,0.8609,51,1,3
1,-1,-1,12.5062,0.074,51,1,1
0,0,0,9.9035,0.5409,28,2,2
0,-2,-2,12.6115,0.0387,33,2,2
0,0,0,12.8739,0.2351,34,1,1
0,0,0,11.6082,0.132,37,2,1
0,0,0,11.4076,0.9535,58,1,2
0,-2,-2,12.6115,0.0,30,2,2
1,2,0,13.017,0.3392,42,1,3
1,0,0,9.9035,0.8364,30,1,2
0,1,-1,13.1224,0.0,33,2,1
0,0,0,10.309,1.0669,46,2,2
1,0,0,10.8198,0.3019,51,1,2
0,-1,0,11.8494,0.0685,26,2,2
1,3,2,9.2103,0.8261,43,1,2
0,-2,-2,11.6952,0.0073,37,2,2
0,4,3,10.309,1.0187,30,1,2
0,1,2,10.309,0.9346,22,2,2
0,1,2,9.9035,0.8986,33,1,1
0,-1,-1,9.2103,0.6517,36,1,3
1,0,0,11.6082,1.0366,35,2,2
0,-1,-1,12.5425,0.0093,29,2,1
0,0,0,13.1224,1.1619,42,1,1
1,4,5,10.8198,0.662,46,2,3
0,-1,-1,12.3458,0.0226,30,1,2
0,-1,-1,10.8198,0.0099,53,1,2
0,0,0,11.6952,0.1277,24,2,2
0,0,0,10.309,0.8767,26,1,2
0,0,0,12.7068,0.6821,28,2,2
0,-1,-1,12.7939,0.0176,30,1,2
0,0,0,10.5966,0.1646,26,1,1
1,2,0,11.6082,0.9666,29,2,1
0,-2,-2,10.5966,0.1989,39,2,3
0,1,2,11.1563,0.607,30,2,2
1,2,0,11.5129,1.0764,26,1,3
0,1,-2,12.2549,0.0,50,2,2
0,-1,-1,12.7939,0.0019,38,1,2
0,0,0,12.4684,0.5806,27,1,2
0,-2,-2,12.2061,0.0025,34,2,1
1,-1,-1,11.9829,0.001,43,1,1
0,0,0,12.948,0.1339,29,2,2
1,1,2,11.8494,0.6197,28,2,1
1,0,0,12.1007,0.7862,38,1,1
0,2,2,11.9184,1.0266,39,2,3
0,0,0,10.309,0.7402,35,2,2
0,0,0,13.1224,0.016,34,1,1
0,0,0,12.3884,0.9911,45,1,2
0,0,-1,10.309,0.0983,22,1,1
0,0,0,11.2898,0.599,28,1,2
0,-2,-2,11.2898,0.0,34,1,2
0,1,-1,12.6443,0.5372,39,1,1
0,0,0,12.1007,0.5222,33,2,1
1,0,0,11.0021,1.0618,23,2,2
0,-1,-1,12.0436,0.0018,33,2,2
0,0,0,12.1007,0.964,31,2,2
1,0,0,12.1007,1.0046,28,1,2
0,-1,-1,12.7657,0.003,42,1,2
0,0,0,12.7939,0.0565,36,1,2
1,0,0,11.8494,0.9564,46,1,2
0,-1,0,12.6443,0.381,30,2,3
0,0,0,10.309,0.7607,25,1,3
1,-1,-1,12.2061,0.0275,32,1,1
1,2,2,11.6952,0.0062,37,2,1
0,0,0,12.4684,0.0826,45,1,1
0,0,0,11.0021,0.519,32,2,1
0,0,0,10.8198,0.2167,24,1,2
0,0,0,11.2898,0.5992,28,1,1
0,1,2,11.0021,1.0344,46,1,1
0,1,2,12.2061,0.5215,27,2,3
0,1,-2,11.8494,0.0,28,2,1
1,0,0,10.309,0.8776,25,1,2
0,0,0,11.6082,0.398,34,2,2
0,-1,-1,11.4076,0.0814,39,2,3
0,1,-1,10.5966,0.0,27,2,1
0,-1,-1,11.6082,0.0296,29,2,1
0,0,0,13.3692,0.1824,30,2,1
0,0,0,9.9035,0.4976,51,1,3
0,0,0,10.8198,0.8925,36,2,2
0,-1,-1,10.309,1.0176,25,1,2
0,0,0,11.8494,0.975,32,2,2
0,1,-1,11.1563,0.0,36,1,2
1,0,0,11.2898,0.2991,42,2,2
0,-2,-2,11.5129,0.0,31,2,1
0,0,0,12.1007,0.3679,40,1,3
0,0,0,10.8198,0.9674,28,2,2
1,-1,-1,12.0436,0.0028,35,1,1
1,2,2,10.8198,0.8461,23,2,3
1,0,0,11.8494,0.9689,28,1,1
1,2,2,11.5129,0.744,29,1,1
0,0,0,9.2103,0.8593,36,1,2
0,1,-2,10.8198,0.0,22,2,2
1,0,0,10.309,0.8918,24,2,2
0,0,0,11.2898,0.3268,27,2,2
0,0,0,12.5776,0.9096,29,2,2
0,0,0,11.6082,0.0735,27,2,1
0,1,3,10.309,0.7677,24,2,3
0,0,0,11.1563,0.62,23,2,2
0,0,0,12.6115,0.9256,26,2,1
1,0,0,10.309,0.8141,47,1,2
0,-2,-2,12.2061,0.0,36,2,1
1,0,0,11.7753,0.6277,27,1,2
0,-2,-2,11.2898,0.0,25,1,1
0,0,0,10.8198,1.3514,37,2,2
0,0,0,12.6443,0.1077,30,2,1
0,-2,-2,11.9829,0.0728,31,2,2
0,0,0,12.3884,0.9486,30,1,2
0,0,0,11.5129,0.2124,36,2,2
0,0,0,12.2061,0.4938,27,2,5
0,0,0,10.8198,0.9236,38,2,1
0,0,0,12.6761,0.9394,45,2,3
0,0,0,11.0021,0.9664,37,1,1
0,0,0,11.0021,0.9796,43,1,2
1,0,0,10.8198,0.922,42,1,2
1,1,-2,12.7939,0.0,41,1,2
0,0,0,11.0021,1.0124,32,2,2
0,0,0,12.2549,0.0103,28,2,2
1,2,2,9.9035,1.0296,39,1,2
0,-1,-1,11.5129,0.1023,40,2,2
0,0,0,12.2061,0.2376,32,2,1
0,-2,-2,12.1007,0.0025,28,2,2
1,0,0,11.1563,0.9188,50,2,1
0,0,0,12.0436,0.4887,48,2,2
0,0,0,11.2898,0.8616,36,1,1
0,-1,-1,12.8992,0.0,41,2,1
0,0,0,11.8494,0.9885,40,2,2
0,0,0,11.0021,0.3478,57,1,3
0,0,0,12.7939,0.9265,44,1,1
0,0,0,12.3884,0.2021,43,2,2
0,1,2,11.2898,0.7126,27,2,2
0,0,0,12.5062,0.4303,39,2,2
0,2,2,10.309,0.6884,39,2,3
1,-2,-2,13.0815,0.0513,58,1,1
0,-1,-1,11.9829,0.0017,50,1,2
1,2,0,12.1007,0.2855,34,2,2
1,1,-2,12.6115,0.0,29,1,1
0,0,0,12.2061,0.9598,31,2,1
0,0,0,10.8198,0.7504,30,2,2
0,-1,-1,12.6761,0.0096,39,2,3
1,2,0,10.309,0.9234,35,2,1
0,-2,-2,13.1224,0.0018,38,2,1
0,0,-1,12.7939,0.0597,40,1,1
1,0,0,10.8198,0.2774,53,2,2
0,0,0,11.2898,0.7696,29,2,1
0,0,0,9.2103,0.5324,23,1,2
0,0,0,12.5425,0.9378,23,2,1
0,-1,-1,12.6115,0.0129,31,2,2
0,0,0,12.5425,0.8316,34,2,1
0,0,0,12.0436,0.9696,42,1,2
0,0,0,12.4684,0.3395,36,2,1
0,1,-1,12.7939,-0.0,44,1,2
0,-1,0,12.7939,0.0269,31,2,2
0,0,0,12.2061,0.9077,38,1,3
0,0,0,10.8198,0.4303,28,2,1
0,1,-1,11.7753,0.0,45,2,3
1,0,0,9.9035,0.9734,32,1,2
1,0,0,10.8198,0.4583,52,2,3
0,-1,-1,12.1548,0.0365,30,2,1
0,-1,-1,11.8494,0.0056,36,1,2
0,0,0,11.1563,0.9906,40,2,2
0,0,0,11.9184,0.103,36,2,1
0,0,0,11.8494,0.9184,29,2,2
1,2,0,10.8198,0.9677,27,1,2
0,-1,-1,12.7657,0.0101,55,2,1
1,3,2,11.2898,0.4455,53,1,2
0,1,-2,12.8992,-0.0,34,1,1
0,0,0,12.0436,0.4218,38,2,1
0,1,2,9.9035,0.4662,47,2,2
0,-1,-1,13.017,0.0508,40,1,1
0,1,-2,12.2061,-0.0,36,2,3
0,-1,-1,12.2061,0.0122,36,2,1
1,1,-2,11.5129,0.0,53,2,3
0,-1,0,11.0021,0.2348,39,1,2
0,0,0,12.3458,0.0709,37,2,2
0,0,0,12.3458,0.1066,29,2,2
0,-1,0,11.0021,0.0508,46,1,2
0,1,-2,11.9829,0.0345,34,2,1
1,-1,-1,12.6443,0.0016,34,1,1
0,-1,-1,12.9715,0.0731,30,2,1
0,1,-2,12.3884,-0.0002,47,2,1
0,0,0,11.0021,0.9008,29,1,2
0,0,0,10.309,0.8685,28,1,2
1,-1,-1,12.1007,0.0021,30,1,2
0,1,2,9.9035,0.8353,24,1,2
1,2,2,10.309,0.5345,24,1,1
0,-2,-2,12.6761,0.0374,55,2,2
1,-1,-1,13.1224,0.0005,32,1,2
0,-2,-2,12.0436,0.0,47,2,2
0,0,0,9.9035,1.0919,24,2,2
0,0,0,12.7939,0.2049,29,2,1
0,0,0,11.4076,0.3404,24,2,1
0,-1,-1,11.5129,0.0039,40,2,1
0,1,-2,11.5129,0.0,37,1,1
0,-2,-2,12.0436,0.0,38,1,1
0,2,0,11.5129,0.5033,32,2,2
0,-1,-1,9.9035,0.088,27,1,1
0,-1,-1,12.3014,0.0071,32,1,2
0,-2,-2,13.0605,0.0489,31,2,1
0,0,-1,11.5129,0.1339,24,2,2
0,-1,-1,9.2103,0.1504,23,1,2
0,-1,-1,12.3458,0.011,29,2,1
0,2,2,10.8198,0.6267,28,2,1
1,0,0,10.8198,1.0109,30,1,3
0,0,0,11.6952,0.9741,30,2,2
1,-1,-1,11.9829,0.0147,33,2,1
0,-1,-1,11.6952,0.0073,27,1,1
0,0,0,10.309,0.8919,21,2,2
0,-2,-2,12.1007,0.0006,29,2,1
0,0,0,10.309,1.0096,23,1,1
0,-1,-1,12.2061,0.0163,40,2,1
0,0,0,9.2103,0.7659,33,2,2
0,0,0,12.3458,0.1534,39,1,2
0,0,0,12.2061,0.6301,53,2,3
1,0,0,11.6082,0.4087,46,1,2
0,0,0,10.8198,0.3697,40,1,2
0,0,0,10.8198,0.9696,23,2,1
0,-2,-2,12.3014,0.035,43,1,1
0,-1,-1,13.1224,0.0283,43,1,1
0,0,0,11.8494,0.7144,43,1,1
0,2,0,10.8198,0.0598,30,2,1
0,0,0,10.8198,0.1448,24,1,2
0,0,0,11.9184,0.7794,32,2,1
0,1,2,11.9184,0.9558,35,1,1
0,0,0,12.3884,0.7977,43,1,3
0,2,2,12.1007,0.0133,31,1,1
0,-1,-1,12.3884,0.0226,44,1,2
0,0,0,11.9184,0.9204,27,2,1
0,-1,-1,12.4684,0.0044,41,2,3
0,-1,-1,11.9829,0.0027,34,2,1
0,0,0,12.5776,0.201,39,2,2
0,0,0,12.3884,0.4836,48,1,1
0,1,2,10.8198,0.6427,56,1,2
0,-1,-1,12.0436,0.0014,46,2,3
1,0,0,11.7753,1.1352,46,2,1
0,1,-2,11.2898,0.0,27,1,1
0,0,0,10.309,0.9676,45,1,1
0,0,0,11.5129,0.9776,40,2,3
0,2,0,9.2103,0.8638,23,1,2
0,-2,-2,12.6761,0.0,30,2,1
0,0,0,10.8198,0.9722,36,1,2
1,1,2,11.2898,0.6172,29,1,1
1,0,0,11.1563,0.3344,26,2,2
0,0,0,13.4588,0.0232,28,2,2
0,-1,-1,12.7939,0.0198,26,2,1
0,0,0,12.8479,0.5056,30,1,1
0,0,0,10.8198,0.8561,40,1,2
1,1,2,9.9035,1.0006,45,1,2
1,0,0,12.7657,0.9,33,2,1
1,1,-2,11.2898,0.0,29,2,1
1,2,2,11.9184,0.9014,35,1,3
0,0,0,12.6115,0.1577,35,2,1
0,0,0,12.8992,0.9977,39,1,2
0,0,0,12.4292,0.9719,35,2,2
1,0,0,10.8198,0.9812,23,2,1
0,-1,-1,12.3458,0.2383,44,2,3
0,0,0,11.5129,0.4386,27,2,2
0,-1,2,12.8479,0.0115,34,1,2
0,0,0,12.4684,0.9675,28,2,2
0,0,0,13.0605,0.1677,31,1,2
0,-1,0,11.2898,0.6012,29,1,2
1,0,0,11.8494,0.5298,36,1,1
1,2,2,11.8494,0.46,45,1,1
1,2,2,10.8198,1.0162,36,1,2
1,0,0,12.1007,0.0817,37,2,2
1,4,3,10.309,0.5282,23,2,2
1,2,0,10.309,0.6265,22,2,2
1,0,0,10.8198,0.6096,25,2,1
0,1,2,12.4292,0.1817,35,2,1
0,0,-1,12.6443,0.1256,25,2,2
0,1,-2,12.7939,0.0,51,2,2
0,0,0,10.8198,0.9728,31,1,2
0,0,0,13.0815,0.158,30,2,1
0,-1,-1,10.8198,0.0261,24,2,1
0,1,-2,11.9829,0.0,37,1,2
0,0,0,11.8494,0.0355,30,2,1
0,-1,-1,12.6443,0.0027,27,2,1
0,-1,-1,10.309,0.2614,27,2,1
0,1,2,10.5966,0.2828,27,2,2
0,0,0,11.2898,0.9974,55,1,3
0,0,0,10.309,0.8386,41,2,2
0,-2,-2,12.2061,0.2907,26,2,2
0,2,0,12.5062,0.3962,42,2,3
0,0,0,12.1007,0.8576,32,1,1
0,-1,-1,12.1007,0.0011,34,2,2
0,0,0,9.2103,0.4797,21,1,3
1,-1,-1,11.6952,0.003,48,1,1
1,2,0,10.309,0.8265,36,1,1
0,1,-2,12.6115,-0.0201,30,2,1
0,2,0,10.8198,0.1003,61,2,3
0,-2,-2,11.9184,0.0,58,1,3
0,-1,2,12.6115,0.0035,36,2,2
0,0,0,10.8198,0.9613,26,1,2
0,0,0,9.2103,0.8097,34,1,2
0,-1,-1,12.4684,0.0007,35,2,2
0,-1,-1,12.8992,0.0162,28,2,1
0,0,0,10.8198,0.5252,39,2,2
0,2,2,10.8198,1.0195,22,2,2
0,-1,-1,12.5425,0.0131,28,2,1
0,0,0,9.2103,1.0063,22,2,2
0,1,2,11.2898,0.9148,32,2,2
0,-1,-1,11.9184,0.0011,52,2,3
0,4,4,9.9035,0.9198,53,2,2
1,1,-2,10.8198,0.0,24,1,2
0,1,-1,12.0436,0.0,31,2,1
0,0,0,11.7753,0.6121,33,2,2
0,-1,-1,10.8198,0.0261,29,2,2
0,1,2,10.8198,0.3604,27,2,3
1,0,0,12.1007,0.7052,40,1,2
0,0,0,9.9035,0.5256,50,2,2
0,0,0,12.9239,0.1308,29,1,1
0,0,0,10.8198,0.534,26,2,2
0,-2,-2,12.5062,0.0311,47,2,2
0,-1,-1,11.2898,0.0492,24,2,1
0,0,0,11.8494,0.928,48,2,3
1,2,2,11.0021,0.6764,29,1,2
0,2,2,12.1007,1.0123,26,2,1
0,-2,-2,12.6761,-0.0017,34,2,1
1,3,3,10.5966,0.1438,26,1,2
0,-1,-1,12.8479,0.1098,32,2,1
0,1,2,11.9184,0.8396,36,2,2
0,0,0,11.6082,0.5781,25,2,1
0,0,0,11.6082,0.9944,26,1,1
0,0,0,11.5129,0.4581,26,2,3
0,-1,-1,12.3884,0.0496,35,1,1
0,0,0,10.8198,0.6171,25,2,2
0,0,0,10.8198,0.543,38,1,1
0,1,2,12.2061,1.0211,29,1,2
0,2,-1,11.2898,0.0012,27,2,1
1,2,0,10.5966,0.8618,49,1,3
0,1,-2,12.4292,-0.0001,29,1,2
0,0,0,12.3458,0.3007,24,2,1
1,2,2,10.309,0.2503,26,1,1
1,0,0,11.2898,0.9132,52,2,3
0,-1,-1,11.5129,0.0173,37,2,1
0,0,0,12.3458,0.2358,28,2,2
1,-1,-1,13.1022,0.0365,50,1,1
1,2,0,10.309,0.8346,44,2,3
0,0,0,10.5966,0.8551,49,1,3
1,-2,-2,13.017,-0.0,34,1,1
1,2,0,10.8198,0.9707,23,2,2
0,1,4,9.9035,0.9638,26,1,2
0,0,0,12.4684,0.454,36,2,3
0,-1,2,9.2103,0.02,28,1,2
0,-2,-2,13.1224,0.0,38,1,1
0,0,0,11.1563,0.4949,25,2,2
0,-2,-2,11.5129,0.0317,28,2,3
0,-2,-2,10.8198,0.0,30,2,3
1,-2,-2,12.8992,0.0,33,2,1
0,-1,-1,12.5062,0.0118,49,1,2
0,0,-1,12.4684,0.0152,38,1,1
0,0,0,12.4292,0.2905,32,2,2
0,-1,-1,12.7939,0.0785,30,1,1
0,0,0,12.3458,0.5222,30,1,2
0,0,0,11.6082,0.7667,27,1,2
0,-1,-1,10.8198,0.0063,32,2,2
0,0,0,11.2898,0.4926,38,1,1
1,0,0,9.2103,0.4695,32,2,2
1,1,2,9.9035,0.5237,52,1,3
0,-1,-1,12.2061,0.0042,33,2,3
0,0,0,12.1007,0.5203,40,1,1
0,0,0,11.6952,0.8898,69,2,3
1,0,0,11.2898,0.0826,47,2,2
0,-1,-1,12.3014,0.0158,50,1,1
0,-1,-1,12.7939,0.0226,32,1,1
0,0,0,10.8198,0.9921,25,2,1
0,-1,0,11.9184,0.1562,31,2,2
0,0,0,11.1563,0.9666,27,2,2
1,1,2,9.9035,0.4242,25,2,1
1,1,-2,11.9184,0.0,32,2,1
0,1,-2,10.5966,0.0,35,1,2
0,0,0,12.0436,0.7832,27,1,1
0,2,0,12.3014,0.2189,37,2,2
1,0,0,11.6082,0.9903,41,2,2
0,0,0,10.309,0.9729,47,2,2
0,0,0,12.3458,0.8496,32,2,1
0,-2,-2,12.5062,0.0423,38,2,2
1,2,2,12.7939,0.8095,47,2,1
0,0,0,12.1007,0.9401,25,2,2
1,1,-2,12.7939,0.0,49,1,2
0,0,0,12.5425,0.9612,47,2,1
0,0,0,12.0436,0.3233,63,2,1
0,0,0,10.8198,0.9622,33,2,2
0,-1,-1,11.9829,0.002,44,1,3
0,-2,-2,11.9829,0.0,42,2,1
0,0,0,11.9829,0.9592,24,2,3
0,2,2,10.8198,1.8859,27,1,2
0,2,0,10.8198,1.0197,49,2,2
0,0,0,12.1007,0.5627,30,2,2
0,-2,-2,12.2549,0.0,38,2,1
0,1,2,9.9035,1.0724,40,1,2
0,-1,-1,13.2534,0.0072,29,1,1
0,-1,-1,12.5425,0.0197,27,1,1
1,1,2,10.8198,0.9894,24,2,2
1,1,2,9.9035,0.8313,46,2,2
1,-1,-1,10.309,0.3087,28,1,1
0,0,0,12.3884,0.9291,37,1,1
0,2,0,10.309,0.8563,47,1,1
0,0,0,11.4076,0.3164,47,2,2
0,0,0,11.0021,0.9433,25,1,2
0,0,0,13.1224,0.4075,34,1,1
1,0,0,11.1563,0.9568,34,1,2
0,2,2,11.8494,0.2152,27,1,2
0,3,2,10.309,1.0632,32,1,2
0,0,0,11.8494,0.5594,55,1,2
0,-2,-2,12.5776,0.0,44,1,1
0,-2,-2,12.7939,0.0,36,2,1
0,0,0,10.309,0.972,34,1,1
0,-1,-1,12.0436,0.011,33,2,2
0,-1,-1,12.5776,0.0071,46,1,1
0,1,1,12.5062,0.0027,53,2,2
1,-1,-1,12.2061,0.0069,49,1,1
0,-1,-1,11.8494,0.0023,45,2,1
0,-2,-2,12.3458,0.0082,39,2,3
0,0,0,11.2898,0.9608,26,1,1
0,0,0,12.7657,0.6593,36,1,2
0,0,0,10.8198,1.0225,42,2,3
0,0,0,10.8198,1.0023,32,1,3
1,1,-2,12.8739,0.0,45,2,2
0,1,-2,11.2898,0.0,25,2,1
0,-2,-1,11.9184,0.1828,23,2,2
0,0,0,9.2103,0.8109,23,1,2
0,1,2,11.5129,0.9767,31,1,2
0,0,0,12.6443,0.1575,41,2,1
0,0,0,11.2898,0.5814,31,1,1
1,-1,2,10.5966,0.0195,46,1,1
0,-2,-2,12.1007,0.0061,43,2,2
0,1,3,11.5129,0.0831,60,1,1
0,-2,-2,11.8494,0.0078,31,2,1
0,-1,-1,12.3458,0.0017,27,1,2
1,1,2,9.9035,0.5124,24,1,2
0,0,0,11.4076,0.2598,55,2,3
0,0,0,10.8198,0.3261,29,1,1
0,0,0,10.8198,0.4437,39,2,2
0,0,0,10.8198,0.9385,51,1,2
0,-1,-1,12.2061,0.0669,28,1,1
1,1,2,9.9035,0.934,23,1,1
0,0,-1,12.8992,0.0274,46,1,1
0,0,0,9.9035,0.888,38,1,2
0,1,-2,10.5966,0.0,36,1,2
0,0,0,12.3884,0.5594,28,1,1
0,-1,-1,12.3884,0.0209,37,2,1
0,0,0,11.2898,0.8824,38,2,2
0,0,0,12.1007,0.6764,37,1,1
1,0,0,9.9035,0.1989,22,2,1
0,0,0,9.9035,0.9234,44,1,3
0,-1,-1,9.9035,0.4799,41,1,2
0,-1,-1,12.7939,0.0026,25,2,2
0,-1,-1,11.7753,0.0483,31,2,2
1,2,2,10.309,0.08,47,1,1
0,1,2,11.6082,0.0709,33,2,2
0,6,5,10.309,1.1045,46,1,3
1,0,0,11.2898,0.3665,26,2,1
0,0,0,12.7657,0.4135,31,2,3
0,1,-2,10.8198,0.0,24,2,2
0,0,0,11.6082,0.7629,23,2,1
0,-1,-1,12.1007,0.0007,32,2,2
0,0,0,12.9945,0.7374,32,2,5
0,0,0,11.5129,0.9114,42,2,1
0,-2,-2,12.2061,0.0272,33,1,1
0,0,0,11.8494,0.9412,39,2,2
1,1,-1,12.3458,-0.0001,31,2,1
1,-2,-2,9.2103,0.039,44,2,2
0,0,0,12.5425,0.6573,35,2,2
1,-2,-2,12.6443,0.0085,42,1,2
0,0,-1,12.4684,0.0121,33,2,5
0,-1,-1,12.5062,0.1439,29,1,1
0,0,0,10.8198,0.9791,23,1,1
0,-1,-1,13.017,0.0025,46,1,1
0,1,-2,12.1548,-0.0031,54,1,3
0,0,0,12.5776,0.1469,28,2,1
0,-1,-1,13.0815,0.0279,60,2,1
0,0,-1,12.7939,0.0846,34,1,5
0,-1,-1,12.8479,0.0009,32,1,1
1,0,0,9.9035,0.4624,24,1,3
0,0,0,10.8198,0.7886,52,1,3
0,0,0,13.017,1.0025,34,1,1
1,2,2,10.8198,0.9657,24,2,2
0,0,0,12.8479,0.2791,34,1,1
0,-2,-2,11.9184,0.0098,34,2,3
0,0,0,10.8198,0.425,23,2,2
0,1,-2,11.9184,-0.0019,33,2,1
0,0,0,10.8198,0.7835,43,2,3
0,0,0,10.8198,0.6939,24,1,2
1,-1,-1,12.3458,0.0163,26,2,1
0,-1,-1,12.6443,0.0437,32,2,1
0,-1,-1,12.6443,0.0116,34,2,2
0,0,0,10.8198,1.0132,50,2,2
0,1,-2,12.3884,0.0,32,1,2
0,-1,-1,12.8992,0.0028,26,2,1
0,0,0,11.4076,0.1916,47,2,2
0,2,2,10.8198,0.2083,43,1,3
0,0,0,12.4292,0.6246,30,2,1
0,0,0,12.2061,0.3334,44,1,1
0,0,0,9.2103,1.4498,37,1,3
0,0,0,12.6443,0.1057,36,1,2
1,1,-1,12.7367,0.0,46,2,3
0,0,0,12.3014,0.657,34,1,2
0,0,0,13.1224,0.3033,36,1,1
0,0,0,11.2898,0.657,41,2,2
0,0,0,12.2061,0.5173,36,1,1
0,-2,-2,12.5062,0.268,36,2,2
1,2,0,11.5129,0.4244,29,2,2
1,1,3,11.5129,0.9968,29,1,2
0,-2,-2,10.8198,0.0,25,1,1
0,1,-1,12.4684,0.0,33,2,3
0,-1,-1,11.5129,0.004,24,2,2
0,-1,-1,12.3884,0.0012,31,2,3
1,0,0,10.8198,0.2897,28,2,3
0,0,0,10.8198,1.4475,54,1,2
0,0,0,12.2061,0.173,44,2,1
1,2,0,11.9184,0.5756,36,1,2
0,0,0,11.9184,0.129,41,1,2
0,0,0,10.8198,1.0013,40,1,2
0,0,0,11.5129,0.702,27,1,1
0,1,-1,10.309,0.0,25,1,1
0,0,0,12.7657,0.2762,31,2,1
0,0,0,10.8198,0.5185,50,1,2
0,2,2,10.8198,0.4075,34,2,2
0,-1,-1,12.4292,0.0087,43,2,1
1,-1,0,12.6115,0.0252,24,2,3
0,-1,-1,11.2898,0.0226,22,2,2
1,1,2,10.309,0.4762,45,1,2
0,-1,-1,12.8213,0.0767,29,2,3
0,0,0,10.8198,0.1643,43,1,2
0,0,0,10.309,0.7493,22,2,1
0,0,0,12.2061,0.1309,26,2,2
0,1,-1,12.3458,-0.0,48,2,3
0,0,0,12.5776,0.2367,29,2,2
0,-2,-2,11.5129,0.0,39,2,2
0,1,2,11.2898,0.5004,26,1,1
1,0,0,11.4076,0.5079,39,2,2
0,0,0,11.4076,0.4448,37,1,1
0,0,0,11.2898,0.1923,26,1,2
0,-1,-1,12.4684,0.006,39,2,1
0,0,0,12.2549,0.214,34,1,1
1,2,2,11.2898,0.3432,26,2,2
0,0,0,12.0436,0.0256,25,2,2
0,0,0,12.3884,0.6994,38,2,1
0,1,-1,11.9184,-0.002,32,2,1
0,-1,-1,12.3014,0.1136,28,2,1
0,0,0,11.2898,0.5332,27,1,1
0,-2,-2,11.9829,0.9716,41,1,1
0,0,0,11.8494,0.9761,37,2,2
0,-2,-2,11.7753,0.0,25,2,2
0,0,0,12.5425,0.3403,34,2,1
0,-1,2,12.2061,0.0221,28,1,1
1,0,0,10.8198,0.5286,36,1,2
0,0,0,11.9184,0.2631,44,2,2
0,0,0,12.2549,0.0761,36,2,1
1,1,-2,12.1548,-0.0,39,1,1
0,0,0,11.8494,0.8833,28,2,1
0,-1,-1,11.9829,0.015,41,2,3
1,0,0,12.1007,0.9883,39,2,1
0,0,0,9.9035,0.4965,22,2,1
0,0,0,10.8198,0.4665,37,2,2
0,1,-2,11.9184,0.0,34,2,1
0,0,0,12.2549,0.6071,33,2,3
0,-1,-1,13.1224,0.7496,43,2,2
0,0,0,11.1563,0.3545,22,2,2
1,-1,2,11.5129,0.1755,27,1,1
0,0,0,9.9035,0.7852,27,2,2
0,0,0,9.9035,0.6994,23,1,2
1,2,0,10.8198,0.9597,25,1,2
0,1,2,12.7367,0.0859,27,2,3
0,0,0,11.7753,0.0746,29,1,1
0,0,0,12.6761,0.0266,53,2,2
1,7,6,12.3014,1.1056,41,2,1
1,0,0,10.8198,0.9699,24,1,3
0,0,0,11.9184,0.263,25,2,1
0,-1,-1,13.1224,0.0413,29,1,1
0,-1,-1,12.3014,0.0613,29,2,1
0,-1,0,11.1563,0.4008,24,2,1
0,0,0,11.1563,0.3919,24,2,2
0,-2,-2,12.7939,0.0,26,2,1
0,2,0,11.5129,0.5372,30,1,1
1,1,-2,12.7939,0.0,30,1,3
0,0,0,12.2549,0.067,29,2,2
0,0,0,10.8198,0.7529,34,2,2
0,0,0,10.8198,0.6895,25,2,1
0,0,0,12.8992,0.3497,30,2,1
0,0,0,12.5776,0.172,36,2,1
0,0,0,12.6761,0.1198,39,2,2
1,2,0,9.9035,0.8798,24,2,2
0,0,0,13.1224,0.4505,51,1,1
0,0,0,12.5776,0.2187,40,1,1
0,0,0,10.8198,0.9407,38,1,1
0,0,0,10.8198,1.0109,60,1,1
0,-1,-1,12.8739,0.0072,53,2,3
1,-1,-1,11.4076,0.0078,27,2,1
0,0,0,10.8198,0.4045,53,2,3
1,0,0,12.3458,0.2241,28,2,1
1,2,2,11.1563,0.6315,37,1,2
0,0,0,12.7939,0.1761,36,2,2
0,-1,0,12.6115,0.0361,31,2,2
1,0,0,10.8198,0.1141,51,1,3
1,1,2,11.2898,0.0615,26,2,3
0,2,2,9.2103,0.9415,50,1,2
0,0,0,9.2103,0.5236,28,1,2
0,-1,-1,11.8494,0.0053,29,2,2
0,0,0,11.5129,0.2391,50,1,2
1,0,0,10.309,0.2728,42,1,3
0,-1,-1,12.5425,0.0018,49,1,1
1,1,2,11.2898,0.075,25,2,1
0,0,0,10.309,0.6681,59,1,2
1,1,-2,12.8739,0.0,64,2,1
1,-1,2,9.2103,0.1409,49,2,3
1,-1,-1,11.1563,0.018,49,1,1
0,-1,-1,11.9829,0.0752,37,2,2
0,1,2,11.2898,0.198,51,2,2
1,0,0,10.309,0.7628,24,1,2
0,-1,-1,12.2061,0.0362,40,2,2
1,-1,-1,11.0021,0.0139,24,2,1
0,0,0,12.3014,0.2567,36,2,1
0,0,0,10.309,0.8827,41,2,1
1,0,0,11.0021,0.1873,33,2,1
1,3,3,10.309,0.9698,23,2,2
0,0,0,12.1007,0.786,36,1,1
0,-1,-1,12.9715,0.012,34,2,1
1,-2,-2,12.1548,0.0,28,1,2
0,0,0,9.9035,0.9494,39,2,3
0,-2,-2,11.9184,0.0452,48,2,1
0,0,0,11.8494,0.9427,61,1,2
0,-1,-1,12.2061,0.0153,40,1,1
0,-2,-2,12.3884,0.0,35,2,1
0,2,0,10.8198,0.8585,33,1,2
1,0,0,10.8198,0.496,37,1,2
0,0,0,13.0605,0.5266,34,1,2
0,2,-1,11.4076,1.3088,37,1,2
0,1,-1,12.948,-0.0001,45,2,1
0,-2,-2,12.9715,-0.0356,32,2,2
0,-2,-2,11.9184,0.0812,27,2,5
0,-1,-1,13.017,0.0136,35,2,1
0,1,2,12.3014,0.0296,41,2,2
0,0,0,11.9184,1.6738,35,1,1
0,-1,-1,11.6952,0.0195,31,1,1
0,-2,-2,11.2898,0.0109,32,2,1
0,1,2,12.3458,0.3207,32,2,2
0,1,8,10.5966,0.6483,24,2,3
0,1,-1,12.6115,0.0,66,2,2
0,-1,-1,12.7939,0.0532,51,2,2
1,2,2,10.8198,0.1765,22,2,1
0,-1,-1,12.2061,0.0178,33,1,1
0,0,0,12.0436,0.9246,38,1,2
0,0,0,11.5129,0.7005,56,2,3
0,0,0,9.9035,0.8687,21,2,1
0,-1,-1,9.9035,0.0736,24,1,3
0,-1,0,12.2549,0.2272,36,2,2
0,0,0,10.8198,0.9959,29,2,2
0,0,0,10.8198,0.9538,42,1,2
1,0,0,11.6952,0.9568,26,1,2
1,2,2,11.2898,0.4581,52,2,3
1,1,-1,12.1548,0.0,29,1,1
1,1,-2,12.1007,0.0,31,2,1
1,-1,-1,12.1007,0.0055,29,1,1
0,0,0,11.6082,0.4239,26,2,2
0,-1,0,12.3014,0.2428,35,1,1
0,0,0,11.2898,0.0316,22,2,2
0,-2,-2,12.2061,0.078,40,1,1
1,0,0,11.0021,0.5936,51,1,1
1,1,-2,13.1224,0.0,42,2,1
0,0,-1,12.6115,0.1145,33,1,1
1,2,0,11.9184,1.0071,30,2,1
0,1,2,11.4076,0.146,24,2,2
1,-1,-1,12.3884,0.0061,44,1,1
0,0,0,12.1548,0.7563,45,2,2
0,1,-2,11.2898,0.0,37,1,1
0,0,0,13.1224,0.1033,37,2,2
0,-2,-1,12.7939,0.1267,42,2,1
0,0,0,11.0021,0.5545,24,1,3
0,-1,-1,11.8494,0.0115,25,2,1
0,0,0,10.8198,0.5047,37,2,2
1,1,2,10.309,0.1581,41,1,3
0,0,0,11.9184,0.4702,28,2,3
0,-2,-2,12.1007,0.2926,26,2,2
0,0,0,13.4,0.7511,33,2,2
0,1,0,12.2549,0.0257,28,1,1
0,0,0,12.3458,0.6745,52,2,5
1,1,2,11.5129,0.1323,24,1,2
0,0,0,10.8198,0.1131,43,1,3
0,0,0,12.7367,0.0246,38,1,2
1,1,2,11.1563,0.5582,26,1,3
0,0,0,12.3014,0.0312,43,2,1
1,-1,-1,12.0436,0.0145,30,2,2
0,-2,-2,12.5425,0.0075,26,1,2
0,0,0,12.8213,0.3826,39,2,1
1,-1,-1,13.017,0.0056,36,1,1
0,0,0,11.7753,0.6811,28,1,2
0,1,-1,12.8992,0.0,32,2,1
0,0,0,11.4076,0.8086,29,1,1
0,-1,-1,13.017,0.0009,33,1,1
0,0,0,11.7753,0.9829,33,2,2
0,-1,2,9.9035,0.9607,24,2,1
1,2,2,10.8198,0.9976,27,2,2
0,0,0,12.2061,0.465,29,2,2
0,-1,-1,11.9184,0.0019,55,1,1
0,-1,-1,12.4292,0.0131,40,2,1
0,-1,0,12.5062,0.0219,47,1,1
0,0,0,12.4684,0.3755,36,1,1
0,0,0,11.6082,0.9331,34,1,2
0,2,2,10.8198,0.8577,25,1,2
0,-1,0,12.2061,0.0407,49,1,2
0,0,0,11.0021,0.8908,25,2,2
0,1,-1,12.2061,0.0,46,1,2
0,-1,-1,10.8198,0.1907,38,1,3
0,3,2,11.1563,1.0214,22,2,1
0,0,0,10.8198,0.9696,24,2,1
0,0,-1,12.3458,0.0051,34,2,3
0,-1,-1,9.9035,0.5414,45,2,2
0,0,0,12.7068,0.1614,28,1,2
1,0,0,10.8198,0.5332,51,2,3
0,-1,-1,13.039,0.0259,42,1,1
1,0,0,10.309,0.8755,27,2,2
0,0,0,12.2061,0.5553,30,1,3
1,2,3,10.8198,0.1511,23,1,1
0,0,0,10.8198,0.5148,38,1,2
0,-1,-1,12.2061,0.0168,33,1,2
0,0,0,12.7939,0.1473,38,2,1
0,-1,0,12.3458,0.005,43,1,1
0,0,0,12.2061,0.3413,34,2,2
1,0,0,9.9035,0.717,51,1,3
0,0,0,12.2061,0.9689,41,1,2
0,-2,-2,10.309,0.0595,27,2,1
0,0,0,12.7939,0.0185,31,2,1
1,2,2,9.2103,0.5833,29,1,2
0,0,0,12.1007,1.006,34,2,2
0,-2,-2,12.5062,0.0,31,1,2
1,1,2,12.3884,0.7815,42,2,2
0,0,0,12.5425,0.1116,43,2,2
0,-1,-1,12.7068,0.0027,34,1,2
0,-2,-2,12.2061,0.0696,46,2,3
0,2,0,11.5129,0.3855,36,1,3
1,2,0,12.0436,0.1604,30,2,1
0,0,0,12.2549,0.0175,29,2,1
0,0,0,11.5129,0.3219,26,1,2
0,0,0,12.2061,0.9404,67,2,3
0,0,0,12.3458,0.4427,30,1,2
0,0,0,11.4076,1.1234,35,2,3
0,0,0,12.0436,0.6206,28,2,2
1,2,2,11.5129,1.0149,42,2,2
0,0,0,9.9035,0.8948,24,1,3
0,0,0,10.8198,0.1324,53,1,3
1,-2,-2,12.1007,0.0,40,2,3
1,0,0,11.0021,0.495,28,2,2
0,0,0,11.2898,0.1094,39,2,2
0,-2,-2,12.7657,0.1476,30,1,1
0,1,-2,9.9035,0.0,28,1,3
0,-1,-1,11.9829,0.0138,30,2,3
1,1,3,11.9184,0.3654,29,1,3
0,0,-1,11.9184,0.5334,44,1,3
0,0,0,10.8198,0.9041,46,1,2
0,-1,-1,13.1224,0.0124,45,1,1
0,-1,-1,13.0815,0.011,37,2,2
1,0,0,12.7367,0.2443,44,1,1
0,1,-2,12.1007,0.0,47,2,1
0,0,0,10.8198,0.513,45,2,3
0,0,0,12.7939,0.3175,31,2,1
0,0,0,12.7657,0.6643,31,1,3
0,-1,-1,12.1007,0.0556,30,1,2
0,0,0,10.8198,0.9068,34,1,1
1,-1,0,11.1563,0.0985,31,2,2
1,2,2,10.5966,0.8604,23,2,3
0,-1,-1,12.5062,0.0047,37,2,1
0,0,0,11.1563,0.0679,23,2,2
0,-2,-2,12.5425,0.0208,41,1,1
0,0,0,12.4684,0.7487,42,2,2
1,0,0,9.9035,0.3494,23,2,1
1,0,0,11.2898,0.9766,26,2,1
0,1,3,9.9035,1.0193,27,1,3
1,2,0,12.5776,0.4527,37,1,1
0,0,0,12.1007,0.056,33,2,2
0,-1,-1,12.4292,0.0042,43,2,1
0,0,0,12.3458,0.6502,30,1,1
0,0,-1,12.3884,0.0351,41,2,2
0,0,0,12.1548,0.7346,34,2,2
0,-1,-1,12.2061,0.0008,29,1,1
0,0,0,10.309,0.9373,43,1,2
0,0,0,12.1007,0.5703,42,2,3
1,-1,-1,12.2549,0.009,33,2,1
1,-1,-1,10.309,0.1696,34,2,2
0,0,0,11.0021,0.7204,44,2,2
0,-1,-1,12.2061,0.0015,29,1,1
1,0,0,11.9184,0.854,35,2,1
1,-1,-1,11.7753,0.0059,41,2,1
0,0,0,12.2549,0.71,34,2,2
0,-1,0,11.8494,0.4704,37,2,2
1,1,2,11.2898,0.4873,39,2,2
0,-1,-1,12.3884,0.0508,36,2,1
0,0,0,10.8198,0.9628,44,1,3
0,0,0,10.8198,0.919,30,1,1
0,-1,-1,11.9829,0.0027,49,1,2
0,-1,-1,12.4684,0.0023,31,2,1
0,8,7,11.2898,1.5848,31,1,2
1,-1,3,11.5129,0.0529,46,2,2
0,1,-1,12.5425,-0.0,35,2,2
0,0,0,10.8198,0.9582,36,1,3
0,-1,-1,12.4684,0.0063,31,2,1
1,0,0,10.309,0.6147,36,1,2
0,1,2,10.309,1.0116,25,2,2
0,2,2,11.7753,0.0168,33,1,2
0,0,-1,10.8198,0.03,48,2,3
1,2,2,11.9184,0.9613,35,1,2
0,-2,-2,12.2061,-0.001,58,2,1
0,1,-2,13.2357,0.0356,32,1,2
0,-1,3,9.9035,1.039,26,1,3
0,-1,-1,12.5062,0.0012,41,1,1
1,2,0,12.6115,1.0135,48,2,1
0,1,4,11.5129,0.8526,29,2,2
0,0,0,9.9035,0.9554,43,1,3
0,0,0,9.9035,0.9258,69,1,3
0,0,0,11.1563,0.6006,56,1,3
0,2,0,11.0021,0.332,31,2,2
0,2,2,12.1007,0.0839,51,2,2
0,-1,-1,12.7939,0.0029,31,2,1
1,2,2,12.2061,0.8524,34,1,1
0,0,0,12.0436,0.2222,42,2,2
0,-2,-2,12.0436,0.0275,51,2,1
0,1,-1,11.0021,0.0,51,2,3
1,1,2,10.309,0.9985,27,1,2
0,0,0,11.8494,0.2688,37,2,1
0,0,0,9.9035,0.7924,25,1,1
0,0,0,9.9035,0.7044,27,2,1
0,-1,-1,13.1616,0.0255,39,1,1
0,0,0,10.309,0.3449,22,2,2
0,1,2,11.1563,1.0145,24,2,1
0,0,0,11.2898,0.9594,54,2,3
1,1,3,10.8198,0.4206,36,1,3
0,0,0,12.0436,0.1551,25,2,1
0,2,2,11.9829,0.4189,24,2,2
0,1,2,12.7939,0.0197,30,2,2
0,-1,2,12.948,0.0067,25,2,2
0,0,0,10.309,0.9395,45,1,3
0,1,2,11.0021,0.6091,36,1,2
0,0,0,11.9829,0.8458,31,2,2
0,-2,-2,12.0436,0.0606,44,2,1
1,1,2,9.9035,1.0419,52,1,3
0,-2,-2,12.5776,0.0038,45,2,1
0,-2,-2,12.7367,0.0099,52,2,2
1,1,-2,11.0021,0.0,31,1,1
0,-1,-1,13.1224,0.1029,36,2,1
0,0,0,12.3458,0.2874,54,2,3
0,0,0,10.309,0.9397,53,2,5
0,1,-1,9.9035,0.0,25,1,1
0,-1,-1,11.8494,0.0061,30,2,2
0,0,0,13.1224,0.0786,31,1,2
0,1,-2,11.6952,0.0,39,2,1
1,0,0,11.1563,0.9106,25,2,2
0,-1,-1,12.5425,0.0894,50,2,2
0,-1,-1,11.7753,0.006,53,1,2
1,0,0,11.1563,0.9853,30,1,1
0,-1,-1,12.7367,0.0414,42,2,2
0,-1,-1,12.2549,0.0087,28,1,1
0,-1,-1,11.2898,0.0384,57,2,2
0,-1,-1,11.6952,0.0026,43,2,2
0,0,0,11.5129,1.027,28,2,1
0,0,0,9.9035,0.736,22,1,1
0,2,2,12.3014,1.1069,46,2,1
1,2,2,11.1563,0.6335,34,2,1
0,0,0,9.9035,3.0,26,2,2
0,0,0,11.5129,0.5493,32,2,2
0,0,0,11.6082,0.4526,24,2,2
0,2,2,11.2898,0.046,27,2,3
0,1,-1,10.309,0.0,29,2,1
0,0,-1,10.309,0.9272,34,2,2
1,0,0,11.0021,0.9626,27,1,1
0,0,0,10.8198,0.8884,27,2,1
0,0,0,12.4684,0.8544,53,2,2
0,0,0,13.1224,0.403,29,2,1
0,-1,2,11.6082,0.005,35,2,1
0,2,2,10.309,0.9042,33,2,3
1,-1,-1,12.1007,0.0459,31,2,1
1,1,-1,12.0436,0.0,35,2,1
1,-1,-1,12.6761,0.0025,34,2,1
1,0,0,9.2103,0.9269,53,2,2
0,1,5,10.8198,0.9696,26,1,2
1,1,-2,12.0436,0.0,32,2,1
0,0,0,11.6952,1.0024,51,2,1
0,1,2,10.309,1.0908,47,2,3
0,0,0,11.9829,0.9824,29,1,2
1,2,2,10.8198,0.9144,27,2,1
0,0,-1,10.309,0.1393,44,2,2
0,0,0,10.8198,0.9521,36,1,2
0,1,-1,12.3884,0.0,45,2,2
0,0,0,10.8198,0.9154,50,1,3
1,4,4,12.1007,0.4612,31,2,1
0,0,0,13.1224,0.4309,28,2,2
0,0,0,12.3884,0.9294,50,2,3
0,0,0,10.8198,0.602,23,1,2
1,2,0,10.8198,0.1285,30,2,2
0,0,0,12.3014,0.8982,38,1,1
1,1,-2,12.2061,0.0,36,1,2
0,-1,-1,12.3458,0.0176,35,2,1
0,0,0,9.9035,0.7776,56,1,3
1,2,2,11.7753,0.3215,37,2,1
0,0,0,11.5129,0.9555,50,1,2
1,0,0,9.9035,0.7986,39,1,2
0,0,0,10.8198,0.976,26,2,2
1,2,2,11.8494,0.5619,45,1,3
0,0,0,11.4076,0.2637,32,1,2
0,1,-1,12.5776,0.0047,39,2,1
1,0,0,12.1007,1.0077,34,2,2
1,1,-2,12.2061,0.0,57,2,3
1,2,2,11.6082,0.8699,32,1,1
0,0,0,10.8198,0.3428,28,1,3
0,-2,-2,12.5776,0.0366,48,2,2
1,2,2,12.8479,0.2318,46,1,1
0,0,0,13.0815,0.8936,39,1,2
0,0,0,10.309,0.6277,22,2,2
0,0,0,12.8479,0.5565,50,1,1
0,0,0,12.7367,0.6517,42,2,1
0,0,0,10.309,0.5786,22,2,2
0,-1,-1,12.2061,0.0773,29,1,3
0,0,0,12.7939,0.1125,30,2,1
1,-1,-1,11.9829,0.002,49,1,1
0,1,1,10.8198,1.0042,40,1,2
0,-2,-2,12.2061,0.0074,32,1,2
0,0,0,11.0021,0.6544,30,1,2
0,-1,2,11.2898,0.0098,53,2,3
1,2,2,11.5129,0.5072,38,2,2
1,-2,-2,12.7068,0.057,37,1,1
0,-2,-2,13.1224,0.0,44,2,1
0,0,0,12.1007,0.3047,32,2,2
0,0,0,12.2061,0.6026,44,2,2
0,0,0,12.948,0.7261,39,2,1
0,0,0,11.6082,0.3135,23,2,2
1,2,0,10.8198,1.0142,24,2,2
1,0,0,11.7753,0.1347,46,2,3
0,0,0,12.4292,0.6756,36,1,2
0,-1,-1,10.8198,0.0106,26,2,2
0,0,0,12.4684,0.3828,43,1,2
0,0,0,12.3884,0.0672,54,1,2
0,0,0,12.6115,0.0825,28,2,1
0,-1,-1,12.2061,0.4142,35,2,1
0,-1,-1,13.3047,0.0382,46,2,3
0,0,0,11.7753,0.6796,29,2,2
0,-2,-2,11.9184,0.0642,28,2,1
0,-2,-1,12.2061,-0.0094,30,1,1
1,1,2,11.2898,0.5808,34,2,2
0,0,0,11.0021,0.5139,34,2,2
0,1,-2,12.7939,0.0,31,1,2
0,0,0,11.6082,0.6382,37,2,4
1,3,2,11.1563,0.9979,35,2,3
1,1,-2,10.8198,0.0,27,1,1
1,0,0,9.2103,0.2496,46,2,2
0,0,0,11.6952,0.9787,51,1,1
0,-1,-1,12.3014,0.0402,41,1,2
1,-1,2,12.9945,0.0026,33,1,1
0,-1,-1,10.8198,0.0252,49,1,2
0,0,0,12.2549,0.7424,32,1,2
0,0,-1,13.1022,0.0285,34,2,2
0,-1,-1,11.9829,0.0261,30,1,1
0,0,0,12.1007,0.2567,39,2,2
0,0,0,12.7068,0.3752,45,2,2
0,0,0,9.9035,0.8825,34,1,2
0,0,0,11.6952,0.7818,37,2,2
0,-2,-2,12.7939,-0.0001,30,2,1
0,0,0,12.9945,0.4941,29,2,5
0,0,0,11.1563,0.8956,34,2,2
0,1,-1,12.3458,0.0169,44,2,1
1,2,0,10.309,0.8726,28,1,2
0,0,0,12.4684,0.6796,34,1,2
1,2,2,10.309,0.6314,25,1,2
1,-1,2,9.9035,0.0095,56,2,3
0,0,0,11.1563,1.0,55,2,3
0,0,0,11.4076,0.7608,31,1,3
1,2,0,11.1563,0.4253,30,2,2
0,1,2,10.309,0.9892,22,2,2
0,0,0,12.5062,0.1189,51,1,2
0,0,0,10.309,0.8663,35,1,2
1,-2,-2,12.9239,0.0,46,2,1
0,0,0,12.3884,0.6297,30,1,2
0,0,0,10.309,1.0196,31,2,2
0,0,0,11.6082,0.5143,32,1,2
0,0,0,9.9035,0.8925,24,1,2
0,-2,-2,13.1224,0.0015,55,1,3
0,0,0,12.3884,1.2834,32,2,2
0,0,0,11.8494,0.9828,25,2,2
0,0,0,10.8198,0.8412,24,1,1
0,0,0,11.7753,0.2497,27,1,1
1,0,0,10.8198,1.009,51,2,3
0,-1,-1,12.4684,0.0014,25,2,1
0,-1,-1,11.5129,0.0113,35,1,2
1,2,2,10.309,0.8427,47,2,3
0,-1,-1,11.0021,0.0073,26,1,1
1,0,0,9.9035,0.7896,35,2,3
1,3,2,11.0021,0.5644,24,2,2
0,2,2,12.7657,0.1513,44,2,2
1,2,2,11.7753,1.03,41,2,2
0,2,2,12.8739,0.4746,26,2,2
1,2,2,13.039,0.0054,39,1,1
1,0,0,10.309,0.9279,31,1,3
1,-1,-1,12.0436,0.0607,35,2,2
1,3,2,9.9035,1.0386,27,1,2
0,0,0,12.4684,0.0488,31,1,2
0,0,0,12.1548,0.8487,32,2,1
0,0,0,13.0815,0.9798,37,1,1
0,0,0,11.0021,0.9793,33,1,2
0,0,0,12.4684,0.986,38,2,1
0,-2,-2,10.8198,0.9756,50,2,3
0,0,0,11.9829,0.4752,25,2,1
0,-1,-1,12.5425,0.0027,29,2,1
0,0,0,12.5776,0.5573,29,2,3
0,-1,-1,12.3884,0.0334,36,2,3
0,0,0,9.9035,0.3717,41,2,2
0,-1,-1,12.3458,0.0081,40,2,3
1,0,0,11.6952,0.3895,31,2,2
0,-2,-2,12.8992,0.003,28,1,1
0,1,2,11.2898,0.8072,34,1,2
0,0,-1,12.2061,0.3721,37,2,1
1,1,4,9.9035,0.8726,48,1,2
1,-1,2,11.5129,0.0021,26,1,2
1,-1,-1,11.9184,0.0079,25,1,2
1,0,0,12.1007,0.9902,23,2,2
1,-1,-1,13.1224,0.0008,47,2,2
0,-1,-1,12.7939,0.0111,46,2,2
0,-1,-1,12.6761,0.0121,38,1,1
1,1,-2,12.3014,0.0,42,1,1
1,1,2,10.8198,0.5801,36,2,1
0,-2,-2,12.6443,0.0031,47,1,1
0,0,0,10.8198,0.3248,50,1,2
0,0,0,11.9829,0.1369,23,2,2
0,-1,-1,12.5425,0.0015,40,2,2
1,4,3,9.9035,0.624,44,1,3
1,-1,-1,11.0021,0.0065,24,1,1
0,0,0,12.8739,0.4566,37,1,2
0,1,-2,10.8198,0.0,25,1,2
0,-1,-1,13.017,0.0017,31,1,1
0,0,0,12.1007,0.9502,26,1,2
0,2,2,11.8494,1.0402,30,1,3
0,1,2,10.5966,0.5394,33,2,2
0,0,0,11.2898,0.3113,26,1,2
0,-1,-1,12.3884,0.0176,35,2,3
0,0,0,11.2898,0.8745,33,1,2
0,0,0,12.7939,0.4649,45,2,3
0,-1,-1,12.6115,0.0129,31,2,2
0,-2,-2,12.8739,0.0,29,2,1
1,-1,-1,12.6761,0.0454,37,1,1
0,0,0,12.3014,0.2391,26,2,1
0,0,0,12.7367,0.3883,29,2,1
0,1,-1,11.4076,0.0,32,2,2
0,0,0,11.7753,0.0581,33,2,2
1,2,-1,11.9829,0.0052,37,1,2
1,-2,-2,12.5425,0.3616,38,1,1
0,-1,-1,12.6443,0.0041,38,2,2
0,0,0,11.7753,0.2374,29,1,2
0,0,0,12.1007,0.829,30,2,2
0,1,2,10.309,1.0186,39,1,2
1,-1,-1,12.0436,0.0475,34,2,2
0,-1,-1,12.3884,0.0745,29,1,1
0,0,0,11.1563,0.7491,31,1,1
1,1,-1,11.6082,-0.0009,28,2,1
1,1,2,9.9035,0.7214,23,2,3
0,-1,-1,12.2549,0.0336,30,2,1
0,0,0,9.9035,1.002,21,2,2
0,-1,-1,12.7939,0.0056,43,2,2
0,0,0,11.2898,0.8965,59,1,3
0,0,0,12.0436,0.3272,34,2,1
0,0,0,11.1563,0.0554,30,2,2
0,0,0,11.6082,0.2364,30,1,2
0,0,0,9.2103,0.8128,27,2,1
0,0,0,11.0021,0.2865,23,2,1
0,0,0,12.3014,0.1757,39,1,1
0,0,0,10.8198,0.4234,33,1,1
0,0,-1,10.8198,0.0294,22,2,2
0,0,0,11.1563,0.3399,26,2,2
0,0,0,12.1007,0.8087,26,1,2
1,2,2,11.0021,1.0118,31,1,1
1,2,2,11.5129,0.4442,40,2,2
0,0,0,13.1224,0.0494,28,1,2
0,0,0,10.8198,0.5307,38,1,2
0,-1,-1,12.7367,0.0723,27,2,2
0,-1,-1,13.017,0.0088,31,1,1
0,-1,-1,11.9829,0.0051,31,1,1
0,0,0,12.1007,0.9834,33,1,2
1,1,-1,10.8198,-0.0002,25,1,2
0,1,2,13.1224,0.1833,38,1,2
0,-1,-1,11.2898,0.0474,23,2,2
0,-1,-1,12.5425,0.0171,49,1,3
0,2,2,12.3884,0.9985,41,2,5
0,0,0,9.9035,0.7518,24,2,1
0,0,0,10.8198,0.9372,27,1,2
1,2,2,11.5129,0.462,42,2,1
1,1,3,11.2898,1.0507,34,2,2
1,-1,-1,11.9184,0.0486,40,2,1
1,1,2,12.3014,0.4789,30,1,2
0,0,0,12.5062,0.4863,34,2,2
0,0,0,12.3458,0.114,25,2,3
1,0,0,11.8494,0.7593,30,2,2
0,-1,-1,12.1007,0.0238,40,1,2
0,1,2,11.8494,0.2024,27,2,2
1,0,0,10.309,0.6763,35,1,2
0,0,0,11.2898,0.3128,36,1,2
0,0,0,11.8494,0.9359,30,1,2
0,0,0,9.9035,0.9439,38,1,3
0,-1,-1,12.7939,0.0022,37,1,1
1,-2,-2,11.7753,0.0755,28,2,1
1,1,2,11.1563,0.456,36,2,1
0,-1,-1,12.6115,0.0098,41,1,1
0,-2,-2,13.1224,0.1435,32,1,2
0,0,0,9.9035,1.9754,30,1,2
1,-1,3,11.8494,0.7439,45,1,2
0,1,-2,12.8992,0.0,27,2,2
1,0,0,10.309,0.5093,28,2,2
0,2,2,10.8198,0.2526,33,1,1
0,0,0,12.8479,0.2319,38,1,2
1,-2,-2,12.7939,0.0153,27,2,2
0,-1,-1,13.3375,0.0506,52,2,1
0,0,0,12.2061,0.4193,69,1,3
1,-1,2,9.9035,0.9872,25,2,2
1,-1,-1,12.0436,0.0326,29,2,1
0,0,0,12.4292,0.7805,26,2,1
1,1,-2,11.6952,0.0,25,2,2
0,0,0,11.9184,0.6426,46,1,3
0,2,0,12.2061,0.999,41,2,3
0,0,0,12.2061,0.4571,39,1,1
0,0,0,12.1007,0.544,44,2,1
0,0,0,13.1224,0.2389,34,2,1
0,0,0,9.9035,0.6934,24,2,2
1,0,0,13.1224,0.6851,39,1,2
0,-1,-1,11.2898,0.1967,47,2,1
0,0,0,11.2898,0.8998,23,2,3
0,0,0,12.7939,0.1016,30,1,1
0,-1,-1,12.3458,0.0526,28,2,1
1,3,2,11.1563,0.3141,32,1,2
0,-2,-2,9.9035,0.05,25,1,2
0,0,0,12.4292,0.8637,37,2,2
0,0,0,12.8992,0.1543,33,1,2
0,-1,-1,12.948,0.009,30,2,1
0,0,0,12.6761,0.1,37,1,2
1,0,0,10.309,0.9703,25,1,1
0,0,0,13.0605,0.6173,30,1,1
1,1,2,11.1563,0.9397,31,1,1
1,-1,0,11.1563,0.2599,23,2,2
0,0,0,10.309,0.7466,25,2,1
1,1,2,10.309,0.4758,22,2,2
1,2,2,10.309,1.011,45,2,2
0,0,0,11.1563,0.9615,35,1,2
0,0,0,9.9035,0.8175,50,2,3
1,2,2,12.2549,0.954,31,1,2
0,-1,-1,12.0436,0.0059,36,2,1
0,-1,-1,12.6115,0.2876,31,1,2
1,0,0,9.2103,0.7199,24,2,2
0,-2,-2,10.8198,0.0044,24,2,1
0,1,2,12.2061,0.1785,30,2,2
0,-1,-1,12.3014,0.0135,36,2,1
0,-1,-1,12.8992,0.0375,34,2,2
0,-1,-1,12.4684,0.0017,30,2,1
0,0,-1,9.2103,1.0,37,2,2
0,0,0,11.8494,0.1693,28,1,1
0,0,0,10.8198,1.947,43,1,3
0,0,0,12.7068,0.0561,42,2,2
1,-2,-2,11.7753,-0.0015,29,2,1
0,-2,-1,12.7939,0.0,33,2,1
0,-1,0,13.017,0.0219,28,1,1
0,-1,-1,13.1224,0.0308,36,1,1
0,-1,-1,12.3884,0.0349,33,1,2
0,1,2,11.0021,0.1508,29,2,2
0,0,0,12.7367,0.224,42,1,2
0,-1,-1,13.1224,0.0157,53,2,2
1,0,0,12.5062,0.4484,33,2,2
0,0,0,10.8198,0.4812,33,1,2
0,0,0,9.9035,0.5728,29,1,3
0,-1,-1,11.7753,0.0705,36,2,1
1,0,0,12.2061,0.5539,55,2,1
0,0,0,12.7939,0.9338,25,2,2
1,0,-1,11.4076,0.1667,55,2,2
0,-1,-1,12.2061,0.0083,50,2,1
0,-1,-1,11.2898,0.2632,43,2,1
0,1,2,10.309,0.9778,45,2,3
0,0,0,10.8198,0.9713,28,1,2
1,0,0,10.8198,1.0656,33,1,2
1,-1,-1,13.017,0.0044,69,2,1
1,0,0,11.7753,0.0293,37,2,2
0,0,0,12.7657,0.153,33,1,1
1,-2,-2,9.9035,1.0366,22,1,3
0,0,0,12.0436,0.1292,27,1,2
0,1,2,12.3884,0.1972,38,2,2
0,0,0,11.7753,0.5995,30,1,1
0,1,-2,12.7939,0.0,28,2,1
0,1,4,9.2103,0.9526,26,1,2
1,2,0,9.2103,0.8965,42,2,3
0,-1,-1,12.2061,0.0355,70,2,3
0,0,0,11.9184,0.2659,35,2,2
0,0,0,10.8198,0.9485,33,1,5
0,1,2,10.5966,0.9956,26,1,2
0,-2,-2,12.8992,0.0107,42,1,1
1,-1,2,11.2898,0.0104,25,1,2
0,-1,2,10.8198,0.0562,28,1,2
0,0,0,12.0436,0.836,42,1,2
0,0,0,12.1548,0.2511,34,1,3
1,0,0,9.9035,0.9862,62,1,2
0,1,3,10.309,0.409,23,2,1
0,0,0,9.9035,0.7246,29,1,1
0,0,0,12.8739,0.4389,48,2,2
1,0,0,11.5129,0.8258,66,2,3
1,0,0,10.8198,0.897,34,1,2
0,0,0,11.6952,0.5591,54,2,3
0,-1,-1,11.2898,0.0041,24,2,1
0,0,0,12.7367,0.3904,39,2,2
0,0,0,11.6082,1.0116,23,2,2
0,-1,-1,11.4076,0.0043,42,2,2
1,0,0,9.2103,0.2989,26,1,2
0,-2,-2,11.9829,0.0,28,1,2
0,1,2,12.0436,0.1384,34,1,1
0,-2,-2,12.9945,0.0189,28,2,2
0,0,0,12.6443,0.0194,32,1,1
0,0,0,11.6082,0.9697,55,1,2
0,1,-2,10.8198,0.0,23,1,3
1,2,2,11.5129,0.9728,39,2,1
0,0,0,12.7657,0.1215,29,2,1
0,1,2,12.6443,0.6223,27,2,2
0,0,0,11.6952,0.9117,40,2,2
0,1,-1,10.8198,-0.0232,25,2,3
0,1,2,12.6115,0.0352,32,1,1
0,2,2,11.7753,1.3238,29,2,2
0,-1,-1,12.4684,0.0075,30,1,1
0,-2,-2,13.1022,-0.0,35,1,1
0,-1,-1,13.1224,0.0297,43,1,1
0,-2,-2,10.309,0.3211,25,2,1
1,0,0,11.0021,0.5439,31,2,1
0,0,0,11.8494,0.396,45,2,2
0,0,0,12.1007,0.8307,30,2,1
0,0,0,9.9035,0.9218,23,1,1
1,0,0,10.8198,0.8023,29,2,2
0,2,0,12.8992,0.0601,30,2,2
0,1,-1,9.9035,0.0,24,1,3
0,-1,-1,12.9715,0.0207,43,2,2
0,-2,-2,12.8992,0.0003,32,2,1
1,-1,-1,12.2061,0.0035,36,2,2
0,-1,-1,9.2103,0.0656,22,2,2
0,2,2,11.2898,0.9536,43,1,3
0,0,0,11.8494,0.8267,28,2,1
1,2,2,9.9035,1.2306,28,2,2
0,2,-1,12.7367,0.0012,33,2,2
1,-1,-1,12.3458,0.0245,44,2,2
0,-1,2,11.6952,0.0017,37,2,2
0,0,0,12.2549,0.0381,34,2,1
0,0,0,11.2898,0.5674,25,2,1
0,-1,-1,11.9184,0.0206,31,1,1
0,0,0,11.7753,0.975,53,2,2
1,-1,2,9.9035,0.8504,35,1,1
0,0,0,12.2061,1.0227,29,2,2
0,-1,-1,12.2061,0.0005,29,1,1
0,0,0,11.2898,0.9754,22,2,1
1,-1,-1,11.2898,0.0336,30,1,2
0,-1,-1,13.1224,0.3015,44,1,1
1,2,2,10.8198,0.3128,43,1,2
0,-1,-1,12.2061,0.004,44,2,1
0,0,0,11.2898,0.0511,45,1,2
0,0,0,10.8198,0.9434,26,1,2
0,0,0,11.7753,0.9036,37,1,2
0,-1,-1,12.6443,0.0095,35,2,1
1,2,-1,12.1548,0.013,37,1,2
1,0,0,11.5129,0.7088,29,1,2
0,-1,-1,12.3458,0.0093,38,2,1
1,0,0,11.1563,0.9453,25,2,2
0,0,0,13.1224,0.0167,30,2,1
1,2,2,10.8198,0.9946,36,1,2
0,1,-2,11.6952,0.0,35,1,2
0,0,0,11.2898,0.6456,39,2,2
0,0,0,10.8198,0.2273,34,2,2
0,0,0,12.7657,0.1141,51,1,2
0,0,0,11.0021,1.0,29,2,2
1,-1,-1,12.2061,0.0047,47,2,1
0,0,0,10.8198,0.9016,23,2,2
0,-2,-2,11.4076,0.0832,43,2,2
0,-1,-1,12.7939,0.0021,31,1,2
1,2,2,12.9945,0.5123,25,2,2
0,0,0,12.0436,0.9913,52,2,2
0,0,0,12.1548,0.7488,33,2,2
1,1,-2,12.5776,0.0,29,1,1
0,1,-1,12.2549,0.0,37,1,1
1,0,-1,9.9035,0.1698,24,1,1
0,-2,-2,12.8992,0.0251,35,2,1
1,1,-2,12.7939,0.0,32,2,1
1,1,-1,12.4292,0.0,53,1,1
0,0,0,10.309,0.9279,30,1,2
0,0,0,12.5425,0.9199,47,2,1
1,2,2,11.1563,0.9824,59,2,3
0,0,0,11.1563,0.5095,26,1,1
0,0,0,9.9035,0.7296,47,1,2
0,-1,-1,12.7657,0.0434,32,1,1
0,0,0,12.2061,0.1056,37,2,1
1,0,0,11.4076,0.0758,25,1,3
0,0,0,11.5129,0.0474,52,2,1
0,0,0,10.8198,0.9651,22,2,2
0,-2,-2,12.5425,0.0077,51,2,3
1,1,5,10.8198,1.0221,38,1,3
1,-2,-2,11.6952,0.0298,29,2,2
1,2,2,11.5129,0.9689,25,1,3
0,-1,-1,11.7753,0.0302,29,1,2
0,0,0,12.2061,0.9842,30,2,1
0,0,0,12.7657,0.4202,34,1,1
0,0,0,9.9035,0.9509,44,2,1
0,0,0,11.9184,0.84,32,2,1
0,0,0,11.7753,0.0712,30,2,1
0,0,0,12.7068,0.5262,34,2,1
0,0,0,11.2898,0.7892,52,2,2
0,3,2,9.2103,1.0281,35,1,5
0,1,-2,12.7939,-0.005,29,1,1
0,0,0,11.6952,0.3624,36,1,1
0,0,0,9.9035,0.3565,22,2,2
0,-1,2,12.5425,0.0007,35,2,1
0,-2,-2,11.5129,0.0,45,2,2
0,0,0,11.1563,0.9063,31,1,2
0,-2,-2,12.7657,0.0226,31,2,1
0,0,0,10.8198,0.4486,36,1,2
0,-1,0,13.0605,0.0795,35,2,1
0,0,0,12.7657,0.8513,31,1,1
0,0,0,11.8494,1.0045,56,1,1
0,0,0,11.8494,0.3517,23,2,2
0,-1,0,12.8479,0.1945,27,1,1
1,1,2,10.8198,0.6798,24,1,2
0,0,0,12.4684,0.3766,48,2,3
0,1,2,9.9035,0.9522,25,2,3
0,-1,-1,12.1548,0.0008,39,2,3
0,5,4,12.3014,0.853,39,1,2
0,0,0,12.3458,0.4856,36,2,1
0,0,0,9.9035,0.3735,43,2,2
0,0,0,11.5129,0.2164,52,1,2
0,-1,-1,11.9184,0.2537,26,2,1
0,-1,-1,12.6761,0.0365,28,2,1
1,0,0,10.8198,1.5205,33,2,2
0,0,0,10.8198,1.006,53,1,2
0,0,0,12.8213,0.4898,39,2,2
0,-1,-1,11.9184,0.3889,37,2,1
1,-1,-1,12.2061,0.002,40,2,2
1,-1,-1,12.2061,0.0008,34,1,2
1,0,-1,10.309,0.0399,37,1,2
0,0,0,12.2061,0.606,46,2,2
0,-2,-2,12.2061,0.0,26,1,1
1,0,0,12.3884,0.5786,26,2,2
1,2,2,10.5966,0.7238,24,2,2
0,0,0,11.8494,0.6961,31,1,1
0,0,0,10.8198,1.0099,35,1,2
0,0,0,10.8198,0.7606,48,2,3
0,-1,-1,11.9829,0.0014,25,2,2
0,-1,-1,11.8494,0.088,32,1,1
1,0,0,12.3884,0.9591,28,2,3
0,-1,-1,12.3458,0.0022,29,2,1
0,0,0,12.2061,0.8254,32,2,2
0,0,0,10.8198,0.8953,49,2,1
0,-1,-1,12.7939,0.0659,30,2,1
0,1,-2,13.1224,0.0,42,2,1
0,1,2,9.9035,0.9488,22,1,3
0,2,2,11.2898,0.9139,30,1,2
0,-2,-2,10.309,0.0205,44,2,1
0,0,0,11.2898,0.1797,35,2,2
0,0,0,10.309,0.9034,52,2,2
0,-2,-2,12.2061,0.0,48,2,3
0,0,0,12.3884,0.9142,29,1,4
1,0,0,12.5425,0.9118,29,1,2
0,-1,-1,12.0436,0.0091,33,2,2
0,0,0,11.5129,0.8999,44,2,3
1,0,0,11.1563,0.9358,24,2,2
0,0,0,11.6082,0.8322,27,2,2
0,0,0,11.5129,0.8359,27,2,3
1,2,2,11.2898,0.9781,39,1,1
0,-1,-1,12.6115,0.005,33,2,2
0,-2,-2,11.9184,0.3473,40,2,1
0,0,0,11.9184,0.4624,26,1,2
1,1,2,9.2103,0.6969,52,1,3
0,-2,-2,12.2549,0.0,35,2,1
1,0,0,9.9035,0.9885,25,1,2
0,0,0,9.9035,0.3358,38,1,2
0,2,2,11.2898,0.7962,48,2,3
0,-2,-2,12.5062,-0.0006,49,1,2
0,-2,-2,12.2061,0.0,33,2,1
0,-1,-1,12.2061,0.0136,34,1,1
0,0,0,9.2103,0.9323,34,1,2
0,-1,-1,12.7939,0.0147,34,1,1
1,1,2,9.9035,1.0069,40,1,2
0,0,0,10.5966,1.0214,27,2,1
0,0,0,11.6082,0.9927,50,1,3
0,0,0,10.8198,1.2778,50,1,3
0,0,0,11.5129,0.4643,28,2,1
0,0,0,10.8198,0.4205,21,1,2
1,2,2,10.309,0.5318,23,2,3
1,2,2,9.9035,0.352,23,1,1
1,2,2,11.5129,0.3009,44,1,2
0,-1,0,11.2898,0.0183,24,2,2
1,0,0,11.6952,0.9859,29,1,1
0,-1,-1,10.309,0.1008,36,1,2
0,-2,-2,11.2898,0.7421,25,1,5
1,1,-2,12.0436,0.0,30,2,1
0,0,0,9.9035,1.5416,40,1,1
0,0,0,10.8198,0.9262,36,2,3
0,0,0,12.6115,0.4996,31,2,1
1,2,2,9.9035,0.015,26,2,1
0,0,0,11.7753,0.225,29,1,2
0,-1,-1,13.1224,0.005,41,2,2
0,-1,0,10.309,0.3245,41,1,2
0,0,0,12.1007,0.7732,41,2,2
0,-1,-1,12.7367,0.0248,33,1,1
0,1,-2,13.0815,0.0,29,2,1
0,1,-2,11.2898,0.0,30,2,2
0,0,0,11.8494,0.1494,24,2,3
0,0,0,12.1007,0.5882,30,2,3
0,0,0,10.309,0.5523,30,2,2
1,0,0,12.5776,0.0275,55,1,1
0,0,0,11.6082,0.084,45,2,3
0,0,0,11.0021,0.4033,25,1,1
0,-1,2,11.2898,0.0452,35,2,1
0,0,0,11.6082,0.5832,25,1,1
1,1,2,9.9035,0.8807,42,1,2
0,-1,-1,11.9184,0.0281,31,1,3
0,-1,-1,12.3884,0.102,44,2,3
0,0,0,12.8992,0.0461,44,1,1
1,2,2,11.6952,0.8122,34,1,1
0,0,0,12.7068,1.1081,39,1,1
0,-1,-1,10.309,0.013,29,1,2
0,2,-1,11.5129,0.0044,55,1,3
0,-1,-1,11.8494,0.0021,37,1,1
0,0,0,10.8198,0.9045,33,1,5
1,-2,-2,12.6443,0.0,37,1,1
0,-2,-2,11.9829,0.0046,49,2,3
0,-2,-2,11.6082,0.7828,25,2,1
0,-2,-2,9.9035,0.0826,45,1,2
0,-1,-1,10.309,0.0176,23,2,3
0,1,-1,10.8198,0.0,47,1,2
1,0,0,9.9035,0.6735,24,1,3
0,-1,-1,12.3014,0.0084,36,2,1
0,-1,-1,13.039,0.0249,36,1,1
1,1,-2,11.9184,0.0,34,2,1
0,0,0,10.8198,0.4042,53,2,3
0,2,0,11.5129,0.9803,32,2,1
0,0,0,12.4684,0.4459,50,1,1
1,4,3,10.8198,1.0591,41,1,3
0,0,0,10.8198,0.9293,27,2,2
0,-1,-1,12.3884,0.0207,34,2,1
0,0,0,12.3458,0.3568,24,1,3
0,0,0,11.4076,0.7687,28,2,2
0,0,0,9.9035,0.2736,22,2,2
0,0,0,11.1563,0.9808,25,2,3
0,0,0,12.4684,0.4931,29,1,1
1,1,2,9.9035,0.709,35,2,2
0,0,0,11.9184,0.6294,29,2,2
0,0,0,12.2061,0.9844,51,2,3
0,0,0,10.8198,1.0154,57,1,1
0,-1,-1,12.2549,0.0069,39,1,2
0,-1,-1,12.7939,0.0021,27,1,1
0,1,2,10.309,0.7953,34,2,2
0,0,0,12.0436,0.0794,35,2,2
0,0,0,13.1224,0.0889,32,2,2
0,0,0,11.2898,0.5701,31,1,2
1,3,2,11.1563,0.9,24,1,2
0,0,0,11.5129,0.3063,26,1,3
0,-1,-1,12.6115,0.0011,26,2,2
0,-1,-1,12.2061,0.0151,49,2,2
0,-1,-1,12.1548,0.1366,30,1,1
0,0,0,10.309,0.77,43,2,3
0,1,-2,12.3458,0.0,58,2,3
0,0,0,11.2898,0.4889,46,1,1
0,1,-2,12.5425,0.0004,36,2,1
0,1,2,11.8494,1.0352,29,2,1
1,2,2,10.309,0.9053,35,2,3
1,2,2,10.309,0.5606,36,2,2
0,0,0,9.9035,0.9336,51,1,2
0,-1,-1,12.3458,0.016,30,2,2
1,0,0,9.9035,0.8416,23,1,2
1,0,0,12.7939,0.0591,27,2,1
0,0,0,11.0021,0.9353,24,2,1
1,0,0,9.9035,0.7109,48,2,2
0,-1,-1,13.1224,0.0007,44,1,1
0,-2,-2,12.8479,0.0,39,1,2
0,1,-2,11.9829,-0.0116,27,1,1
0,2,2,12.0436,0.0141,48,1,1
0,0,0,12.9715,0.1566,29,2,1
0,-1,-1,12.6761,0.0262,39,1,1
1,-1,-1,12.1007,0.0061,31,1,1
0,-1,0,10.8198,0.9522,42,1,2
0,2,2,11.0021,0.7938,29,1,2
0,1,-1,12.7939,-0.0014,38,2,3
0,0,0,11.2898,1.0125,23,2,2
0,-2,-2,10.8198,0.539,41,1,3
0,2,0,12.2061,1.0713,37,2,2
0,-1,-1,13.039,0.1268,36,2,1
0,0,0,11.7753,0.6033,23,2,2
0,0,0,12.9945,0.9795,29,1,2
1,2,2,12.5425,0.6021,38,1,2
0,0,-1,9.9035,0.3265,39,1,3
0,0,0,11.0021,0.9654,24,2,2
0,0,0,12.2549,0.9255,38,2,2
0,0,0,11.5129,0.5601,46,2,3
0,-2,-2,12.3884,0.0,46,1,1
0,0,0,12.5425,0.696,43,2,3
0,-1,3,11.7753,0.0006,29,2,1
1,-2,-2,12.7939,0.0043,35,1,1
0,0,0,12.2549,0.9688,36,2,3
1,2,2,9.9035,0.7517,23,1,3
0,0,0,9.9035,0.2366,23,2,2
1,1,2,10.8198,0.33,34,1,2
0,0,0,11.5129,0.9704,39,2,2
0,-2,-2,10.8198,0.0,29,1,3
1,1,2,11.7753,0.949,27,1,2
0,0,0,12.5062,0.051,31,2,1
0,-1,-1,10.8198,0.0078,24,2,2
0,0,0,11.2898,0.1206,35,2,2
0,-1,-1,9.2103,0.1727,29,2,1
0,-1,-1,12.1548,0.0026,34,2,2
0,0,0,10.8198,0.8138,27,1,1
1,2,2,11.5129,0.4267,46,2,3
1,0,0,11.9184,1.0121,49,1,2
0,-2,-2,13.1422,0.0011,30,1,3
0,-1,-1,11.6082,0.0124,24,2,2
0,-1,-1,11.9184,0.011,58,2,1
0,0,0,10.8198,0.9681,54,2,2
0,-1,0,10.8198,0.5124,23,2,2
0,1,-1,12.7939,0.0,29,2,2
0,2,0,9.2103,0.6524,24,2,1
0,1,2,12.2549,0.5719,26,2,1
0,0,0,12.8213,0.7055,28,1,2
0,0,0,12.7939,0.0088,33,2,2
1,0,0,10.8198,0.8994,31,2,2
0,-2,-2,12.7939,0.0,38,1,2
0,0,0,12.0436,0.5073,35,2,1
1,0,0,11.1563,0.9695,26,1,2
0,-1,-1,12.7939,0.0246,34,2,1
0,0,0,12.3458,0.401,42,1,5
0,0,0,10.8198,0.253,38,1,1
0,-1,-1,12.2061,0.0069,41,1,1
1,-1,-1,11.8494,0.0023,30,1,2
0,0,0,11.6952,1.0034,33,2,2
0,-2,-2,12.5425,0.005,46,2,3
0,0,-1,12.6115,0.0895,29,2,1
0,0,0,9.9035,0.7584,22,2,2
1,2,2,11.9829,0.9914,25,2,2
1,2,0,9.9035,0.889,24,1,1
0,0,0,11.6952,0.3747,41,1,2
0,-2,-2,12.5776,0.0068,37,2,2
0,0,0,11.0021,0.513,32,1,2
0,0,0,11.6082,0.6338,29,2,1
0,0,0,10.8198,0.8575,43,2,3
0,-2,-2,13.3535,0.0043,32,1,1
0,0,0,10.309,0.7946,28,1,1
0,0,0,10.8198,1.0019,33,1,2
0,0,0,11.0021,0.8207,42,1,2
0,0,0,11.9184,0.084,27,1,2
0,-1,-1,9.2103,0.0273,24,1,3
0,0,0,9.9035,0.943,27,1,2
0,0,0,11.2898,0.8922,32,1,3
0,0,0,11.9829,0.2418,52,2,2
0,0,0,11.5129,1.036,43,1,2
0,0,0,11.4076,0.553,34,2,3
0,0,0,10.8198,0.5589,60,2,3
0,0,0,12.0436,0.6883,30,1,1
0,-1,-1,12.3884,0.0237,32,2,1
0,-1,-1,11.2898,0.0375,25,2,2
0,0,0,11.2898,0.8692,30,2,1
0,-2,-2,12.7939,0.0,37,2,2
0,2,0,11.8494,0.3645,31,1,1
0,0,0,11.0021,1.3568,49,1,2
0,0,0,11.6082,0.5052,27,1,3
0,0,0,11.9829,1.0266,28,2,1
1,-1,-1,12.2061,0.0004,45,2,3
0,0,0,12.5425,0.8347,29,2,2
0,1,2,12.7939,0.8226,33,1,2
1,-1,-1,11.4076,0.1491,26,2,1
0,0,0,12.2061,0.0928,46,1,2
1,1,2,10.8198,0.5879,50,1,1
0,-2,-2,12.8992,0.018,32,2,1
0,1,-1,12.7939,-0.0,49,1,1
0,0,0,11.9184,0.5927,50,1,3
1,1,2,10.8198,0.9546,61,2,3
0,0,0,11.9184,0.0401,35,1,2
1,1,2,11.5129,0.0349,37,2,2
0,0,0,12.6443,0.088,30,2,1
0,1,-1,11.6952,0.0,39,1,2
0,0,0,11.4076,0.9139,44,2,2
0,-2,-2,11.9184,0.099,36,2,1
0,0,0,10.8198,0.7051,42,1,2
0,-1,-1,12.2549,0.0289,53,1,1
0,-1,-1,12.6115,0.0936,42,2,2
1,2,0,11.6082,0.7956,33,2,2
0,0,0,11.9184,1.0037,25,2,1
0,-1,-1,12.2549,0.0082,42,1,1
1,2,2,10.309,0.7036,34,1,1
0,-1,-1,12.3884,0.0026,42,2,2
0,-1,-1,11.6952,0.0071,34,1,2
0,0,0,11.2898,0.3977,24,2,1
1,1,2,11.2898,0.388,25,2,2
0,-1,-1,12.7939,0.0073,32,1,1
1,2,2,11.7753,0.5615,34,1,1
0,2,-1,12.5776,0.0011,36,1,2
0,0,0,12.3884,0.54,33,2,3
0,0,0,11.0021,0.0759,23,1,2
1,1,-2,12.2061,0.0,60,2,2
0,0,0,11.9184,0.662,28,2,2
0,0,0,12.6115,0.346,29,1,3
0,-1,-1,10.309,0.0863,24,2,2
1,0,0,12.4292,0.5699,40,1,2
0,0,0,9.9035,0.859,40,1,3
0,0,0,12.8213,0.5572,34,2,1
1,1,2,9.9035,0.304,23,2,1
1,0,0,11.6952,0.0662,23,2,2
0,0,0,10.8198,0.3953,23,1,2
1,0,0,12.1548,0.3824,27,2,1
0,0,0,9.9035,0.7517,22,2,2
0,1,2,12.3884,0.0629,42,2,2
0,0,0,11.9184,0.5362,32,1,2
0,0,0,12.1007,0.0483,35,2,2
0,0,0,12.1007,0.759,36,1,2
0,0,0,11.1563,0.6493,31,1,1
0,-1,0,12.3458,0.0019,32,2,1
0,-1,-1,12.7939,0.0161,27,1,1
0,0,0,11.6952,0.4356,33,2,2
1,2,2,11.4076,0.8307,49,1,3
0,0,0,11.6082,1.0018,32,1,2
0,0,0,11.5129,0.3684,53,2,3
0,1,2,11.4076,0.6502,26,1,1
0,1,2,10.8198,0.9488,35,2,1
0,0,0,10.8198,0.1469,53,2,2
0,1,-2,12.1007,0.0,28,2,1
0,0,0,10.8198,0.7339,41,1,2
0,0,0,9.9035,0.6902,26,2,3
0,2,2,9.9035,1.803,26,1,2
0,1,2,9.9035,0.399,23,2,2
0,0,0,9.9035,0.9682,49,1,3
1,-1,-1,10.8198,0.0078,48,2,3
0,-2,-2,12.2549,0.0,46,1,2
0,-1,-1,13.1022,0.0097,51,1,4
1,1,-1,12.5425,0.0,28,2,1
0,-2,-2,12.2061,0.0044,54,2,3
1,1,-1,11.5129,0.0,24,2,2
0,-2,-2,12.4292,0.0031,56,1,1
0,-1,-1,12.3884,0.0326,54,1,2
0,0,0,11.2898,0.9426,26,2,2
1,2,2,11.5129,0.1692,67,1,3
0,-2,-2,10.309,0.0,41,2,3
0,-2,-2,12.1007,0.9837,42,2,1
0,0,0,11.2898,0.7615,32,2,1
0,-2,-1,11.6082,0.0136,46,2,2
0,0,0,12.1007,0.2181,30,2,2
1,2,2,11.9184,0.6666,29,2,2
0,0,0,10.8198,0.3075,52,2,2
1,-1,-1,12.3458,0.0046,23,2,2
1,-1,-1,12.7367,0.0018,41,1,1
1,1,2,10.309,0.8874,25,1,2
0,0,0,12.5062,0.0632,45,2,2
0,-1,-1,10.8198,0.2337,36,2,1
0,0,0,11.7753,0.5694,43,2,3
0,-1,0,12.2061,0.1589,27,2,1
1,0,0,12.7939,0.0405,46,1,1
0,0,0,13.1224,0.263,27,1,2
0,0,0,11.5129,0.118,25,2,1
0,0,0,12.5062,0.0845,50,2,2
1,0,0,11.5129,0.6425,52,1,2
0,0,0,9.9035,0.8975,25,2,2
0,0,0,10.8198,0.9565,45,2,2
0,-1,-1,12.2061,0.0107,32,2,2
1,1,2,12.0436,0.4997,44,1,1
1,2,0,9.9035,0.927,28,2,1
1,2,3,11.1563,0.8112,50,1,3
0,-1,-1,12.4684,0.001,38,2,1
0,-1,-1,12.2061,0.0088,28,2,1
0,0,0,12.1548,0.5591,25,2,1
0,0,0,12.3014,0.1027,58,1,3
0,0,0,12.0436,0.2288,30,2,3
0,0,0,12.5776,0.9722,47,2,1
0,0,0,11.0021,0.5249,25,2,1
1,0,0,11.5129,0.3692,50,2,3
0,-1,2,11.7753,0.0049,44,2,3
0,-2,-2,12.7939,0.0031,40,1,1
0,3,2,10.309,0.1126,38,2,2
1,-1,0,9.9035,0.8061,28,1,3
1,2,2,11.6082,0.0055,37,2,1
0,0,0,11.7753,0.6715,43,2,2
0,0,0,10.8198,0.9805,23,2,2
0,0,0,11.6082,0.9797,48,1,2
0,0,0,11.2898,0.9791,25,2,1
0,-2,-2,11.9184,0.0021,34,2,2
0,1,2,11.2898,0.7042,29,2,2
0,0,0,12.6761,0.5141,35,1,1
0,-1,-1,12.0436,0.0053,35,2,1
0,0,0,11.0021,0.6921,26,2,1
1,2,2,12.1007,0.8726,23,1,1
0,0,0,13.0605,0.126,29,1,2
0,1,-2,11.1563,0.4421,47,2,3
0,0,0,12.5425,0.1446,41,2,2
0,-1,-1,12.2549,0.0011,26,2,1
0,0,0,12.6115,0.6178,30,1,1
0,0,0,11.8494,1.1321,42,2,2
0,-1,-1,13.017,0.1574,41,1,1
0,0,0,11.9829,0.6582,38,2,2
0,1,-2,10.8198,0.0,45,2,3
0,-1,-1,10.8198,0.255,42,1,1
0,0,0,10.8198,1.0134,32,1,2
1,0,0,11.9184,0.8661,25,2,1
0,0,0,11.4076,0.2617,53,1,1
0,0,0,12.5062,0.8342,42,2,2
0,0,0,11.1563,0.9325,36,1,1
0,-1,-1,12.7939,0.0266,33,1,2
1,1,-1,12.2061,0.0125,34,2,2
0,0,0,12.4292,0.9976,42,2,1
0,0,0,12.7939,0.5705,34,2,2
0,1,2,9.9035,0.9782,39,2,2
1,2,2,12.4292,0.0856,28,2,1
1,2,2,11.0021,0.01,25,2,2
0,1,-2,12.2061,0.0,36,1,2
1,0,0,10.309,0.8515,38,2,3
0,1,-2,13.1224,0.0,39,2,1
0,0,0,12.5425,0.1801,45,2,3
0,-1,-1,12.2061,0.0063,42,2,2
0,1,-2,12.7939,0.0,35,2,2
1,2,2,10.8198,0.8423,44,2,3
0,0,0,11.0021,0.9507,30,1,2
0,-2,-2,11.6082,0.9139,42,1,2
0,0,0,12.2061,0.1738,44,2,3
0,2,0,11.1563,0.9658,39,2,2
1,2,2,12.3014,0.8635,37,2,5
0,-1,-1,9.9035,0.019,24,2,1
0,-2,-2,12.3014,0.0195,27,2,1
0,1,2,12.1007,0.9588,40,1,2
1,2,0,11.5129,0.4361,53,1,2
0,-1,-1,12.2061,0.032,41,2,1
0,1,2,12.2061,0.6942,34,1,3
0,-2,-2,12.8992,0.0003,38,2,1
0,2,2,11.0021,0.9885,38,1,1
0,0,0,11.0021,0.9929,22,1,2
0,-2,-2,12.2549,0.0052,37,2,2
0,0,0,12.2061,0.1507,32,1,1
0,-2,-2,10.8198,0.0,29,2,1
1,-1,-1,12.6115,0.0099,38,2,1
0,-1,-1,13.1422,0.019,48,2,1
0,1,-2,11.9829,0.0,32,2,1
0,-2,-2,10.8198,0.0695,36,2,2
0,-2,-2,12.3014,0.097,32,2,1
1,1,3,9.9035,0.3396,22,1,2
1,-1,-1,12.9239,0.0102,31,1,1
1,-1,0,10.8198,0.8545,25,2,2
0,0,0,10.8198,0.2165,38,1,3
0,0,0,10.8198,0.2084,48,1,3
0,0,0,11.1563,0.058,29,2,2
0,0,0,11.6952,1.0053,25,1,2
0,-1,-1,12.0436,0.0024,30,1,2
1,0,0,11.9829,0.0086,51,1,1
0,0,0,10.309,1.0132,22,2,2
0,1,-1,9.2103,0.0,40,2,2
0,0,0,11.9829,1.1871,33,2,2
0,0,0,9.9035,0.872,33,1,2
0,-2,-2,12.4292,0.0,35,2,1
1,2,2,10.309,0.7688,26,2,2
0,0,0,12.1007,0.6842,29,2,1
1,-1,-1,12.3884,0.0142,34,2,2
0,1,3,10.309,0.5456,25,2,2
0,1,2,10.8198,0.0865,28,2,1
1,-1,-1,12.5425,0.0053,24,2,2
1,2,2,9.9035,0.7344,37,1,1
0,0,0,11.7753,0.5962,54,2,3
1,1,2,11.1563,1.0181,29,1,1
0,-1,2,12.1007,0.0111,32,2,2
0,-2,-2,12.6761,0.0102,46,1,1
1,2,0,10.309,1.0649,33,2,2
0,1,-2,12.5425,0.0,33,2,2
0,0,0,11.2898,0.1123,50,2,2
0,0,0,11.8494,0.9778,27,2,2
0,0,0,12.1007,1.0068,27,1,2
0,2,2,9.9035,0.5868,55,1,2
0,0,0,12.948,0.2514,29,2,1
1,0,0,12.2061,0.2675,29,2,1
0,0,0,11.8494,0.3219,25,2,1
0,0,0,12.0436,0.9785,33,2,3
0,0,0,10.309,0.6073,24,2,2
0,1,-2,10.8198,0.0,26,2,1
0,0,0,11.9184,0.8239,45,2,1
1,0,0,10.309,0.2311,30,1,2
0,0,0,10.8198,1.0035,38,1,3
1,-1,-1,12.6115,0.0067,39,2,1
0,0,0,11.2898,0.7431,34,2,3
0,0,0,10.8198,0.7921,27,2,1
0,0,0,11.6082,0.9104,41,2,2
0,1,-1,11.6082,0.0,32,2,1
0,-1,-1,12.8739,0.0078,34,2,1
0,-1,-1,12.2061,0.002,46,1,3
1,8,7,10.309,1.1677,38,1,1
0,0,0,12.3458,0.4429,30,1,1
0,-2,-2,12.2549,0.0,44,2,1
0,-1,-1,10.309,0.1111,54,2,2
0,0,0,11.7753,0.7837,41,2,3
0,1,-2,11.7753,-0.0069,37,1,3
0,-1,0,13.0815,0.0266,27,2,1
0,-1,-1,11.9829,0.0581,37,2,1
0,0,0,9.2103,0.6599,27,1,1
0,-1,-1,12.7939,0.0238,33,2,2
0,0,0,12.4684,0.9685,28,2,2
0,0,0,12.7068,0.1444,45,2,2
1,1,2,10.309,0.1721,47,2,2
1,2,0,11.2898,1.0214,31,1,2
1,-1,-1,11.6952,0.0648,29,2,2
1,0,0,12.0436,0.0375,30,1,2
0,1,-2,11.8494,0.0,31,2,1
0,-2,-2,11.2898,0.0493,37,2,2
0,0,0,12.2061,0.6944,44,1,3
1,-1,2,11.2898,0.0098,26,2,2
0,0,0,12.3458,0.0848,36,1,2
0,-2,-2,12.4684,0.0096,40,2,1
0,-1,-1,10.8198,0.0156,28,2,2
0,1,-2,12.7367,-0.0,35,1,2
0,0,0,10.8198,0.9974,39,1,1
0,1,-2,12.2061,0.0033,45,2,3
0,0,0,12.5425,0.3253,36,2,2
0,0,0,12.0436,0.6802,35,1,2
0,2,2,11.5129,0.3752,38,2,2
1,1,-1,12.7939,0.0014,48,2,1
1,0,0,10.309,0.493,23,2,1
0,1,-2,11.9184,0.0156,26,2,2
0,-2,-2,10.8198,0.3104,29,1,2
0,0,0,10.5966,0.67,35,2,1
0,-1,-1,10.309,0.013,58,1,3
0,0,0,11.8494,0.187,35,2,1
0,-1,-1,11.9184,0.0588,30,1,2
0,0,0,11.9184,1.0157,37,2,2
0,1,2,12.7939,1.0183,47,2,1
0,0,0,12.0436,0.8029,43,1,2
1,0,0,10.8198,0.8968,26,1,1
0,-1,-1,12.4684,0.0123,43,2,1
0,-1,-1,12.7657,0.2026,32,2,3
0,-1,-1,12.2549,0.0838,41,2,2
0,3,2,10.8198,0.1034,39,2,2
1,0,0,12.0436,0.5576,46,1,2
1,0,0,10.8198,0.972,24,2,2
0,0,0,10.8198,0.488,32,2,2
0,-1,-1,12.5425,0.001,33,2,2
0,0,0,12.9715,0.1387,42,1,2
0,-1,-1,12.7367,0.0252,30,2,1
0,-2,-2,12.6443,0.2924,32,2,1
0,-1,-1,11.6952,0.0035,41,1,1
1,-1,-1,12.2061,0.01,27,1,2
0,-1,-1,13.1224,0.0973,41,2,2
1,0,0,12.5062,0.8888,53,1,3
0,0,0,12.1548,0.9691,26,1,1
0,-1,-1,12.7367,0.0479,37,2,3
0,0,0,12.8739,0.8671,30,2,3
0,0,0,11.4076,0.7097,31,2,1
0,0,0,12.2061,0.8719,27,2,2
0,-2,-2,12.3458,0.0,43,2,1
0,-2,-2,11.5129,0.0189,39,2,3
1,2,0,10.309,0.3828,24,2,1
0,0,0,10.8198,0.129,50,1,2
0,1,-2,12.2061,-0.0002,44,2,1
0,0,0,10.8198,0.8564,39,2,2
1,0,0,11.7753,0.0427,31,1,2
0,0,0,12.4684,0.1137,46,1,2
0,-1,2,11.2898,0.12,28,2,1
0,1,-2,9.9035,-0.1305,30,1,2
0,0,0,11.9829,0.1979,27,2,2
0,0,0,11.1563,0.9347,24,2,3
0,0,0,11.1563,0.8672,26,1,1
1,-1,-1,12.8992,0.0086,38,1,1
0,1,-1,10.309,0.0,26,1,1
0,0,0,12.3884,0.0764,35,2,1
0,0,0,10.5966,0.9104,43,2,2
0,0,0,13.1422,0.3563,61,2,3
0,1,2,9.9035,0.8769,23,2,2
0,0,0,11.2898,0.7539,26,1,2
0,0,0,9.2103,0.53,37,2,1
0,0,0,10.8198,0.7632,61,2,3
0,1,2,12.2061,0.1454,31,1,2
0,0,0,11.8494,0.9263,59,1,3
1,0,0,11.0021,1.012,28,1,2
1,0,0,11.5129,0.0555,27,1,1
0,2,2,10.309,1.0027,34,2,2
0,0,0,13.1224,0.0023,42,1,2
0,0,0,12.948,0.1209,31,2,2
1,2,2,11.7753,1.0153,36,2,2
0,0,-1,12.7939,0.1672,56,2,1
0,-1,-1,11.9184,0.0653,36,2,1
0,-1,-1,12.7939,0.0023,33,1,1
0,0,0,12.3458,0.6831,29,2,2
0,-1,-1,12.1007,0.1039,31,2,1
1,1,-2,11.9829,-0.0003,34,2,1
0,-1,-1,12.4292,0.0016,43,2,2
0,-2,-2,12.0436,0.036,40,1,3
0,0,0,11.5129,0.9525,28,2,2
1,-1,-1,12.2061,0.0183,37,2,1
0,0,0,11.0021,0.9251,53,2,2
0,0,0,12.6115,0.1938,44,1,1
0,-1,2,12.5776,0.0768,29,1,2
0,2,2,10.309,0.6558,23,2,2
0,0,0,12.7367,0.8597,35,1,2
0,0,0,11.4076,0.3856,31,1,2
1,1,2,11.8494,0.7087,28,2,1
0,0,0,11.9184,0.7395,31,1,1
1,0,0,11.1563,0.8869,47,1,3
0,0,0,13.5278,0.2454,41,2,1
0,0,0,12.2061,0.5804,26,2,2
1,2,0,12.3458,0.7988,39,2,2
0,-1,-1,12.1007,0.0082,43,2,3
0,-1,-1,12.2549,0.0106,40,2,2
0,0,0,12.0436,0.8019,31,1,2
0,0,0,10.309,0.267,26,2,2
0,0,0,10.309,0.9583,24,1,1
0,0,0,11.4076,0.8488,33,2,2
1,2,2,10.8198,0.5965,30,2,2
1,1,-1,12.3884,0.0,28,2,1
0,-2,-2,12.5425,0.0147,63,2,1
0,-2,-2,12.9239,0.0,31,2,3
1,2,2,10.309,0.1547,42,2,2
0,-1,-1,12.4684,0.002,40,1,1
0,0,0,10.309,0.5628,51,2,2
0,1,3,9.2103,0.8679,23,1,2
0,1,-2,12.5776,0.0,41,1,1
1,-1,-1,11.9184,0.0146,37,2,1
0,0,0,10.309,0.9805,24,1,2
0,0,0,12.7939,0.9658,44,2,1
0,1,-2,12.3884,0.0,47,2,2
1,1,-1,11.0021,0.0,28,1,1
0,0,-1,10.8198,0.1903,31,2,2
0,-1,-1,10.8198,0.0324,42,2,1
0,0,0,10.8198,0.4647,29,1,2
1,1,2,9.2103,0.4231,24,1,2
1,1,2,11.6082,0.3213,48,2,3
0,1,-1,12.3014,0.0,29,2,1
0,0,0,12.8992,0.3011,44,2,3
0,0,0,11.4076,0.7801,26,2,2
1,2,2,11.9184,0.5643,48,2,3
0,0,0,11.2898,0.963,26,2,2
0,0,0,10.8198,0.1593,23,1,3
0,0,0,10.8198,0.9671,33,1,2
0,2,2,9.9035,0.3156,38,1,2
0,-1,0,10.8198,0.21,29,1,2
0,0,0,11.8494,0.4499,27,2,2
1,-1,-1,12.5425,0.016,36,2,1
1,1,2,11.7753,0.5201,37,2,2
0,1,-2,11.1563,0.0,25,2,1
0,0,0,13.0605,0.3329,38,1,1
0,0,0,13.1224,0.269,33,1,2
0,2,0,10.5966,0.5268,35,1,2
0,1,2,10.5966,1.0228,45,2,2
0,-1,0,10.8198,0.1171,22,2,1
1,-1,2,10.5966,0.0195,24,2,1
0,0,0,10.8198,0.9691,26,2,2
0,-2,-2,12.6443,0.0212,44,2,2
1,0,0,11.8494,0.1936,34,2,2
1,0,0,11.2898,0.4551,27,2,2
1,1,-2,12.2549,0.0,26,1,2
0,0,0,10.8198,0.3795,23,2,1
0,2,2,12.8992,0.1269,39,1,1
0,0,0,11.0021,0.9544,36,2,2
0,1,-2,11.9829,0.0,54,2,3
0,1,-2,12.8992,-0.0004,31,1,1
1,-1,-1,13.017,0.0627,46,2,1
0,0,0,9.9035,0.5352,35,2,3
0,0,0,10.8198,0.95,47,2,2
1,-2,-2,12.2061,0.1178,41,2,2
0,-2,-2,11.9829,0.325,42,1,1
1,2,3,11.0021,1.0119,48,2,2
0,-1,-1,12.5425,0.0125,30,2,2
0,-1,-1,12.2061,0.0062,28,2,2
0,0,0,11.5129,0.9639,56,1,2
1,0,0,9.2103,0.6579,22,2,1
1,0,0,11.2898,0.6218,28,1,1
1,0,0,12.9945,0.9589,35,1,1
0,-2,-2,13.1224,0.0223,36,2,2
0,0,0,9.9035,0.7314,24,1,3
0,-1,-1,13.1224,0.0116,30,2,1
0,-1,-1,10.309,0.2739,24,1,1
0,2,-1,12.1007,0.0018,32,2,1
0,0,0,11.6952,0.8409,23,2,1
1,0,-1,11.6952,1.2462,50,2,3
0,0,0,11.8494,0.5525,40,1,2
1,0,0,11.0021,0.3858,26,1,2
1,-1,-1,9.2103,0.0528,22,2,2
0,0,0,11.6952,0.4305,39,2,1
0,0,0,11.1563,0.4141,26,2,2
0,1,-2,12.7068,0.0,28,2,1
0,0,0,11.1563,0.9294,40,2,2
0,-1,-1,12.9239,0.016,48,2,3
0,-1,-1,12.7939,0.007,57,1,1
0,-2,-2,12.2061,0.0,28,1,1
0,-1,-1,9.9035,0.0515,34,2,3
0,-1,2,11.4076,0.7709,49,2,3
0,0,0,11.0021,0.6014,30,2,2
0,1,-1,11.6952,-0.0027,34,1,1
0,1,-2,12.2549,0.0,30,2,1
1,2,0,10.5966,0.6435,25,2,2
0,0,0,11.7753,0.8108,42,2,3
0,-1,-1,11.9184,0.0045,38,2,1
1,1,2,10.309,0.7532,39,1,2
0,2,0,12.8479,1.0274,52,1,3
1,0,0,11.9184,0.3779,40,2,3
1,2,2,10.8198,0.8326,22,2,1
0,0,0,12.0436,0.1004,27,1,1
1,-1,-1,12.7939,0.0014,41,1,3
0,0,0,13.1224,0.4774,38,2,1
0,1,-2,12.2061,0.0605,36,2,1
0,-1,0,12.3884,0.1291,33,2,1
0,-1,-1,12.2549,0.0007,38,2,2
0,0,0,11.6082,0.6076,28,2,2
1,-1,2,9.2103,0.6277,46,1,3
0,-1,-1,12.1007,0.0089,34,2,1
0,2,3,10.8198,0.5893,41,2,2
0,0,0,12.1007,0.3526,32,1,1
1,0,0,10.5966,0.9555,24,2,2
0,-1,-1,10.8198,0.0182,25,1,1
0,-2,-2,12.2061,0.002,29,2,1
0,2,2,11.6952,0.0042,27,2,1
0,0,0,11.4076,1.0976,62,1,3
0,0,0,11.7753,0.5046,32,1,2
0,0,0,11.6952,0.6044,48,2,2
0,0,0,12.7657,0.2916,46,2,1
0,-2,-2,12.2061,0.0039,28,1,1
0,0,0,11.2898,0.952,26,1,2
0,-1,-1,10.8198,0.0947,45,2,1
0,1,2,9.9035,0.774,46,2,2
0,0,0,11.4076,0.2602,31,2,2
1,0,0,11.9829,0.033,34,2,2
0,2,2,10.8198,0.6261,41,1,3
0,1,2,12.3014,0.1318,30,2,1
0,0,0,11.1563,0.979,29,2,1
0,2,3,10.309,1.0507,52,1,3
1,2,0,11.2898,0.7367,46,2,3
0,0,-1,9.2103,0.3072,23,1,2
0,0,0,11.2898,0.0593,46,2,2
0,0,0,10.8198,0.9189,25,1,3
0,0,-1,11.0021,0.8282,47,1,1
0,0,0,10.8198,0.8142,41,1,2
0,0,0,11.2898,0.9814,26,2,3
0,0,0,11.6952,0.9471,32,1,2
0,0,0,11.2898,0.387,60,2,3
0,0,0,11.6082,1.0114,33,1,1
0,0,0,11.8494,0.4158,51,2,3
0,1,2,10.8198,0.1028,22,2,2
0,0,0,10.8198,0.8967,38,1,3
0,0,0,12.6761,0.0602,42,1,1
0,2,2,11.8494,0.942,38,1,2
0,-2,-2,12.1007,0.0046,35,2,2
1,1,2,10.8198,0.4336,25,1,2
0,0,0,12.6443,0.1684,36,1,2
0,-1,-1,10.8198,0.026,23,2,1
0,0,0,11.9829,0.2351,62,1,3
0,-2,-2,12.3014,0.0439,33,2,2
0,0,0,11.8494,0.4115,41,1,2
0,0,0,10.8198,1.0086,49,1,1
0,0,0,11.0021,0.958,24,1,2
1,-1,2,9.9035,0.1758,28,1,3
0,0,0,11.5129,0.3906,27,2,1
0,0,0,11.9184,0.9952,29,2,3
0,-1,-1,12.4684,0.0013,30,1,2
0,0,0,10.8198,0.6261,38,1,3
0,-1,-1,12.6761,0.0026,29,1,1
0,0,0,12.1007,0.532,35,1,2
1,1,-2,11.6952,0.0,35,2,2
0,-1,-1,13.1224,0.0102,41,2,1
0,-2,-2,12.3014,0.0398,32,1,1
0,1,-2,10.8198,0.0,26,1,2
1,-1,-1,12.1007,0.0024,56,2,3
0,1,-1,12.3458,-0.0006,33,2,2
0,-1,-1,12.3014,0.0225,36,2,1
1,0,0,11.9829,0.0158,41,1,2
0,0,0,10.8198,0.3506,23,1,1
0,0,0,11.5129,1.0028,41,1,2
0,-1,-1,12.7939,0.0075,32,1,1
0,-1,-1,11.9829,0.0375,38,2,2
0,-1,-1,11.5129,0.0942,25,2,1
0,0,0,12.0436,1.0086,24,2,1
0,0,0,11.2898,0.141,26,2,2
0,0,0,10.8198,0.7747,44,1,2
0,-2,-2,13.1224,0.0,32,2,2
0,0,0,9.9035,0.8444,47,1,1
0,0,0,10.309,0.4974,26,2,2
0,-2,-2,11.0021,0.0,30,2,1
0,-1,-1,12.7939,0.0508,44,1,1
0,0,0,12.3884,0.2199,50,1,1
0,0,0,10.8198,0.9842,36,2,3
0,2,2,10.8198,0.9885,46,1,2
0,0,0,11.0021,0.9865,29,2,3
0,1,-2,12.2549,0.0,25,2,1
0,-1,-1,12.7068,0.0026,42,1,2
0,-1,-1,11.4076,0.0379,25,2,1
0,0,0,12.8479,0.1184,27,2,1
0,0,0,13.1224,0.1206,34,2,2
0,0,0,10.309,0.7899,35,2,3
1,0,0,10.8198,0.5923,33,1,2
0,0,0,12.7939,1.0121,33,2,1
0,-2,-1,12.6443,0.0112,28,2,1
0,1,2,11.0021,0.9767,26,2,2
0,0,0,11.6952,0.9846,47,2,3
0,0,0,11.8494,0.1945,33,2,1
0,0,0,12.3014,0.9964,41,2,1
0,0,-1,12.8992,0.0784,29,1,1
0,0,0,10.8198,0.9767,56,2,2
1,1,-2,11.2898,0.0,35,1,2
0,0,0,11.9184,0.1407,33,2,3
0,0,0,10.8198,0.5682,26,1,1
0,0,0,10.8198,1.0045,50,2,2
0,0,0,12.2549,0.4596,25,1,2
0,0,0,11.4076,0.4643,30,1,1
0,-1,-1,12.6761,0.0043,31,1,1
0,-2,-2,12.1007,0.0,29,2,3
0,0,0,12.6443,0.5338,24,1,2
0,0,0,10.8198,0.9706,23,2,2
0,0,0,11.6952,0.9483,41,1,1
0,-1,-1,11.9184,0.0092,36,2,2
0,-1,2,9.9035,0.4212,47,1,2
0,-2,-1,12.1007,0.725,43,2,3
0,0,0,11.6952,0.9554,39,2,2
0,1,-1,11.5129,0.0,27,1,1
0,-1,-1,12.2549,0.009,51,2,1
0,0,0,11.5129,0.8544,23,2,2
0,-1,-1,11.6952,0.0656,41,2,2
0,-1,-1,12.1548,0.0005,54,2,3
0,0,0,11.2898,0.7412,30,1,4
0,0,0,11.1563,0.8549,34,1,2
1,1,2,11.0021,1.0093,42,1,2
0,0,0,10.8198,0.1621,25,2,1
0,0,0,11.6082,0.9838,45,2,2
0,-1,0,12.2061,0.0409,47,2,1
0,1,-2,12.2549,0.0,33,2,1
1,1,2,10.309,0.744,50,1,3
1,-1,-1,11.9829,0.0074,32,2,1
1,0,0,9.9035,0.6942,23,2,3
0,0,0,11.1563,0.9526,42,1,2
0,-2,-2,12.4684,0.007,51,2,3
0,0,0,12.4684,0.7729,51,2,2
0,0,0,10.8198,0.8532,54,2,3
0,1,2,12.0436,0.0955,26,2,2
0,1,2,9.9035,0.7932,25,1,2
0,1,2,10.5966,0.249,24,2,1
0,0,0,12.3014,0.8764,39,1,3
1,0,0,10.309,0.9779,23,2,2
1,-1,0,9.9035,0.8838,22,1,2
0,0,0,11.6952,0.5604,34,2,1
0,0,0,11.6082,0.2805,32,2,1
0,2,0,12.0436,0.9423,23,2,2
1,1,2,11.4076,0.3581,32,2,1
0,-2,-2,11.8494,0.0143,35,1,1
1,-2,-2,12.2061,0.1151,41,1,2
0,0,0,10.8198,0.926,27,1,2
0,-2,-2,11.1563,0.0,23,2,2
0,0,0,10.8198,0.9815,45,2,2
0,0,0,9.9035,1.0052,57,1,2
1,3,2,9.9035,0.8886,47,2,2
1,1,2,12.2061,0.0936,32,1,1
0,0,0,13.039,0.039,28,1,1
0,1,-2,11.8494,0.0,28,2,1
0,0,0,12.3884,0.0171,65,1,1
0,0,0,11.1563,0.3521,53,2,2
0,-1,-1,12.9239,0.0103,53,2,1
0,0,0,11.4076,1.0159,28,1,2
0,-1,-1,12.4684,0.0009,35,1,2
0,-2,-2,12.4684,0.0127,53,1,3
1,-1,2,12.2061,0.0088,36,1,3
0,-1,-1,13.1224,0.0096,35,1,1
1,0,0,9.9035,0.2872,35,1,1
1,0,0,9.9035,0.8534,40,1,2
0,0,0,9.9035,0.9548,24,2,2
0,-1,-1,12.7939,0.0038,58,1,3
1,2,0,9.9035,0.4643,43,1,2
1,3,2,10.309,0.6195,25,1,2
0,0,0,12.1007,0.105,44,1,1
0,0,0,10.309,0.6939,48,1,3
0,0,0,12.1548,0.7686,48,2,6
0,0,0,12.3014,0.0529,35,2,1
0,0,0,10.5966,0.3186,37,1,1
1,2,0,11.5129,0.8581,30,1,1
0,0,0,10.309,0.7449,41,2,1
0,0,0,11.0021,0.5934,40,2,3
0,0,0,11.2898,0.5592,28,2,2
0,2,0,12.1007,0.5941,41,2,2
0,1,-2,11.4076,-0.0033,32,2,2
0,1,-1,12.3458,0.0,32,2,1
1,0,0,11.4076,0.9322,26,2,2
0,-1,-1,12.5776,0.0011,39,2,2
1,2,2,11.5129,0.8785,58,2,2
0,-1,-1,12.7939,0.0129,37,2,1
0,0,0,11.5129,0.614,28,1,2
0,-1,-1,12.2061,0.0042,33,2,1
0,0,0,11.1563,0.2785,30,2,1
0,-2,-2,12.2061,0.0,26,2,2
0,0,0,11.1563,0.9813,24,2,1
0,-1,-1,13.039,0.0019,33,2,2
0,0,-1,11.2898,0.0918,47,2,2
0,-2,-2,11.4076,0.0035,49,2,2
0,-1,-1,12.6443,0.0025,29,2,1
1,1,-2,12.6443,0.0,38,2,1
0,0,0,10.8198,0.9703,29,2,2
0,-1,-1,12.3014,0.0685,30,2,1
0,0,0,11.1563,0.4526,25,2,1
0,0,0,11.0021,0.6292,34,1,1
0,-1,-1,13.017,0.0016,54,1,1
0,-1,-1,9.9035,0.0171,29,2,1
1,-2,-2,12.948,0.0146,33,2,1
1,0,0,9.2103,0.6579,22,1,2
1,2,2,9.9035,0.0825,25,2,2
1,2,2,12.2061,0.4557,49,2,2
0,0,0,11.2898,0.983,25,2,2
1,0,0,11.2898,0.9751,30,1,3
0,0,0,11.0021,0.9886,23,1,1
0,-1,-1,12.3458,0.0014,28,1,1
0,1,2,11.5129,0.9443,30,1,1
1,-2,-2,12.2061,0.0,29,1,1
0,0,0,11.6082,0.526,26,1,1
0,0,0,10.8198,0.9496,22,1,2
1,1,-2,12.4684,0.0,53,1,1
0,0,0,12.3014,0.9332,32,2,1
0,-1,-1,12.2061,0.0086,32,1,1
1,1,2,9.2103,0.5015,26,2,2
0,0,0,12.1007,0.2093,34,1,2
0,0,0,12.2549,0.219,30,2,2
1,2,0,12.6443,0.1457,29,1,1
0,-2,-2,12.7939,0.0334,29,1,1
0,0,-1,12.2061,0.5142,51,1,1
1,2,2,12.1007,1.0036,39,1,2
0,0,0,11.8494,0.2445,27,1,2
1,1,2,10.8198,0.4018,32,2,1
0,0,0,11.0021,0.9936,33,1,3
0,1,-2,11.4076,0.0,27,2,2
0,0,0,11.5129,0.8621,40,1,2
0,1,-2,9.9035,-0.07,24,1,3
0,0,0,11.6082,0.1651,29,1,1
0,0,0,11.1563,0.3504,25,2,1
0,-2,-2,12.0436,0.0236,33,2,2
1,-2,-2,13.1224,0.0,64,1,1
0,1,2,10.309,0.3101,38,1,2
0,0,0,10.8198,0.6622,23,2,2
0,0,0,9.2103,0.9721,22,2,2
0,0,-1,12.2061,0.0688,35,2,1
0,0,0,12.8739,0.503,29,2,1
1,2,2,11.8494,0.5442,32,2,2
0,-2,-2,12.3014,0.0028,50,2,3
0,-2,-2,13.1224,0.0042,40,2,1
0,-2,-2,11.5129,0.0126,49,2,2
0,0,0,12.8992,0.303,30,2,3
0,0,0,11.2898,0.9554,26,1,1
0,0,0,10.309,0.9379,39,1,2
1,0,0,12.3884,0.6673,35,1,1
1,-2,-2,13.1224,0.9561,49,1,1
0,0,0,10.8198,0.843,36,1,2
0,-1,-1,12.1007,0.0074,34,1,2
0,0,0,11.5129,0.701,33,2,2
0,0,0,12.1007,0.4748,29,2,2
0,0,0,10.8198,1.0566,40,1,3
0,-1,-1,12.7939,0.1428,29,1,1
1,1,-2,12.7068,0.0,27,2,2
0,-1,-1,12.2061,0.0152,38,1,1
0,-1,-1,10.5966,0.0225,22,1,2
0,0,0,12.4684,0.141,37,1,1
0,-1,-1,12.6761,0.0339,40,1,1
0,-1,-1,9.2103,0.039,22,2,2
0,0,0,12.3458,0.95,30,2,2
1,-1,-1,9.2103,0.5666,24,2,2
1,2,-1,10.309,0.0194,25,1,1
0,0,0,11.4076,0.5048,41,1,2
0,1,-2,12.6115,0.0013,41,2,3
0,0,0,12.3458,0.0765,31,2,2
0,0,0,11.9184,0.0633,27,1,2
0,0,0,11.0021,0.9482,52,1,2
0,0,0,10.8198,0.8348,25,1,2
0,0,0,11.8494,0.4593,31,1,2
0,0,0,11.4076,0.8956,25,2,3
1,-1,0,11.2898,0.8416,50,2,3
0,-1,-1,12.4684,0.0034,38,2,2
0,-1,3,11.0021,0.0124,53,2,3
1,2,2,10.8198,0.8898,48,1,2
0,-1,2,11.9184,0.2717,34,1,1
0,-1,-1,12.3014,0.0014,36,2,1
0,0,0,12.7068,0.2887,36,2,1
0,0,0,12.6115,0.2265,37,2,2
0,-1,0,11.1563,1.0176,29,2,2
0,-2,-2,12.6115,-0.0043,29,2,1
0,0,0,11.1563,0.4522,43,2,2
0,2,2,11.6082,0.9218,24,1,2
0,0,0,12.3884,0.5046,28,2,2
0,0,-1,11.2898,0.7622,54,2,3
0,-2,-2,10.8198,0.0,26,1,3
0,0,0,12.948,0.1082,32,2,1
0,2,0,12.3014,0.1232,41,2,2
0,0,0,11.9184,0.6008,31,2,1
0,-1,-1,11.0021,0.1636,31,2,1
0,-2,-2,12.4684,0.0,46,2,2
1,1,-2,12.1007,0.0,34,2,1
0,1,2,11.7753,0.3056,25,2,2
0,0,0,12.3014,0.9275,45,2,2
0,2,0,12.2061,0.2906,40,1,5
1,-1,-1,11.7753,0.0025,27,1,1
0,-1,-1,12.948,0.0528,41,2,1
1,0,0,10.309,0.889,23,2,1
0,-1,-1,11.6082,0.0035,43,1,3
1,1,-2,11.9184,0.0,25,2,2
0,-2,-2,10.8198,0.0,38,2,2
0,1,-2,12.2061,0.0,41,2,1
1,0,0,12.0436,1.0026,33,2,1
0,0,0,12.2061,0.6743,25,2,4
0,1,2,12.2061,0.7691,31,2,2
0,2,0,10.8198,1.0157,33,2,6
0,0,0,13.1224,0.9549,38,1,1
0,-1,-1,11.9184,0.0208,25,1,1
0,-2,-2,10.309,0.0279,25,1,2
0,-1,-1,12.3458,0.0021,33,2,1
1,0,0,12.7939,0.0367,49,2,2
0,0,0,12.8479,1.1897,37,2,1
0,2,2,10.309,0.4503,43,2,3
0,0,0,10.8198,1.073,43,2,2
0,1,-2,12.948,0.0,47,2,2
0,0,0,11.1563,0.9569,32,1,2
0,0,0,10.8198,1.0347,37,2,2
1,0,0,12.7657,0.9749,33,2,2
0,0,0,12.2061,0.0527,32,1,1
0,-1,-1,12.7367,0.0149,29,1,2
0,0,0,10.8198,0.4945,25,1,2
1,0,0,9.9035,0.7594,22,2,2
1,1,-2,12.7939,0.0,34,2,1
0,0,0,11.8494,0.2128,29,1,1
1,2,2,11.9184,0.7832,39,1,2
1,0,0,11.5129,0.989,35,2,1
0,-1,-1,13.039,0.0038,44,1,1
0,1,2,11.9184,0.9856,34,2,2
0,-2,-2,12.5776,0.2734,39,2,1
0,0,0,12.3884,0.4551,35,2,2
0,-1,0,12.2549,0.0037,41,2,1
0,0,0,12.7657,0.838,33,2,2
0,-1,-1,12.5425,0.0164,37,2,3
0,0,0,11.9184,0.7028,43,1,2
0,-1,-1,12.0436,0.0434,29,2,2
0,1,2,10.8198,0.4818,40,1,3
1,3,4,11.5129,0.56,51,1,2
0,0,0,10.8198,0.9516,24,1,2
1,1,-2,12.3458,0.0,33,2,2
1,2,0,11.4076,0.3709,28,1,2
0,1,2,9.9035,0.603,24,1,2
0,-1,-1,12.4684,0.0039,40,2,2
1,-1,-1,12.5776,0.0022,40,2,1
0,1,2,10.8198,0.9876,34,2,2
0,0,0,11.0021,0.9036,42,2,3
0,-1,-1,12.1007,0.0044,36,2,2
0,0,0,12.4292,0.3306,43,2,2
0,0,0,11.4076,0.9157,29,1,1
0,2,2,9.2103,0.3475,52,2,3
0,0,0,12.5776,0.1895,37,2,1
0,0,0,11.2898,0.9942,27,2,2
0,2,2,10.309,0.01,25,2,2
0,-1,-1,12.2061,0.1239,37,2,2
0,0,0,10.8198,1.267,56,2,3
1,4,3,12.3014,0.9845,47,1,2
0,0,0,12.9715,0.075,48,1,2
1,0,0,10.8198,0.9789,27,2,2
0,-2,-2,12.9239,0.0008,33,1,1
0,-1,2,10.8198,0.4782,39,2,2
0,0,0,11.6082,0.6627,47,1,2
0,1,2,10.8198,1.0029,28,1,1
1,3,2,10.309,0.885,56,2,3
1,3,2,11.2898,0.0784,25,2,1
0,-1,-1,12.3458,0.0377,39,1,2
1,0,0,12.6115,0.865,66,1,2
0,0,0,12.3458,0.1003,28,2,2
0,-1,-1,12.3014,0.0035,36,1,1
0,0,0,12.2061,0.9982,26,2,1
1,2,0,11.7753,0.8679,30,2,1
0,0,0,9.9035,0.8632,25,1,1
0,0,-1,12.8992,0.0198,31,2,1
0,0,0,12.3458,0.1357,29,2,1
0,0,0,10.309,0.2242,36,1,2
0,0,0,12.1548,1.0394,44,1,2
0,-1,-1,12.3014,0.0021,27,2,1
0,0,0,9.9035,0.9574,30,1,2
0,-2,-2,12.5425,0.0,29,2,2
0,0,0,12.1548,0.4189,36,1,2
0,-1,-1,12.4684,0.0226,36,1,1
0,0,0,11.2898,0.7918,34,2,2
0,-1,0,11.0021,0.9524,24,2,2
0,-1,0,11.2898,0.4483,52,1,3
1,-1,-1,12.7939,0.0431,36,2,1
0,-1,-1,12.7657,0.0017,33,2,2
0,0,0,10.8198,0.9348,25,1,2
0,-1,-1,12.7939,0.0284,40,2,1
1,-1,-1,11.5129,0.0743,41,2,3
0,-1,-1,12.7939,0.0042,29,2,1
0,-1,-1,11.6952,0.0032,31,2,1
0,0,0,9.9035,0.9628,51,2,3
1,2,2,11.5129,0.8489,31,1,1
0,0,0,11.0021,1.0017,22,1,2
1,-1,2,12.3884,0.0209,28,2,1
0,0,0,11.1563,0.9701,25,2,1
0,-2,-2,12.7939,0.0348,31,2,1
0,-2,-2,12.5776,0.0128,47,1,1
0,0,0,11.4076,0.9485,24,2,1
0,0,0,11.2898,0.1501,54,2,3
0,1,2,10.8198,0.573,38,1,2
0,0,0,10.8198,0.9613,54,2,3
0,-1,-1,11.9829,0.1217,45,2,2
1,2,0,11.6952,0.558,53,2,3
0,0,0,13.1224,0.1567,27,2,1
0,-1,-1,10.8198,0.0314,24,2,2
1,0,0,10.8198,0.7055,28,1,2
0,0,0,10.8198,0.0588,28,1,2
0,-1,-1,12.2549,0.0028,33,2,1
0,0,0,11.2898,0.073,26,1,2
0,0,0,9.9035,0.638,31,1,1
1,-1,-1,12.6443,0.0015,34,2,1
0,0,0,11.9184,0.1215,29,2,1
1,0,0,10.8198,0.9785,50,2,2
1,2,2,11.5129,0.6844,30,1,3
0,-2,-2,11.9184,0.9113,31,1,5
0,1,2,10.8198,0.1245,23,1,2
1,1,-1,12.1007,0.0,51,2,3
0,-2,-2,10.8198,0.1729,23,2,3
0,0,0,10.8198,0.889,36,2,3
0,-1,-1,10.8198,0.135,43,2,3
0,0,0,12.3458,1.0052,41,1,2
0,0,0,11.1563,0.9808,24,2,2
0,-1,-1,10.8198,0.134,51,1,3
0,0,0,9.2103,1.0503,31,2,2
0,0,0,10.309,0.902,27,1,3
0,0,0,12.3458,0.3037,29,2,2
0,0,0,10.8198,0.4181,61,2,3
0,0,0,9.9035,0.8883,31,1,2
0,0,0,9.9035,0.8284,31,2,2
0,-2,-1,12.7939,0.0,26,1,2
0,0,0,11.6952,0.0705,28,1,1
0,-2,-1,12.8992,0.0295,35,1,1
0,-2,-2,12.7939,0.016,40,1,1
0,0,-1,13.1224,0.0332,55,1,1
0,0,0,13.1224,0.394,50,1,1
0,-1,0,11.2898,0.027,26,1,2
0,-2,-2,9.9035,0.4705,23,2,2
0,0,0,9.9035,1.2073,24,2,1
1,-1,-1,12.2061,0.0084,51,1,2
0,0,0,10.8198,0.2246,27,2,3
1,-1,-1,11.6952,0.0412,46,2,3
0,0,0,10.309,0.9175,37,1,2
0,0,-1,12.8739,0.0867,35,1,2
0,-1,-1,12.2061,0.0098,57,1,1
1,2,2,12.4684,0.0006,52,2,1
0,-1,-1,12.2549,0.0049,33,1,2
0,-1,3,12.1007,0.0043,46,1,1
0,0,0,11.6952,0.6964,27,2,2
1,-1,2,10.8198,0.1143,26,1,1
0,0,0,10.8198,0.9256,32,1,2
0,0,0,10.8198,0.8787,30,1,1
0,0,0,11.4076,0.8967,24,2,2
0,1,2,11.2898,0.4042,23,2,1
0,0,0,10.8198,0.4711,24,1,2
0,0,0,12.6443,0.6565,24,2,2
0,0,0,11.5129,0.1888,25,1,1
0,1,-1,12.3458,0.0,50,2,3
1,0,0,11.6952,0.2629,40,2,3
0,0,0,12.3458,0.6995,48,1,1
0,1,2,12.7939,0.0827,38,2,3
0,-1,-1,13.1224,0.0749,37,1,1
1,0,0,10.8198,0.9999,44,1,3
0,0,0,10.309,0.3851,49,2,2
0,0,0,13.487,0.1743,45,2,1
0,0,0,9.2103,0.406,22,1,1
1,-2,-2,12.8992,0.0136,27,2,1
0,-1,-1,11.9184,0.0191,33,2,1
0,-2,-2,13.1224,0.0053,54,1,1
0,0,0,10.8198,0.8652,25,1,2
0,0,0,12.2549,0.1278,26,2,2
0,-1,-1,12.4684,0.002,36,2,1
1,1,2,12.3884,0.0311,38,2,2
0,-2,-2,12.7939,0.0,30,2,2
0,-2,-2,12.2061,0.0,30,2,1
0,-1,-1,10.8198,0.003,43,2,3
1,1,-2,11.2898,0.0,23,2,2
0,0,0,12.3458,0.1408,29,1,1
0,-1,-1,13.1224,0.0085,40,2,1
1,2,2,11.1563,0.6534,40,1,1
1,2,0,10.8198,0.7479,36,2,1
0,-1,-1,12.2549,0.0041,34,1,3
0,0,0,12.3014,0.7181,41,2,1
0,2,2,11.5129,0.7524,29,2,2
0,-1,-1,11.9184,0.0632,45,1,2
0,-2,-2,10.8198,0.0293,42,1,2
0,-1,-1,10.8198,0.0052,45,1,3
1,0,0,12.9239,0.0705,48,1,2
0,-2,-2,11.2898,0.0,29,2,2
0,1,2,11.1563,0.9768,35,1,2
0,-1,-1,12.2549,0.0052,28,2,3
0,0,0,12.5776,1.1067,36,2,2
1,0,0,10.8198,0.2422,42,1,2
0,0,0,12.8479,0.083,40,1,2
0,1,2,11.0021,0.9867,24,2,2
0,0,0,12.2061,0.0214,37,1,1
0,0,0,12.2061,0.3203,32,2,5
0,-1,-1,12.1548,0.0029,33,1,1
0,0,0,11.2898,0.9171,46,2,2
0,0,0,13.0815,0.2479,33,2,1
0,0,0,9.9035,0.8427,53,1,3
1,1,-2,12.3458,0.0,30,1,3
0,0,0,11.9829,0.4727,31,1,2
0,1,2,10.8198,0.7346,49,1,3
0,1,2,11.2898,0.2175,47,2,2
0,-2,-2,12.3884,0.0498,39,2,2
0,-1,-1,10.8198,0.009,27,2,1
0,1,2,12.6115,0.8013,35,1,2
0,0,-1,12.2061,0.3391,23,2,2
0,0,0,12.1007,0.9555,43,1,2
0,-1,0,12.8213,0.1375,27,1,3
0,0,0,12.3458,0.1386,28,1,2
1,2,2,11.4076,0.9528,27,2,2
1,0,0,9.9035,0.5532,26,1,1
0,-1,-1,12.5425,0.0033,57,2,1
1,1,-2,12.2061,0.0,39,2,1
0,0,0,11.8494,0.9658,73,1,2
0,0,0,11.9184,0.0231,27,2,1
1,2,2,10.8198,0.5288,31,2,2
0,0,0,10.8198,0.8081,25,2,2
0,0,0,9.9035,0.7786,23,2,1
0,0,0,12.2061,0.7529,33,2,1
0,0,0,9.9035,0.4324,23,2,2
1,0,0,10.309,0.8858,24,1,2
1,2,2,11.2898,0.2162,34,2,2
0,0,0,12.3458,0.4887,30,2,2
0,-2,-2,12.3884,0.0,38,2,1
1,2,-1,12.2061,0.0008,38,2,1
0,0,0,11.2898,0.8972,49,1,2
1,1,-1,12.5776,-0.0,39,1,2
1,0,0,11.1563,0.2612,23,2,2
0,0,0,10.309,0.266,38,2,2
1,2,2,10.309,0.629,31,2,3
0,-1,-1,12.5425,0.0041,37,1,2
0,-1,-1,12.2061,0.0155,28,2,2
0,-1,-1,11.0021,0.3333,28,1,1
0,0,0,11.8494,0.9782,26,1,5
0,0,0,12.8739,0.4116,29,1,2
0,0,0,10.309,0.212,28,2,1
1,-1,2,11.9829,0.0049,54,1,3
0,0,-1,13.1224,0.0273,32,2,2
0,-1,-1,12.1007,0.0278,26,2,2
0,0,0,12.5776,0.4044,33,2,2
0,0,0,11.8494,1.0151,35,1,1
0,0,0,10.8198,0.2728,31,2,2
0,2,2,11.7753,0.89,47,1,1
1,0,0,11.9829,0.9762,48,1,3
0,0,0,11.6082,1.0256,35,1,2
0,-1,-1,12.1007,0.0028,33,2,2
1,0,0,12.4684,0.6528,32,2,5
0,0,0,12.6443,0.2159,32,2,1
0,-1,-1,13.017,0.0443,44,1,2
0,0,0,11.7753,0.5335,27,1,1
0,1,2,12.6115,0.0187,36,2,1
0,1,-2,11.9829,0.0,39,2,1
0,-1,0,10.309,0.4271,26,1,2
1,2,2,12.5062,0.1986,48,1,2
1,1,-2,12.7939,-0.0,63,1,2
1,1,-2,12.7939,0.0,42,1,2
0,-1,-1,12.1007,0.0171,40,1,2
0,-1,-1,12.7939,0.0011,41,2,3
1,2,2,12.5425,0.0089,45,1,1
0,0,0,12.3014,0.0228,44,1,2
0,0,0,9.9035,0.4076,47,2,3
0,0,0,12.6443,0.5573,32,1,3
1,1,2,11.9829,0.0141,52,1,2
0,1,-2,10.8198,-0.058,27,1,1
1,0,0,9.9035,0.831,38,1,2
1,0,0,9.9035,0.9313,26,1,2
0,0,0,13.0605,0.3856,32,1,2
1,0,0,11.9829,0.2674,31,2,2
0,-2,-2,12.3014,0.0129,31,1,1
0,0,0,10.8198,0.2324,42,2,2
1,2,2,10.8198,0.275,22,1,2
0,-1,-1,12.3458,0.0435,53,2,1
0,2,2,11.1563,0.6273,51,2,2
0,1,-2,12.7939,0.0,29,1,3
0,-1,-1,11.4076,0.0058,24,2,2
1,-1,-1,12.1007,0.0148,27,1,1
1,0,0,10.8198,0.955,53,1,2
0,-2,-2,12.2549,0.0,39,2,1
0,0,0,10.8198,1.0445,24,2,1
0,2,0,9.2103,0.8206,23,1,2
0,0,0,11.2898,0.9298,42,1,1
0,-2,-2,12.2061,0.018,34,2,3
1,2,0,13.1224,1.1295,41,1,1
0,0,0,10.8198,0.988,42,2,2
0,2,0,10.8198,0.6257,22,2,3
0,2,2,11.2898,0.5019,46,1,3
0,1,2,10.8198,0.2079,23,2,1
0,-1,0,10.8198,0.1139,22,1,2
0,0,0,11.2898,0.9844,24,2,2
1,3,2,11.5129,0.7662,39,2,2
0,1,-2,12.7939,0.0,49,1,1
0,-1,-1,13.1422,0.0008,37,2,1
0,0,0,11.6952,0.3978,26,1,2
0,0,-1,11.7753,0.1044,48,2,3
0,0,0,12.7068,1.8304,44,1,1
0,0,0,10.8198,0.5862,40,2,3
0,0,0,10.309,0.8575,43,1,2
0,0,0,12.2061,0.7834,24,2,1
0,2,2,11.2898,0.673,33,2,2
0,0,-1,12.3014,0.03,39,2,1
0,1,-2,11.1563,-0.0004,30,2,1
0,0,0,12.7657,0.8886,48,2,2
0,0,0,10.5966,0.964,27,1,2
0,0,0,11.0021,1.0126,24,1,2
0,-1,-1,11.6952,0.0505,34,1,2
0,0,0,10.8198,1.0179,48,2,2
1,0,0,11.5129,0.6844,44,2,1
1,0,0,12.2549,0.4095,30,1,2
0,0,0,9.9035,0.8264,35,2,2
0,0,0,12.3884,0.664,42,1,3
0,0,0,12.0436,0.5634,43,2,2
0,-1,-1,12.7068,0.001,34,1,1
0,0,0,11.1563,0.8547,43,1,2
0,0,0,10.8198,0.9112,29,2,3
0,0,-1,11.7753,0.0726,38,1,2
1,2,2,10.8198,0.048,36,1,3
1,0,0,13.017,0.1028,30,2,1
1,2,2,11.5129,0.6879,41,1,2
0,0,0,11.6952,0.0959,26,2,1
0,0,0,12.5062,0.0545,29,2,1
0,-2,-2,11.2898,0.0626,36,1,1
0,0,0,11.2898,1.0107,40,2,3
0,-2,-2,12.6761,0.0122,33,1,1
0,1,-1,12.8479,-0.0,35,1,1
0,0,0,12.8479,0.2288,41,2,2
0,-2,-2,12.1007,0.1192,41,2,2
0,0,0,11.5129,0.3243,31,2,2
0,0,0,12.5776,0.1429,29,2,1
1,-1,-1,11.4076,0.0116,27,1,1
1,5,4,9.2103,0.9829,24,1,2
0,-2,-2,11.9184,0.2133,31,1,3
0,2,2,11.9829,0.0025,32,2,2
1,2,2,12.2061,0.957,27,2,1
0,-1,-1,10.309,0.0464,23,2,2
0,0,0,11.1563,0.9417,24,2,1
0,1,-2,11.9829,0.0,30,1,2
1,2,2,11.8494,0.6779,27,2,1
0,0,0,10.8198,0.2373,22,2,3
0,-1,-1,10.8198,0.0099,23,2,1
0,0,0,11.9184,0.0105,31,1,1
0,1,-2,11.6952,0.0,34,2,1
0,1,-2,11.9829,-0.0,63,2,2
0,0,0,12.1007,1.4045,26,2,4
0,0,0,12.3014,1.0027,27,2,2
1,2,0,9.2103,0.8631,22,1,2
0,-1,-1,11.2898,0.0134,36,2,1
0,0,0,11.6082,0.9553,28,2,2
1,1,-2,11.2898,-0.0001,51,2,2
0,0,-1,12.5062,0.0695,52,1,2
0,1,2,11.9829,1.0244,36,2,1
0,0,0,10.8198,0.3345,44,1,2
0,0,0,11.0021,0.967,39,2,2
0,0,0,11.8494,0.9836,28,1,2
0,0,0,12.7939,0.771,34,2,2
0,-1,-1,12.2061,0.0305,34,2,4
1,1,2,10.5966,0.9608,36,2,2
1,2,0,10.8198,0.9676,50,2,3
0,0,0,10.8198,0.9619,46,2,2
0,0,0,11.1563,1.9254,27,1,1
0,-1,-1,13.1224,0.0014,41,1,1
1,-1,2,11.9829,0.1108,37,1,1
0,0,0,12.1007,0.9822,28,2,3
0,0,-1,11.5129,0.4828,25,1,2
0,0,-1,10.8198,0.0993,38,2,2
1,0,0,12.2549,0.6741,33,1,2
0,-2,-2,11.8494,0.005,29,1,1
1,0,0,11.2898,0.636,23,2,2
1,0,0,11.6952,0.6332,28,2,1
0,0,0,12.5425,0.2652,48,1,2
0,0,0,11.2898,0.3758,45,2,2
0,-1,-1,12.2061,0.0106,31,2,3
0,-1,-1,12.6115,0.0086,27,2,1
0,-1,-1,10.5966,0.1754,34,1,1
1,1,-2,12.7939,0.0,38,1,2
0,1,-1,11.0021,0.0,30,1,1
1,2,2,11.6082,0.0055,29,2,2
0,1,-2,10.8198,-0.0001,42,1,2
0,-2,-2,11.9184,0.0104,24,2,2
0,0,0,11.0021,1.0182,22,2,5
0,0,0,9.9035,0.8846,25,2,1
0,0,0,12.7939,0.0272,33,2,2
0,0,0,10.309,0.2611,25,1,1
0,0,0,11.1563,0.8476,36,2,2
1,0,0,10.8198,0.9687,28,1,2
1,2,2,11.2898,0.7253,37,1,2
0,0,0,12.2061,0.0384,35,2,2
0,-2,-2,13.0815,0.0151,42,2,3
1,2,0,11.0021,0.9958,46,1,2
1,0,0,11.9184,0.9993,60,2,3
1,-1,-1,12.8992,0.0119,40,1,1
1,1,-2,12.6115,-0.0003,36,2,1
0,0,0,11.2898,0.5116,26,2,3
0,1,2,10.309,0.8596,25,1,2
0,0,0,12.6115,0.9452,33,1,2
0,0,0,10.8198,1.0129,23,2,2
0,0,0,12.8992,0.6322,53,2,2
0,0,0,12.5425,0.2508,26,2,2
0,-1,2,11.9829,0.0409,30,2,1
0,-1,-1,13.017,0.0086,53,1,1
0,1,-2,10.8198,0.0,47,1,3
0,0,0,11.6952,0.1352,47,2,3
0,0,0,11.0021,0.3478,57,2,2
0,0,0,12.2549,0.6185,26,2,1
0,0,0,11.6082,0.2632,24,2,2
1,1,2,11.6082,0.3897,32,2,1
0,0,0,11.8494,0.6592,41,1,2
0,1,-2,12.9715,0.0042,36,2,2
0,-1,-1,9.9035,0.241,43,1,2
0,1,-1,12.7939,-0.0,31,2,1
1,0,0,13.3535,0.7891,29,2,1
0,0,0,11.0021,0.8692,39,2,2
0,0,0,10.8198,0.9648,41,1,3
0,-1,-1,12.2061,0.0043,41,1,1
0,2,0,9.9035,0.9414,61,1,3
0,1,-2,12.4684,0.0,37,1,1
0,-1,-1,12.2549,0.041,32,2,1
0,0,0,10.309,0.9572,31,2,2
0,-1,-1,13.1224,0.002,33,1,1
0,0,0,9.9035,0.9876,47,2,3
0,-1,-1,12.3884,0.0026,40,2,1
0,0,0,9.9035,0.8196,45,2,3
1,2,2,11.9184,0.1157,30,1,1
0,0,0,11.9184,0.0992,30,2,1
0,0,0,13.1224,0.4638,41,1,1
1,0,0,12.3014,0.9436,53,2,2
0,-1,0,10.309,0.4424,22,2,2
1,1,2,9.2103,0.8481,40,2,2
0,1,-2,12.0436,0.0,28,2,2
1,1,-1,11.6952,0.0,45,1,1
0,0,0,12.5425,0.3764,29,2,1
0,0,0,9.2103,0.7572,22,2,3
0,6,5,12.2061,0.5509,54,2,3
0,0,0,12.4684,0.4117,36,2,2
0,-2,-2,13.1224,0.5485,43,2,1
1,-2,-2,13.1224,0.0,32,2,1
0,0,0,12.4684,0.9798,50,2,1
0,0,0,11.4076,0.4009,32,1,2
1,0,0,11.9829,1.0109,52,1,2
0,0,0,12.3458,0.8151,25,2,2
0,1,-2,12.7939,0.0161,46,1,2
0,0,0,10.8198,0.9831,29,1,3
0,0,0,11.7753,0.6434,44,1,3
1,1,-2,12.3884,0.0,27,2,2
0,0,0,10.8198,0.2689,22,1,1
0,0,0,12.6761,0.1084,43,2,1
0,0,0,11.7753,0.5317,44,2,2
0,1,2,10.8198,0.9859,48,2,3
0,0,0,12.7068,1.0348,24,2,1
0,-2,-2,12.7068,0.0,37,1,1
0,0,0,11.6952,0.8994,23,2,2
1,2,2,12.1007,0.6302,29,2,2
0,-2,-2,13.1224,0.1957,47,2,1
0,-1,-1,12.4292,0.0703,54,2,2
0,0,0,12.4684,0.2168,29,2,2
0,-2,-2,12.5062,0.0122,36,2,1
0,1,-1,13.1224,0.0075,42,1,1
1,-1,-1,11.0021,0.0262,42,2,3
0,0,0,12.3884,0.6166,28,1,1
1,2,2,13.1224,0.005,41,2,1
0,0,0,12.7068,0.4181,33,1,2
0,-2,-1,11.2898,0.0316,24,2,2
0,0,0,11.2898,1.0017,23,2,1
1,0,0,12.1007,0.6788,39,1,3
1,0,0,11.0021,0.3037,24,2,1
0,-2,-2,11.9184,0.0019,44,2,2
0,2,-1,9.2103,0.039,45,2,3
0,0,0,12.7367,0.957,41,2,1
0,0,0,11.2898,1.0435,39,2,3
0,0,0,12.9715,0.0832,34,2,1
0,0,0,12.7367,0.2704,36,2,1
0,0,0,11.2898,0.0278,35,2,2
0,0,0,11.9184,0.6525,34,2,1
1,2,0,12.6761,0.7912,27,2,1
0,0,0,11.6952,0.8069,28,2,2
0,0,0,13.3375,0.9178,31,2,1
0,0,0,11.7753,0.1736,37,1,1
1,-1,-1,12.3458,0.0188,46,2,2
1,2,2,11.0021,0.3724,28,2,1
0,-1,-1,12.948,0.0979,32,1,3
0,0,0,11.2898,0.7399,36,1,2
0,0,0,12.2061,0.1162,42,2,1
0,1,2,11.2898,0.9734,43,1,2
1,3,2,12.2061,0.0079,34,1,1
0,0,0,11.6082,1.0572,42,2,3
1,0,0,11.0021,0.9128,37,1,2
0,0,0,12.7367,0.105,33,2,1
0,0,0,10.8198,1.0018,22,2,3
0,0,0,11.2898,0.7533,48,2,2
0,2,2,10.309,0.732,29,1,2
0,0,0,12.2061,0.1072,24,2,2
0,-1,-1,12.2061,0.002,49,1,1
1,2,0,11.4076,0.5503,34,2,2
0,0,0,11.9829,0.8988,49,1,1
1,1,2,10.8198,0.9923,44,1,2
0,1,-2,12.3458,0.0,36,2,1
0,-2,-2,12.6115,0.0018,27,2,1
0,-1,-1,12.6115,0.0083,59,2,1
0,0,0,10.8198,1.0091,35,2,1
0,-1,-1,12.4684,0.0147,45,1,2
0,-1,-1,11.8494,0.0083,38,2,2
0,0,0,10.309,0.8399,28,1,2
0,-1,-1,12.3458,0.1317,35,2,2
1,-2,-2,12.4684,0.0,28,2,1
0,1,2,11.6082,0.9721,28,2,2
0,0,0,12.7939,0.249,26,1,2
0,-1,2,9.9035,0.0429,63,2,2
0,-1,-1,12.3458,0.0082,41,2,1
0,0,0,12.3014,0.4144,30,2,1
1,1,2,12.3458,0.8935,32,2,1
0,0,0,13.1224,0.3939,27,2,2
0,0,0,10.8198,0.217,36,1,3
0,0,0,13.1224,0.8715,49,2,1
1,-1,-1,10.309,0.1492,22,2,2
0,0,0,10.8198,0.4131,23,1,1
0,-1,-1,11.2898,0.0162,27,1,1
0,-1,-1,10.5966,0.8086,23,2,1
0,0,0,13.1224,0.3139,37,2,2
0,0,0,10.309,0.9951,29,1,2
0,0,0,11.4076,0.6896,28,2,1
1,0,0,9.9035,1.007,35,1,2
0,1,3,11.0021,0.4217,22,1,2
0,0,0,13.1224,0.4172,32,1,1
0,1,2,11.1563,0.1718,40,1,1
0,-1,-1,12.1007,0.0048,26,2,1
1,0,-1,13.017,0.0031,38,2,1
0,1,-2,12.3014,0.0,35,1,2
0,1,1,9.9035,0.2258,45,2,2
0,-1,-1,12.0436,0.4659,50,2,2
0,0,0,11.6082,0.6679,48,1,1
0,0,0,11.1563,0.615,45,1,2
0,-2,-2,12.5776,0.0019,38,1,5
0,-1,-1,10.8198,0.021,23,2,1
0,0,0,11.9829,0.9756,32,2,2
1,-1,0,12.7939,0.002,37,2,2
0,0,0,12.2061,0.4935,29,2,3
0,0,0,12.2061,0.0428,38,1,2
0,-1,-1,11.5129,0.0249,29,1,2
0,-1,-1,11.1563,0.0028,48,1,2
0,2,2,11.0021,1.0524,23,2,2
0,0,0,12.0436,0.3003,43,2,2
1,0,0,10.8198,0.8036,25,1,1
0,0,0,12.7939,0.5766,28,1,2
1,0,0,12.2549,0.1952,24,1,2
0,-1,-1,9.9035,0.0195,30,2,3
1,0,0,9.9035,0.8598,24,1,2
1,0,0,9.9035,0.8656,37,2,2
0,-2,-2,13.039,0.0163,57,2,3
1,1,2,10.309,0.841,22,2,1
1,2,2,10.309,0.1895,38,2,3
0,0,0,10.309,0.3139,26,2,1
1,1,2,9.9035,0.907,33,1,2
1,2,2,11.9184,0.0224,32,1,1
0,0,0,12.2061,0.5607,27,1,2
0,1,-2,11.6082,0.0,48,2,2
1,1,2,12.8992,0.0747,32,2,1
0,1,2,10.8198,0.2205,25,1,2
0,0,0,11.5129,1.062,28,2,1
1,2,2,11.6952,0.9841,34,1,1
1,-1,3,12.3014,0.005,43,2,1
0,0,0,11.5129,0.9083,40,2,2
0,-1,-1,12.9239,0.2431,35,2,1
0,1,2,10.8198,0.1098,28,2,2
0,0,0,10.8198,1.0189,26,1,1
0,2,2,11.4076,0.8402,33,2,3
0,-2,-2,12.4684,-0.0,30,1,1
0,0,0,11.1563,0.1178,24,2,1
1,2,2,11.7753,0.8461,53,1,2
0,1,2,11.6952,0.0171,43,2,3
0,1,-1,11.9829,0.0,44,2,3
1,0,0,10.8198,0.9828,32,2,2
1,-1,-1,12.3014,0.0152,27,2,1
0,0,0,13.1224,0.0108,28,2,1
0,0,0,12.7939,0.0198,26,1,1
0,1,2,12.6761,0.3568,32,1,2
1,1,-2,12.8479,0.0,39,1,1
1,0,0,11.1563,0.446,45,1,2
1,-1,-1,11.6952,0.0296,32,2,1
1,1,-1,11.2898,0.0,52,2,3
0,1,2,12.3014,1.0124,25,1,1
0,0,0,9.9035,0.7747,34,1,2
0,0,0,10.8198,0.9282,39,1,2
0,-1,-1,11.6952,0.0027,34,2,2
0,-1,-1,10.8198,0.2971,30,2,1
0,0,0,11.2898,1.0139,24,2,1
0,0,0,11.7753,0.9193,28,1,2
0,-2,-2,13.017,0.0007,37,1,1
1,2,0,11.2898,0.7099,27,1,2
0,0,0,11.5129,0.0425,39,2,3
1,2,2,12.4684,0.0096,43,2,2
0,-1,0,10.8198,0.4815,45,1,3
0,0,0,12.2061,0.3748,30,2,1
0,-2,-2,12.4684,0.0008,40,2,2
1,2,0,13.0605,1.0618,37,1,3
0,0,0,11.5129,0.7683,41,2,2
1,-1,-1,12.7939,0.0014,31,1,1
0,0,0,10.8198,0.8405,24,1,2
0,0,0,9.9035,0.9387,23,2,2
1,1,-2,12.7939,0.0,34,2,2
0,0,0,12.1548,0.96,31,1,1
0,0,0,12.1007,0.3282,34,2,2
0,0,0,12.3014,1.0398,35,2,2
0,0,0,12.2061,0.3771,34,1,3
0,-1,-1,11.9184,0.0116,29,2,2
1,0,0,12.3884,0.0924,41,1,2
0,0,0,12.7367,0.9679,28,2,2
0,-1,0,11.5129,0.5374,26,2,2
0,0,0,11.2898,0.5311,29,1,3
0,0,0,12.2549,0.2866,40,1,1
0,-1,-1,12.6115,0.0195,38,2,2
1,-1,-1,12.3014,0.0009,37,2,3
0,1,-2,12.4292,0.0,50,2,1
0,0,0,11.1563,0.5314,32,1,2
0,2,0,12.0436,0.2759,27,1,1
0,0,0,11.9829,0.358,34,2,2
0,0,0,11.6082,0.963,24,1,2
0,-2,-1,11.0021,0.0094,25,2,1
0,-2,-1,12.5776,0.0,29,2,2
0,0,0,12.3884,0.9248,33,2,3
0,4,3,10.309,0.9536,23,2,2
1,-1,-1,13.1022,0.0199,45,1,1
0,1,-1,9.9035,-0.001,43,1,3
0,0,0,12.4684,0.9782,34,1,1
0,-1,2,12.2549,0.0026,32,2,1
0,-2,-2,12.6115,0.011,47,2,1
0,-1,-1,10.5966,0.0195,42,1,2
0,-1,-1,13.1224,0.0064,37,1,1
0,2,-1,12.4684,0.0046,30,2,1
1,0,0,11.4076,0.9469,37,2,2
0,-2,-2,9.9035,0.0,25,1,2
1,0,0,12.5062,0.6201,31,2,1
0,0,0,11.5129,0.5839,42,1,2
0,0,-1,12.7657,0.1483,31,1,1
0,-1,-1,12.2061,0.0008,39,1,2
0,1,2,10.309,0.8994,39,2,2
0,-1,-1,9.9035,0.0195,23,2,2
0,-1,-1,12.3884,0.0056,29,2,1
0,1,2,10.8198,0.1538,30,1,1
0,0,0,11.2898,0.8585,44,2,1
0,-1,-1,11.9829,0.0142,29,1,1
0,0,0,12.4292,0.2821,26,2,2
1,-1,-1,10.8198,0.0084,31,2,2
0,-1,-1,11.2898,0.0314,45,2,3
0,-1,-1,11.4076,0.3063,39,2,2
0,0,-1,9.9035,0.9833,22,1,2
0,1,2,10.8198,0.8758,43,2,2
1,0,0,11.9184,0.9765,23,2,2
0,1,-2,10.8198,0.0,39,2,2
0,-1,0,13.1224,0.0355,39,2,2
0,-1,-1,12.2061,0.0016,28,2,1
0,0,0,11.4076,0.2791,27,2,1
0,0,0,11.5129,1.0022,39,2,2
0,-2,-2,13.3047,0.0043,46,2,2
0,-1,2,9.9035,0.144,22,1,2
0,0,0,11.0021,0.6322,37,2,1
0,0,0,12.1007,0.1706,40,2,3
0,0,0,12.5776,0.8011,29,2,1
0,-1,-1,12.3458,0.0381,32,2,3
0,0,0,12.1007,0.6428,34,2,2
0,-1,-1,11.9184,0.0228,30,1,1
0,0,0,13.039,0.3656,39,1,2
0,-1,-1,11.8494,0.0056,36,2,1
1,-1,-1,13.1224,0.0047,41,2,1
0,0,0,9.9035,0.331,36,1,3
0,1,2,11.1563,0.3519,62,1,2
0,-1,-1,11.9184,0.0093,23,1,1
1,2,2,9.2103,0.8857,58,1,2
0,0,-1,13.1224,0.1529,33,1,1
0,-1,-1,12.4684,0.0102,37,2,1
0,-1,0,9.2103,0.5742,24,2,5
0,-1,-1,12.2549,0.0482,37,2,1
0,-2,-2,12.1007,0.0163,31,1,1
0,0,0,10.5966,0.9352,31,1,2
0,0,0,12.1007,0.0539,38,2,2
0,-1,-1,12.4292,0.0322,39,2,2
0,0,0,10.8198,0.9051,23,1,2
0,-1,-1,12.8992,0.0203,35,2,3
0,-2,-2,12.3884,0.0,30,2,1
0,-1,-1,12.1007,0.017,33,2,1
0,-1,-1,12.6115,0.015,33,1,1
0,0,0,12.6115,0.6424,32,2,2
0,1,2,11.8494,0.6521,35,1,1
0,-1,-1,11.1563,0.0397,25,2,1
0,0,0,9.9035,0.7732,25,2,1
0,-1,-1,12.5776,0.0555,36,1,2
1,2,2,11.7753,0.009,24,2,2
1,0,0,11.1563,0.9653,37,1,2
0,0,0,11.0021,0.9774,26,2,3
0,-1,-1,12.7367,0.0544,31,2,2
0,-2,-2,10.8198,1.028,34,2,1
0,0,0,11.9184,0.4773,29,1,2
0,0,0,12.1007,0.5049,28,2,1
0,0,0,10.8198,0.9756,30,2,2
0,0,0,12.2061,0.0757,39,1,2
1,0,0,11.8494,0.3944,33,2,1
0,2,0,12.1548,0.7386,45,2,2
0,0,0,11.8494,0.6011,26,2,1
0,1,2,10.8198,1.0188,34,1,2
0,0,-1,12.7939,0.023,47,1,2
0,1,2,12.1007,1.0626,29,1,2
0,0,0,11.9829,0.9249,40,2,5
1,0,0,12.1007,0.2263,30,1,2
0,-1,2,12.2061,0.018,39,2,2
0,0,0,12.7657,0.1936,32,2,1
0,0,0,11.4076,0.924,29,2,2
0,0,0,10.8198,0.1822,34,1,3
0,1,-2,10.309,0.0,29,1,1
0,0,0,12.5425,0.6096,45,1,2
0,0,0,11.8494,1.0063,25,2,2
0,-2,-2,12.2061,0.0,38,1,1
0,0,0,9.9035,0.5568,29,1,3
0,-1,-1,11.6952,0.0348,28,2,2
0,3,3,11.7753,1.0088,54,1,3
0,0,0,11.9184,0.989,32,1,3
0,0,0,9.2103,0.76,37,2,1
0,0,0,12.2061,0.5292,58,1,2
0,-2,-1,13.0815,0.0441,44,1,2
0,0,-1,11.2898,0.0536,39,2,3
0,0,0,12.2061,0.8655,31,1,2
0,1,2,10.8198,0.7492,40,2,2
1,-1,-1,11.7753,0.0025,32,2,3
1,2,2,12.2061,0.0122,28,1,2
0,0,0,12.0436,0.4876,36,1,1
0,0,0,11.9184,0.6522,46,1,1
0,-1,-1,13.1422,0.0004,35,2,1
0,1,-1,12.5062,0.0,65,2,2
1,2,2,11.7753,1.0372,26,1,2
1,0,0,11.7753,0.9679,57,2,3
0,-2,-2,11.6952,0.0006,34,1,2
0,-1,-1,11.8494,0.0134,43,1,1
0,0,0,12.7939,0.0178,35,2,1
0,0,0,10.8198,0.3104,24,1,2
1,-1,2,10.309,0.0233,31,2,2
0,1,-1,10.309,-0.0286,26,1,3
0,-1,2,11.9184,0.0033,42,2,1
0,0,0,10.8198,1.0091,58,1,3
0,0,0,9.2103,0.873,22,2,2
0,1,2,11.0021,1.0328,26,1,3
0,0,0,12.2061,0.3166,28,2,2
1,0,0,10.8198,1.0059,46,1,3
0,1,3,9.2103,1.164,23,2,2
0,-1,-1,12.6443,0.0387,44,2,1
0,-1,-1,12.0436,0.0198,29,1,2
0,-1,0,12.6443,0.2062,34,1,2
1,0,0,9.9035,0.4582,50,1,1
1,1,-2,12.3458,0.0,39,2,1
0,0,0,10.8198,0.0912,31,1,1
0,0,0,12.4684,0.1504,28,2,1
0,2,0,11.6082,0.8145,59,2,2
1,1,-2,12.2549,0.0,30,2,1
0,0,0,12.4684,0.2402,31,1,2
0,0,0,12.8992,0.9343,51,1,3
0,-1,-1,9.9035,1.0558,58,1,2
0,-2,-2,12.1007,0.0022,42,2,2
0,3,2,12.1007,0.7207,26,1,2
0,2,2,10.309,0.943,44,1,3
0,0,0,10.8198,0.816,34,2,2
0,0,0,11.9184,0.8766,26,1,1
0,4,4,10.309,0.9981,23,2,1
0,0,0,11.0021,0.1362,24,1,1
1,2,2,13.1224,0.5342,40,1,1
1,2,2,12.1007,0.0073,37,2,1
0,0,0,12.1007,0.6208,35,1,3
1,0,0,11.0021,0.7763,48,2,2
0,1,-2,12.2061,0.0,30,2,1
1,0,0,11.9184,0.9832,25,2,2
0,2,0,12.1548,0.7115,58,1,2
0,0,0,12.0436,0.6008,42,1,2
0,0,0,12.5425,0.4823,29,1,1
0,-1,-1,12.5776,0.0069,43,2,3
0,0,0,12.3884,0.0902,44,1,2
0,0,0,11.6082,0.3879,24,2,2
0,0,0,11.8494,0.9056,27,2,1
1,2,0,12.4292,0.2712,38,1,2
0,2,2,11.5129,1.0354,32,1,3
0,0,0,9.9035,0.3134,54,2,3
0,2,0,11.6952,0.427,27,2,2
0,1,-2,11.6952,0.0,30,1,1
0,1,2,11.7753,0.0338,25,2,2
0,0,0,9.2103,0.6933,24,1,2
0,0,0,11.5129,0.2716,31,1,1
1,2,2,11.1563,0.2424,34,2,2
0,-1,-1,12.7939,0.0697,37,1,1
0,-2,-2,11.7753,0.0,26,2,1
0,0,0,12.3884,0.5504,38,1,2
1,1,-2,9.9035,0.0,34,1,2
0,-1,3,11.0021,0.0082,43,2,1
0,4,3,9.9035,1.0802,45,1,2
0,0,0,10.8198,0.9003,29,2,2
0,0,0,12.3458,0.0885,31,2,1
0,0,0,11.0021,0.6808,29,1,1
1,0,0,11.5129,1.007,42,1,2
1,1,-2,12.7367,-0.0,49,2,1
0,0,0,12.4684,0.0542,30,1,1
0,-1,-1,12.3014,0.0114,41,2,1
0,-2,-2,11.7753,0.0399,27,2,1
0,0,0,12.6115,0.9936,29,1,1
1,1,2,10.8198,1.3396,47,1,3
0,1,2,10.309,0.8856,25,2,2
1,1,-2,12.5425,0.0,32,2,1
0,2,2,10.8198,0.4516,26,1,3
0,0,0,12.2061,0.0078,42,2,3
0,0,0,12.7939,0.0201,32,1,2
0,0,0,10.8198,0.9408,23,1,2
0,-2,-2,12.5425,0.0056,31,2,1
0,0,0,10.8198,0.8525,43,2,1
0,-2,-2,12.1007,0.0014,31,2,3
1,1,-1,11.8494,0.0,37,2,2
1,2,0,11.6952,0.1554,33,2,1
0,0,0,9.9035,1.0001,30,1,2
1,3,2,11.7753,0.0679,30,2,1
1,0,0,11.0021,0.9155,29,2,2
0,-1,-1,12.7939,0.032,50,2,1
0,0,0,12.7939,0.0745,32,1,1
1,0,0,12.4684,0.5293,41,2,3
0,0,0,10.8198,1.0122,31,2,3
1,-1,-1,9.9035,0.0027,43,1,2
1,0,0,11.2898,0.923,34,1,1
1,-1,0,12.2549,0.0095,30,2,1
0,0,0,13.1224,0.7608,30,1,2
1,0,0,10.8198,1.0264,31,1,2
0,2,0,10.309,0.9937,27,2,2
0,-1,-1,12.4684,0.069,38,1,2
0,-1,-1,12.2061,0.022,40,1,1
0,-1,-1,12.5776,0.024,41,2,2
0,0,0,10.309,0.347,27,1,2
0,-1,-1,12.4684,0.0308,38,2,2
0,0,0,13.1224,0.1777,33,1,2
0,-2,-2,12.1007,0.0,35,2,2
1,2,0,10.8198,1.0022,30,1,3
0,-1,-1,13.017,0.0214,40,2,1
0,0,0,11.6082,0.7132,24,1,3
0,0,0,12.7367,0.563,29,1,1
0,-1,2,9.9035,0.0248,22,2,2
1,1,-2,10.8198,0.0,32,2,2
0,0,0,11.8494,0.3351,35,2,3
0,-1,-1,12.8992,0.014,31,2,1
0,-1,-1,10.8198,0.3117,40,2,2
0,-1,-1,11.7753,0.0575,53,1,3
1,0,0,11.1563,0.4921,29,1,2
0,-1,-1,10.5966,0.4783,24,2,1
0,-1,-1,11.7753,0.003,29,2,1
0,0,0,11.1563,0.6149,40,2,2
0,0,0,12.4292,0.0259,30,1,1
0,2,0,11.9184,1.0417,25,2,5
0,0,0,12.6115,0.9501,31,1,2
0,-2,-2,9.9035,-0.0166,24,1,2
0,-1,0,9.9035,0.3436,23,2,2
1,2,2,9.9035,0.7375,24,2,1
1,1,-1,12.2549,0.0,42,2,3
0,-2,-2,12.3014,0.0015,31,1,1
0,-1,-1,12.6115,0.0071,32,1,1
0,0,0,11.6952,0.4353,38,1,1
1,-1,2,10.8198,0.1361,25,2,2
0,-1,-1,12.2549,0.0201,42,2,2
1,-1,-1,12.0436,0.028,56,2,2
0,0,0,11.0021,0.4562,23,2,1
1,2,2,9.9035,0.8606,41,1,2
1,2,0,10.8198,0.8386,27,1,2
0,1,-1,12.1007,0.0,43,2,3
1,2,2,9.9035,1.0287,28,2,2
0,1,-2,12.6443,0.0,32,2,1
0,0,0,11.7753,0.0917,48,1,3
0,0,0,11.9829,0.9587,25,2,2
0,0,0,13.1224,0.0964,33,2,1
0,0,0,9.9035,0.946,29,1,2
0,0,0,11.1563,0.2008,53,1,3
0,-1,-1,11.7753,0.0061,27,2,2
0,0,0,12.6443,0.5814,40,2,2
1,-1,-1,9.9035,0.6274,25,2,3
0,-1,-1,12.1007,0.02,41,2,3
0,1,2,10.309,0.4201,43,2,3
0,0,0,10.8198,0.2192,39,2,2
0,-1,-1,12.2549,0.0013,27,2,1
1,2,0,11.4076,0.9816,42,2,1
0,0,0,9.9035,0.9849,58,2,2
1,1,2,11.7753,1.252,29,1,1
0,1,-2,11.0021,0.0,24,2,2
0,0,0,12.6443,0.0462,35,2,2
0,0,0,11.2898,1.0189,40,1,2
0,-1,-1,12.2061,0.0363,40,2,2
0,0,0,12.1007,0.5247,27,1,1
1,1,-2,12.2061,0.0,34,2,1
1,-1,-1,12.1007,0.0075,63,2,3
0,0,0,9.2103,1.7834,23,1,2
0,0,0,10.8198,1.0279,30,1,2
0,0,0,12.2549,0.2107,33,1,3
0,0,0,9.9035,0.8788,22,2,4
0,0,0,10.8198,0.9542,31,1,2
0,0,0,12.5776,0.6799,43,1,1
0,0,0,12.7939,0.0461,37,2,1
0,-1,-1,13.1224,0.0047,38,2,2
0,0,0,10.8198,0.5079,41,2,2
0,0,0,12.1007,0.0235,25,1,2
0,1,-2,12.2061,0.0,44,2,2
0,0,0,11.8494,0.5767,48,1,2
1,-1,-1,12.7939,0.0178,46,2,2
0,0,0,11.0021,0.9882,34,2,2
0,0,0,11.6082,0.8356,24,1,2
0,0,0,10.8198,0.3574,28,1,2
0,-1,-1,11.7753,0.003,27,2,2
0,0,0,9.9035,0.4346,23,1,1
1,-1,2,12.2061,0.0099,35,2,1
1,2,2,9.2103,0.3983,41,1,3
0,-1,-1,12.7068,0.0152,30,2,1
0,0,0,12.7939,0.0266,34,2,2
0,-1,-1,12.3458,0.0152,46,2,2
1,-1,2,11.8494,0.0149,37,1,2
0,-1,-1,10.8198,0.0507,38,1,1
0,2,0,10.309,0.7853,31,1,2
0,1,-2,12.0436,0.0,29,1,1
0,1,2,10.8198,0.9868,32,2,2
1,-1,-1,12.5776,0.0024,35,2,1
1,0,0,11.8494,0.9918,43,1,1
0,0,0,11.6082,0.4497,39,1,2
0,0,0,12.0436,0.7524,27,1,1
0,0,0,12.8739,0.1274,31,2,2
0,-2,-2,11.9829,0.0098,47,1,1
0,4,3,9.9035,1.023,37,2,2
0,0,0,10.5966,0.9226,24,1,1
0,-1,-1,12.8992,0.0175,37,1,2
0,-2,-2,12.4684,0.0169,29,2,2
0,0,0,12.4684,0.7986,52,2,3
0,1,3,12.3884,0.7508,48,1,1
0,-2,-2,12.3458,0.0552,38,2,2
0,-1,-1,10.8198,0.098,45,1,2
0,-1,-1,12.8992,0.0045,37,1,1
0,0,0,10.309,0.9762,31,1,2
0,0,0,12.6115,0.1742,37,1,1
0,-1,-1,11.5129,0.0758,24,2,1
0,0,-1,11.7753,0.034,26,1,1
0,0,0,12.1007,0.0374,41,2,1
1,1,2,11.7753,0.7828,24,1,3
0,1,-2,11.7753,0.0,25,2,1
0,-1,-1,10.8198,0.0035,57,2,2
1,-2,-2,12.3458,0.0009,36,2,2
0,0,0,11.8494,0.9737,35,1,3
0,0,-1,11.0021,0.6923,30,1,2
0,-1,-1,10.309,0.013,23,1,2
1,0,0,10.5966,0.8594,39,2,3
0,1,2,12.4292,0.0283,40,2,2
0,-2,-2,9.9035,1.771,53,1,2
1,2,3,11.6952,0.918,27,1,2
0,0,0,12.2549,0.4124,29,2,2
1,-1,-1,12.8479,0.0066,33,1,1
0,-1,-1,11.7753,0.0029,28,1,2
1,0,0,11.2898,0.9943,49,2,2
1,0,0,11.2898,0.045,31,2,2
0,0,0,11.8494,0.4264,36,1,2
0,0,0,12.3014,0.5799,50,2,2
1,1,2,9.9035,0.3109,23,2,2
1,2,2,12.2061,0.0008,43,2,2
0,0,0,10.8198,0.7432,24,2,2
0,0,0,9.9035,1.0014,30,1,2
0,-1,0,12.3458,0.159,37,1,3
1,2,2,12.3458,1.0089,29,2,2
0,1,-2,11.0021,0.0,24,2,2
1,2,2,10.8198,0.3738,54,1,3
0,-1,0,11.7753,0.0232,40,1,3
0,0,0,9.9035,0.8652,27,2,2
0,0,0,12.9945,0.1132,31,2,2
0,-1,-1,11.9184,0.0015,23,2,1
0,-1,-1,12.9239,0.0174,42,1,2
0,0,0,12.6761,0.1352,32,1,2
0,0,0,10.309,0.8997,26,1,2
0,1,2,11.2898,0.9404,29,1,2
1,1,3,10.8198,0.5633,47,2,3
1,1,2,10.8198,1.0094,39,1,2
0,-1,-1,11.8494,0.0099,52,2,1
0,-1,-1,13.1224,0.0156,38,2,1
0,0,0,11.0021,0.9844,48,2,3
0,-1,-1,11.9184,0.0393,35,1,1
0,2,0,11.7753,0.6131,46,1,5
0,0,0,9.9035,0.9288,41,1,2
0,-1,-1,12.6443,0.0159,43,1,2
0,-1,-1,11.4076,0.0087,42,1,2
1,-1,-1,12.2549,0.0745,46,2,1
1,1,2,9.2103,0.7194,22,2,2
0,0,0,10.309,0.9757,59,1,3
1,2,2,10.309,0.9525,22,2,2
0,0,0,10.309,0.9628,24,2,1
0,1,-1,12.3014,0.0,45,2,2
1,-1,2,9.9035,0.067,45,1,3
0,-1,-1,12.6115,0.0022,30,1,1
0,0,0,11.9829,0.0333,30,2,2
0,0,0,9.2103,0.5378,25,1,2
1,2,0,9.9035,0.8118,23,2,2
1,3,2,9.9035,0.8165,29,1,1
1,0,0,11.1563,0.9552,26,1,2
0,0,0,10.8198,0.8667,30,2,2
0,-1,-1,11.7753,0.079,26,2,1
0,-1,-1,12.1007,0.1553,38,2,1
1,1,2,10.8198,0.19,28,1,2
0,-1,0,13.1224,0.0715,44,1,1
0,0,0,12.7367,0.0896,27,2,1
0,-2,-2,11.9184,0.022,25,2,2
0,-1,-1,11.9184,0.2141,40,2,2
0,0,0,11.5129,0.2756,47,2,2
0,0,0,11.5129,0.166,28,2,1
1,2,2,10.309,0.8496,23,2,1
0,2,0,11.9184,0.2055,34,2,2
0,0,0,9.2103,0.7684,23,1,1
0,0,0,12.1548,0.4091,38,2,1
0,0,0,11.1563,0.5631,33,2,1
0,-1,-1,12.7939,0.0229,48,2,1
0,0,0,13.1224,0.1429,37,2,2
0,0,0,12.2549,0.3948,45,1,2
0,0,0,12.6761,0.5878,37,1,2
0,0,0,10.8198,0.7969,22,2,2
0,0,0,13.1224,0.0092,38,2,1
0,-2,-2,12.6761,0.0023,42,1,2
0,0,0,11.2898,0.9538,26,1,2
1,1,1,12.4292,1.4081,42,1,1
0,-1,-1,12.4292,0.0016,40,1,1
0,-2,-1,12.3014,0.0,33,1,1
0,-1,-1,12.4292,0.0056,37,2,1
0,0,0,10.8198,0.8424,24,2,2
1,1,-1,12.7939,0.0,43,2,1
0,1,-2,12.4684,0.0,38,2,1
0,0,0,10.8198,0.1932,45,1,2
0,-1,-1,9.9035,0.0195,25,1,2
0,0,0,9.2103,0.2068,23,1,2
0,1,2,13.1224,1.0472,34,2,2
0,1,-2,12.7068,-0.0008,33,2,2
0,0,0,12.0436,0.6663,34,1,2
0,2,2,9.9035,0.0825,63,1,2
0,0,0,11.2898,0.4728,29,1,2
0,-1,-1,12.3884,0.0171,32,2,2
0,0,0,11.9184,0.3105,28,2,2
0,0,0,12.2061,0.6783,34,1,2
0,0,-1,12.6115,0.0054,33,1,1
1,4,4,11.5129,0.8235,35,1,2
0,0,0,12.5776,0.0484,33,2,2
0,0,0,11.5129,0.1088,56,1,3
1,0,0,9.2103,0.6772,46,1,1
0,0,0,12.948,0.1902,41,2,1
0,0,0,9.9035,0.9592,42,2,2
0,-1,-1,12.6115,0.0021,37,2,1
0,0,0,10.8198,0.8408,26,1,3
0,-1,-1,12.1007,0.1878,44,2,2
0,-1,-1,12.948,0.0397,41,1,2
0,-1,-1,11.5129,0.1043,49,2,2
0,2,0,11.2898,0.2342,38,2,2
0,0,0,12.2549,0.4942,42,1,1
0,1,-2,11.2898,0.0,42,1,3
0,0,0,12.3884,0.2718,31,2,1
0,-1,-1,13.1224,0.0758,45,1,1
0,0,0,11.5129,0.1046,27,1,2
0,-2,-2,13.3212,0.0014,36,2,1
0,-1,-1,12.0436,0.0024,27,1,2
0,-2,-2,12.6761,0.1168,45,1,1
0,0,0,12.2061,0.3024,38,2,3
1,1,-1,12.7939,0.0,35,1,1
0,1,-2,12.2061,0.0,34,1,2
1,1,-2,11.9184,0.0,39,2,2
0,0,0,11.5129,0.4885,44,1,1
0,0,0,12.2061,0.2292,29,1,1
0,-2,-2,10.309,-0.0067,26,1,2
1,0,0,12.4684,0.92,36,1,1
1,-1,-1,12.6115,0.0033,34,2,2
0,0,0,11.6082,0.6707,32,1,2
0,-2,-2,10.8198,0.0156,24,2,1
0,0,-1,13.1224,0.0324,44,1,3
0,0,0,11.0021,0.4066,30,2,1
1,0,0,11.2898,0.6146,39,1,1
0,1,-2,12.8213,0.0,40,1,1
0,-1,-1,11.9184,0.0032,38,1,2
0,1,-2,12.2549,-0.0002,35,1,1
0,0,0,13.1224,0.3511,34,2,2
1,8,7,11.9184,1.0771,42,1,1
0,0,0,11.6082,0.4982,39,1,2
0,0,0,11.0021,1.027,49,2,1
0,0,0,13.0815,1.2953,33,2,1
0,2,2,10.309,0.483,35,1,1
1,1,2,12.3884,0.8764,28,2,2
0,1,-2,12.7657,-0.0018,40,2,1
1,1,-2,12.3884,0.0,38,2,2
0,0,0,11.2898,0.9746,27,2,1
0,0,0,11.5129,0.4245,43,1,1
0,-2,-1,10.309,0.1055,30,2,2
0,-2,-2,12.5776,0.0117,41,1,1
0,-1,-1,12.2061,0.0185,34,1,1
0,-1,-1,12.7939,0.11,32,2,1
1,0,0,12.9715,0.1231,46,1,2
0,0,0,11.9184,0.0919,44,1,1
1,-2,-2,12.2061,0.2425,30,1,2
0,1,-2,10.8198,0.0,31,1,3
0,1,-1,12.3884,-0.0025,36,2,3
0,0,0,9.9035,0.1817,24,2,1
0,-2,-2,11.9184,0.0695,30,2,1
0,0,0,12.3458,0.0819,39,1,1
1,-1,-1,9.9035,0.0418,31,1,2
0,1,2,11.5129,0.2338,33,2,2
1,0,0,12.5425,0.2563,30,2,2
0,0,0,11.4076,0.0552,39,2,3
0,0,0,12.3884,0.0962,29,2,1
1,2,-1,11.2898,0.5106,27,1,3
0,0,0,11.9829,0.3233,34,2,2
0,0,-1,12.5425,0.0068,37,2,1
0,2,2,12.0436,0.9342,30,2,1
1,2,2,11.4076,0.6785,47,2,2
0,-1,2,11.9829,0.0162,29,2,1
0,-2,-2,12.948,0.0,36,2,3
0,-1,-1,12.5425,0.0023,30,1,2
1,1,2,10.309,0.5996,26,1,2
0,2,0,11.8494,0.8973,34,2,1
0,2,-1,12.3014,0.0067,48,1,1
0,-1,-1,12.4684,0.0015,27,2,1
0,1,-1,12.0436,-0.006,27,2,2
0,0,0,12.1548,0.2114,33,2,2
0,0,0,10.8198,0.8151,31,1,2
0,-1,-1,12.2061,0.0247,31,2,1
0,-2,-2,12.6115,0.0327,44,2,1
0,-1,-1,12.3458,0.0148,34,2,1
0,0,0,10.8198,1.0664,57,1,2
0,-1,-1,11.9184,0.0616,25,1,3
1,0,0,11.9184,0.5974,35,2,3
0,0,0,9.2103,1.0043,50,1,1
0,0,0,12.3884,0.255,43,2,3
0,0,0,12.3458,0.2066,27,2,2
0,-1,-1,12.0436,0.0019,34,2,2
0,-1,-1,13.039,0.0461,38,2,1
0,-2,-2,12.3884,0.0125,46,1,2
0,1,2,11.2898,0.3078,43,2,2
0,0,0,12.5776,0.0041,29,1,2
0,0,0,10.309,1.0152,22,1,2
0,0,0,12.3884,0.9477,35,2,2
0,-2,-2,11.2898,0.1324,42,2,2
0,0,0,10.309,0.965,33,1,2
0,-2,-2,12.1007,0.0,52,2,2
1,-1,-1,10.8198,0.0078,26,2,2
1,3,2,10.309,0.8831,52,2,3
1,0,0,11.6082,1.0216,32,1,1
0,1,-2,12.1007,0.033,33,2,2
0,0,0,10.8198,0.9339,49,1,2
0,0,0,11.8494,1.0124,29,2,2
1,0,0,11.4076,1.0276,38,2,2
1,-1,0,11.4076,0.2629,25,2,2
0,0,0,12.1007,0.7232,31,1,2
0,0,0,12.7939,0.2575,29,2,1
1,2,2,11.8494,0.0903,28,1,2
0,0,-1,11.4076,1.3315,23,2,3
0,-1,-1,11.9184,0.0015,27,2,1
0,0,0,12.2061,0.9773,56,1,2
0,0,0,11.6082,1.9689,48,2,2
0,-1,-1,12.9239,0.0101,25,2,1
0,0,0,10.8198,0.6247,58,1,3
0,0,0,12.0436,0.4613,43,2,2
0,-1,-1,12.2549,0.004,39,2,2
0,0,0,12.5776,0.8527,35,1,1
0,-1,-1,11.9829,0.0152,27,2,1
1,0,0,10.8198,0.9721,27,1,2
0,0,0,10.8198,0.6619,28,1,2
0,0,0,10.309,0.3469,21,2,2
1,1,2,10.309,0.6034,24,2,3
0,0,0,11.2898,0.6956,27,2,2
1,2,0,9.9035,0.8434,39,1,1
0,-1,-1,11.7753,0.0135,39,2,3
1,-1,2,11.2898,0.0534,34,2,1
0,0,0,11.2898,0.5718,40,1,2
0,1,-1,12.1007,0.0,39,2,3
0,0,0,11.9184,0.3274,37,1,1
0,0,0,11.5129,0.7307,26,1,2
0,0,0,10.8198,0.5867,47,2,3
1,-2,-2,12.5776,0.0025,48,1,2
1,-2,-2,13.1022,0.0,54,1,1
0,1,-2,11.7753,-0.007,30,2,1
0,1,-1,9.9035,0.0,24,1,1
1,1,2,10.309,0.3588,23,2,1
0,0,0,12.3458,0.23,25,2,1
0,-1,-1,12.4684,0.0022,52,1,1
0,-2,-2,12.5776,0.0086,38,1,1
0,-1,0,12.3014,0.0125,54,2,2
1,3,2,11.0021,1.0169,26,1,2
0,0,0,11.9184,0.3992,45,2,3
1,3,2,11.2898,0.171,39,2,2
1,2,0,10.309,0.5363,23,2,2
0,0,0,12.2549,0.4133,34,2,2
0,2,2,10.8198,0.5472,27,2,3
0,-1,-1,12.4292,0.1724,47,2,1
1,-1,-1,12.2061,0.0642,34,2,2
1,1,2,11.9184,0.9656,48,1,2
0,0,0,10.309,0.9691,26,2,2
0,0,0,10.8198,0.7091,23,2,2
0,0,0,12.2549,0.5945,32,1,1
0,0,0,9.9035,0.9245,31,1,2
1,3,2,11.6082,0.4212,56,1,1
0,0,0,11.8494,0.6052,26,1,1
0,0,0,10.8198,0.4946,56,1,3
0,-1,0,12.3458,0.3473,27,2,2
0,0,0,12.2061,0.923,28,2,1
0,-1,-1,11.6952,0.0226,30,2,2
0,0,0,10.8198,0.9809,46,1,2
0,0,0,11.8494,0.7716,39,2,3
0,-1,-1,11.5129,0.1658,48,2,3
0,0,0,11.2898,2.8944,43,1,3
1,2,2,11.5129,0.8697,29,1,2
0,0,0,11.6952,0.3217,23,2,2
1,-2,-2,10.8198,0.0705,50,1,2
0,-1,-1,10.309,0.0261,24,2,2
0,0,0,12.7068,0.7197,27,2,2
0,0,0,12.3884,0.9706,53,1,1
1,0,0,12.5776,0.7874,39,2,2
0,0,0,11.0021,1.011,42,1,2
0,-1,-1,12.7939,0.016,29,2,1
0,-2,-2,12.2061,0.0,39,2,1
0,0,0,13.017,0.1492,33,2,1
0,1,2,11.2898,1.2798,41,1,1
0,-2,-2,12.3458,0.0033,32,2,2
0,-1,-1,11.9829,0.0024,32,2,2
0,-1,-1,9.9035,0.22,53,2,3
1,-1,-1,12.2061,0.0009,28,2,3
1,-1,-1,12.3884,0.0061,35,2,2
0,-1,-1,11.2898,0.0595,39,2,3
0,0,0,9.9035,0.6139,53,1,2
0,0,0,11.6952,1.0047,25,2,1
1,2,2,11.7753,0.3814,24,2,3
0,0,0,12.2061,0.4897,45,1,3
0,-2,-2,12.7068,-0.0,36,1,1
1,1,2,10.309,0.7169,22,2,3
0,2,2,9.9035,0.0525,25,1,2
1,-1,-1,12.0436,0.062,41,1,1
0,1,2,11.9184,1.1398,24,2,2
0,0,0,9.9035,0.793,25,1,2
0,1,-1,11.9829,-0.0009,29,2,1
0,0,0,11.8494,0.1103,38,2,2
0,0,0,11.9184,0.4107,27,1,2
0,1,2,11.6952,1.0117,47,2,3
1,0,0,10.8198,0.2638,29,1,2
0,1,2,12.1007,0.099,32,2,1
1,0,0,11.0021,0.3166,28,1,1
1,2,2,11.5129,0.5413,34,1,2
1,-1,-1,11.6952,0.0359,28,1,2
1,1,-2,9.9035,0.0,24,1,1
1,2,2,11.1563,0.6371,29,2,1
0,2,2,12.2061,0.9534,58,1,2
0,-1,0,13.1224,0.5469,48,2,1
0,-1,-1,13.039,0.1779,41,1,1
0,0,0,11.9829,0.9543,57,1,2
0,0,0,9.9035,0.9594,27,1,6
1,-1,0,12.6115,0.004,42,1,2
0,0,0,10.5966,0.9229,44,1,2
1,0,0,11.7753,1.0133,26,2,3
0,0,0,11.6952,0.0953,25,2,1
0,0,0,9.9035,0.9031,22,2,2
0,-2,-1,12.2061,0.1195,47,2,1
0,0,0,9.9035,0.916,51,1,2
0,0,0,9.2103,0.7231,32,1,2
0,0,0,12.8992,0.0261,28,2,1
0,1,2,12.1007,0.3614,28,2,1
0,0,0,11.0021,0.3549,23,2,2
1,0,0,12.4684,0.7195,28,2,1
0,0,0,10.8198,0.7362,36,1,3
1,2,0,11.6952,0.7267,30,2,2
1,2,2,12.6115,0.0167,47,2,1
1,0,0,9.9035,0.92,36,1,2
0,-1,-1,12.1007,0.0022,26,1,2
0,0,0,10.309,0.9047,23,2,2
0,0,0,11.1563,0.0849,31,1,2
1,-1,-1,12.3014,0.0942,51,1,1
1,-1,-1,11.6082,0.0237,37,2,1
0,0,0,12.1007,0.2095,33,1,1
0,-1,-1,11.2898,0.072,31,2,1
0,1,2,11.5129,0.4609,34,2,1
1,0,0,10.8198,0.925,45,2,2
0,0,0,10.8198,1.1864,28,2,2
1,-1,-1,11.7753,0.0399,38,2,1
0,0,0,12.5776,0.1812,49,2,2
0,0,0,12.3884,0.5171,33,1,1
0,1,-2,11.9829,0.0,27,2,2
0,0,-1,10.8198,0.9795,34,1,2
0,0,-1,10.309,0.113,45,1,2
0,1,-2,11.0021,0.0,39,2,2
0,0,0,11.0021,0.8931,57,2,2
0,0,0,11.5129,0.9892,51,2,3
0,1,-2,11.8494,-0.0035,27,1,1
0,0,0,11.9184,0.8338,35,1,2
0,0,0,13.1224,0.0948,28,1,2
1,0,0,9.9035,0.2064,33,1,2
0,-2,-2,12.3884,0.0021,37,2,2
0,-2,-2,11.4076,0.3773,34,1,3
0,2,2,11.9829,0.0031,69,2,1
1,-2,-2,12.5425,0.0006,33,2,2
0,0,0,12.4684,0.0978,27,2,2
1,0,0,11.7753,0.5806,44,1,5
0,0,0,13.1224,0.0106,50,2,3
0,2,-1,11.6952,0.0036,39,1,2
0,-1,0,12.2549,0.005,30,1,1
0,0,0,10.8198,0.9781,46,1,2
0,-1,-1,12.2549,0.005,36,1,2
1,1,2,9.2103,0.8944,27,2,2
0,2,2,11.1563,0.9273,34,2,2
0,-1,-1,11.9184,0.0589,31,1,2
0,0,0,11.0021,0.26,57,1,3
1,-1,2,11.6952,0.046,29,1,2
0,0,0,11.2898,0.6001,30,2,1
0,-2,-2,13.1022,0.0108,36,1,1
0,-2,-2,13.017,0.0711,44,1,1
0,0,0,9.9035,0.8186,23,2,5
0,0,0,9.2103,0.3035,23,1,1
0,-2,-2,9.9035,0.0418,44,2,3
0,0,0,10.8198,0.1221,27,1,2
1,-1,-1,12.6115,0.0632,51,1,1
0,-2,-2,11.2898,0.0256,27,1,1
0,-1,-1,12.6443,0.0012,39,1,1
0,0,0,10.8198,0.9681,41,2,3
0,-1,-1,13.1224,0.0476,39,1,2
0,0,0,11.2898,0.2843,40,2,3
1,1,2,10.309,1.0233,26,2,3
1,1,2,9.2103,0.998,42,1,2
0,-1,-1,12.8739,0.0816,39,2,1
1,-2,-2,12.5776,0.0006,44,1,2
0,0,0,11.6952,0.3887,33,2,2
0,0,0,10.8198,0.5677,27,2,1
0,-2,-2,12.5425,0.0094,36,1,1
0,0,0,9.9035,0.9278,24,2,1
0,0,0,9.9035,0.4196,22,2,2
1,2,0,11.4076,0.3051,27,2,1
0,2,2,11.4076,0.7215,30,2,2
0,1,-2,11.6952,0.0,35,2,2
1,0,0,11.2898,0.1521,40,2,3
0,0,0,12.1007,0.7107,68,2,2
1,-1,-1,12.2061,0.0016,32,2,1
0,0,0,10.8198,0.926,55,2,3
0,0,-1,12.7939,0.04,30,1,1
0,0,0,10.309,0.7711,27,2,2
0,0,0,10.8198,1.0012,24,2,2
0,-2,-2,11.2898,0.0166,37,2,2
1,1,2,11.6952,0.3813,34,1,2
0,0,-1,10.309,0.2775,29,2,1
0,-1,-1,12.4684,0.0006,30,2,2
0,0,-1,10.8198,1.027,62,1,2
0,2,2,10.309,0.8932,23,2,2
0,0,0,10.8198,1.028,59,1,3
0,0,0,12.7367,0.5386,40,2,3
0,-1,-1,12.0436,0.0153,36,2,2
0,1,2,9.9035,1.0208,25,1,2
0,-1,-1,12.3458,0.0054,35,2,1
0,0,0,13.039,1.0013,28,1,1
0,1,2,9.9035,0.891,56,1,2
1,1,-2,12.2549,0.0,30,1,1
0,2,2,10.309,0.9965,25,1,2
1,1,3,10.8198,0.9526,30,2,2
0,1,-1,11.7753,-0.0068,26,1,1
1,2,2,10.309,0.5112,24,2,3
1,0,0,11.0021,0.176,35,1,2
0,-1,-1,11.9829,0.0089,28,2,2
0,0,0,12.1007,0.3044,32,2,2
0,0,0,13.039,0.1951,32,2,3
0,2,0,10.309,1.1592,53,2,3
0,0,0,12.5425,0.513,36,1,2
0,1,-2,11.5129,0.0,33,1,2
1,6,5,10.309,1.0958,29,1,2
0,0,0,11.9184,0.2614,29,2,1
0,-1,-1,12.2061,0.0571,47,2,2
0,0,-1,11.9184,0.8251,28,1,1
0,0,0,12.8213,0.4393,45,2,2
0,-1,-1,12.2061,0.013,34,2,1
0,-1,0,12.2061,0.0538,32,2,1
0,2,2,10.309,0.06,24,2,1
0,-1,-1,12.2549,0.0009,27,2,2
0,0,0,11.6952,0.7852,42,2,2
0,0,0,13.0605,0.4653,35,2,2
0,-1,-1,11.0021,0.0031,39,2,6
0,-1,3,12.4684,0.0052,53,1,1
1,-1,-1,11.2898,0.0049,28,1,2
0,0,0,11.5129,0.461,47,2,3
0,1,-2,12.2061,-0.0003,38,1,1
0,1,1,12.7939,0.7696,34,1,3
1,2,2,11.1563,0.4494,27,2,2
0,2,0,12.948,1.2392,45,1,3
0,1,2,11.9184,0.0307,32,2,1
0,0,-1,12.3884,0.0351,44,1,2
0,1,-1,12.7939,0.0,43,2,1
0,0,0,12.8739,0.2538,30,2,2
0,-1,-1,12.1007,0.0644,27,1,2
0,-1,-1,10.8198,0.0412,25,2,1
1,0,0,12.1007,0.4936,26,2,2
0,1,2,12.2061,0.3498,41,1,2
0,1,-2,10.8198,0.0,36,1,2
0,-1,-1,12.5425,0.0012,29,1,2
0,-2,-2,11.4076,0.1074,40,2,2
0,2,2,12.948,1.0404,46,1,1
0,1,2,11.1563,0.1029,37,2,2
0,-1,-1,12.0436,0.0108,34,2,2
1,1,-2,12.2549,0.0,48,2,1
0,0,0,11.2898,0.9449,33,1,1
0,0,0,11.1563,0.8903,48,2,1
0,2,2,11.5129,0.8278,29,1,2
0,2,2,11.0021,0.514,31,1,3
0,0,0,12.7657,0.1033,29,1,2
0,1,-2,12.1007,0.0,36,2,2
0,0,0,12.2061,0.3391,30,1,2
0,0,0,11.6952,0.5627,26,2,1
0,0,0,11.1563,0.2338,24,2,2
0,0,0,12.2061,0.1066,29,2,1
0,-1,-1,12.2061,0.0507,39,2,1
0,0,0,10.8198,0.4382,38,1,1
0,-1,-1,12.5776,0.0159,49,1,1
0,0,0,11.6952,0.6236,26,1,2
0,-1,-1,12.3014,0.0087,37,2,2
0,0,0,10.8198,0.8628,50,2,3
0,1,-1,12.7939,0.0,35,2,1
0,0,0,11.8494,0.2633,45,1,2
0,-2,-2,10.309,0.0,22,2,2
0,-2,-2,11.7753,0.001,23,2,2
0,-1,2,11.8494,0.0195,35,2,1
0,-1,-1,12.4684,0.0142,37,2,2
0,0,0,10.8198,0.4427,54,2,3
0,0,0,11.0021,0.9371,32,1,2
0,0,0,9.9035,0.3538,36,1,1
0,0,0,12.4292,0.7541,26,2,3
0,0,0,9.9035,1.0221,27,1,3
0,-1,-1,12.2061,0.0097,29,2,3
0,0,0,10.8198,0.1391,25,2,3
0,1,-2,12.2549,0.0,35,1,2
0,1,-2,11.6082,0.0,29,1,1
0,1,2,9.9035,0.1006,28,1,2
0,0,0,12.4292,0.2453,30,1,1
1,0,0,9.2103,0.99,21,1,2
0,-1,-1,11.8494,0.0337,30,2,1
1,0,0,11.5129,0.874,25,2,2
1,3,2,11.7753,0.1468,43,2,3
0,0,-1,11.2898,0.9795,23,2,1
0,-2,-2,12.7657,0.001,38,2,3
0,-1,-1,11.8494,0.0111,45,1,3
0,1,-2,11.6952,0.0,33,2,2
0,0,0,13.0815,0.5788,46,1,3
1,0,0,9.9035,0.199,24,2,2
0,0,0,10.309,0.8214,43,1,2
0,0,0,13.1224,0.3713,48,2,2
0,0,0,12.7939,0.0651,55,1,3
0,1,-1,11.4076,0.0,34,2,2
0,0,0,11.4076,1.0488,44,2,3
0,-1,-1,11.9184,0.0048,33,2,1
0,1,-1,11.7753,0.0,49,2,3
0,-1,2,9.2103,1.0252,26,1,1
0,0,0,11.1563,0.4644,35,1,2
0,0,0,12.3014,0.9427,32,1,1
0,-2,-2,11.9184,0.1561,29,2,1
0,0,0,11.8494,0.542,47,1,3
0,2,2,11.9829,1.0018,34,2,2
0,-1,-1,11.2898,0.0103,27,2,1
0,0,0,10.8198,0.8915,39,1,3
0,0,0,9.9035,0.4811,32,1,2
0,0,0,9.2103,0.7691,21,2,5
0,-1,-1,12.6761,0.0244,34,2,2
0,-1,-1,12.5776,0.0019,40,2,1
0,0,0,10.8198,0.9878,43,2,1
0,-2,-2,11.8494,0.0349,51,2,2
0,0,0,11.8494,0.9474,36,2,1
0,-1,-1,10.8198,0.0625,49,2,2
1,-1,2,12.7939,0.0,34,1,1
1,-1,0,11.8494,0.996,43,1,3
0,-2,-2,12.5425,0.034,48,2,2
0,0,0,12.9239,0.1457,37,1,1
0,-1,-1,10.309,0.0042,26,2,1
0,1,2,10.8198,0.0889,50,2,3
0,0,0,11.0021,0.9528,26,2,2
0,0,0,12.0436,0.2808,29,2,2
0,-1,-1,12.3458,0.0028,28,1,2
1,0,0,10.309,0.9961,25,2,2
0,-1,-1,12.7939,0.0157,42,2,1
0,0,0,12.7939,0.2724,30,1,1
0,0,0,11.9184,2.81,38,1,1
0,0,0,11.6082,0.021,36,2,3
0,0,0,12.5425,0.1145,32,1,1
1,-1,-1,12.2061,0.0145,37,1,1
0,1,-2,10.8198,0.0,33,1,3
1,0,0,11.9184,0.5295,28,1,2
0,0,0,12.7939,0.9205,36,1,1
0,0,0,11.7753,0.919,49,1,3
0,-1,-1,12.3458,0.0022,48,2,3
0,-1,-1,13.0815,0.0052,48,2,2
1,2,0,10.309,0.9617,35,2,3
0,0,0,11.9184,0.5956,42,2,2
0,-1,-1,13.1224,0.0587,42,1,1
1,1,-2,12.3014,0.0,43,2,2
1,-2,-2,12.7939,0.0012,56,2,1
1,0,0,11.9829,1.0355,42,2,2
0,-1,-1,12.5062,0.0454,42,2,2
0,0,0,13.3212,0.4421,35,1,1
0,-1,-1,9.9035,0.2226,29,1,3
1,1,3,11.1563,0.1313,28,2,2
0,0,0,12.4684,0.1967,35,2,1
1,-1,-1,10.309,0.0259,47,1,2
1,1,2,9.9035,1.0345,34,1,2
0,-1,-1,11.9829,0.0009,25,2,3
0,0,0,9.9035,0.8288,23,2,2
0,-2,-2,12.7068,0.0451,61,1,1
0,0,0,11.1563,0.7175,25,1,2
0,-2,-2,12.6115,0.0,27,1,1
0,2,2,12.5425,0.9082,30,2,2
0,0,0,12.1007,0.2614,33,2,2
0,0,0,10.8198,1.0203,50,2,1
1,-2,-2,12.3458,0.5319,30,2,3
1,-1,-1,12.2061,0.0488,51,2,2
0,0,0,12.4292,0.0229,30,1,2
0,1,2,11.5129,1.044,31,1,1
1,-2,-1,13.0605,0.0036,30,2,1
0,-1,-1,11.2898,0.0488,26,2,1
0,0,0,12.4292,0.0818,39,1,2
1,2,2,9.9035,0.0525,36,1,3
0,1,-2,12.7939,0.0,32,2,1
0,0,0,11.2898,0.4487,26,2,2
0,1,1,11.5129,0.0386,27,2,2
0,1,-2,10.8198,0.0,40,1,1
0,0,0,13.3375,0.5596,39,1,1
0,2,0,11.5129,0.2977,28,2,3
0,0,0,10.309,0.6265,22,1,1
1,-1,-1,12.1007,0.0146,28,1,1
0,-1,-1,12.7068,0.009,36,2,1
0,1,2,11.4076,0.5587,34,1,2
0,-1,-1,12.5425,0.0026,41,1,1
1,1,2,9.9035,0.9116,30,1,2
0,-1,2,11.6952,0.0103,37,1,1
0,0,0,12.3884,0.7368,27,2,1
1,1,-1,11.2898,0.0,53,2,3
0,1,-2,10.309,-0.074,35,1,2
0,0,0,11.1563,0.2942,28,2,1
1,1,2,9.9035,0.9933,46,1,2
1,2,0,12.1007,1.0219,38,2,1
0,0,0,11.8494,1.0222,62,1,2
0,0,0,9.9035,0.8574,24,2,1
1,-2,-2,12.3458,0.0,31,2,1
0,2,2,11.4076,0.9147,39,2,2
0,-1,-1,12.0436,0.0015,33,2,2
0,0,0,11.2898,0.9994,30,1,2
0,-1,-1,11.2898,0.1137,36,1,2
0,0,0,11.2898,0.8569,37,1,1
1,1,2,11.5129,0.797,36,2,2
0,0,0,11.6952,0.0399,26,2,2
1,2,0,10.8198,0.2198,47,2,2
1,2,2,12.4684,0.0096,64,1,2
0,0,0,12.1007,0.9452,35,1,1
0,0,0,10.309,0.9047,23,2,2
1,1,2,11.2898,0.1713,52,1,3
0,0,0,10.8198,0.2934,36,1,2
0,0,0,10.8198,0.2774,41,1,3
1,2,0,11.4076,0.5353,28,2,2
0,0,0,12.1007,0.743,35,2,3
1,0,0,9.9035,0.9886,52,2,2
0,-1,-1,13.039,0.0347,39,2,2
0,1,2,11.2898,0.7655,31,1,1
1,1,2,10.8198,0.8125,35,1,2
1,0,0,10.8198,1.0116,37,1,2
0,1,-2,12.3884,-0.0001,39,1,1
0,-1,-1,12.7939,0.0171,43,1,2
0,0,0,11.9184,0.1823,23,2,4
0,0,0,9.9035,0.9093,24,1,2
0,4,3,10.309,0.0882,44,1,3
0,-2,-2,12.2061,0.0,44,2,1
0,0,0,11.2898,0.1218,51,2,6
0,0,0,12.4684,0.5942,28,2,2
1,2,0,9.9035,0.3912,49,1,2
0,0,0,12.3884,0.5154,39,2,1
0,1,2,11.6952,0.2292,44,2,1
0,0,0,9.9035,1.0058,22,2,2
0,0,0,9.9035,0.4705,52,2,3
0,-1,-1,12.9715,0.0039,37,2,1
0,0,0,11.2898,0.9534,46,2,2
0,0,0,10.8198,0.9562,25,1,2
0,0,0,11.8494,0.3387,35,1,3
0,1,2,10.8198,1.0241,31,1,2
0,0,0,10.8198,0.9016,25,1,1
0,-2,-2,11.2898,0.0884,37,2,3
0,1,2,10.8198,0.3384,26,2,2
0,0,0,11.2898,0.498,37,2,2
1,2,0,10.8198,0.8433,55,1,3
1,1,-1,11.2898,-0.0,60,2,2
0,-1,-1,12.7939,0.021,52,2,1
0,0,0,11.0021,1.0112,41,2,2
0,-1,-1,12.5776,0.004,31,2,1
0,0,0,10.8198,0.9415,56,1,1
0,0,0,12.7939,0.6753,28,2,5
0,-1,-1,12.9945,0.0074,40,2,2
0,-1,-1,13.1224,0.0008,36,1,1
0,1,-2,12.3884,0.0,27,1,2
0,0,0,11.5129,0.2134,31,1,2
0,1,2,12.2061,0.0225,47,2,1
0,1,-1,12.4684,-0.0,43,1,1
1,2,2,11.1563,0.775,53,2,3
1,0,0,9.9035,0.8807,53,1,3
1,1,2,12.1007,0.6902,38,1,1
0,0,0,11.2898,0.5888,44,2,2
1,0,0,11.8494,1.0152,41,2,1
0,0,0,10.8198,0.4583,26,2,2
1,2,0,11.6952,0.9791,36,1,1
0,0,0,12.6761,0.6167,42,2,1
0,0,0,11.1563,0.0865,39,1,2
0,-1,-1,11.6952,0.0042,42,2,2
0,0,0,11.9184,0.6678,25,2,2
0,-1,0,12.3458,0.0068,32,2,2
0,1,2,10.309,0.6714,46,2,3
0,0,0,12.5776,0.1311,34,2,2
0,-1,-1,10.8198,0.0956,36,2,2
0,0,0,12.7939,0.0413,34,1,1
0,-1,-1,11.9829,0.0187,56,2,3
1,3,2,10.309,0.0744,42,2,2
1,0,0,11.0021,0.3564,27,1,1
1,0,0,12.948,0.5381,34,1,2
0,0,0,10.8198,0.9977,42,1,1
0,1,-2,12.7939,0.0,34,2,2
0,0,0,12.4292,0.2236,46,1,3
0,0,0,11.9829,0.5147,32,1,1
0,1,2,10.8198,1.0484,30,1,2
0,1,-1,11.9829,-0.0007,29,1,1
0,0,0,12.3014,0.0239,31,1,1
0,2,2,11.1563,0.3742,43,2,3
0,0,0,10.8198,0.218,43,1,3
0,0,0,11.6952,0.2134,29,1,1
0,2,0,10.8198,0.9413,55,1,3
0,0,0,12.2549,0.629,32,2,2
0,-1,2,11.6952,0.005,28,2,1
0,0,0,12.4684,0.5331,40,2,2
0,1,2,11.6952,0.33,41,1,2
0,1,-2,12.4292,0.0,30,1,1
0,0,0,10.309,0.9985,33,1,2
0,-2,-2,10.8198,0.0572,28,1,2
0,0,0,11.1563,0.23,23,2,3
0,0,0,12.2061,0.9044,59,2,1
0,0,0,11.5129,0.4806,29,2,2
1,-1,-1,12.2061,0.0234,36,1,2
0,-1,-1,12.5425,0.0107,29,2,1
0,-1,-1,12.948,0.0294,54,1,1
0,0,0,12.8992,0.0885,32,2,1
0,0,0,12.1007,0.161,27,2,2
0,0,0,12.7367,0.5366,29,2,1
0,-1,-1,13.1224,0.0062,38,1,1
0,1,-1,12.948,0.0149,37,2,2
0,-2,-2,12.1007,0.061,32,2,1
0,0,-1,11.6952,0.7913,46,1,3
0,0,0,10.8198,0.97,49,2,2
0,0,0,11.9184,0.242,26,2,2
0,1,2,9.9035,0.5544,22,2,1
0,2,2,11.9184,1.2227,27,1,3
1,6,5,10.5966,1.0514,27,1,2
0,0,0,12.1007,0.6457,30,2,1
1,2,2,11.6952,1.0384,43,2,2
0,0,0,12.948,0.371,42,1,1
0,1,2,9.9035,0.3172,29,2,1
0,0,0,11.6952,0.243,24,2,2
0,0,0,12.3458,0.1128,27,2,2
1,0,0,10.8198,0.9955,46,1,2
0,0,0,10.8198,1.0427,36,2,2
0,0,0,12.6761,0.4726,40,1,1
1,2,0,11.1563,0.9868,23,2,2
0,0,0,12.5425,0.5746,27,2,1
0,0,0,12.1007,0.3672,48,1,1
0,-1,-1,10.8198,0.04,29,2,1
0,1,-2,12.7367,0.0,25,2,2
0,0,0,12.2061,0.2068,25,2,2
0,0,0,12.1007,0.0582,28,2,2
1,0,0,10.8198,0.8411,25,2,1
0,0,0,11.6952,0.9631,31,2,2
0,-2,-2,12.7939,0.0,46,1,3
0,-1,-1,12.3884,0.0017,50,1,2
1,4,3,11.1563,0.4363,25,2,2
0,-2,-2,9.9035,0.1398,41,2,3
0,1,2,12.1548,0.0686,32,1,2
0,-1,-1,12.2061,0.0039,38,2,2
0,-2,-2,12.9239,0.0015,45,1,2
0,0,0,11.6082,0.3119,27,1,1
0,0,0,12.2549,0.4186,27,2,2
0,1,2,12.6115,0.1088,42,1,1
0,0,0,12.8739,0.7281,29,2,1
1,0,0,10.309,0.9639,51,1,2
1,0,0,9.9035,0.1002,24,2,2
0,-1,-1,11.1563,0.026,23,2,2
0,4,4,11.1563,1.1003,35,2,1
1,-1,3,10.8198,0.0261,25,1,1
0,0,0,10.309,0.8453,51,1,3
0,1,2,11.7753,0.2821,33,1,1
0,0,0,11.7753,0.0095,39,1,2
1,1,-2,9.9035,0.0,38,1,2
0,-1,-1,10.309,0.0137,34,2,2
0,0,0,12.0436,0.1765,26,2,2
1,2,2,11.6952,0.4473,31,1,2
0,1,2,10.8198,0.887,42,1,1
0,0,0,11.7753,1.0133,41,2,3
0,0,0,11.6082,0.4585,32,2,3
0,0,0,11.2898,0.6663,28,2,1
0,0,0,13.1224,0.0675,32,2,2
0,-2,-2,12.1007,0.0,46,2,2
1,1,-1,11.6952,0.0,58,2,3
0,0,0,9.9035,0.7156,23,2,2
1,-1,-1,12.8213,0.0692,30,1,2
0,0,0,10.8198,0.991,22,1,2
0,0,0,11.9184,0.6184,51,1,1
1,-1,-1,11.2898,0.0196,29,1,1
0,0,0,13.039,0.036,28,2,1
1,2,2,10.8198,0.9174,53,1,3
0,0,0,11.2898,0.778,25,2,2
0,0,0,12.4684,0.3439,35,2,1
0,-1,-1,12.6761,0.0015,32,1,1
0,0,0,10.8198,0.8962,46,2,2
0,-1,-1,12.7939,0.0065,55,2,1
0,0,0,10.8198,0.4,50,2,2
0,-2,-2,11.9184,0.0617,30,1,2
0,0,0,11.1563,0.9631,32,2,2
0,-1,-1,11.9184,0.0371,27,2,1
0,0,0,10.8198,0.9768,42,1,2
0,-1,-1,11.4076,0.1534,23,2,2
1,0,0,11.5129,0.58,30,1,2
0,-1,-1,12.9945,0.0075,34,2,1
0,-1,-1,12.4292,0.011,35,1,1
1,2,2,9.2103,0.042,55,2,3
0,1,2,11.2898,0.6949,37,2,2
0,1,-2,12.3014,0.0,54,2,1
1,-1,-1,10.5966,0.0486,25,1,1
0,2,0,11.9184,0.9873,28,1,2
1,4,3,9.9035,0.8968,35,1,2
1,1,2,12.3884,0.5722,41,2,2
0,0,0,12.2061,0.8535,29,1,1
0,0,0,10.8198,0.0964,23,2,1
0,0,0,12.1007,1.0258,41,2,2
1,0,0,10.8198,0.4279,25,1,2
0,-1,-1,9.9035,0.063,31,1,1
0,0,0,12.2549,0.1697,39,2,1
0,-1,-1,13.1224,0.0082,43,1,1
1,1,1,12.3884,0.0376,30,2,1
0,1,3,10.309,0.627,36,1,2
0,-1,-1,12.1548,0.0409,42,1,1
0,-1,-1,9.2103,0.0492,45,1,2
0,-1,-1,12.7939,0.0055,34,1,2
0,0,0,11.2898,0.58,39,2,2
1,0,0,11.0021,0.3146,40,1,2
0,-1,-1,11.5129,0.0148,45,2,3
0,-1,-1,11.5129,0.0056,28,2,1
0,0,0,9.2103,0.717,46,1,3
0,0,0,12.1007,1.0141,24,1,2
1,2,3,12.5425,0.6673,39,2,2
0,0,0,10.8198,0.9816,37,2,2
0,0,0,12.8479,0.3339,55,1,1
0,0,0,10.8198,0.558,42,2,2
0,0,0,11.9184,0.9831,35,1,1
0,0,0,12.2549,0.2101,35,2,1
1,3,2,10.309,0.895,36,1,1
1,0,0,11.1563,1.0396,43,2,3
1,3,2,11.2898,0.9928,28,1,2
0,0,0,10.8198,0.3818,44,2,2
0,0,0,13.0815,0.4734,35,2,2
0,-1,-1,13.1224,0.0198,38,2,2
0,0,0,12.0436,0.1302,26,2,1
0,-1,0,12.7068,0.03,29,2,1
0,0,0,10.309,0.6542,37,1,2
0,-1,-1,11.6952,0.0027,36,2,2
0,0,0,11.2898,0.8303,25,2,1
0,0,0,11.9829,0.3427,31,1,2
1,0,0,11.6082,0.9173,30,1,2
1,2,0,9.9035,0.8819,36,2,2
1,2,0,11.8494,0.9723,49,1,1
0,4,3,10.8198,0.7514,30,1,1
1,-1,0,9.9035,0.6,22,2,2
1,0,0,12.2061,0.8548,29,2,2
0,0,0,12.6761,0.8478,50,2,2
0,-1,-1,12.8992,0.0253,42,2,3
0,0,0,12.4292,0.9668,35,2,2
1,-1,0,13.2177,0.0766,34,2,1
0,-1,0,12.6115,0.3531,38,1,1
0,0,0,10.8198,0.9267,34,2,2
0,-1,-1,11.9829,0.0067,34,2,1
0,0,0,11.2898,0.2589,25,1,1
0,-2,-1,12.5425,0.686,38,1,3
1,-1,-1,13.1224,0.0038,35,2,3
0,-2,-2,12.7367,0.2758,39,2,2
0,-2,-2,11.9829,0.0,42,2,2
0,-1,-1,11.6952,0.0078,26,2,1
0,0,0,11.9184,0.1894,28,1,1
0,-1,-1,11.6082,0.1446,34,1,1
1,-1,2,11.6952,0.0171,28,2,2
0,0,0,11.6082,1.2879,36,2,1
0,-2,-2,12.6761,-0.0001,36,2,2
0,0,0,10.8198,0.5845,42,1,3
0,0,-1,10.8198,0.0245,38,2,2
0,2,4,11.4076,0.4182,23,2,2
0,-1,-1,12.5062,0.0732,40,2,1
0,1,2,10.8198,0.3891,25,2,2
0,2,0,10.8198,0.5429,47,1,2
0,1,-2,12.7939,0.0,28,2,2
0,0,0,11.6952,0.036,26,2,2
0,-1,-1,12.5776,0.0014,37,2,3
0,-1,-1,12.2061,0.0265,36,1,3
1,2,0,11.6082,0.9993,25,2,2
0,0,0,10.8198,0.4708,39,1,2
0,-1,-1,11.9184,0.0181,42,1,1
0,-1,-1,12.5425,0.0483,32,2,1
0,0,0,12.6443,0.1438,29,2,1
0,-2,-2,13.017,-0.0084,32,1,2
1,2,2,10.5966,0.8328,23,2,2
0,0,0,10.8198,0.8345,38,2,2
0,-1,-1,12.5776,0.06,35,1,2
0,0,0,11.0021,0.6057,39,1,3
1,0,0,9.9035,0.3692,47,1,3
0,-1,-1,11.2898,0.0249,27,2,2
0,1,2,11.5129,0.0967,36,1,2
1,2,0,10.8198,0.9743,37,1,1
0,1,-1,12.4292,-0.0001,36,2,2
1,-1,-1,12.2549,0.006,34,2,1
0,-2,-2,12.5425,0.0225,35,2,1
0,0,0,11.6082,1.1429,35,2,2
0,2,2,11.0021,1.3452,36,1,2
0,-1,-1,12.2061,0.0027,40,1,1
0,0,0,10.309,0.7528,35,1,2
0,0,0,11.2898,0.9946,26,1,1
0,0,0,10.8198,0.354,39,1,2
0,1,-1,11.9829,-0.0001,39,2,1
1,0,0,11.7753,0.8532,26,2,2
0,-1,-1,12.3458,0.0125,35,2,2
0,-1,-1,12.4684,0.0008,35,2,2
0,0,0,12.2061,0.8883,54,1,2
1,0,0,12.948,0.1073,32,1,1
1,2,0,11.5129,0.3689,22,2,1
0,1,-1,11.5129,0.0,25,2,1
0,-2,-2,12.8739,0.013,34,1,1
0,-2,-2,11.2898,0.0,28,2,2
0,1,2,10.8198,0.9233,45,1,3
1,1,2,11.4076,0.0905,38,2,3
0,0,0,12.3884,0.5783,56,2,2
0,-1,-1,10.8198,0.2557,47,2,3
0,-1,-1,10.309,0.0097,21,2,2
0,0,0,12.2061,0.1274,39,2,2
1,1,2,12.6761,0.9323,40,2,3
0,0,0,11.4076,0.2519,35,1,2
1,0,0,9.9035,0.8794,23,2,3
0,0,0,11.2898,0.3027,23,2,1
0,0,0,12.8479,0.1394,36,2,2
0,-2,-1,12.6115,0.0,37,2,1
0,0,0,11.6082,0.6324,51,1,2
0,0,0,11.5129,0.5384,29,2,2
0,-1,-1,12.4292,0.004,39,2,1
0,-1,-1,12.4292,0.0913,33,1,1
0,0,0,12.3014,0.3982,30,1,1
1,3,2,9.9035,0.8366,27,2,1
0,-1,-1,12.3884,0.0072,34,2,5
0,0,0,12.2549,0.6232,40,1,1
0,0,0,12.2061,0.5272,26,2,2
1,1,-2,11.6952,0.0,25,2,2
0,0,0,11.8494,0.1332,26,1,3
0,0,0,10.309,0.9498,24,1,1
0,0,0,10.8198,0.3207,52,2,3
0,0,0,12.3884,0.5551,28,2,1
0,1,-2,12.2061,0.0,46,2,2
0,0,0,13.1022,0.724,57,1,1
1,-1,2,11.0021,0.0355,36,2,1
0,1,-1,12.6115,-0.5519,37,1,2
0,1,-1,12.6443,-0.0,36,2,1
0,-2,-2,12.7939,0.0,43,1,2
1,0,0,11.0021,1.0063,23,2,2
0,-1,-1,11.6952,0.0032,27,2,1
0,0,0,12.2549,0.9844,26,1,2
0,0,0,10.8198,0.4436,38,1,2
0,-2,-2,13.1422,0.0207,34,2,4
0,0,0,9.2103,0.6709,24,2,1
0,-1,-1,12.4292,0.0255,36,2,1
0,0,0,12.2549,0.0157,26,2,1
0,0,0,11.9829,1.0609,46,1,5
0,0,0,11.2898,0.041,24,2,2
0,0,0,12.3458,0.1266,28,1,1
1,1,3,10.309,0.6221,53,2,2
1,2,3,10.8198,1.0027,29,2,2
1,2,2,12.1548,0.8391,28,2,1
0,0,0,11.7753,0.9658,46,2,2
0,0,0,11.8494,0.947,46,2,3
0,0,0,11.6082,1.023,29,1,2
0,0,0,9.9035,0.9515,21,1,2
0,0,0,12.4292,1.0217,32,2,1
1,0,-1,12.7939,0.2945,35,2,2
0,2,2,10.309,1.0256,21,2,1
0,0,0,10.8198,0.862,54,1,3
0,0,0,11.5129,0.4971,29,2,2
0,0,0,11.9184,1.5488,33,2,5
0,-2,-2,11.9184,0.0834,30,2,1
0,-1,-1,12.2061,0.0227,41,2,1
0,0,0,9.9035,0.6819,40,1,1
0,-2,-2,12.6443,0.0,37,2,2
0,1,2,11.5129,0.933,26,2,1
1,0,0,10.8198,0.8223,32,2,2
0,0,0,11.7753,0.3751,24,2,2
0,-1,-1,11.5129,0.0084,47,2,3
0,-1,-1,12.5425,0.016,28,1,1
0,-1,0,12.2061,0.8693,37,1,1
1,2,0,11.4076,0.6104,34,1,1
0,-2,-2,11.9184,0.0127,41,2,2
1,2,2,9.9035,0.9078,42,2,2
0,-1,-1,12.7939,0.0311,30,2,1
1,1,2,10.5966,0.6936,28,2,2
0,0,0,12.3884,0.3095,55,2,2
0,-1,-1,13.1224,0.0146,36,2,1
1,4,3,9.9035,0.5776,39,2,2
1,0,0,11.8494,0.608,44,1,2
0,0,0,11.5129,1.0044,27,1,2
0,0,0,11.6952,0.158,32,2,1
0,1,2,11.5129,0.9758,44,2,2
0,-1,-1,11.8494,0.0349,33,2,2
0,0,0,12.2549,0.4717,27,2,1
1,1,-1,13.1224,0.0,35,2,1
0,-1,-1,11.6082,0.0207,27,2,1
0,-1,-1,12.7367,0.0087,30,2,1
1,0,0,12.7068,0.9772,27,2,1
0,0,0,10.8198,0.9101,34,2,2
1,1,-2,9.2103,0.0,39,2,1
0,0,0,11.1563,0.3793,42,1,3
1,-1,-1,13.017,0.0027,37,2,2
0,0,0,10.309,0.4017,33,2,2
0,5,4,11.9184,0.5302,32,2,2
1,2,2,12.3458,0.3153,37,2,2
1,2,2,10.309,0.9358,47,2,3
0,0,0,10.309,0.9988,30,1,1
1,1,2,9.9035,0.7874,45,1,3
0,0,0,11.1563,0.4641,51,2,3
0,-1,-1,10.8198,0.0524,45,2,2
0,1,-1,12.7939,0.002,46,2,1
0,1,2,12.8992,0.1949,29,2,1
0,-1,-1,11.7753,0.018,36,2,3
0,-1,-1,11.7753,0.017,27,1,1
0,-1,-1,12.7367,0.0047,40,2,1
1,0,0,12.5062,0.097,40,2,2
1,0,0,11.0021,0.219,38,2,2
0,0,0,11.7753,0.6195,31,2,2
0,0,0,9.2103,0.924,22,1,3
1,2,2,11.9829,0.8282,33,2,1
0,0,0,12.5062,0.0837,33,2,1
1,2,0,11.2898,0.4796,30,1,2
0,-1,-1,12.7367,0.0138,39,2,1
0,-1,-1,12.7939,0.0401,52,1,1
0,-2,-2,12.3884,0.0239,43,1,1
0,-1,-1,10.8198,0.0695,26,2,2
0,0,0,10.8198,0.267,23,1,3
0,-1,-1,12.1007,0.0067,28,2,2
0,-2,-1,12.8213,0.0,31,2,1
1,1,2,11.0021,0.1734,27,1,2
0,-1,-1,10.8198,0.0271,25,1,2
0,-2,-1,10.8198,-0.0002,52,1,3
0,0,0,11.7753,0.3171,29,2,1
0,-1,-1,13.1224,0.008,49,2,1
0,1,-1,12.6115,0.0,27,1,1
0,0,0,11.6952,0.6326,25,2,2
0,1,2,11.6082,0.9353,25,2,2
0,0,0,12.3014,0.1603,30,1,3
0,0,0,11.8494,0.0584,26,2,2
0,-1,0,10.309,0.669,24,2,2
0,-1,-1,12.2061,0.057,35,2,2
0,-1,-1,12.7657,0.0038,33,2,1
0,-2,-2,11.9184,0.0427,42,1,2
1,2,2,9.9035,0.0825,24,1,2
0,0,0,12.2061,0.078,56,2,1
0,2,2,9.9035,0.0825,24,1,2
0,-1,-1,12.6761,0.0084,35,1,1
0,-1,-1,11.5129,0.0017,29,2,1
1,0,-1,12.5425,0.0263,28,2,1
0,0,0,10.8198,0.2213,47,1,1
0,0,0,9.9035,0.9156,23,1,1
0,-1,-1,11.9829,0.0328,33,2,1
0,0,0,11.0021,0.2599,23,1,3
0,0,0,11.9184,0.2191,49,1,3
0,0,0,13.039,0.7887,34,1,1
0,-1,-1,13.1224,0.0047,51,1,3
0,0,0,12.6761,0.0445,34,1,2
1,1,-2,12.2061,0.0,29,2,1
0,0,0,12.9715,0.0604,28,2,2
0,-2,-2,11.9184,0.0298,58,1,2
0,2,0,11.5129,0.952,28,2,2
0,0,0,10.309,0.4405,30,1,1
0,0,0,12.4684,0.0769,31,2,3
1,0,0,10.5966,0.7446,24,2,1
1,1,-2,12.5776,0.0,34,1,2
0,-1,-1,11.8494,0.0055,27,1,1
1,1,2,11.0021,0.8688,22,2,2
0,0,-1,12.2549,0.2965,41,1,1
0,1,-2,12.0436,0.0,28,2,1
1,-2,-2,12.8213,0.0,37,2,3
0,0,0,10.309,1.0078,23,1,1
0,-1,-1,12.7939,0.0069,32,2,1
0,0,0,12.5776,0.4288,43,1,2
0,0,0,10.8198,0.2714,36,2,3
0,1,-2,12.2549,0.0,27,2,3
0,2,0,12.0436,1.0029,31,1,3
0,0,0,12.7939,0.2127,40,1,1
0,-1,-1,11.4076,0.104,25,2,1
1,1,2,12.2549,0.0911,44,1,3
0,-2,-2,11.9829,0.0215,50,2,2
0,0,0,10.309,0.3365,22,2,2
0,2,2,11.2898,0.8941,23,1,2
0,0,0,12.4292,0.507,36,2,2
0,1,2,11.0021,0.1195,27,2,1
0,0,0,11.7753,0.9789,30,1,1
0,0,0,12.1007,0.9683,30,1,1
0,-2,-2,12.2061,0.0255,27,1,1
0,0,0,12.2549,0.5937,28,1,1
0,0,0,12.3884,0.0536,30,2,1
0,0,0,13.039,0.6648,46,2,2
0,-1,-1,12.8992,0.0405,38,2,1
0,0,0,9.9035,0.6851,25,1,3
0,0,0,11.0021,1.0109,37,2,2
0,0,0,11.6082,0.8458,34,2,2
1,2,2,11.2898,0.5198,26,2,3
0,-1,-1,10.8198,0.0078,30,1,1
0,0,-1,12.7939,0.0066,28,2,1
0,0,0,11.1563,0.7024,24,1,2
0,0,0,9.9035,0.8036,22,2,2
0,0,0,12.2061,0.7094,50,2,3
0,-2,-2,11.4076,0.0179,46,2,3
0,-1,2,10.309,0.0374,36,1,1
1,-1,-1,12.4684,0.0107,44,2,1
1,0,0,10.8198,0.158,34,2,2
0,-1,2,10.309,1.004,25,2,2
0,0,0,9.9035,0.1454,33,2,3
1,2,2,10.309,1.4215,33,1,2
1,0,0,12.5776,0.7642,29,2,1
1,2,2,10.8198,0.0493,26,1,1
0,0,-1,11.0021,0.0602,31,2,1
1,0,0,12.2061,0.7822,34,1,1
0,0,0,10.8198,0.912,48,1,3
0,0,0,12.1548,0.9919,29,2,1
0,1,2,11.1563,0.4311,38,2,2
0,1,-1,12.6115,-0.0004,31,1,1
0,0,0,12.8992,0.1475,27,1,1
1,1,-2,12.2061,0.0468,46,2,1
0,-1,0,13.2357,0.3004,43,1,2
0,0,0,11.9184,0.2712,37,2,2
0,-1,-1,12.6115,0.0069,36,2,1
0,0,0,11.2898,0.6072,24,2,2
1,-1,3,11.9184,0.0226,52,2,1
0,0,0,9.9035,0.4312,29,2,2
0,0,0,10.8198,0.8717,27,2,2
0,0,0,11.9184,0.2761,23,2,2
0,1,-2,11.8494,0.0,34,2,1
0,-1,-1,13.1224,0.0026,52,2,1
0,0,0,11.4076,0.9896,29,2,2
1,-1,0,10.309,0.9123,28,1,2
1,0,0,10.8198,0.9481,50,2,3
0,-2,-2,12.5425,0.0,32,2,2
1,2,0,12.8739,0.288,26,1,1
1,2,3,11.5129,0.9716,27,2,2
1,0,0,12.2061,0.9864,33,1,1
0,0,0,12.3458,0.1695,41,2,2
0,0,0,9.9035,0.5746,48,2,2
0,0,0,12.1007,0.6872,40,1,1
0,3,2,9.2103,0.4256,23,1,2
1,0,0,12.6998,1.0498,42,1,3
1,-1,0,11.5129,0.0098,42,2,2
0,-2,-2,11.2898,0.0,41,2,2
0,0,0,12.4292,0.054,37,2,1
0,-2,-2,12.9945,0.0095,34,2,1
0,-1,-1,11.8494,0.0958,24,2,1
0,0,-1,9.9035,0.255,50,2,2
0,2,2,10.8198,0.9238,29,2,2
0,-1,-1,10.309,0.0802,29,2,2
0,0,0,12.2549,0.668,34,2,2
0,0,0,9.9035,0.3433,28,1,2
1,-2,-2,11.9184,0.0432,24,2,3
0,0,0,10.8198,1.0235,23,1,1
0,0,0,12.2549,0.0855,47,2,2
1,-2,-2,12.4292,0.0025,49,2,3
0,0,0,11.7753,0.8414,37,1,1
1,2,2,12.5776,1.1173,38,1,1
0,0,0,11.9184,0.1268,29,2,2
0,0,0,11.2898,0.9681,28,2,3
0,0,0,10.8198,0.2333,39,1,2
0,-2,-2,12.3884,0.0193,49,1,2
0,0,0,11.4076,0.225,27,1,2
0,1,2,12.3014,0.0332,38,1,1
0,-1,-1,12.0436,0.0127,33,1,2
0,1,-2,11.1563,0.0,26,1,1
1,2,2,11.9829,0.0082,53,1,1
0,-1,-1,12.4292,0.0718,29,2,1
1,0,0,11.1563,1.0179,42,1,1
1,-1,-1,11.4076,0.0057,27,2,2
0,0,0,10.8198,0.9821,23,2,2
1,0,0,11.9184,1.0021,30,2,1
1,1,-2,9.9035,0.0,21,2,2
0,0,0,9.9035,0.842,23,2,1
0,0,0,10.8198,1.7061,29,2,5
0,0,0,12.2061,0.8953,31,1,1
0,-1,-1,12.2061,0.0084,25,2,3
0,0,0,11.6952,0.9983,52,2,2
1,-1,-1,12.5062,0.0014,37,2,3
0,0,0,12.6115,0.0372,31,2,1
1,0,0,12.8992,0.1025,29,1,2
0,0,0,11.6952,0.6598,24,1,3
0,0,0,11.7753,0.0372,25,1,2
0,-2,-2,11.9184,0.7785,30,1,2
1,1,-2,12.2061,0.0,40,2,1
0,0,0,11.7753,1.0043,49,1,2
0,-1,-1,11.6952,0.0086,27,2,1
0,-2,-2,12.3458,0.0051,32,2,2
0,0,0,10.8198,0.231,26,1,1
1,-1,-1,9.2103,0.0032,49,2,3
0,-2,-2,12.7939,0.0401,28,1,1
0,0,0,11.8494,0.8909,24,2,1
1,3,2,10.8198,0.9816,25,2,2
0,0,0,11.6952,0.1367,44,2,2
0,-1,-1,13.1224,0.046,56,1,1
0,0,0,13.1224,0.1,33,1,1
0,-1,2,9.2103,0.7786,25,1,2
0,0,0,11.9829,0.2556,39,2,3
0,-1,-1,11.0021,0.0054,31,2,2
0,0,0,11.0021,0.4193,40,2,2
0,1,-1,11.9829,0.0,40,2,2
0,-1,-1,13.1224,0.0103,40,2,1
0,0,0,12.7939,0.6949,41,2,1
1,2,2,9.2103,0.6743,27,1,2
1,2,2,10.309,1.1127,44,2,3
0,0,0,11.0021,0.0621,26,2,2
0,0,0,11.2898,0.0215,44,2,2
0,-2,-2,12.9239,0.0106,37,1,2
1,3,2,11.1563,1.0012,27,2,2
1,-1,-1,11.0021,0.0116,47,2,3
0,0,0,11.2898,0.1598,41,1,2
0,0,0,10.309,0.4698,38,1,3
0,0,0,11.6082,0.4798,49,2,3
1,-1,-1,11.9184,0.0046,30,2,2
0,1,2,10.309,0.3011,38,2,2
0,0,0,11.9184,0.2696,38,1,3
0,0,0,10.8198,0.8413,55,1,3
0,0,0,10.5966,0.9824,41,1,2
0,0,0,11.1563,0.7775,23,2,2
1,2,0,11.5129,0.9848,46,1,1
0,1,2,9.2103,0.8846,22,2,3
0,0,0,11.0021,0.071,29,1,3
1,-1,-1,11.5129,0.0293,27,1,1
0,0,0,10.8198,0.1946,29,2,2
1,-1,-1,9.2103,0.039,30,1,2
1,2,2,10.8198,0.9585,54,2,1
0,0,0,9.2103,0.4945,36,2,3
0,0,0,11.2898,0.9418,36,1,2
0,0,0,10.8198,0.7497,47,1,2
0,-1,-1,13.0605,0.0085,27,1,1
0,0,0,13.1806,0.7524,39,2,2
1,-2,-2,12.2061,0.0616,34,2,1
0,0,0,9.9035,0.9028,23,1,1
0,0,0,11.2898,1.0029,24,2,3
0,-1,-1,11.9184,0.0348,38,2,2
1,2,2,10.309,0.8531,41,2,2
0,-2,-2,12.0436,0.0044,37,2,5
0,0,0,12.3458,0.8301,30,2,3
1,2,0,12.0436,0.7966,37,2,2
0,-1,-1,12.5776,0.0041,47,1,3
0,0,0,12.0436,0.3776,27,2,2
0,0,0,12.2061,0.5913,26,2,1
0,0,0,11.2898,1.0321,55,1,3
1,-2,-2,12.7367,0.0,32,2,2
0,0,0,11.6082,1.0268,28,2,1
0,0,0,9.2103,0.6672,36,1,2
0,0,0,11.2898,0.807,27,2,2
0,0,0,11.0021,0.5763,28,2,2
0,-1,-1,12.7367,0.0434,27,2,2
0,0,0,9.9035,0.5309,54,1,1
0,-2,-1,13.1224,0.0103,49,1,2
0,0,0,12.4292,1.0117,53,2,1
0,1,-2,10.8198,0.0,24,2,2
1,-1,-1,11.5129,0.0052,48,1,1
1,-1,-1,12.5425,0.0077,31,1,1
0,0,0,13.1224,1.0103,41,1,1
0,0,0,9.9035,0.8396,24,1,2
0,1,-2,11.8494,0.0,24,2,2
0,0,0,12.4292,0.1748,30,2,2
0,-2,-2,10.8198,0.0,27,1,1
1,2,0,11.1563,0.7044,33,2,2
0,0,0,12.3458,0.9951,27,2,2
0,-2,-2,13.1224,0.0009,31,1,3
0,0,0,12.5425,0.7593,40,2,1
0,1,-2,11.9829,0.0,40,2,2
0,1,-2,10.8198,0.0,32,2,2
0,0,0,13.1224,0.2112,38,2,1
0,0,0,12.5776,0.7932,24,2,2
0,0,0,11.5129,0.4792,29,1,3
0,0,0,13.0815,0.1907,61,1,1
0,0,0,11.6082,1.0064,33,2,3
1,2,2,12.7657,0.2467,24,2,1
0,-2,-2,11.1563,0.8411,34,1,2
0,0,0,12.5776,0.4097,38,1,2
0,-2,-1,12.2549,0.0322,34,2,2
0,-1,-1,12.3884,0.0204,38,1,1
0,1,-2,12.4684,0.0,49,2,2
0,0,0,11.2898,0.4778,27,1,2
0,0,0,10.8198,1.015,38,1,2
1,2,0,9.2103,0.6302,28,1,3
0,0,0,10.8198,0.9797,45,2,6
0,1,-2,12.2061,0.0,39,2,2
0,-2,-2,12.8992,0.2279,39,2,2
1,0,0,12.2549,0.1169,37,2,1
1,-2,-2,13.1224,0.0,42,1,1
0,-2,-2,11.0021,0.0,55,1,3
0,0,0,11.9184,1.0117,25,2,2
0,1,-1,11.0021,0.0,26,2,1
0,0,0,13.017,0.566,35,1,5
1,2,2,12.9715,0.6729,42,2,2
0,-1,-1,10.8198,0.0277,30,2,2
0,-2,-2,11.2898,0.0,23,2,2
1,0,0,12.2061,0.1273,36,1,3
0,0,0,11.0021,0.3047,25,2,2
0,2,0,10.8198,0.9983,48,1,2
0,0,0,11.9184,0.2566,35,2,1
0,-1,0,12.2061,0.0049,26,2,1
1,0,0,11.2898,0.9783,29,1,2
0,1,-1,10.309,0.2749,41,2,2
0,0,0,12.2061,0.2357,33,2,2
0,0,0,12.0436,0.1797,30,2,1
0,0,0,11.7753,0.6338,52,1,2
0,0,0,12.1007,0.5734,28,2,2
0,-1,-1,11.9829,0.0745,27,1,1
0,-1,2,9.9035,0.0478,29,2,3
0,0,0,12.4292,1.0219,42,1,1
0,-1,-1,11.9184,0.0017,28,1,1
0,-1,-1,12.1007,0.0032,35,1,1
0,0,0,11.6952,0.5009,27,1,1
0,-2,-2,12.9715,0.0037,42,2,1
0,2,0,12.2061,0.9714,38,1,1
0,-1,-1,9.9035,0.6096,38,2,3
0,0,0,12.8213,0.7337,42,2,1
0,0,0,10.309,0.8455,25,2,3
0,0,-1,12.1007,0.039,25,2,1
0,-1,-1,12.7939,0.0153,48,1,1
0,0,0,12.4684,0.954,33,2,1
0,0,0,12.2061,0.9506,25,2,1
0,0,0,10.8198,0.601,39,2,2
1,3,2,10.8198,1.0191,22,2,2
0,-1,-1,12.5062,0.036,33,1,1
1,2,0,9.2103,0.7582,22,2,2
0,-1,-1,12.8739,0.0246,38,1,1
0,-1,-1,12.7657,0.1439,50,2,1
0,0,0,12.7657,0.1806,40,1,1
0,0,0,12.6115,1.0221,33,1,2
0,0,0,10.8198,0.8571,38,1,2
0,0,0,12.4292,0.3525,35,2,1
0,-1,2,12.7939,0.0166,33,1,1
0,1,-2,12.1007,0.0,42,2,1
0,0,0,11.9184,0.5224,41,1,4
0,1,2,12.4292,0.7848,35,2,2
0,0,0,12.2061,0.2058,29,1,3
1,-1,-1,12.4684,0.0017,46,2,1
1,0,0,11.9184,0.903,52,2,1
0,-1,-1,12.8992,0.099,36,2,1
0,0,0,9.9035,0.7331,32,1,2
0,0,0,11.4076,0.4835,25,2,3
0,0,0,12.2061,0.3675,34,1,3
0,1,2,11.1563,0.8772,27,2,1
0,0,0,11.2898,0.0736,49,1,2
0,0,0,12.3884,0.3061,43,1,1
0,-1,-1,12.2061,0.0017,28,2,1
0,0,0,12.5062,0.4634,29,2,1
0,1,-2,12.2549,0.0,32,2,1
1,-1,-1,11.8494,0.1167,24,1,2
0,-1,0,11.6952,0.2602,36,1,3
1,2,2,11.7753,0.5059,36,2,1
0,1,2,11.1563,0.2336,34,2,3
0,0,0,11.2898,0.4491,24,1,2
1,1,-2,12.0436,0.0,38,1,1
0,-2,-2,12.6115,0.0031,33,2,1
0,-1,-1,12.8479,0.0395,37,1,1
0,0,0,11.6082,0.5338,26,2,1
0,0,0,11.2898,0.3873,24,2,1
0,0,0,9.9035,1.4337,30,1,2
0,-2,-2,12.2061,0.0049,28,1,1
0,0,0,12.7939,0.6523,62,1,3
0,-1,-1,12.0436,0.0592,50,2,2
0,-2,-2,13.1224,0.0568,46,2,1
0,0,0,10.8198,0.3218,24,2,2
0,2,2,10.8198,0.7506,52,1,3
0,0,0,11.2898,0.585,26,2,3
0,0,0,10.8198,1.0152,31,1,1
1,0,0,10.309,0.9473,23,2,2
0,0,0,10.309,0.1804,41,1,2
1,1,2,9.9035,0.7017,23,1,3
0,0,0,13.1224,0.9989,29,1,1
0,-1,-1,12.0436,0.0032,42,2,3
0,1,-1,9.9035,0.0,23,2,1
0,0,0,11.4076,0.8499,50,1,3
1,-1,-1,12.3458,0.015,35,1,1
0,0,0,12.2549,0.9991,35,2,2
0,0,0,9.9035,0.8864,23,1,2
0,-1,-1,11.0021,0.1502,48,2,2
0,-1,-1,12.6115,0.0061,29,2,2
0,0,0,10.8198,0.8914,30,1,1
1,0,0,10.8198,1.0,35,1,2
0,-1,-1,13.1224,0.0229,61,1,1
0,0,0,13.1022,0.5115,30,1,1
0,1,2,11.6082,0.9967,29,2,3
1,0,0,12.7939,0.0179,27,2,2
0,0,0,11.2898,0.5378,42,2,2
1,2,2,12.1007,0.8511,27,2,1
0,-1,-1,12.1007,0.0032,27,2,1
0,0,-1,11.1563,0.1319,22,2,2
0,0,0,11.8494,0.7566,26,1,2
0,-2,-2,12.7367,0.0718,30,2,1
1,-1,2,11.1563,0.0165,36,2,2
1,0,0,12.6115,0.9064,34,1,1
1,2,2,9.9035,0.9248,23,2,2
0,-1,-1,12.0436,0.0024,42,2,2
0,0,0,12.5425,0.5228,44,2,1
0,0,0,11.4076,0.9327,50,2,3
1,1,-1,11.9829,0.0,27,2,2
1,1,-2,12.6115,0.0,46,2,1
1,1,2,11.0021,0.8301,38,1,1
0,-1,-1,12.2549,0.0145,46,1,1
0,0,0,11.7753,1.017,29,2,2
0,0,0,11.9829,0.0749,35,2,1
1,0,0,9.9035,0.42,37,2,1
0,-1,-1,12.3884,0.0187,40,2,2
0,-1,-1,12.7367,0.0443,38,2,1
0,0,0,11.9184,0.9101,42,1,1
0,0,0,12.1007,0.7935,46,1,1
0,-1,0,12.6115,0.1624,26,2,1
0,-1,-1,12.1007,0.0062,44,1,2
0,0,0,10.8198,0.8864,22,2,2
0,0,0,10.8198,0.9346,55,2,3
0,-1,-1,12.7367,0.0249,37,1,1
1,-2,-2,12.1548,-0.003,31,1,1
0,-1,-1,12.1007,0.0268,43,2,1
1,1,2,9.9035,0.2826,28,1,3
0,0,0,13.017,0.1149,29,1,2
0,1,2,11.5129,1.0503,30,2,1
0,0,0,11.2898,0.8524,26,1,2
1,0,0,9.2103,0.647,36,1,3
0,0,0,9.9035,0.255,22,2,2
1,1,2,12.4684,0.4543,53,2,2
1,0,0,11.9184,0.5921,52,1,3
0,-2,-2,13.1224,0.0393,34,2,1
0,-1,-1,11.6082,0.0067,46,2,1
0,0,0,11.9829,0.5823,32,1,2
0,0,0,12.2061,0.6585,36,2,2
0,1,2,12.1548,0.3987,45,2,1
1,-1,-1,12.1007,0.0465,28,2,1
1,1,3,10.8198,0.5559,25,2,1
0,0,0,11.5129,0.4604,54,1,3
1,1,3,11.7753,0.993,29,2,2
0,-1,-1,11.6952,0.0033,58,1,2
0,0,0,12.7367,0.8529,37,2,3
0,0,0,9.9035,0.9922,22,1,2
1,0,0,10.309,0.9631,34,1,2
0,-1,0,12.4292,0.0184,44,1,2
0,0,0,11.1563,1.007,25,2,2
0,2,2,10.8198,0.7455,47,2,2
0,-2,-2,12.5425,0.0028,60,1,1
0,-1,-1,13.1224,0.0018,46,2,2
0,1,2,11.8494,0.9727,50,2,2
0,0,0,12.2061,0.9635,31,2,2
1,2,2,10.8198,0.048,36,1,2
0,-1,2,12.6761,0.0012,58,1,1
0,1,2,10.8198,0.8995,59,2,3
0,0,0,10.309,0.4313,49,1,2
0,2,2,11.5129,1.0,25,2,1
1,0,0,12.7367,0.9619,44,1,2
0,-1,-1,12.7657,0.0218,38,2,2
1,2,0,9.9035,0.2064,24,1,2
0,0,0,11.6082,1.0084,26,1,1
0,0,0,12.5776,0.9135,29,2,2
1,1,2,10.5966,0.283,26,1,2
1,2,0,11.6952,0.9554,39,1,4
0,-1,-1,12.1548,0.0312,55,1,1
0,0,0,11.9184,0.768,23,2,2
0,-1,-1,12.6115,0.0212,42,2,1
0,0,0,12.3884,0.222,32,2,2
1,2,0,11.0021,1.0016,33,2,2
0,-1,-1,11.9184,0.3441,29,1,2
0,-2,-2,11.2898,2.4355,47,2,3
0,-1,-1,11.9829,0.0351,43,2,2
0,0,0,12.2061,0.9117,30,1,1
0,2,2,11.4076,1.0641,42,1,2
0,1,-2,12.7939,0.0,38,1,2
0,-1,-1,12.7657,0.0128,38,2,2
0,0,0,10.309,0.5818,51,2,3
0,0,0,10.5966,0.3761,23,1,3
0,-1,0,11.9829,0.0278,24,1,2
0,0,0,12.2061,0.0841,40,1,2
0,0,0,12.7068,0.6771,33,1,1
0,-1,2,13.1224,0.0145,47,1,1
0,-2,-2,13.1224,0.1355,28,2,2
0,-1,-1,13.039,0.0166,54,2,1
0,-1,2,11.6952,0.0546,27,2,1
0,2,-1,11.7753,0.0076,45,2,2
0,-1,0,9.9035,0.3634,22,1,1
0,0,0,12.0436,0.882,41,1,1
0,0,0,10.8198,0.9661,29,2,1
1,-1,0,10.8198,0.0716,36,1,2
0,0,0,10.8198,0.3423,43,1,3
0,0,0,12.3014,0.0593,36,2,1
0,0,0,12.4684,0.1186,38,2,3
0,0,0,13.1224,0.8577,54,2,1
0,0,0,9.9035,1.0098,25,2,2
1,0,0,9.9035,0.2972,40,1,3
0,0,0,11.2898,0.5639,25,1,2
0,-2,-2,13.1224,0.0046,35,1,2
1,-1,-1,11.9829,0.001,27,1,1
0,0,-1,12.2061,0.0397,27,1,2
0,0,0,10.8198,0.8596,34,2,1
1,0,0,9.9035,0.9896,25,1,2
0,0,0,12.0436,0.8619,38,2,2
1,-1,2,9.2103,0.078,23,1,1
1,1,3,9.9035,0.9554,28,2,3
0,-1,-1,11.9184,0.0167,29,2,2
0,0,0,13.0605,0.9512,47,2,1
0,0,0,12.2061,0.1808,32,2,1
0,0,0,11.7753,0.2067,27,2,1
0,0,0,11.1563,0.1846,40,2,3
0,0,0,12.5062,0.5926,34,2,2
1,-1,-1,11.9184,0.3826,27,1,3
0,1,2,12.3884,0.0368,41,2,1
0,-2,-1,11.5129,0.0,60,2,2
1,-1,-1,12.2061,0.0338,40,1,1
0,0,0,12.3014,0.1032,33,1,1
1,1,2,11.1563,0.1653,69,1,3
0,0,0,12.4684,0.3814,44,1,2
0,0,0,12.1007,0.7489,29,2,1
0,-2,-2,12.2549,0.0094,35,2,3
0,1,2,11.7753,0.7575,36,2,2
0,0,0,12.6761,0.4608,39,2,2
1,2,-1,10.309,0.0491,27,2,2
0,0,0,10.8198,1.0097,25,2,2
0,0,0,12.8479,0.0116,27,2,2
1,2,0,9.9035,0.3322,22,2,2
0,2,0,10.8198,0.9961,31,1,2
0,-1,-1,11.8494,0.0606,28,2,1
1,1,-2,11.9184,0.0,46,2,3
1,0,0,12.8213,0.8045,36,1,1
0,0,-1,11.5129,0.9683,41,2,1
0,0,0,11.5129,0.9875,27,1,3
1,3,2,10.8198,0.655,29,1,2
0,-1,2,12.8992,0.0014,33,2,1
0,-2,-2,12.4292,0.1368,43,2,1
0,1,-1,11.9184,-0.0009,45,2,3
1,2,2,11.6952,0.9807,37,1,3
0,0,0,12.4684,0.451,31,2,1
0,0,0,11.4076,0.895,23,2,2
0,2,-1,11.7753,0.003,39,1,1
1,1,2,10.8198,0.9275,29,2,2
1,1,2,11.6952,1.0534,29,2,2
0,-1,-1,11.8494,0.0034,33,1,3
0,0,0,12.0436,1.0123,34,2,1
0,-1,-1,12.7068,0.0166,31,2,3
1,-2,-2,12.2549,0.0,33,1,2
1,0,0,12.6115,0.0915,39,1,1
0,0,0,11.7753,0.7215,39,2,2
0,0,0,12.7939,0.076,29,2,1
0,2,2,11.9184,0.2506,26,1,2
1,2,2,11.4076,0.6819,33,2,2
0,1,-2,12.4684,-0.0021,61,2,1
1,4,3,10.309,1.0726,21,2,3
0,0,0,11.2898,0.9944,45,2,2
0,-2,-2,13.1224,0.0007,33,2,1
0,0,0,9.9035,0.6932,33,2,2
0,0,0,11.0021,0.5727,36,1,3
0,0,0,12.2549,0.0745,37,1,2
1,0,0,10.8198,0.5919,24,1,1
0,0,0,12.7657,0.6515,32,1,2
0,1,-2,12.2061,0.0,37,1,2
0,0,0,12.5425,0.1837,28,2,1
0,-2,-2,12.3458,0.0067,41,1,1
1,2,0,12.2061,0.9772,35,2,1
0,1,2,12.3014,0.9218,32,2,1
0,-1,-1,11.9829,0.0036,30,2,2
0,0,0,12.2061,0.9001,29,2,2
0,0,-1,11.0021,0.9494,45,2,2
0,0,0,11.0021,0.9594,33,2,3
0,-1,-1,12.8479,0.0738,36,1,1
0,1,-2,12.3884,0.0,38,1,1
0,0,0,11.1563,0.2823,30,2,2
0,-1,0,12.1007,0.9451,33,2,3
0,-1,-1,11.9184,0.0187,42,2,2
1,2,2,11.8494,0.8903,34,1,1
1,0,0,12.2061,0.535,25,1,2
1,2,0,11.7753,0.976,24,2,1
0,0,0,12.1007,0.0264,30,2,2
0,-1,-1,10.8198,0.0833,30,2,2
0,1,-2,11.2898,0.0,24,2,2
0,2,3,10.5966,0.7943,23,2,2
0,-2,-2,12.2549,0.0008,36,2,1
0,-1,-1,11.9184,0.0037,29,2,1
1,2,2,12.5425,0.0089,62,2,1
0,0,0,11.5129,1.8076,28,1,2
1,2,0,11.5129,0.6639,33,1,2
1,2,0,10.8198,0.2349,23,1,3
0,0,0,11.9184,0.1988,25,2,3
0,0,0,9.9035,1.0162,40,1,1
0,-1,-1,12.5062,0.005,50,2,1
1,2,-1,9.9035,0.0195,28,2,2
1,2,0,10.8198,0.6804,28,2,1
0,0,0,12.4292,0.7101,53,1,2
0,0,0,11.2898,0.752,33,2,1
1,7,6,12.8992,1.0134,40,1,2
0,1,2,10.8198,0.4116,35,1,1
0,-1,-1,10.8198,0.1412,53,2,2
0,0,0,10.8198,0.9827,34,2,1
0,0,0,12.5425,1.024,44,2,2
1,-1,-1,12.3884,0.0002,29,2,1
1,2,2,10.309,0.6398,27,2,2
0,-1,-1,12.4292,0.0021,29,1,1
0,-1,-1,11.9184,0.0019,55,2,1
0,0,0,11.0021,0.4734,23,2,2
0,1,-1,10.8198,0.0,35,1,2
0,0,0,11.9829,0.6393,33,1,2
0,0,0,11.5129,0.1112,44,1,2
0,0,0,11.1563,0.961,31,1,1
0,-1,-1,12.2061,0.0085,35,2,2
0,-1,-1,13.1224,0.0004,51,2,1
0,1,2,12.1007,0.021,28,2,1
0,0,0,10.309,0.9466,31,1,1
0,0,0,12.7939,0.9811,51,1,1
0,0,0,11.9184,0.6381,36,1,1
1,2,0,11.2898,1.0158,26,1,2
0,0,0,11.9184,0.1699,25,2,1
0,-2,-2,12.3458,0.0938,50,1,2
0,-1,-1,11.5129,0.1489,36,2,2
1,1,2,11.0021,0.9548,36,2,3
0,0,0,10.8198,0.5954,23,1,1
1,3,2,9.9035,0.6276,22,1,2
0,-1,-1,12.5776,0.0019,30,2,1
0,0,0,11.6082,0.9931,29,1,1
0,0,0,10.8198,0.4492,22,2,2
1,2,2,12.3458,0.9688,43,2,2
1,2,2,10.8198,0.004,30,1,2
0,0,0,11.9184,0.0613,26,2,2
1,-1,-1,9.9035,0.0418,40,1,2
1,1,2,11.4076,0.9307,45,2,3
0,-2,-2,11.0021,0.0,26,2,1
0,0,0,11.2898,0.8404,26,1,1
0,-1,-1,12.5425,0.0138,25,1,2
0,-2,-2,12.3458,0.0141,36,2,1
0,0,0,11.5129,0.4339,58,2,3
0,-1,-1,11.2898,0.0049,24,2,1
0,0,0,11.0021,1.0042,41,2,2
0,0,0,11.1563,1.0069,35,1,2
0,-2,-2,11.6082,1.0516,49,2,2
0,-1,-1,11.0021,0.0233,26,1,2
0,0,0,11.6082,0.3177,26,1,2
0,-1,3,11.6952,0.0053,54,1,3
0,-1,2,12.5425,0.0149,43,2,2
0,0,0,10.8198,0.952,23,2,2
0,-1,-1,9.9035,0.1327,22,2,1
0,-1,-1,12.3884,0.0021,30,2,1
0,0,0,10.8198,0.4523,22,1,2
0,0,0,12.2061,0.3274,27,2,2
0,0,0,12.6761,0.0364,28,1,2
1,3,2,9.9035,0.887,56,1,2
1,0,0,10.8198,0.9501,44,1,2
1,-1,-1,12.1007,0.0048,41,1,2
0,0,0,11.2898,0.9804,28,1,1
1,-2,-2,12.3884,-0.0,48,2,2
0,-1,-1,12.4684,0.0019,28,2,2
0,1,-1,11.2898,0.0,40,2,1
1,0,0,11.2898,0.8015,40,1,2
0,0,0,11.5129,0.6654,47,1,2
1,-1,-1,9.9035,0.0264,64,1,2
0,0,0,11.7753,0.7503,31,2,2
0,1,-2,11.6952,0.0,28,2,2
0,0,0,11.4076,0.9409,35,2,2
0,-1,-1,12.1007,0.018,25,2,2
0,0,0,11.2898,0.7568,32,2,1
1,-1,-1,11.7753,0.003,45,1,2
0,-1,0,12.3458,0.0762,26,2,1
1,-1,-1,11.7753,0.0277,26,2,1
0,0,0,12.1548,0.9265,33,1,2
0,0,0,12.2549,0.8691,31,2,1
0,0,0,9.9035,0.5636,52,2,3
0,0,0,9.9035,0.7598,23,1,1
0,0,0,12.5425,0.2189,30,2,2
0,0,-1,13.1224,0.0259,47,2,1
1,-1,-1,12.3458,0.0057,39,1,1
1,2,2,11.7753,1.0126,31,1,2
0,0,0,13.4,0.2158,40,1,1
0,-1,-1,12.7657,0.1173,50,2,3
1,2,0,10.5966,0.9787,24,1,3
1,1,2,10.8198,1.0284,33,2,3
1,2,0,9.9035,0.9454,43,1,2
0,0,0,11.2898,0.9622,35,2,2
0,0,0,10.8198,0.982,23,2,2
0,0,0,12.5776,0.9423,40,1,2
0,-1,-1,11.2898,0.0144,27,2,1
0,1,2,12.3458,1.0319,29,1,3
0,2,2,10.309,0.8805,29,2,2
0,-1,-1,12.2061,0.0135,29,2,1
1,2,0,10.8198,0.5205,26,2,2
0,4,3,10.8198,1.0237,57,1,2
0,-2,-2,12.2061,0.04,48,2,1
0,0,0,9.9035,0.891,23,1,2
0,0,0,10.8198,0.9033,48,2,3
1,0,0,11.4076,0.8822,31,1,1
0,0,0,10.309,0.7506,23,2,2
0,0,0,11.2898,0.9899,30,2,2
0,1,-1,9.9035,0.0,31,1,2
0,0,0,10.8198,0.3986,30,2,1
0,0,0,11.5129,0.8465,33,1,1
0,-2,-2,12.2549,0.0893,28,2,1
0,1,-2,13.1224,0.0,38,2,1
1,0,0,10.309,0.2509,25,1,2
1,2,2,11.9829,0.1542,41,2,2
0,-2,-2,12.1007,0.9351,28,2,1
0,-1,-1,13.1022,0.0745,37,2,1
0,-1,-1,10.8198,0.0232,29,1,1
0,0,0,11.7753,0.6745,27,1,1
1,1,-2,10.8198,0.0,34,2,2
0,-1,-1,12.2061,0.0014,58,2,1
1,1,2,10.8198,0.8553,27,2,1
0,0,0,12.1007,0.1011,33,2,1
1,-2,-2,13.1224,0.0039,39,2,1
1,-1,-1,12.2549,0.0147,46,2,2
1,3,2,9.9035,0.5108,35,1,1
0,1,-2,12.1548,0.0,29,2,2
0,0,0,11.8494,1.0152,29,1,3
1,-2,-2,9.9035,1.0676,51,1,3
0,0,0,12.948,0.1374,29,2,1
0,-1,-1,12.1007,0.058,29,2,1
0,0,0,12.5776,0.8302,28,1,2
0,0,0,12.1548,0.4126,40,2,1
0,-1,2,12.7939,0.0032,39,1,1
1,2,0,9.9035,0.7897,53,1,2
0,0,0,12.4684,0.7715,32,2,2
0,1,2,9.9035,0.971,55,1,3
0,0,0,10.8198,0.3888,52,1,3
0,1,-2,12.4292,0.0,55,1,1
0,-2,-2,10.309,-0.0011,26,2,2
0,0,0,13.039,0.8612,30,1,2
0,0,0,11.2898,1.0029,26,1,2
0,1,2,11.0021,0.0934,35,2,2
0,0,0,11.2898,0.8475,26,2,2
1,-1,0,11.4076,0.1218,28,2,2
0,0,0,10.8198,0.5416,34,2,2
0,0,0,10.8198,1.0139,50,1,3
1,1,-1,12.7939,0.0,41,2,1
0,1,-2,12.7939,0.0,49,2,1
0,0,0,12.3458,0.4651,29,2,1
0,-1,-1,12.3884,0.0375,39,2,2
0,0,0,11.6082,0.7427,27,2,2
1,-2,-2,12.2549,0.0067,28,2,2
0,0,0,12.6115,0.0152,28,2,1
0,0,0,12.2061,0.9183,65,1,3
0,0,0,12.3014,1.0172,29,1,2
0,-1,0,11.4076,0.0287,45,2,3
0,0,0,12.2549,0.4274,44,2,2
0,-2,-2,13.1224,0.1625,31,1,1
0,-1,-1,11.9829,0.0382,33,2,1
0,0,0,11.8494,1.0109,47,2,1
0,0,0,11.6952,0.1944,42,2,1
0,0,0,11.2898,0.5538,46,1,2
0,0,0,12.3884,0.2347,38,2,2
0,0,0,12.0436,0.2902,30,2,1
0,0,0,10.309,0.8942,38,1,2
0,-1,0,12.4684,0.0311,31,2,1
0,-2,-2,12.8992,0.0,34,1,1
0,0,0,13.1224,0.042,31,2,2
1,1,-1,11.5129,0.0,32,2,1
0,0,0,12.3884,0.9843,39,1,1
0,-1,-1,9.2103,0.1772,53,1,3
0,-1,-1,11.2898,0.0343,36,2,2
0,0,0,11.0021,0.9288,28,1,2
0,-2,-2,12.2061,0.0,38,2,1
1,0,0,12.4684,0.9715,41,2,2
1,0,0,12.4684,0.9834,39,2,2
0,-1,-1,12.4684,0.0019,30,1,1
0,0,0,12.6115,0.0042,34,1,1
0,0,0,12.6443,0.1446,27,2,2
0,0,0,11.8494,0.9241,32,2,1
1,-1,-1,12.2061,0.023,50,2,2
0,-1,-1,12.3458,0.0014,39,1,2
0,0,0,10.8198,1.8299,27,1,2
0,0,0,12.1007,0.021,29,2,2
0,0,0,11.5129,0.5085,26,1,1
1,-1,2,11.2898,0.0278,49,2,2
0,-1,-1,12.7657,0.011,39,2,1
1,-1,-1,11.8494,0.0214,32,2,2
0,0,0,12.7939,0.4127,29,2,1
0,0,0,9.2103,0.7968,47,1,6
0,0,0,11.7753,0.2855,25,2,1
0,0,0,12.6761,1.004,41,1,1
1,1,2,12.1007,0.789,34,2,2
0,0,0,12.1007,0.2417,39,2,1
1,2,2,11.9184,1.0448,39,2,2
0,1,-2,11.2898,0.0,27,1,2
0,0,0,11.1563,0.8079,50,1,1
0,0,0,11.9184,1.2719,66,1,2
0,-1,0,13.0815,0.0402,36,2,3
0,0,0,10.8198,1.028,45,2,3
1,1,-2,11.5129,0.0,28,2,1
0,0,0,10.8198,0.5342,26,2,3
0,0,0,12.5425,0.499,28,1,1
0,-1,2,9.9035,0.039,48,2,2
1,-1,2,10.309,0.1202,50,1,3
0,0,0,11.1563,0.5753,38,2,2
0,0,0,10.309,0.9457,59,1,3
0,1,-2,12.2061,0.0,64,2,1
0,1,-1,12.2549,0.0,30,1,1
0,0,0,12.2549,0.6324,66,2,1
0,-1,0,13.0605,0.1691,39,1,1
0,0,0,10.8198,0.8924,38,1,2
0,-1,0,12.3884,0.0515,37,2,2
1,2,2,11.0021,0.5372,38,1,3
0,2,0,11.5129,0.9655,33,2,2
0,0,0,12.2061,0.971,25,2,2
0,0,0,11.7753,1.059,58,1,1
0,0,0,10.8198,1.0126,24,1,2
1,2,2,12.6115,0.0083,34,2,1
0,-1,2,12.2549,0.0137,32,1,1
0,0,0,11.1563,1.0172,27,1,1
0,-1,0,11.5129,0.8544,49,2,3
0,0,0,10.309,0.6252,25,2,2
0,-1,-1,12.2061,0.0076,30,1,1
0,-1,-1,12.7939,0.0188,36,1,2
1,3,2,9.9035,0.9292,24,1,2
1,1,-1,11.9184,0.0,32,2,1
0,1,-1,13.5278,0.0127,28,2,1
0,0,0,11.5129,0.9157,24,1,2
1,1,2,12.6115,0.1833,36,1,2
0,0,0,11.4076,0.9211,55,2,2
0,0,0,10.8198,0.4302,28,1,2
0,0,0,11.6952,0.6532,48,2,2
0,0,0,11.6952,0.3719,39,2,2
1,0,0,10.309,0.6194,42,1,2
0,0,0,12.3014,0.3839,43,1,2
1,1,-2,12.1007,0.0,31,2,2
1,2,0,9.9035,0.7019,52,1,3
0,0,0,11.8494,0.9664,26,2,2
0,-1,-1,12.8992,0.075,46,2,2
0,-1,-1,12.1007,0.062,27,2,1
0,1,-2,12.7367,0.0,36,2,2
0,0,0,12.4292,0.9783,46,1,3
0,0,0,10.8198,0.1785,50,2,2
0,0,0,12.3014,0.2359,24,2,1
0,0,0,12.8992,0.0276,35,1,2
0,-2,-2,12.6761,0.0454,37,2,1
0,-1,-1,12.4684,0.0006,40,2,2
0,-1,-1,12.7657,0.0032,42,1,1
0,0,0,10.309,0.9503,34,1,2
1,0,0,9.2103,1.1035,24,1,2
0,0,0,10.8198,0.1192,23,2,2
0,0,0,10.309,0.876,23,2,3
0,2,-1,12.7657,0.0003,35,1,1
0,-1,-1,12.9239,0.0141,37,1,1
0,0,0,11.7753,0.5057,35,2,3
0,0,0,11.2898,0.8774,28,2,3
0,1,-2,12.8479,0.0,51,2,2
0,1,2,12.6761,0.9964,42,2,1
1,2,0,9.9035,0.1603,23,1,1
0,0,0,10.8198,0.9707,32,1,2
0,0,0,10.309,0.6652,25,1,2
0,1,2,10.8198,0.8395,24,1,2
0,0,0,10.8198,0.8142,41,1,2
0,0,0,10.8198,0.9817,51,1,2
0,0,0,12.2061,0.0238,27,1,1
0,0,0,11.2898,0.6337,29,1,2
0,0,0,9.9035,0.4838,53,2,3
0,-2,-2,12.1007,0.0121,28,2,2
0,0,0,12.3458,0.9941,33,2,1
0,-1,-1,12.1007,0.0351,33,2,2
1,0,0,11.4076,0.4678,23,2,2
1,2,2,9.9035,0.12,23,1,2
1,1,-2,11.5129,0.0,32,1,2
0,0,0,11.0021,0.9616,44,1,3
1,0,0,11.7753,0.3304,35,2,2
1,0,0,10.8198,0.7597,55,2,2
0,0,0,11.1563,0.1268,23,2,1
0,-1,-1,12.7939,0.0155,53,2,2
1,1,2,9.9035,0.9719,22,1,1
1,-1,-1,9.9035,0.0195,34,1,3
0,0,-1,12.9945,0.0179,36,2,3
0,-1,-1,12.8992,0.0041,41,1,1
0,0,0,12.0436,0.5321,29,2,1
0,-1,2,12.2061,0.0493,32,1,2
0,-1,0,12.3014,0.1365,41,2,1
0,0,0,12.5425,0.7427,31,2,2
0,0,0,12.7939,0.2502,29,1,1
0,1,2,9.9035,0.9231,51,1,2
0,-2,-2,12.5776,0.001,44,2,1
0,1,-1,12.8479,0.0,33,2,2
0,0,-1,12.1007,0.0143,28,1,1
0,0,0,11.6952,0.0115,26,2,1
0,0,0,10.8198,3.0,27,2,2
1,2,2,9.9035,0.7123,48,1,1
0,1,2,9.9035,0.5258,25,1,2
0,0,0,12.0436,0.9505,29,2,2
0,0,0,12.1007,0.302,24,2,2
0,1,-2,12.2061,0.0,36,1,1
1,1,2,12.2061,0.9067,55,1,2
1,-2,-2,12.7939,0.0004,26,2,1
0,0,0,9.2103,0.6346,26,2,2
0,8,7,11.0021,1.153,60,2,2
1,2,0,10.5966,0.6404,24,2,2
0,-1,-1,11.5129,0.0453,39,1,2
0,0,0,10.8198,0.7667,23,2,2
0,-2,-2,12.6115,0.0746,29,1,1
1,0,0,11.6082,0.585,29,1,3
0,0,0,11.6952,0.1585,37,1,1
0,0,0,11.9184,0.4325,45,1,2
0,-1,-1,12.3458,0.0054,30,2,2
0,0,0,12.1007,0.2393,35,2,2
0,-1,-1,12.6761,0.0233,33,2,2
0,1,-1,11.2898,-0.0001,23,2,1
0,-1,-1,11.9829,0.0081,29,2,1
1,0,0,10.8198,0.6999,23,2,2
0,-1,-1,12.1007,0.0018,26,1,2
0,0,0,11.6082,0.4008,26,1,3
0,-1,-1,11.9184,0.0066,32,1,1
0,-1,-1,12.2549,0.3108,52,2,3
1,2,-1,9.2103,0.0654,43,1,2
0,-2,-1,10.309,0.0,22,2,2
1,-1,-1,13.017,0.0087,36,2,1
0,1,2,11.6082,0.5499,25,2,1
0,0,0,12.5062,0.4096,37,2,2
0,0,0,10.8198,1.0241,46,2,3
0,0,0,11.5129,0.623,43,2,3
0,-2,-2,12.7939,0.0069,30,2,2
1,1,2,11.6082,0.6864,32,2,2
0,-1,-1,12.1007,0.0376,55,2,3
0,2,2,12.3458,0.8295,34,2,1
0,0,0,9.9035,0.3739,41,2,3
1,2,2,10.8198,0.9207,22,2,1
0,0,0,9.2103,0.5062,31,1,3
0,0,-1,12.6761,0.0104,46,1,1
0,0,0,12.5425,0.13,26,2,1
0,0,0,9.9035,0.9268,28,1,2
0,0,0,11.1563,0.9555,36,1,2
0,0,0,11.2898,0.5938,36,2,2
0,-1,-1,12.2061,0.462,25,2,1
0,0,0,10.309,0.9102,24,1,2
1,1,3,11.5129,0.5134,41,2,2
0,0,0,11.6082,0.5888,26,1,1
0,-1,-1,12.6115,0.0012,33,2,1
0,0,0,12.6115,0.2975,31,2,2
0,0,0,12.7367,0.2434,29,2,1
1,-1,-1,12.5062,0.0015,37,1,1
0,0,0,11.5129,0.8012,26,1,2
0,1,2,10.8198,0.9349,33,1,1
0,0,0,12.7939,0.9794,40,2,2
0,0,0,11.4076,1.014,49,2,2
0,0,0,11.8494,0.9138,42,1,2
0,-1,-1,11.9184,0.0077,28,2,1
0,-2,-2,10.8198,0.3419,34,1,3
1,2,3,10.309,0.9396,26,2,3
0,-2,-2,12.3458,0.0,54,2,2
1,-2,-2,12.3884,0.0,40,2,2
0,-1,-1,12.2061,0.3276,44,2,1
0,-1,-1,12.7068,0.3594,42,1,2
0,0,0,11.6082,0.4682,29,1,1
0,0,0,12.2061,0.5732,54,2,3
0,0,0,10.8198,0.8815,46,2,2
0,0,0,11.1563,0.9996,27,2,1
1,1,-2,12.7939,0.0,59,2,2
1,0,0,10.8198,0.0925,54,2,2
0,-1,-1,11.2898,0.0535,28,2,3
0,0,0,12.2061,0.5344,69,2,2
1,0,0,10.8198,0.9452,27,1,2
0,0,0,10.309,0.608,27,1,1
1,0,0,12.8739,0.6464,31,2,1
1,2,-1,12.8479,0.0009,42,2,1
1,0,0,9.9035,0.8147,46,2,2
1,0,0,11.2898,0.3524,31,2,2
0,0,0,10.8198,0.953,49,2,2
0,0,0,10.8198,0.2265,25,2,1
0,-1,-1,12.2061,0.0027,44,1,2
1,-1,0,11.5129,1.0373,28,1,3
0,-1,-1,12.1007,0.0017,31,1,1
0,-1,-1,11.6952,0.0089,27,2,2
0,1,2,12.8739,0.0535,31,2,2
0,-1,-1,12.4292,0.1015,37,2,2
1,1,2,12.7657,0.8616,47,1,2
0,0,0,11.1563,1.0265,30,2,2
0,-2,-2,12.2549,0.0,33,2,1
0,0,0,12.1007,0.4726,29,1,1
1,-1,-1,11.2898,0.0049,25,1,1
0,-1,-1,11.6952,0.0122,26,2,3
1,-2,-2,12.2549,0.0,23,2,1
0,-1,0,9.9035,0.9334,38,1,2
1,-1,-1,11.9184,0.005,38,2,1
0,0,0,12.8739,0.0786,38,1,1
0,-1,-1,12.6443,0.021,36,2,1
0,0,0,12.3458,0.0476,27,2,1
0,0,0,11.4076,0.1425,51,2,2
0,0,0,11.8494,0.0835,29,1,1
0,0,0,11.9184,0.7002,28,2,1
0,0,0,11.7753,0.708,27,1,2
0,-1,-1,12.2549,0.0069,27,2,1
0,1,-1,11.5129,0.0,25,2,1
0,0,0,11.9184,1.4726,36,1,5
0,0,-1,12.2061,0.0073,29,2,1
0,0,0,11.2898,0.9834,27,2,2
0,-1,-1,12.3458,0.0246,27,1,1
0,0,0,10.8198,0.9928,37,1,2
0,-2,-1,12.4684,0.0159,33,2,2
0,0,0,11.6082,0.3912,23,1,2
0,0,0,9.9035,0.7116,56,1,3
0,1,-1,12.7939,0.0,42,2,2
0,0,0,11.9829,0.4242,36,1,1
0,0,0,9.2103,0.8857,35,1,2
1,2,2,11.9184,1.0649,31,1,1
1,-2,-2,13.1224,0.0,35,1,1
0,-1,-1,13.1224,0.0024,69,1,1
0,0,0,12.7939,0.176,28,2,2
0,0,0,10.8198,0.9745,28,2,1
0,2,0,12.5062,0.4757,35,2,1
0,0,0,9.2103,0.7569,58,2,3
0,0,0,10.309,0.5152,29,2,2
0,1,-1,11.2898,0.0,30,2,3
0,-1,-1,12.7939,0.0025,27,2,2
0,0,0,11.6952,0.9398,26,2,1
1,0,0,12.8992,0.2749,35,2,2
0,0,0,13.1224,0.1181,26,2,2
0,-1,-1,11.8494,0.0075,54,1,3
0,0,0,11.6082,0.2703,27,1,2
0,0,0,10.309,0.9983,34,1,2
0,0,0,11.8494,0.9891,56,2,1
0,0,0,11.9184,0.725,39,2,3
1,0,0,12.5425,0.9688,37,1,3
0,-1,2,9.9035,0.2788,45,1,3
0,-1,2,12.7367,0.0075,36,2,3
1,2,2,11.0021,0.6015,25,1,2
0,0,0,9.9035,0.8804,62,1,1
0,0,0,10.8198,0.4759,25,2,1
0,0,0,12.2061,0.3578,35,2,2
0,0,0,12.1007,0.224,30,2,1
0,0,0,12.3884,0.1728,34,2,1
0,0,0,12.7939,0.0923,32,1,2
0,0,0,10.8198,0.9949,26,2,2
0,0,0,11.5129,0.9589,50,1,3
1,1,-2,11.2898,0.0,26,2,3
1,2,2,10.8198,0.9273,32,2,3
1,-2,-2,12.948,0.0035,27,2,3
0,-1,-1,12.1548,0.0052,35,2,1
0,1,-1,12.1007,-0.0005,33,2,2
1,0,0,10.5966,0.863,22,2,1
1,1,2,10.8198,0.8869,43,1,2
1,2,2,9.2103,0.24,23,1,2
0,0,0,12.2061,0.7785,39,2,1
0,-1,-1,11.6952,0.0647,39,1,3
0,2,2,11.5129,0.4405,48,2,2
0,0,-1,11.5129,0.9341,24,2,1
0,0,0,12.7939,0.6387,29,1,1
1,-1,-1,11.5129,0.0032,28,2,2
1,-1,-1,12.5776,0.0182,49,2,2
0,1,2,12.3884,0.1679,34,1,1
0,0,0,12.5776,0.1689,37,2,2
0,-2,-1,13.1224,0.0221,33,2,2
1,1,3,10.8198,0.299,32,1,2
0,0,0,12.3014,0.0845,30,2,2
1,0,0,9.9035,0.872,44,1,2
0,0,0,12.948,0.4426,36,2,2
0,2,2,11.5129,0.7403,29,2,1
1,-1,-1,12.3458,0.0141,43,2,1
1,0,0,10.8198,0.9388,53,2,2
0,0,0,11.1563,1.7098,42,1,1
0,-1,-1,12.1007,0.0051,31,1,1
0,-1,-1,11.4076,0.0376,27,1,1
0,0,0,10.8198,0.8839,24,1,2
0,2,2,10.8198,0.8543,22,2,3
0,1,-2,11.0021,0.0,26,2,1
1,2,2,10.8198,0.4641,41,2,3
0,-2,-2,12.6115,0.0042,58,2,1
1,0,0,10.309,0.4751,36,2,1
0,0,0,9.2103,0.9501,25,1,1
0,0,0,11.1563,0.5172,30,1,1
0,0,0,11.9829,0.1407,32,1,2
0,0,0,12.4684,1.6709,30,1,2
0,0,0,12.7939,0.4532,39,1,1
0,1,2,11.0021,0.2574,30,2,3
0,0,-1,12.1007,0.3194,39,2,2
1,2,2,10.5966,0.8425,23,2,2
0,-1,-1,11.9829,0.0052,36,1,2
0,0,0,13.3212,0.6383,35,2,1
0,0,0,10.8198,0.2,35,2,3
1,2,2,12.6761,0.631,48,1,1
0,-1,0,11.9184,0.725,29,1,1
0,-1,-1,12.0436,0.0119,36,1,1
0,-2,-2,13.1224,0.076,53,1,2
0,-1,-1,12.2061,0.0039,57,1,2
0,0,0,12.5776,0.3805,27,2,1
0,3,2,10.5966,0.3546,53,2,2
0,-1,-1,12.6115,0.0202,30,2,1
1,2,0,10.8198,0.8097,32,1,3
0,0,0,9.9035,0.516,29,1,2
0,1,2,10.309,0.9644,22,2,2
0,1,2,11.8494,0.6725,34,1,2
0,-1,-1,11.2898,0.0157,32,1,2
0,1,-2,12.4684,0.0,35,2,2
1,1,-2,11.7753,-0.0002,27,2,1
0,0,0,12.8479,0.1454,39,2,3
0,1,-2,12.2061,0.0,36,1,2
0,0,0,10.8198,0.4291,46,2,3
0,0,0,10.8198,0.9931,25,1,1
0,0,0,11.4076,0.5236,26,2,2
1,1,-2,9.9035,0.0,25,1,1
0,0,0,11.8494,0.5378,26,2,2
0,0,0,10.309,0.7108,45,1,3
0,0,0,12.3458,0.0273,28,1,1
1,2,0,11.5129,0.0867,36,1,3
0,2,2,12.3884,0.0019,46,2,1
1,-2,-2,12.2061,0.0,36,1,1
0,0,0,11.2898,1.0449,26,1,1
0,-1,-1,12.7939,0.003,56,1,1
0,0,0,11.9184,0.4756,37,1,2
0,0,0,11.7753,0.2237,27,1,2
0,0,0,10.309,0.3855,56,2,2
0,0,0,12.4292,0.1132,33,1,1
1,-2,-2,13.1224,0.077,42,1,1
1,2,2,10.309,0.4957,43,1,2
1,2,2,12.8739,0.4302,41,1,1
0,0,0,12.8739,0.2014,27,2,1
0,1,-2,12.7939,-0.0014,37,1,2
0,0,0,11.4076,0.6427,25,2,2
0,0,0,11.5129,0.4784,35,2,3
0,2,-1,10.309,0.013,31,1,3
0,0,0,11.9829,0.1962,25,1,3
0,1,2,9.9035,0.7698,26,1,1
0,0,0,12.3884,0.0303,36,2,1
1,2,3,11.2898,0.7731,26,1,1
0,0,0,10.309,0.9889,22,2,2
0,0,0,11.9184,0.2989,45,1,2
0,0,0,11.9829,0.5292,28,2,2
0,0,0,9.9035,0.862,58,2,1
0,0,0,12.3458,0.1134,45,1,1
0,0,0,11.5129,0.982,46,2,2
0,0,0,12.948,0.4881,39,1,2
0,-1,-1,13.0815,0.0518,37,2,2
1,-1,-1,9.2103,0.0678,37,1,3
1,2,2,12.1007,0.5561,41,2,3
0,-2,-2,12.2061,0.2362,32,1,1
1,1,2,11.8494,0.3184,36,1,2
0,0,0,9.9035,0.5931,23,2,1
0,-2,-1,11.2898,-0.0028,39,2,1
1,0,0,9.2103,0.717,29,2,2
1,-1,2,10.8198,0.3122,35,1,2
0,-2,-2,12.7367,0.0019,38,1,3
0,0,0,12.7068,0.4753,39,2,2
0,-1,-1,12.3458,0.0032,47,2,1
0,1,-2,12.7939,0.0,40,1,1
0,0,0,10.309,0.6128,48,2,3
1,2,0,13.1224,0.8387,42,1,1
0,-1,-1,12.2061,0.0183,42,1,1
1,0,0,10.8198,0.8354,55,2,2
1,0,0,12.3884,0.9844,36,2,3
0,-1,-1,12.5776,0.0023,45,2,1
1,1,-1,9.9035,-0.0004,24,2,3
0,1,2,11.0021,0.4794,49,2,3
0,0,0,11.9829,0.4753,24,1,2
0,-1,-1,12.2061,0.0052,31,2,1
0,0,0,11.1563,0.6283,33,2,2
0,0,0,11.8494,0.0738,35,1,1
0,-1,-1,13.039,0.0332,44,1,1
0,-2,-2,11.9829,0.0187,36,2,2
0,-1,-1,12.2061,0.0335,40,2,2
0,0,0,11.2898,0.9751,55,2,3
0,-2,-2,12.6443,0.0168,47,2,1
1,2,2,12.5776,0.2202,29,2,2
0,0,0,11.6952,0.0956,27,1,1
0,2,2,9.9035,0.6667,31,1,3
0,-1,-1,11.4076,0.0016,29,1,1
0,-1,-1,11.0021,0.0065,60,1,1
1,2,0,12.4684,0.4251,39,1,2
0,0,0,12.1007,0.9308,30,2,2
0,0,0,10.8198,0.31,41,1,3
0,0,0,10.8198,0.6916,40,1,3
0,0,0,10.8198,0.9604,53,1,3
0,0,0,12.2061,0.0713,32,2,1
0,-1,-1,12.0436,0.0235,35,1,2
0,0,0,10.8198,0.9817,22,2,1
1,0,-1,12.9945,0.2231,47,1,3
0,-1,-1,11.5129,0.1,28,1,2
1,0,0,10.8198,0.5223,49,1,3
0,0,0,12.3014,0.3874,47,1,1
0,-2,-2,11.9184,0.0108,43,2,3
0,1,-2,9.9035,0.0,28,1,1
0,1,2,11.9829,0.2544,39,2,2
0,0,0,10.8198,0.8895,28,1,1
0,0,0,11.7753,0.7896,40,2,3
1,0,0,9.9035,0.7599,36,1,2
0,-2,-2,12.2061,0.1424,34,2,2
0,-2,-2,9.9035,0.0242,22,2,1
0,-1,-1,12.6115,0.0038,39,2,1
1,0,0,11.6952,0.8764,25,2,1
0,-1,-1,12.7939,0.0026,27,2,1
0,0,0,11.8494,1.0082,59,1,1
1,0,0,12.2549,0.3783,25,2,2
0,-2,-2,12.2061,0.0,30,1,1
1,0,0,11.7753,0.2406,28,2,1
1,-1,-1,12.3884,0.0004,48,2,2
0,0,0,11.2898,0.313,65,1,3
1,1,-2,13.1224,0.0,36,2,1
1,2,4,12.6761,1.06,46,1,1
0,0,0,12.2549,0.9698,56,2,1
1,-2,-2,12.2061,0.0,42,2,2
0,2,0,10.8198,0.2307,37,1,1
0,-1,-1,12.7367,0.0129,38,2,1
0,-1,-1,12.3884,0.0079,62,1,2
0,0,0,12.3884,0.1948,28,2,1
0,0,0,10.8198,0.6042,40,1,2
0,2,2,10.8198,0.3811,55,1,3
1,0,0,9.9035,0.676,45,2,2
0,-2,-1,13.1422,0.0,35,1,1
0,1,-2,12.3014,0.0,25,2,1
0,-1,-1,12.3014,0.0027,30,2,2
0,0,0,11.0021,0.7062,37,1,1
1,2,2,10.5966,0.142,26,2,2
0,0,0,10.8198,0.927,64,1,1
1,-1,-1,12.7939,0.0017,46,2,1
1,1,-2,11.6952,0.0,51,1,1
0,0,0,9.9035,0.8505,23,1,3
0,0,0,10.309,1.1638,33,1,2
0,-1,-1,11.6082,0.0029,29,2,1
0,0,0,12.0436,0.9764,31,2,2
0,-1,2,12.1007,0.0051,48,1,2
0,1,2,10.8198,0.8517,23,2,2
0,-1,-1,12.1007,0.2656,28,2,1
0,0,0,11.2898,0.7075,50,2,2
0,0,0,9.9035,0.2524,34,2,1
0,0,0,10.309,0.5926,57,2,3
0,-1,-1,11.2898,0.1299,28,1,2
0,-2,-1,12.2061,0.0026,53,1,1
0,0,0,11.6952,0.9755,42,2,2
0,0,0,11.9829,1.2665,52,2,5
0,-1,-1,13.1224,0.0006,44,2,1
0,0,0,10.8198,0.9135,22,2,2
0,0,0,10.8198,0.8745,39,2,2
0,0,0,12.2061,0.1236,41,1,1
1,0,0,10.309,0.2433,25,1,2
0,1,-2,12.1548,-0.0132,33,2,2
0,0,0,11.6952,0.1233,41,2,2
0,0,0,10.309,0.9261,39,2,3
0,-1,-1,10.309,0.1778,27,2,3
0,0,0,12.6443,0.1523,33,1,1
1,0,0,10.309,0.9468,31,2,2
1,2,0,12.9945,0.965,52,1,1
1,3,2,10.8198,0.664,27,2,1
0,0,0,11.1563,1.0227,38,1,2
0,0,0,12.4684,0.6957,31,2,1
0,-1,-1,12.6761,0.0339,46,1,1
0,0,0,12.2549,0.6122,34,2,2
0,0,0,12.5425,0.2082,29,2,1
0,0,0,11.8494,0.5983,32,1,1
0,0,0,9.9035,0.7109,22,2,3
1,-1,0,12.7367,0.705,25,1,1
0,0,0,11.1563,0.4892,39,2,3
0,1,-1,11.6952,-0.0009,50,2,1
0,0,0,11.0021,0.9628,24,2,2
0,0,0,10.309,0.9516,29,1,3
0,0,0,10.309,0.4058,29,1,2
1,0,0,11.2898,0.6059,25,1,1
0,0,0,10.8198,0.5758,49,1,2
0,0,0,11.5129,0.2012,37,1,3
0,-1,0,11.0021,1.0022,35,1,2
1,-1,5,9.2103,0.4205,23,2,2
0,-2,-1,12.5425,0.0034,41,2,1
0,-2,-2,12.4292,0.0295,47,2,3
0,0,0,10.5966,0.0418,48,1,2
0,1,2,10.309,0.9876,25,2,1
0,0,0,10.8198,0.8525,57,1,1
0,0,0,11.1563,1.0111,29,2,3
0,0,0,11.7753,0.6686,28,2,2
0,0,0,11.0021,1.014,24,2,2
0,0,0,12.2061,0.4078,29,2,2
0,0,0,11.5129,0.9082,33,2,1
1,0,0,12.1548,1.0249,30,2,2
1,8,7,9.9035,1.2083,36,1,3
1,-2,-2,12.3458,0.0017,42,1,1
0,0,0,11.4076,0.9729,26,2,2
0,0,0,12.3884,0.7961,29,2,1
1,2,0,9.9035,0.5998,23,2,2
1,2,2,9.9035,0.9696,22,2,3
0,0,0,10.8198,0.0551,24,2,1
0,0,0,12.3458,0.3163,40,2,2
0,-2,-2,12.9715,0.0066,41,2,2
0,0,0,10.8198,0.9795,34,1,2
0,0,0,12.3458,0.6232,32,1,2
0,-2,-1,12.3884,-0.001,36,2,5
1,-1,2,11.6952,0.0028,30,2,1
0,0,0,12.5425,0.9159,26,2,2
0,-1,-1,13.1224,0.0178,29,1,1
0,-2,-2,12.4684,-0.0,53,1,2
0,-1,-1,11.8494,0.0052,31,2,1
0,0,0,12.6443,0.7124,28,2,3
0,2,2,10.8198,0.9111,36,2,3
0,0,0,10.8198,0.9766,35,2,3
1,2,2,10.309,0.5023,29,2,3
0,0,0,12.2061,0.7115,43,1,1
0,0,0,11.2898,0.9142,33,2,3
0,-1,-1,12.6443,0.0203,36,2,3
0,0,0,12.3014,0.2601,26,2,2
0,0,0,11.2898,0.45,26,2,2
0,0,0,13.1224,0.1124,38,2,1
0,0,0,11.5129,0.7011,37,2,1
1,-1,-1,12.2061,0.0203,37,1,1
0,0,0,9.9035,0.44,39,1,2
0,0,0,9.9035,3.0,28,2,2
0,0,0,11.2898,0.6851,38,1,2
0,0,0,11.6082,0.3755,29,1,2
0,0,0,11.5129,0.9966,38,1,2
0,0,-1,12.8992,0.0086,30,1,5
0,-1,-1,12.6761,0.0013,40,1,1
0,0,0,12.1007,0.7728,28,1,2
0,0,0,12.1007,0.0296,27,2,2
1,0,0,10.309,1.0041,22,2,2
1,1,3,10.309,0.4773,35,1,2
0,0,0,12.3884,0.9921,42,2,1
0,2,0,11.5129,0.7683,24,2,1
0,0,0,11.4076,0.9471,50,1,2
0,0,0,9.9035,0.9678,22,1,2
1,0,0,11.0021,0.6298,28,1,2
0,2,2,11.4076,0.3197,38,1,3
0,-1,0,11.2898,0.0643,40,2,2
0,0,0,13.1224,0.3485,34,2,1
0,0,0,12.9715,0.1906,34,1,1
0,-1,-1,11.7753,0.0026,27,1,1
0,-1,-1,13.1224,0.0074,66,2,2
0,-1,-1,12.7657,0.0008,38,2,2
0,-1,-1,12.6761,0.0023,34,1,1
0,0,0,11.9829,0.8888,24,2,2
1,2,0,11.6082,0.999,25,1,1
0,0,0,11.0021,0.9601,53,2,3
0,0,0,12.4684,0.071,33,2,4
0,0,0,10.8198,0.991,47,1,1
0,0,0,12.5062,1.0171,44,1,2
0,0,0,12.2549,0.214,52,1,1
0,0,0,9.9035,0.8098,29,2,2
0,2,2,10.309,0.962,49,2,2
0,-1,-1,13.1224,0.0018,56,2,1
0,-1,-1,12.7939,0.0681,31,2,1
0,-1,-1,11.4076,0.0292,30,1,2
0,0,0,9.2103,0.7797,28,2,2
0,0,0,12.2061,0.4693,36,2,2
0,1,-2,11.0021,-0.0065,37,1,2
0,-1,-1,11.2898,0.0726,40,1,2
0,-2,-1,13.1224,0.0222,32,1,1
0,-1,0,10.8198,0.9457,21,1,2
0,0,0,10.8198,0.9081,24,2,2
0,-1,-1,12.2061,0.0226,30,2,1
0,0,0,13.0605,0.624,45,1,2
0,-1,-1,12.1007,0.0338,41,2,3
0,0,0,12.3884,0.0979,33,1,2
1,2,2,12.2061,0.0125,30,1,1
1,8,7,9.9035,1.0376,40,1,2
1,0,0,11.2898,0.1446,32,2,2
0,0,0,10.309,0.3523,54,1,2
0,-1,-1,12.2061,0.0041,35,2,1
0,1,2,11.5129,0.6646,38,2,2
1,2,2,11.1563,0.8064,30,2,3
0,1,-2,11.8494,0.0,30,1,2
0,2,2,10.309,0.8883,27,2,2
1,0,0,11.5129,0.9619,27,2,2
0,0,0,11.0021,0.7031,38,1,2
0,-1,-1,10.8198,0.1645,23,2,1
0,-2,-2,11.6952,0.0,35,2,1
0,0,0,10.8198,0.8564,23,1,3
0,0,0,12.6115,0.9783,28,1,2
0,-1,-1,12.7939,0.0069,36,2,1
0,0,0,10.5966,0.6058,36,2,2
0,-1,-1,12.1548,0.0961,40,2,2
0,0,0,10.309,0.4765,23,2,1
1,2,2,12.5425,0.0064,47,2,3
0,0,0,10.309,0.8429,23,2,2
0,-1,-1,13.1224,0.3708,32,2,1
0,-1,-1,12.4684,0.0065,32,2,1
0,0,0,11.0021,0.3392,46,2,2
1,0,0,11.1563,0.4074,36,2,3
0,2,2,10.309,0.8488,27,1,2
0,-1,-1,12.6115,0.0164,37,1,3
0,2,2,10.309,0.8721,22,2,2
1,2,2,10.5966,0.06,43,1,3
0,0,0,11.2898,0.8217,25,1,1
1,0,0,10.8198,0.9653,35,1,1
0,-1,-1,11.4076,0.0261,38,2,1
1,2,2,12.4684,0.0096,29,1,1
1,1,2,11.5129,0.2704,58,2,1
0,1,-2,12.5425,0.0,34,1,1
0,0,0,11.2898,0.2136,22,2,2
0,0,0,11.9184,0.9573,27,2,2
0,-1,0,11.4076,0.0291,39,2,2
0,-1,2,11.7753,0.0819,33,2,1
0,-1,-1,12.2549,0.0261,36,1,2
0,-1,0,12.948,0.0013,44,2,1
0,0,0,13.1224,0.2561,39,1,1
1,1,-2,12.1007,-0.0011,30,1,1
0,0,0,11.9184,0.9431,36,2,2
0,0,0,12.9945,0.1153,30,1,1
0,0,0,10.8198,0.9823,27,1,1
1,-1,-1,11.8494,0.0236,29,1,2
0,0,0,11.9184,0.7974,29,1,1
0,2,2,11.9184,0.0038,27,2,2
0,-2,-2,13.0815,0.0149,49,1,6
0,0,0,11.5129,0.9903,35,2,1
0,0,0,12.6443,0.2318,33,2,1
0,0,0,12.5425,0.2005,27,2,1
1,-1,0,11.0021,0.1717,51,1,2
0,1,-2,11.9829,-0.0012,31,2,1
0,0,0,11.4076,0.5741,48,1,2
0,-1,-1,10.8198,0.0585,28,2,1
0,0,0,12.2061,0.2274,26,2,2
0,0,0,12.3884,2.1191,67,1,2
0,-1,-1,12.2061,0.0042,32,2,1
1,-2,-2,11.5129,1.0177,23,2,2
1,2,0,10.8198,0.9073,29,2,1
0,-1,-1,12.3884,0.0073,30,2,1
0,1,-2,12.6115,-0.0,25,2,1
0,-1,2,12.7657,0.0403,43,2,3
1,1,2,10.8198,0.9684,26,2,3
0,0,0,10.8198,0.936,36,2,2
1,2,2,10.309,0.8007,25,2,2
0,-2,-2,10.8198,-0.0528,47,1,2
1,0,0,9.9035,0.3414,34,2,2
0,0,0,12.5062,1.0386,30,2,2
1,2,0,12.8479,1.0025,49,1,1
1,5,4,9.2103,0.8541,22,2,2
0,0,0,11.2898,0.0985,29,2,2
1,2,2,12.3884,0.1353,35,2,2
0,0,0,12.5425,0.7559,35,2,1
0,0,0,11.9829,0.2679,41,1,1
0,0,0,12.1007,0.6245,25,2,1
0,0,0,10.8198,0.0911,35,2,2
0,0,0,10.8198,0.6621,37,1,2
0,1,2,9.9035,0.719,22,1,2
0,0,0,9.9035,0.9178,33,1,2
0,0,0,11.8494,0.5162,27,1,1
0,-2,-2,12.7939,0.0,28,1,2
0,-1,-1,12.1007,0.1481,49,1,2
1,-2,-2,12.8739,0.0101,36,1,1
0,1,2,10.309,1.3332,33,2,3
0,-1,-1,12.2549,0.0181,35,2,1
0,0,0,9.9035,0.3064,24,1,2
0,2,2,13.017,0.0022,43,1,1
0,1,-2,10.8198,0.0,24,1,3
1,1,2,10.8198,0.9844,46,1,3
1,2,2,9.9035,0.9759,39,1,2
0,-1,-1,12.2061,0.0374,39,2,1
0,0,0,12.3458,0.3058,27,2,1
1,2,0,10.8198,0.9792,41,1,2
0,0,0,10.8198,0.8977,26,2,2
0,0,0,10.8198,1.022,57,1,1
0,0,0,9.9035,0.4906,23,1,2
0,2,2,10.5966,0.2771,47,1,1
0,-1,-1,11.5129,0.0057,26,1,1
0,0,0,11.9184,1.059,43,2,2
0,0,0,12.3884,0.0607,36,1,1
0,-2,-1,12.7939,-0.0,37,1,2
0,0,0,11.7753,1.0067,43,1,1
0,0,0,10.8198,0.2117,23,2,2
0,0,0,11.9829,0.1128,60,1,2
0,0,0,12.7367,0.1007,32,2,2
1,0,0,9.9035,0.1166,23,1,3
0,0,0,11.0021,0.3743,52,1,3
0,0,0,12.3014,1.0143,35,2,2
1,-1,-1,12.5425,0.0046,32,2,1
0,0,0,11.0021,0.982,30,1,2
1,2,0,12.3458,0.9655,42,1,1
0,0,0,11.6952,0.0276,41,2,3
0,-1,-1,12.3884,0.0014,30,2,1
0,-2,-1,12.948,0.0072,29,2,1
0,0,0,12.3458,0.2083,31,2,2
1,1,2,10.309,1.0246,26,2,1
0,0,0,12.2549,0.6413,30,2,2
0,0,0,12.4292,0.2051,29,1,1
0,0,0,11.1563,0.8293,34,2,2
0,0,0,9.9035,1.0106,43,2,2
0,0,0,11.7753,0.9521,44,1,3
0,0,0,13.039,0.7,41,1,1
0,0,0,12.0436,0.0303,29,2,2
0,-1,-1,12.2061,0.0359,31,1,2
1,0,0,11.1563,0.4542,43,1,3
1,-1,2,12.2061,0.0011,32,2,1
1,1,-2,9.9035,0.0,30,2,2
0,0,0,12.2061,0.9775,55,1,3
1,2,0,12.4292,0.95,45,1,2
0,0,0,10.8198,0.754,34,1,2
0,0,0,10.309,0.8555,25,2,2
0,-1,0,10.8198,1.0081,44,1,1
0,0,0,11.4076,0.1485,45,1,3
0,2,2,12.7939,0.0069,34,1,1
0,2,2,12.5776,0.0003,45,2,2
0,0,0,12.0436,0.9993,24,1,1
0,-1,-1,12.5776,0.1164,52,2,1
1,1,2,10.309,0.9311,39,1,3
0,-1,-1,12.4292,0.0191,25,2,1
0,0,0,12.2549,0.4979,32,1,3
1,1,-2,12.7939,0.0,30,2,1
0,0,0,11.6952,0.6519,37,2,2
1,-2,-2,12.0436,0.0,28,1,1
0,-1,3,9.9035,0.1706,55,1,3
0,0,0,11.2898,0.965,25,1,2
0,-1,-1,12.2061,0.0094,43,2,2
0,0,0,11.9184,0.2373,32,2,1
1,0,0,11.6082,0.1213,44,2,3
0,-1,-1,12.1007,0.0022,26,2,2
0,-2,-2,13.1616,0.0141,41,2,3
1,2,2,9.9035,0.6218,44,1,3
0,-1,-1,12.1007,0.0413,44,2,2
0,-1,-1,10.309,0.0498,36,1,3
0,0,0,12.8479,0.5945,31,2,1
0,-1,-1,11.9829,0.0311,42,2,1
0,-1,-1,12.3014,0.0805,32,1,1
0,0,0,12.4292,0.4978,29,1,1
0,1,-2,12.7068,-0.001,53,1,1
0,2,0,10.8198,0.4945,26,1,2
0,-1,-1,12.7367,0.0014,35,2,1
0,0,0,12.1007,0.5551,41,2,2
1,0,0,10.309,0.8991,35,1,1
0,1,2,9.2103,0.9503,45,1,3
0,-1,-1,11.6952,0.0033,37,2,2
1,1,-2,12.4292,0.0,38,2,2
0,-1,-1,12.2061,0.0114,39,2,1
1,0,0,13.1224,0.5976,32,2,1
1,1,2,11.4076,0.1041,29,2,1
0,0,0,11.2898,0.0974,38,1,3
1,2,-1,13.5144,0.0013,35,2,2
1,1,-2,12.6115,0.0,34,1,1
0,-2,-2,12.2549,0.0073,44,1,3
0,-1,-1,12.3458,0.0135,37,1,1
0,0,0,12.5062,0.5666,51,1,3
0,0,0,12.5062,0.2034,32,2,1
0,-2,-1,12.1007,0.0,30,2,1
0,-1,-1,12.5425,0.0053,30,2,2
0,0,0,10.8198,0.5851,46,1,2
1,2,2,9.9035,0.9508,26,2,2
0,0,0,12.0436,0.8189,54,2,3
0,0,0,12.6115,0.4838,39,2,2
1,1,2,9.9035,0.0532,50,1,2
1,2,0,11.6082,0.0134,31,2,2
0,1,3,11.2898,0.5917,54,1,2
0,0,0,11.2898,0.8698,23,2,1
0,0,0,11.0021,0.9799,48,2,2
0,0,0,10.309,0.6317,27,1,2
0,0,0,10.5966,0.9931,26,1,1
1,1,-1,12.1007,0.0,43,2,3
0,1,-2,12.5776,0.0,50,1,2
1,3,2,10.8198,0.5411,26,2,1
0,-1,-1,11.9184,0.0111,32,2,1
0,0,0,10.8198,1.0044,41,1,2
0,0,0,9.9035,1.0355,36,1,2
0,2,2,12.1007,0.8791,28,2,1
0,-1,-1,12.7939,0.0851,30,1,1
1,0,0,11.4076,0.9662,33,2,3
0,-2,-2,13.017,0.0465,48,1,1
0,1,-2,11.8494,0.0,29,1,1
0,-1,-1,12.8992,0.0067,27,2,1
0,-1,2,10.8198,0.0992,30,2,2
0,0,0,12.948,0.9661,50,2,2
1,0,0,12.8739,0.6308,35,2,1
0,-2,-2,12.2061,0.1996,40,2,2
0,0,0,11.7753,0.8502,29,1,1
0,-1,-1,12.7939,0.0038,36,2,1
0,0,0,12.5776,0.6778,46,1,2
0,0,0,11.6952,0.9361,24,2,2
1,0,0,10.5966,0.8806,24,2,1
0,-2,-1,13.1224,0.0102,42,1,1
0,-2,-2,11.9184,0.1082,36,2,1
1,-1,2,12.3884,0.0067,26,2,1
0,0,0,11.2898,0.1294,44,1,3
0,-1,-1,12.3014,0.0158,48,2,1
0,-2,-2,11.6082,0.0,31,2,1
0,0,0,12.3014,0.2388,52,2,2
0,1,-2,11.5129,0.0,34,2,2
0,0,0,11.1563,0.0927,42,2,3
0,1,2,10.8198,0.3069,27,2,2
0,-1,-1,12.2061,0.1725,32,2,1
0,-1,-1,12.3014,0.0013,42,1,3
0,2,0,12.2061,1.0167,42,2,3
0,-1,-1,12.7657,0.0181,43,2,1
0,2,0,11.2898,0.7356,24,2,3
0,0,0,10.8198,0.9663,56,2,2
0,-1,-1,12.2061,0.002,32,1,1
0,0,0,11.0021,0.4558,31,2,3
1,0,0,10.8198,1.0036,49,1,3
0,-1,-1,12.7939,0.0218,33,2,1
1,-1,-1,10.309,0.0059,50,2,3
0,2,3,11.4076,0.8494,32,2,2
0,1,-2,12.2061,0.0,32,2,1
0,2,0,11.5129,1.0166,51,1,6
0,0,0,12.2061,0.9814,49,2,3
1,-1,-1,12.6115,0.0065,26,2,1
0,0,0,9.2103,0.8315,30,1,3
0,0,0,12.8992,0.0173,44,1,2
1,1,2,11.7753,0.9746,34,2,3
0,-1,-1,12.1007,0.0064,50,1,2
0,0,0,12.8213,0.1714,27,2,3
0,0,0,11.0021,0.5012,46,2,1
0,0,0,12.2549,0.9768,29,2,1
1,0,0,11.1563,0.1619,46,2,3
0,1,3,9.9035,0.809,33,2,1
0,0,0,12.2061,0.4965,35,2,1
0,0,0,11.7753,0.1692,30,2,2
0,1,2,11.6952,0.9695,38,1,2
0,0,0,12.7068,0.0654,34,2,1
1,2,2,10.309,0.7833,54,2,3
0,0,0,13.0815,1.0477,39,2,2
0,-1,-1,11.5129,0.0144,39,1,1
0,-2,-2,12.5062,0.006,43,2,1
1,2,2,10.5966,0.06,55,2,3
0,1,2,12.1007,1.0021,34,2,2
1,2,0,12.3884,0.7453,25,1,2
0,-1,-1,12.2549,0.0232,38,2,1
0,1,-1,10.8198,0.0001,23,2,2
0,-1,-1,12.3458,0.0062,44,2,3
1,-1,-1,10.8198,0.0535,24,2,2
0,1,3,12.4292,0.0186,41,2,1
0,-2,-2,11.6952,0.0,45,2,3
0,-2,-2,11.9829,0.0114,35,1,2
0,-1,-1,12.2549,0.008,29,1,2
0,0,0,12.4684,0.7842,29,2,1
0,0,0,12.6443,0.2371,32,2,2
1,0,0,10.8198,1.0085,42,2,3
0,-2,-2,12.7939,0.0021,30,2,1
0,0,0,10.8198,0.9829,24,2,1
0,0,0,12.3884,0.831,44,1,2
0,0,0,13.1224,0.1498,49,1,3
0,0,0,11.9184,1.0192,40,2,1
0,-1,-1,11.9829,0.002,38,2,2
0,0,0,12.9239,0.0914,42,2,2
0,2,2,10.8198,1.0286,63,2,3
0,0,0,10.8198,0.947,38,1,3
0,0,0,12.0436,0.6776,29,2,1
0,0,0,11.5129,0.2297,47,2,1
1,2,2,12.3458,0.8396,46,1,1
1,1,2,9.9035,0.891,30,1,2
0,-2,-2,12.0436,0.0233,50,2,1
1,-1,3,11.9829,0.0037,36,2,1
0,-1,-1,12.8992,0.0002,35,1,3
0,0,0,12.7367,0.2439,29,2,1
1,1,2,11.4076,0.7031,31,1,3
0,-2,-1,11.8494,0.0,32,2,1
0,-2,-2,12.5425,0.0027,27,2,2
0,-1,-1,12.1007,0.0035,40,2,2
0,1,1,13.1224,0.0144,53,1,1
0,-2,-2,12.7939,0.0253,34,2,1
0,0,0,10.8198,0.1601,23,1,1
0,-1,-1,12.3014,0.0081,55,1,1
0,0,0,13.1224,0.2877,35,1,1
0,-1,-1,11.5129,0.0078,41,1,2
1,-1,-1,9.9035,0.1708,29,2,1
0,0,0,11.2898,0.9515,26,2,3
0,-1,-1,11.9829,0.0052,38,2,1
0,1,-1,12.3884,0.0,39,1,2
0,-1,-1,13.017,0.0012,36,1,3
0,0,-1,10.8198,0.6878,39,1,3
1,0,0,11.9184,0.1847,37,1,2
0,0,0,12.5776,0.5322,36,2,2
0,0,0,10.8198,0.5926,22,2,2
0,-1,-1,11.2898,0.0025,38,1,3
1,3,2,10.8198,0.5173,45,1,2
0,0,0,10.8198,0.2808,30,1,2
0,0,0,13.1224,0.2287,42,1,2
1,-2,-2,13.1224,0.0064,39,2,1
0,0,0,12.2061,0.223,40,2,3
0,2,2,10.309,1.0226,22,2,3
0,-2,-2,11.2898,0.0048,51,2,3
0,1,2,10.8198,1.0035,50,2,1
1,0,0,10.8198,0.8432,31,1,2
0,0,0,12.5425,0.3373,38,2,2
0,1,-2,12.4684,0.0,48,2,2
0,1,-1,10.309,-0.0267,22,2,2
0,1,-2,12.2549,0.0,28,2,1
1,0,0,10.8198,0.9015,31,2,2
0,0,0,9.9035,0.5374,29,2,2
0,0,0,12.6443,0.4244,47,2,1
0,1,-2,11.5129,0.0,42,2,2
1,0,0,12.1007,0.8953,36,2,2
0,0,0,11.5129,0.19,26,1,1
1,-1,3,9.9035,0.5828,25,1,2
0,0,0,12.3884,0.5345,46,2,2
0,0,0,12.2061,1.005,45,1,2
0,-1,-1,10.309,0.0368,24,2,2
0,-1,-1,13.1224,0.0368,38,2,2
0,-2,-2,12.3458,0.0048,43,2,3
1,0,0,11.6082,0.2608,27,2,3
0,1,-1,12.3458,0.0048,34,2,1
1,1,2,11.2898,0.926,45,2,1
0,1,-2,12.2061,0.0,33,2,1
0,0,0,11.2898,0.9687,51,2,3
0,0,0,12.0436,0.8864,30,1,2
0,-1,-1,11.6952,0.0034,31,2,1
1,1,-1,11.5129,0.0,45,2,1
0,-1,-1,12.2549,1.4328,34,2,1
0,-1,-1,12.6115,0.0128,26,2,1
0,-1,-1,11.1563,0.0056,49,2,2
0,-1,-1,10.309,0.0315,40,2,2
0,0,0,10.309,0.3625,51,2,2
0,0,0,11.2898,1.0387,30,2,2
0,-1,-1,12.1007,0.1623,37,2,1
0,0,0,12.7939,0.4579,28,2,1
0,0,0,10.8198,0.9777,46,1,2
0,0,0,12.0436,0.5359,35,1,5
0,-2,-2,12.3458,0.0,40,2,2
0,-1,-1,13.1224,0.0134,44,1,1
1,3,3,10.309,0.4298,26,1,2
1,-1,-1,11.6952,0.011,31,1,1
1,-2,-2,12.2061,0.0169,38,1,1
0,0,0,11.0021,0.443,38,2,3
0,1,2,11.8494,1.0262,39,1,2
0,0,0,10.8198,0.803,44,1,3
0,-1,-1,11.4076,0.073,35,2,2
0,-1,-1,11.9184,0.006,28,2,1
0,-2,-2,12.4292,0.0027,29,2,3
1,2,0,11.5129,0.1794,24,2,2
1,-1,0,12.6761,0.0582,43,1,1
0,0,0,10.8198,0.9883,31,1,3
1,1,2,11.4076,0.6321,28,2,1
0,0,0,12.4292,0.8511,42,1,2
0,0,0,11.6952,0.9224,27,2,2
0,0,0,11.8494,0.9039,24,2,3
0,-1,0,12.7068,0.0006,34,2,1
0,-1,-1,13.1224,0.0038,33,1,1
0,1,2,10.309,0.0902,24,1,2
1,2,2,11.2898,0.9994,41,1,1
0,1,-1,12.6761,0.0,40,1,1
1,0,0,13.3047,0.3755,50,1,2
1,2,2,12.2061,0.3815,36,2,2
0,1,2,12.3884,0.9525,39,2,2
0,0,0,10.309,0.2184,54,1,2
0,0,0,9.9035,0.7382,33,1,2
0,0,0,11.7753,1.0162,32,2,1
0,0,0,12.1548,0.4996,38,1,3
0,0,0,13.0605,0.0914,46,2,1
0,0,0,10.8198,0.3083,29,2,1
0,0,0,12.4292,0.0148,33,2,2
0,0,0,13.1224,0.3862,45,2,1
0,2,0,13.1224,0.4333,28,1,1
0,0,0,11.0021,0.2668,25,2,1
1,1,2,9.9035,0.648,61,1,2
0,1,1,10.8198,0.735,50,1,2
1,2,2,9.9035,1.0568,45,1,2
0,0,0,11.8494,0.056,27,1,1
0,0,0,11.2898,0.3917,53,2,2
0,0,0,11.6082,0.9664,29,2,2
0,-2,-2,12.7939,0.0094,39,2,1
0,0,0,10.8198,0.0242,21,2,5
0,1,-1,12.8479,0.0,52,1,1
0,-2,-2,10.8198,0.375,38,2,2
0,-1,-1,12.6115,0.001,49,2,2
0,0,0,12.7939,0.1531,29,1,1
0,0,0,11.0021,0.4517,23,2,2
0,0,0,10.309,0.2655,29,1,2
0,0,0,11.6952,0.0782,28,1,1
0,-1,-1,10.8198,0.0278,26,2,1
0,-1,0,11.9184,0.0272,40,2,2
1,2,2,10.8198,0.0868,23,2,2
0,0,0,10.8198,1.0021,23,2,2
1,-1,-1,10.8198,0.0078,39,2,2
0,0,0,13.2177,0.4683,28,2,1
0,1,2,12.1548,0.2607,37,1,2
0,0,0,12.6443,0.1451,37,2,2
0,0,0,11.6082,1.0357,49,1,3
0,-1,0,11.9829,0.5423,27,2,2
0,0,0,12.2061,1.0957,32,2,1
0,-1,-1,12.6115,0.0023,29,1,1
0,0,0,11.9184,0.5786,28,2,2
0,-2,-2,11.4076,0.0,57,1,6
0,0,-1,12.2549,0.0315,26,2,1
0,-1,-1,12.7939,0.0294,33,2,1
1,0,0,11.9184,0.0404,28,1,1
0,-1,2,11.5129,0.003,34,2,2
0,-2,-2,12.1007,0.024,26,2,1
0,0,0,12.5062,0.4108,39,1,2
0,0,0,11.0021,0.9461,53,1,2
1,2,2,12.3014,1.0177,33,2,2
0,-1,-1,12.2061,0.0636,60,1,1
0,0,0,11.6952,0.168,54,2,2
0,-1,-1,13.1224,0.0752,43,1,1
0,1,-2,10.8198,0.0,26,1,5
0,0,0,10.309,1.0,38,1,5
0,0,0,10.8198,0.9802,35,1,2
1,2,-1,9.9035,0.0195,50,2,2
0,1,2,12.3884,0.0886,27,2,1
1,0,0,10.309,0.3493,28,1,1
0,0,0,11.1563,0.9982,45,2,3
1,2,0,10.8198,0.9961,25,2,3
1,2,0,13.1224,0.1971,28,2,1
0,0,0,12.0436,0.3338,41,1,1
0,-1,-1,9.9035,0.0195,22,2,3
0,0,0,11.5129,0.9466,27,2,2
0,1,2,9.9035,0.9276,23,1,1
0,-1,-1,12.2549,0.1068,27,1,3
1,1,2,10.8198,0.9613,41,1,1
0,1,2,9.9035,0.2047,43,2,3
0,0,0,12.1548,0.3058,36,1,2
0,-1,0,9.9035,0.2483,35,1,2
0,0,0,12.3014,0.3434,31,1,1
0,-1,-1,9.9035,0.039,34,2,2
0,0,0,11.8494,0.6355,32,2,3
0,0,0,9.9035,0.7763,27,1,2
1,-1,-1,12.2549,0.0004,50,2,1
1,-1,-1,12.3014,0.0245,36,2,1
1,-1,-1,11.6952,0.0082,38,2,1
1,-1,3,10.8198,0.2139,25,1,2
0,1,2,12.3458,0.0908,24,2,1
0,-1,0,9.9035,0.4762,23,1,3
0,0,0,12.2549,0.6707,31,2,1
0,0,0,12.2549,0.9754,26,1,1
0,0,0,9.2103,0.8188,38,1,1
1,-1,-1,11.5129,0.0122,28,2,2
0,0,0,10.309,0.9015,23,1,2
0,-1,2,12.6115,0.0237,40,1,1
0,0,0,11.8494,0.434,29,1,1
1,0,0,10.8198,0.0989,35,1,2
0,0,0,12.2061,0.0065,40,1,2
0,-1,-1,12.4684,0.0039,33,1,1
1,2,2,12.4292,0.1163,52,1,2
0,-2,-2,13.1224,0.2889,52,2,1
1,2,0,11.0021,0.5367,44,2,3
0,-1,-1,12.7939,0.0012,25,2,2
1,1,1,11.4076,0.3182,41,2,2
1,0,0,11.9184,1.0112,23,1,2
0,1,-2,11.7753,0.0,54,1,1
1,0,0,11.6952,1.0418,52,1,2
0,0,0,11.9829,0.8051,29,1,2
0,0,0,13.1224,0.1791,37,1,3
0,-1,-1,11.7753,0.0038,28,1,1
0,1,-2,12.7939,0.0,29,2,1
1,0,0,11.6952,0.9648,51,1,2
0,1,-1,12.3884,0.0,41,2,2
0,0,0,10.8198,0.8394,35,1,2
0,0,0,10.309,0.4978,27,1,2
0,0,0,10.8198,0.3891,25,1,1
1,2,-1,11.2898,0.0049,38,2,1
0,0,0,12.3458,0.0335,27,2,1
0,0,0,10.8198,0.9326,41,1,1
1,0,0,12.7367,1.1007,42,2,1
1,-2,-2,12.0436,0.0044,30,1,1
0,0,0,13.017,0.0316,32,2,2
0,-1,-1,12.7657,0.0019,36,2,1
0,-1,-1,10.8198,0.3812,50,1,2
0,-1,-1,12.2549,0.0022,25,2,2
0,1,2,12.5776,0.0624,26,2,2
1,0,0,12.1007,0.9714,30,2,1
0,-1,0,12.3458,0.0804,34,2,1
1,0,0,11.8494,0.8948,27,2,2
1,0,-1,10.309,0.096,24,2,1
0,0,0,11.8494,0.9726,26,2,1
0,0,0,10.8198,0.3044,46,1,2
0,-1,-1,11.2898,0.0243,22,2,2
0,0,0,11.6952,0.2935,28,1,1
0,-2,-2,12.8992,0.0224,37,2,2
0,0,0,11.1563,1.3289,43,1,2
1,0,0,12.1548,0.3705,39,2,2
0,0,0,11.0021,0.9505,40,2,2
0,-1,-1,9.9035,0.0559,38,2,3
1,-1,-1,10.309,0.0222,50,2,3
0,-1,-1,13.017,0.0012,41,1,1
1,0,0,11.1563,0.9263,38,2,1
0,-1,0,11.9829,0.3871,38,2,2
0,-1,-1,11.8494,0.0164,30,2,2
1,0,0,11.7753,0.0604,26,2,1
1,2,2,11.1563,0.6384,42,2,2
0,0,0,9.2103,0.7165,34,1,3
0,0,0,10.309,0.9743,54,2,2
0,0,0,9.9035,0.7805,42,1,1
0,-1,-1,12.7939,0.0286,44,2,2
1,2,2,10.8198,0.021,29,1,3
1,1,2,9.9035,0.849,24,1,2
0,-1,-1,11.6082,0.0985,29,1,2
0,-2,-2,11.9184,-0.0,40,2,1
0,0,0,11.8494,0.1542,30,2,2
1,0,0,11.1563,1.0114,47,2,3
0,1,2,11.2898,1.0922,28,1,4
0,-1,0,11.2898,0.1867,32,1,1
0,1,2,10.8198,1.0223,24,1,2
0,0,0,11.5129,0.1471,27,1,1
0,0,0,11.7753,0.0148,35,2,2
0,0,0,12.8992,0.18,32,1,1
1,-1,-1,13.1224,0.0007,41,1,1
0,0,0,13.017,0.0457,26,1,1
0,0,0,11.2898,0.2486,26,2,1
0,-1,-1,13.1224,0.0203,45,1,1
0,-2,-2,12.2549,0.0067,32,2,1
0,0,0,12.9945,0.1536,28,2,1
0,0,0,12.5425,0.1417,27,1,1
1,2,2,9.2103,0.24,50,1,2
0,0,0,12.2549,0.5905,36,2,2
0,0,0,11.5129,0.9664,26,1,1
1,0,0,12.2549,0.03,33,2,1
0,-1,-1,13.1224,0.002,37,2,1
0,0,0,11.9184,0.4375,39,1,1
0,1,-1,12.8739,0.0776,40,2,1
1,2,0,11.5129,0.9736,26,2,2
0,-1,-1,12.6115,0.0168,45,1,1
0,0,0,11.2898,0.9957,46,1,2
0,1,2,10.8198,1.0156,22,1,2
0,0,0,12.2061,0.1542,34,2,2
0,-1,-1,12.8479,0.0186,42,2,1
0,0,0,11.4076,0.8313,25,2,3
1,2,2,10.8198,0.1258,27,1,1
0,-1,-1,10.309,0.0257,51,2,3
0,0,0,12.6115,0.0717,44,1,1
1,-1,-1,9.9035,0.0195,57,1,3
0,-1,-1,10.8198,0.0078,47,2,1
0,0,0,10.8198,0.3754,28,1,1
0,0,0,11.1563,0.9927,42,2,2
0,0,0,12.3458,0.5427,34,2,1
0,0,0,12.5776,0.9567,37,2,2
0,-1,-1,12.3884,0.0021,49,1,1
0,-1,2,12.7068,0.0065,32,1,1
0,0,0,12.6115,0.2904,38,1,1
1,-1,-1,11.9829,0.002,40,2,1
0,0,0,12.7939,0.0786,36,1,1
1,0,0,11.0021,0.9984,49,2,2
0,0,0,12.2061,0.8167,42,1,1
0,0,0,12.3014,0.9827,50,2,1
0,0,0,13.1224,0.8624,42,2,2
1,0,0,9.2103,0.7955,38,1,2
0,1,2,9.9035,0.8812,47,2,2
1,2,0,10.8198,0.4978,33,2,5
1,-1,-1,12.3014,0.0048,27,2,2
1,2,2,11.8494,0.7905,38,1,3
0,0,0,11.2898,0.5302,27,2,1
0,0,0,11.1563,0.986,24,2,1
0,-2,-1,12.8739,0.0044,32,2,1
0,0,0,9.2103,0.8884,47,1,2
0,0,0,12.5776,0.0782,36,1,1
0,-1,-1,12.5425,0.0089,47,1,3
0,0,0,12.4292,0.7202,29,2,2
1,3,2,11.2898,0.4285,45,2,2
0,0,0,13.1224,0.4144,37,2,2
0,0,0,10.8198,0.9595,26,1,2
0,-1,-1,9.9035,0.0853,23,1,3
1,0,0,10.8198,0.3324,23,2,2
1,1,-2,11.9829,0.0,47,2,2
1,2,2,9.9035,0.0825,24,1,2
0,-1,-1,11.2898,0.0069,25,2,3
0,0,0,12.5776,0.9803,27,2,2
0,0,0,9.9035,0.7853,25,1,3
0,0,0,10.309,0.8723,37,2,2
0,-1,2,12.0436,0.406,32,1,1
0,0,0,13.4588,0.644,36,2,1
0,0,0,10.8198,0.924,58,1,3
0,1,-2,12.2061,0.0,31,1,1
0,0,0,9.9035,0.33,27,1,2
0,0,0,11.0021,1.5941,41,1,2
0,1,-1,11.9829,0.0,42,1,3
0,-1,-1,12.8213,0.0374,34,1,2
0,0,0,13.1224,0.4148,49,2,3
0,-2,-2,13.1224,0.4819,40,2,2
1,-1,0,10.8198,0.9021,22,2,1
0,0,0,11.8494,0.5176,36,2,1
1,-1,-1,12.2549,0.0019,50,2,2
1,1,-2,12.6115,0.0,56,2,1
1,0,0,11.0021,0.9294,23,2,2
1,2,2,11.2898,0.6058,60,1,2
0,-1,0,10.8198,1.018,48,1,3
0,0,0,12.3884,0.0894,44,2,2
0,-1,-1,12.7939,0.0055,27,2,1
0,0,0,11.8494,0.1794,24,2,1
0,0,0,12.6443,0.6152,37,1,1
0,0,0,9.9035,0.7206,22,2,2
0,0,0,11.8494,0.3329,29,2,2
0,0,0,12.9945,0.0335,62,1,1
0,0,0,12.7068,0.0528,34,1,2
0,0,0,11.0021,0.4977,26,1,1
0,0,0,11.6952,0.3237,23,2,2
0,-1,-1,12.5776,0.03,34,2,2
0,1,2,9.9035,0.7218,26,1,2
1,1,-1,13.1224,0.001,64,2,2
0,2,2,9.9035,0.0075,25,1,2
1,2,2,11.9184,0.0744,46,2,3
0,-1,-1,13.1022,0.0323,42,2,2
0,0,0,12.0436,0.6395,24,1,2
1,1,2,10.8198,0.0448,27,2,1
0,0,0,11.9184,0.7093,40,1,2
0,-1,-1,12.8739,0.0174,41,1,1
0,0,0,12.8479,0.2082,33,1,1
0,1,-2,12.0436,-0.0016,34,2,2
0,0,0,12.0436,0.3274,26,2,2
1,1,-1,12.8739,0.0,36,1,1
0,2,2,10.309,0.6739,28,2,2
0,-1,-1,12.6115,0.0015,48,2,2
0,-1,-1,12.1007,0.1327,25,2,1
0,0,0,12.7939,0.6711,27,2,2
0,0,0,12.3458,0.0254,42,2,2
1,1,2,10.309,0.8518,28,1,3
0,-1,-1,12.8992,0.0227,45,2,2
1,2,0,9.9035,0.97,47,1,2
0,-1,-1,11.5129,0.0151,26,2,2
1,1,-2,12.7367,-0.0,43,1,2
0,0,0,10.309,0.9283,22,2,2
1,2,-1,12.9945,0.0018,38,1,3
0,2,-1,11.5129,0.0039,46,1,2
0,0,0,10.309,0.8451,28,2,3
1,1,2,9.9035,1.0126,43,1,2
0,1,2,12.2061,1.5186,40,1,2
0,0,0,12.1007,0.9311,34,1,2
0,-2,-1,10.8198,0.4653,34,2,2
0,0,0,12.2549,0.5504,27,2,2
0,0,0,12.2549,0.4509,24,2,2
0,0,0,12.3014,0.8668,36,2,1
0,2,0,12.3884,0.764,36,1,1
1,0,0,12.2061,0.031,33,1,2
1,0,0,9.9035,0.97,46,1,2
0,-1,-1,12.1007,0.0778,33,2,1
1,2,0,11.4076,0.9947,26,2,1
1,-1,-1,11.7753,0.0045,56,1,3
1,2,2,11.5129,0.876,51,1,1
0,1,-2,13.017,-0.0005,54,2,1
0,0,0,12.2549,0.4214,42,1,2
0,0,0,12.8479,0.326,28,2,2
0,0,0,9.9035,1.0123,39,2,2
0,0,0,10.8198,1.0215,27,2,1
1,-1,-1,10.8198,0.0271,24,2,1
0,0,0,11.9829,0.2735,42,1,3
0,1,-1,13.017,-0.0,27,2,1
0,2,2,10.309,0.6383,47,1,3
0,0,0,12.6443,0.6909,31,2,3
1,2,0,10.8198,0.8365,26,1,3
0,0,0,11.9829,0.2405,35,1,3
0,-1,-1,12.0436,0.0056,31,1,1
0,0,-1,12.3458,0.0683,28,2,1
0,0,0,9.9035,0.1778,25,1,3
0,-2,-2,10.8198,1.29,22,2,2
0,-2,-2,11.8494,0.5494,25,2,3
0,1,2,10.8198,0.9755,43,2,2
0,-2,-2,12.5425,0.0086,31,2,2
0,-2,-2,12.7939,0.0006,31,2,1
0,0,0,10.8198,0.9161,22,1,3
0,0,0,9.9035,0.987,21,1,2
0,0,0,12.6443,0.2834,34,2,2
0,0,0,12.4684,0.0291,33,2,3
1,3,2,11.2898,0.0983,41,1,1
1,1,2,10.309,0.4449,42,1,3
0,0,0,12.7367,0.3986,29,2,2
0,-1,-1,12.4684,0.1423,27,2,1
0,0,0,12.948,0.0799,40,2,2
1,2,2,11.2898,0.1612,54,2,1
0,0,0,12.8992,0.1119,36,1,1
0,-1,-1,13.039,0.0669,50,1,1
0,0,0,12.2061,0.1562,39,1,2
0,-1,-1,11.9829,0.0024,52,1,2
1,0,0,11.1563,0.0874,26,1,1
0,-2,-2,12.5776,0.589,43,1,3
0,0,0,11.6952,0.4179,29,2,1
0,0,0,11.5129,0.2446,26,2,1
0,0,0,10.309,0.9127,55,2,3
1,2,0,10.309,0.4849,23,2,1
0,0,0,10.8198,0.6792,23,2,1
1,-1,-1,12.2549,0.0212,39,2,1
1,1,3,9.2103,0.553,24,1,3
0,-2,-2,12.4292,0.0735,50,2,1
0,1,-1,12.3458,0.0,31,2,2
0,-2,-2,11.9184,0.0,26,1,1
1,1,2,9.9035,1.0836,22,2,1
0,0,0,11.9184,0.5362,41,2,2
0,0,0,9.9035,0.293,48,1,3
0,-1,-1,12.8992,0.0048,30,2,1
0,2,2,9.9035,0.888,40,2,2
1,-1,-1,12.9945,0.0014,45,2,2
0,-1,-1,9.9035,0.072,26,1,2
0,-1,-1,12.6761,0.001,26,1,1
0,0,0,12.6115,0.1367,37,1,1
0,-1,-1,10.8198,0.3793,24,2,3
0,0,0,12.2549,0.5274,27,1,1
0,-1,-1,12.7657,0.0068,33,2,1
0,-1,-1,13.0605,0.0027,33,1,1
0,-2,-2,12.6115,0.0,28,2,1
1,2,2,10.309,0.035,25,1,2
0,0,0,12.2549,0.8572,28,1,2
0,0,0,10.309,0.2767,37,2,1
0,0,0,12.2061,0.6392,27,2,2
0,0,0,11.8494,0.5879,41,1,2
0,0,0,10.8198,0.9086,26,2,1
1,1,2,9.2103,0.9001,32,1,2
0,0,0,12.8739,0.2993,28,2,2
0,0,0,10.8198,0.9635,50,2,3
1,0,0,10.8198,0.3244,25,2,2
0,-1,-1,10.309,0.1826,31,2,3
1,3,3,10.8198,0.5433,31,2,1
0,1,-2,10.8198,0.0,33,2,1
0,0,0,12.4684,0.9761,41,1,1
0,1,-2,10.8198,0.0,34,2,1
0,-1,-1,11.8494,0.0046,28,1,1
0,0,0,13.1022,0.8622,28,1,1
1,1,2,11.0021,1.0071,24,2,2
1,2,0,11.2898,0.7785,39,1,1
0,0,0,11.2898,0.6442,26,1,1
0,0,0,12.5776,0.559,28,1,1
0,0,0,12.5425,0.373,28,1,2
0,0,0,11.7753,0.8595,29,1,2
0,-1,-1,9.9035,0.1456,52,1,3
1,0,0,10.8198,0.971,31,1,2
0,1,-1,12.7068,0.0029,28,2,1
1,0,-1,11.9184,0.6396,40,2,3
0,0,0,11.9184,0.6449,26,2,2
0,0,0,12.2549,0.3876,27,1,2
1,0,0,9.2103,0.5757,28,1,2
0,0,0,12.6115,0.05,32,2,3
0,0,0,11.8494,1.0028,35,2,2
0,1,-2,10.8198,0.0,26,2,2
0,-1,-1,11.8494,0.0125,30,1,1
0,0,0,10.8198,0.9322,32,2,2
0,-1,0,13.1224,0.0027,35,1,1
0,0,0,13.1224,0.14,36,2,3
0,2,-1,9.9035,0.0721,38,1,2
0,-1,-1,12.948,0.025,47,1,1
1,1,2,11.0021,0.3668,37,1,2
0,0,0,11.0021,0.5002,37,1,2
0,0,0,12.1548,0.8335,35,2,2
1,3,2,12.3014,0.0114,48,1,1
1,2,2,11.6082,0.7889,28,2,2
0,-1,-1,12.5776,0.0045,33,1,2
0,2,0,10.8198,1.0021,25,2,2
0,0,0,11.6082,1.9164,39,2,2
0,-2,-2,12.3458,0.0093,35,2,2
0,-1,-1,12.4292,0.065,42,2,1
0,0,0,11.5129,0.0714,26,1,1
0,0,0,10.309,0.9688,23,2,1
0,1,-2,12.3458,0.0,47,1,1
1,0,0,10.8198,0.9932,29,1,2
0,1,-1,12.948,-0.0005,33,1,1
0,0,0,10.309,1.0082,33,1,2
1,1,2,9.9035,0.4417,34,1,1
0,0,0,12.2061,1.0045,43,2,1
0,1,2,11.4076,0.193,27,2,1
0,0,0,11.6082,0.6075,45,1,3
0,0,0,11.0021,0.9742,26,2,2
0,0,0,11.2898,0.4705,35,1,1
0,1,2,10.8198,1.7116,41,1,3
0,1,-2,12.1007,0.0,28,1,1
0,0,0,11.6082,0.9929,39,2,2
0,0,0,11.9184,0.3352,33,2,1
0,0,0,11.6952,0.8733,30,2,2
0,0,0,11.9184,1.0145,40,1,1
0,-1,-1,12.7939,0.0254,42,2,3
1,0,0,11.0021,0.4391,56,1,2
0,0,0,13.0815,0.1438,40,1,2
0,0,0,12.8992,0.9829,25,2,2
0,1,2,11.0021,0.7373,24,2,2
1,0,0,12.3884,0.8255,29,2,2
0,0,0,10.309,0.1138,27,2,1
0,0,0,12.3884,0.5756,38,2,1
1,0,0,10.8198,0.3274,23,2,2
0,0,0,11.7753,0.7036,27,2,1
0,2,0,10.309,0.7926,49,2,2
0,0,0,9.2103,0.9159,35,1,2
0,0,0,12.1007,0.2879,27,1,2
0,0,0,12.3458,0.0624,26,2,3
0,1,2,10.309,0.9562,27,2,1
0,1,2,10.8198,0.1568,52,1,3
0,-1,-1,13.1224,0.0022,30,1,1
0,-2,-1,12.7939,0.0,30,1,2
0,-2,-2,13.039,0.7031,43,2,1
0,0,0,9.2103,0.8509,32,2,2
0,0,0,12.5062,0.1782,32,2,1
0,0,0,11.2898,0.5469,43,1,2
0,0,0,11.5129,0.8758,32,1,1
1,2,2,9.9035,0.6526,42,1,3
1,-1,-1,12.6115,0.0012,38,1,2
0,-1,-1,10.309,0.0812,44,2,2
1,1,-1,11.9829,-0.0005,33,1,1
0,0,0,10.309,0.2401,25,2,2
0,-1,-1,11.9829,0.0263,31,2,1
0,-2,-2,12.8479,0.0007,31,2,1
0,0,0,12.1007,0.9123,43,1,2
0,0,0,11.5129,0.9963,45,1,1
0,-1,-1,12.4684,0.001,38,1,1
0,0,0,12.1007,0.6699,25,2,3
0,0,0,12.3884,0.9589,38,1,3
1,0,0,10.309,0.2096,44,1,2
0,0,0,10.8198,0.4066,26,1,2
0,-1,-1,12.1007,0.0435,43,2,2
0,-1,0,9.9035,0.0305,24,1,2
1,0,0,11.7753,0.3741,31,1,2
0,-1,-1,12.3884,0.001,36,1,1
0,1,-2,11.9829,0.0,35,2,5
1,0,0,11.0021,0.0752,29,1,3
0,0,0,11.5129,0.9652,35,1,3
0,1,-2,12.6761,0.0,28,2,2
0,0,0,11.6082,0.3049,62,2,2
1,2,2,10.8198,0.9781,31,2,1
1,2,0,10.8198,0.5537,38,1,2
0,0,0,11.8494,0.9934,39,1,2
1,0,0,11.2898,1.016,46,1,2
0,0,0,10.8198,0.9477,23,1,2
1,1,2,11.8494,0.9301,35,2,2
0,0,0,12.2549,0.0273,52,2,2
0,0,0,11.7753,0.0616,35,1,2
1,-1,-1,12.2061,0.0207,31,2,1
0,0,0,11.6082,0.0382,40,1,2
0,2,2,11.8494,0.7661,27,2,2
0,-1,-1,9.9035,0.0195,43,1,2
1,0,0,13.017,1.3572,30,1,2
0,0,0,12.0436,0.5122,36,1,2
0,0,0,12.0436,0.9332,36,2,2
0,0,0,12.1007,0.9765,29,1,2
0,0,0,12.2061,1.5167,39,1,1
0,0,0,11.2898,0.3178,27,2,2
0,0,0,11.9184,0.1063,41,2,2
1,0,0,11.9829,0.9831,31,1,1
0,0,-1,11.0021,0.051,38,1,3
1,4,3,12.3884,0.1989,39,2,2
1,0,0,9.9035,0.6274,24,1,2
0,0,0,13.1224,0.8995,30,1,1
0,-1,-1,12.5425,0.0328,50,2,2
1,3,2,12.2061,0.8804,50,1,1
0,-1,-1,12.5776,0.0229,29,2,1
1,0,0,11.2898,0.944,34,2,1
1,2,2,9.9035,0.1365,61,2,3
0,-1,-1,12.8992,0.1223,41,2,1
0,0,0,10.309,1.0196,53,2,3
1,0,0,11.7753,0.9911,34,1,1
0,-1,0,11.0021,0.0807,33,1,2
0,0,-1,9.9035,0.072,37,1,3
0,1,-2,11.9829,-0.0,43,1,2
0,1,2,11.6082,0.9534,25,2,2
0,0,0,12.3458,0.379,40,1,1
0,-1,-1,9.9035,0.9178,22,2,1
0,0,0,11.8494,0.1111,34,2,2
0,0,0,11.7753,0.3554,48,2,3
1,2,2,11.7753,0.142,47,2,1
0,0,0,12.2061,0.5684,30,1,2
1,2,2,11.0021,0.0784,43,2,3
0,1,-1,9.9035,-0.0216,25,1,1
1,1,-2,11.6082,0.0,32,2,1
1,1,-1,12.6761,0.0,27,2,1
0,2,0,11.7753,0.6786,40,1,3
0,3,5,12.5425,1.1711,50,1,1
0,-1,-1,12.5776,0.0055,34,1,1
0,0,0,10.309,0.5966,28,2,3
0,0,-1,11.2898,0.6809,28,1,2
0,0,0,11.1563,0.1559,24,2,1
0,0,0,11.2898,1.0101,44,2,3
0,-1,-1,12.2061,0.0093,33,2,1
0,0,0,10.8198,1.9279,28,1,2
0,0,0,11.6952,0.4996,28,1,2
0,0,0,11.2898,0.6454,29,1,1
1,2,0,12.2061,0.258,35,2,2
0,-2,-2,11.4076,0.0212,34,2,2
0,1,2,10.309,0.9934,38,2,2
0,-1,-1,10.309,0.1163,29,2,3
0,0,0,10.8198,0.9497,23,2,3
0,0,0,11.9184,0.9921,31,1,2
0,-1,0,12.5425,0.9167,42,2,2
0,0,0,9.2103,0.6892,25,1,3
0,0,0,11.9829,0.6032,35,2,2
0,0,0,11.9829,0.3212,30,2,2
0,-1,-1,12.8739,0.0163,46,1,1
1,0,0,10.8198,0.6807,22,1,2
0,0,0,10.8198,0.3768,26,1,2
0,0,0,11.9184,0.6355,28,1,2
0,0,0,10.8198,0.9421,23,1,3
0,0,0,12.1548,0.4388,39,2,1
1,2,2,9.2103,0.0142,29,1,3
0,1,-2,12.2549,-0.001,37,2,1
0,-2,-2,12.3458,0.0064,32,1,1
0,-1,-1,11.9184,0.034,52,2,1
0,-1,0,12.3458,0.0189,34,2,1
0,1,2,11.2898,0.0611,28,2,1
0,-1,-1,11.9829,0.0112,31,2,5
0,-1,-1,13.1224,0.0666,27,2,1
0,0,0,12.1007,0.241,34,2,1
1,1,2,10.309,0.9617,23,2,2
0,0,0,11.7753,0.8728,47,2,1
0,0,0,9.2103,1.04,46,2,3
0,-1,-1,9.9035,0.0325,45,2,2
0,0,0,10.309,0.6185,27,1,3
1,0,0,10.309,0.6999,38,1,2
0,0,0,12.6761,0.6452,39,2,1
1,3,2,9.2103,1.0034,23,1,2
0,-1,-1,12.7657,0.0146,53,2,0
0,0,0,9.9035,0.8682,35,1,3
0,1,4,10.8198,1.0617,25,1,2
0,0,0,12.6443,0.4955,28,1,1
0,0,0,11.2898,0.8265,34,1,2
0,-1,-1,12.0436,0.011,43,1,1
1,2,0,9.2103,0.997,52,2,3
0,1,-2,10.309,0.0,41,1,3
0,-1,-1,12.0436,0.0117,46,2,3
0,-2,-2,12.3458,0.003,32,2,1
0,0,0,10.8198,0.3228,23,2,2
0,1,-2,12.6115,0.0,52,2,1
0,1,-2,12.2549,0.0,37,1,2
0,0,0,9.9035,1.0654,36,2,3
0,0,0,9.9035,0.8217,32,2,2
0,2,2,9.9035,0.8462,25,2,2
0,0,0,11.2898,0.3955,29,1,1
0,0,-1,10.309,0.2643,22,2,2
1,2,2,12.2061,0.7828,33,1,1
0,2,-1,12.2549,0.0056,31,1,1
0,-1,-1,12.7068,0.0027,42,2,1
1,2,2,10.309,0.4807,25,1,2
0,-1,-1,12.5425,0.0625,39,1,1
0,-1,-1,12.6115,0.0065,37,1,1
0,1,2,9.2103,0.6091,42,1,3
0,0,0,10.8198,0.5558,24,2,2
0,-1,-1,12.5425,0.0014,49,1,2
0,0,0,9.9035,0.734,51,1,2
0,-1,-1,11.7753,0.0115,32,1,2
0,0,0,9.9035,0.9096,25,1,2
0,-1,-1,11.6952,0.0485,26,2,2
0,-1,-1,12.8992,0.0194,33,2,1
0,-1,-1,12.6115,0.021,39,2,2
0,0,0,10.309,0.4258,23,2,2
1,0,0,9.9035,0.7418,47,1,2
0,-1,-1,12.6761,0.0771,43,2,2
0,0,0,11.2898,0.6776,57,1,2
0,-2,-2,11.9829,-0.0014,59,1,3
0,0,0,11.2898,0.5864,50,2,3
0,-1,-1,12.5425,0.0985,47,2,3
1,1,-2,12.2549,0.0,28,2,1
0,0,-1,12.4292,0.0351,27,2,1
0,-1,-1,11.6952,0.0268,27,2,1
0,0,0,9.9035,0.7842,27,2,2
0,0,0,12.2061,0.3622,35,2,2
0,0,0,11.5129,0.4205,45,1,1
0,0,0,11.2898,0.6086,53,2,2
0,-1,-1,13.017,0.0005,39,2,1
0,-1,-1,12.2061,0.0261,38,2,1
0,0,0,10.8198,0.9563,28,2,2
0,0,0,13.1224,0.0876,31,2,2
0,0,0,10.8198,0.8933,25,1,1
0,0,0,13.017,0.1614,29,2,1
0,-1,-1,11.7753,0.006,30,2,1
0,-2,-2,12.3014,-0.0002,29,2,1
0,-2,-2,12.2549,0.0019,38,2,2
0,0,0,10.8198,1.014,57,1,1
0,0,0,12.4684,1.003,31,1,2
0,0,0,11.1563,0.5124,26,2,2
1,0,0,10.8198,0.9809,37,1,2
1,2,2,9.9035,0.6381,28,1,2
1,1,2,12.0436,0.5379,34,1,2
0,0,0,11.5129,1.0466,34,2,2
1,-1,0,12.2061,0.0596,30,2,2
1,1,2,10.309,0.9361,59,2,3
0,0,0,12.6115,0.2993,39,2,1
1,3,2,12.7939,0.0069,28,2,2
0,0,0,11.8494,0.9206,33,1,1
0,-1,-1,12.7939,0.0006,28,2,2
0,0,-1,11.9184,0.2152,43,2,2
0,0,0,12.5425,0.533,37,1,2
0,-1,-1,12.3458,0.0063,46,2,2
0,0,0,11.2898,0.879,46,2,3
0,0,0,10.8198,0.4108,32,1,1
1,1,-1,12.1007,0.0,30,1,1
1,2,2,11.5129,0.3268,34,1,2
1,1,2,10.309,0.7332,30,1,1
0,2,2,11.2898,0.723,37,1,1
0,-1,0,13.1224,0.0577,39,2,1
0,-2,-2,11.9184,0.0454,33,2,2
0,1,2,10.8198,0.1713,22,2,2
0,-2,-2,12.4684,0.0231,42,2,1
0,0,-1,12.9239,0.0273,35,2,2
0,0,0,10.8198,0.7969,33,2,3
0,0,0,11.5129,1.0055,39,2,2
0,0,0,11.4076,0.694,37,2,3
0,2,0,10.8198,0.3287,32,1,1
0,1,2,12.2061,0.4661,51,2,2
0,-1,-1,12.3884,0.0283,33,1,1
1,-1,2,12.7939,0.0171,29,1,1
0,-1,-1,12.0436,0.2923,37,2,1
1,2,2,11.2898,0.5211,30,2,3
0,-2,-2,12.4684,0.0333,49,1,3
0,0,0,11.1563,0.7602,55,2,2
0,0,0,10.309,0.8943,43,2,3
0,0,0,12.5776,0.899,35,2,2
1,0,0,11.6082,1.0086,46,2,2
1,0,0,11.6082,0.5228,30,1,2
0,0,0,12.2061,0.4685,40,1,2
0,0,0,11.1563,0.7557,22,2,3
0,0,0,11.9184,0.5624,29,2,2
0,0,0,12.7367,0.3143,43,2,2
1,2,0,10.309,0.3448,25,2,2
0,-1,-1,12.2061,0.002,40,1,1
0,-1,-1,12.8992,0.0125,44,2,2
0,0,0,11.6082,0.4763,41,2,2
0,0,0,12.948,0.1335,36,1,2
0,0,0,11.9184,1.5506,45,2,5
0,0,0,12.5776,0.337,36,2,1
0,1,-2,11.9829,0.0,58,1,1
1,-1,-1,10.8198,0.8892,31,1,3
0,0,0,11.9184,0.8846,25,1,1
0,0,0,13.1224,0.1654,29,2,1
0,0,0,11.8494,0.3919,26,2,2
0,-1,-1,12.2061,0.0089,44,1,1
1,-1,-1,12.3458,0.0023,46,1,1
0,0,0,11.0021,0.8998,26,2,2
0,-1,-1,11.9184,0.0034,38,1,2
0,-1,-1,12.7367,0.0079,29,2,1
0,0,0,11.8494,0.04,30,1,1
0,1,3,9.9035,0.3124,41,2,1
0,0,-1,12.2061,0.0726,26,2,1
0,-1,-1,9.9035,0.1261,44,1,3
0,0,0,12.6115,0.2148,29,2,1
1,-1,-1,12.2061,0.0102,64,2,1
0,0,0,12.1007,1.0022,28,1,1
0,2,0,10.309,0.9299,24,2,3
0,-1,-1,12.7657,0.2383,62,1,1
0,-1,-1,11.9829,0.0202,28,1,1
1,2,0,9.9035,1.0103,42,2,3
0,1,-1,11.7753,0.0,28,1,1
0,0,0,12.1007,0.9254,43,2,1
1,2,2,12.3014,0.8897,36,2,2
0,0,0,11.6952,0.4552,25,2,2
0,0,0,13.1224,0.0968,33,2,2
1,-2,-2,11.9184,0.0193,29,2,1
0,-1,-1,12.1007,0.1012,29,1,1
0,-2,-2,12.9945,0.8875,30,1,1
0,0,0,12.1548,0.9969,35,2,2
1,-2,-2,11.9829,0.0048,40,2,2
0,0,0,9.9035,0.3186,37,1,2
0,0,0,10.309,0.3352,44,1,3
0,1,-2,12.948,0.0193,32,1,1
0,0,0,12.8213,0.185,28,2,1
0,1,2,11.0021,1.042,35,1,2
0,0,0,12.1007,0.5931,43,1,2
0,0,0,11.4076,0.1886,25,2,3
1,2,0,12.4292,0.2791,24,2,2
1,0,0,10.309,0.8372,25,2,1
0,-1,-1,11.8494,0.0323,41,1,1
0,0,0,12.1007,0.2872,26,2,1
0,0,0,11.1563,0.1742,30,2,1
1,-2,-2,12.6761,0.0933,36,2,2
0,1,-2,11.9184,0.0,28,1,1
1,0,0,9.9035,0.1892,29,1,2
1,0,0,10.309,0.6347,25,1,1
0,0,0,13.1224,0.4796,31,1,1
0,2,2,10.309,0.0067,22,2,2
0,-1,-1,10.8198,0.0156,41,1,2
0,0,0,9.9035,0.2928,44,1,3
1,2,2,9.2103,0.0103,51,2,3
0,-2,-2,13.1224,0.0007,45,2,3
1,2,2,9.9035,0.1451,25,1,1
0,0,0,12.2061,0.2028,28,2,1
0,0,0,9.2103,0.6106,31,1,2
1,2,2,10.8198,0.8973,43,2,3
0,-1,0,12.6761,0.5543,35,2,2
0,0,0,10.8198,0.9746,41,1,2
0,0,0,10.309,0.5212,41,2,1
1,-1,-1,11.6082,0.0228,36,1,3
0,1,-1,10.8198,0.0,35,2,1
0,1,2,11.8494,0.8042,29,2,1
0,-1,-1,11.4076,0.006,44,2,1
1,0,0,11.0021,0.993,49,1,2
0,2,2,9.9035,0.8138,24,1,2
0,0,0,12.7367,1.4981,62,2,1
0,1,3,10.309,1.0662,29,1,2
1,-1,-1,12.0436,0.0028,35,1,1
1,2,0,11.7753,0.4131,45,1,1
0,0,0,12.4292,0.0244,44,2,2
0,-1,-1,12.2061,0.002,36,2,2
1,0,0,9.2103,0.31,49,2,2
0,-1,-1,12.1007,0.0774,29,2,2
0,-1,-1,12.3458,0.0388,29,2,1
0,-1,-1,12.2061,0.0551,45,2,3
0,0,0,11.4076,1.4529,33,2,3
0,-1,-1,11.7753,0.0305,28,1,3
0,-1,-1,12.3458,0.0048,26,1,1
0,0,0,12.6761,0.9047,36,1,2
1,2,2,10.309,0.8122,34,1,3
0,0,0,11.2898,0.7249,25,2,2
1,-1,-1,11.2898,0.0125,35,2,1
0,-1,-1,12.4684,0.0304,45,2,2
1,2,0,9.9035,0.704,26,1,3
1,-1,0,12.2061,0.004,34,2,2
0,0,0,11.2898,0.6832,23,2,2
0,0,-1,11.5129,0.6038,42,2,1
0,0,0,11.9184,0.2647,35,2,5
0,0,0,11.2898,0.9538,27,2,1
0,0,0,9.9035,0.3842,48,2,2
0,0,0,12.2061,0.0758,26,2,2
1,2,0,11.6952,0.3071,41,2,2
1,2,0,10.309,1.5623,50,1,3
0,0,0,12.2061,0.5907,37,1,1
0,0,0,11.2898,0.9741,38,2,3
1,-1,-1,12.5425,0.0427,46,2,1
0,0,0,13.1224,0.7067,40,1,1
0,-1,-1,11.6952,0.0058,37,2,1
0,-1,0,12.3014,0.0183,41,2,2
0,0,0,12.7939,0.0175,34,1,2
0,0,0,12.2549,0.6782,35,2,1
1,1,3,11.9829,0.0283,28,2,1
1,-2,-2,11.5129,0.0,29,2,1
0,-1,-1,12.8992,0.0105,31,2,1
0,0,0,11.6082,1.0118,46,2,2
1,1,-2,12.7939,0.0,37,1,1
0,0,0,13.1224,0.0795,48,2,2
0,0,0,11.7753,0.8973,27,1,2
0,-2,-2,11.0021,0.2979,26,2,1
0,-1,-1,12.3884,0.1416,39,1,1
0,-2,-2,11.5129,-0.0001,40,2,2
0,-1,-1,11.9184,0.0346,38,2,2
0,0,0,12.5776,0.7216,39,1,2
0,0,0,10.8198,0.6822,43,1,2
0,1,-1,10.309,0.2964,46,2,2
0,-1,-1,12.2549,0.0064,35,2,2
0,-1,2,11.5129,0.1473,30,2,1
0,-1,2,10.309,0.026,40,2,3
0,-1,-1,10.309,0.3106,34,2,3
0,2,3,11.2898,0.9811,34,2,3
1,2,2,10.309,0.085,24,2,2
0,0,0,11.1563,0.4654,41,2,3
0,-1,-1,13.0605,0.0063,27,2,1
1,1,-2,12.1007,0.0,39,2,1
1,0,0,9.9035,0.8553,32,1,2
0,0,0,12.948,0.4652,60,1,1
1,0,0,11.5129,0.952,29,2,2
0,0,0,11.7753,0.1432,53,2,3
0,-1,-1,12.2061,0.0039,34,1,1
0,1,2,11.9184,0.0714,44,1,1
0,0,-1,12.9239,0.017,30,2,1
1,-1,-1,10.309,0.0349,40,1,1
1,1,2,9.9035,0.4676,23,1,2
0,0,0,11.7753,0.9756,30,2,2
0,-2,-2,12.1007,0.0,28,2,1
0,0,0,11.6952,0.376,32,1,1
0,0,0,12.1548,0.2311,27,2,3
0,0,0,10.309,0.8964,53,2,2
0,0,0,12.0436,0.4309,28,1,1
0,1,2,11.6952,0.9236,32,1,3
0,1,2,10.8198,0.711,34,1,2
0,1,-1,11.5129,0.0,50,1,2
1,2,2,9.9035,0.5186,26,2,2
1,-1,-1,10.5966,0.0128,25,1,1
0,-1,-1,12.6115,0.0036,45,1,1
0,1,-2,12.3458,0.0,37,2,3
1,-1,-1,12.5425,0.0184,38,2,1
0,1,-2,13.017,0.0,37,2,1
0,0,0,12.4684,0.0286,30,1,2
0,0,0,10.8198,0.8799,39,2,3
1,2,2,10.8198,0.051,29,2,2
0,0,0,12.3884,0.9492,36,2,2
0,1,2,11.1563,0.3273,32,2,2
0,0,0,11.0021,1.0154,30,2,2
0,0,0,12.3458,0.6974,31,2,2
0,0,0,10.309,0.9053,27,1,1
1,1,2,11.2898,1.0108,29,2,3
0,-2,-2,12.7939,0.0,40,2,2
0,0,0,12.2061,0.2551,49,2,1
0,-1,2,11.9184,0.0012,37,2,1
0,-2,-2,12.4684,0.0015,42,2,1
0,0,0,12.1007,0.7023,24,2,2
0,-1,0,12.3014,0.0372,32,2,3
0,0,0,12.1007,0.2377,40,2,1
0,0,0,11.4076,0.8585,46,2,6
0,0,0,9.9035,0.7279,24,1,2
0,0,0,12.5776,0.5957,31,2,2
0,-1,-1,12.2549,0.0019,35,1,2
0,0,0,9.9035,0.9276,31,1,1
0,0,0,12.6443,0.3714,27,2,1
0,0,0,12.3884,0.2766,42,1,2
1,-2,-1,12.7068,-0.0,42,2,2
1,0,-1,12.6443,0.0047,29,2,2
1,2,2,10.309,0.0067,26,1,2
0,0,0,13.0605,0.2863,37,1,1
0,0,0,12.5425,0.3205,56,2,1
0,1,-2,11.6952,0.0,34,2,1
1,-1,-1,12.3884,0.0203,28,1,2
0,-1,-1,13.5924,0.0095,53,1,2
1,-1,-1,12.6761,0.0052,30,2,1
0,0,0,11.8494,0.7378,34,2,1
0,2,2,9.9035,0.444,25,1,2
0,1,-2,11.9829,0.0,43,2,2
0,0,0,12.5425,0.8494,38,2,2
0,0,0,12.7068,0.5058,33,2,2
0,-1,-1,12.3458,0.1522,24,2,1
1,-1,2,10.8198,0.0234,25,1,2
0,1,0,12.2549,0.1041,33,2,2
0,1,-2,12.0436,0.0,29,1,2
0,0,0,12.3014,0.7243,47,1,1
0,-1,-1,11.4076,0.013,30,1,1
0,1,2,9.9035,0.5669,26,1,2
0,0,0,13.0815,0.0434,31,2,2
0,0,0,11.8494,0.2917,36,1,1
0,0,0,11.9829,0.6079,41,1,1
1,0,0,11.2898,0.9792,41,2,2
0,2,0,11.5129,0.7222,22,2,1
0,0,0,12.6443,0.5949,35,2,2
0,-1,-1,12.2061,0.0019,36,2,2
0,0,0,10.8198,0.5066,55,1,2
1,2,2,11.5129,0.7835,39,2,2
0,1,-1,12.3884,0.0,26,2,1
0,0,0,10.309,0.6037,53,1,2
0,-1,-1,12.1007,0.0205,43,1,3
1,0,0,10.5966,0.9568,24,2,1
0,0,0,11.1563,1.0152,31,2,2
0,0,0,10.8198,0.6126,22,2,2
0,1,0,13.1224,0.0056,30,1,2
0,-1,-1,12.2061,0.002,33,2,1
1,2,2,12.4292,0.0099,51,1,1
0,1,2,10.8198,0.9704,49,1,1
0,1,-2,12.1007,0.0,33,1,2
0,-1,-1,11.9829,0.0225,42,2,1
0,1,2,9.9035,0.7738,40,1,2
0,0,0,10.8198,0.5464,44,2,2
0,0,0,9.9035,0.8582,23,2,1
0,-1,-1,11.9184,0.0019,24,2,1
0,0,0,12.7939,0.0813,48,1,2
0,0,0,9.9035,0.4407,28,1,2
0,0,0,12.0436,0.4221,32,2,2
0,0,0,10.309,0.9247,42,1,3
0,0,0,11.2898,0.6191,29,2,2
0,0,0,11.6082,1.0101,25,2,2
0,-1,-1,11.8494,0.0086,25,1,2
0,0,0,10.8198,1.0143,34,1,2
0,0,0,11.6952,0.7351,34,2,2
0,0,0,9.2103,1.8289,22,1,3
0,-1,-1,9.9035,0.0858,43,2,1
1,-1,-1,12.1007,0.0255,31,2,1
0,0,0,12.3884,0.2116,24,2,2
1,1,2,11.6952,0.0525,30,1,2
0,0,0,11.9184,0.0599,28,2,1
1,2,2,10.309,0.0798,55,1,3
0,-1,-1,11.2898,0.2234,31,1,1
1,0,0,10.8198,0.0909,28,1,1
1,2,2,10.309,0.886,58,2,3
0,-1,-1,12.2061,0.0479,29,1,1
1,-1,-1,13.0815,0.0037,31,2,2
1,2,0,10.8198,0.4227,55,1,2
1,2,2,10.309,0.9408,23,1,2
1,-1,-1,12.6115,0.0261,31,2,1
0,0,0,13.1224,0.0099,36,2,2
0,-1,0,12.7657,0.0522,30,1,1
0,-2,-2,11.9184,0.0452,41,1,1
0,0,0,10.309,0.6776,46,1,2
0,1,2,9.9035,1.021,25,2,1
0,0,0,12.8479,0.7951,41,2,2
1,0,0,11.1563,0.5781,42,2,1
0,-1,-1,12.6115,0.01,40,2,2
1,1,2,11.9829,0.501,27,1,3
0,1,-1,12.3458,0.0014,32,2,2
0,-1,-1,12.4684,0.0009,51,1,1
0,-2,-2,12.7939,0.5412,37,1,2
0,0,0,10.8198,0.9806,26,2,2
0,-1,-1,9.9035,0.125,24,1,2
0,0,0,11.8494,0.8328,29,2,2
0,0,0,10.8198,0.8937,24,1,2
0,0,0,10.8198,0.9,27,1,3
0,0,0,10.8198,0.7821,28,1,2
1,0,0,10.8198,0.4953,22,2,1
0,-1,0,11.2898,0.942,24,2,1
0,0,0,11.4076,0.274,28,2,2
0,-1,-1,10.8198,0.0098,27,2,2
0,0,0,12.5062,0.4308,32,2,2
0,1,2,11.0021,1.0781,34,2,2
0,-2,-2,12.3884,0.0161,35,2,2
0,0,0,12.3884,0.5478,36,1,1
1,1,3,10.309,0.7498,43,1,3
0,1,2,10.8198,1.0209,42,1,2
0,0,0,12.8213,0.1955,33,1,2
0,1,2,10.8198,0.9874,34,1,2
0,0,0,11.7753,0.0195,35,1,2
0,1,4,9.9035,0.868,40,1,2
0,0,0,12.9239,0.8194,39,1,2
0,0,0,10.8198,0.9539,47,1,1
0,1,2,10.309,1.0406,42,1,1
0,0,0,9.9035,0.82,44,1,2
0,0,0,10.8198,0.6877,41,1,1
0,-2,-2,12.7939,0.0227,36,1,1
0,1,2,11.1563,0.139,45,1,2
0,0,0,11.9829,0.2954,38,1,3
0,0,0,9.9035,0.9908,38,1,2
0,0,0,11.6082,0.5863,39,1,2
0,1,2,10.8198,0.4106,45,1,2
0,0,0,11.2898,0.9394,32,1,2
0,-1,-1,11.9184,0.0107,31,1,1
0,0,0,12.5776,0.2623,42,1,2
0,0,0,12.7367,0.0139,48,1,3
0,0,0,11.6082,0.9384,43,1,3
1,2,2,11.9184,0.9891,46,1,1
0,-2,-2,12.5425,0.0128,38,1,2
1,0,0,9.9035,0.4084,46,1,2
1,2,2,12.1007,0.6341,36,1,2
1,0,0,10.8198,0.6661,39,1,1
1,-2,-2,12.2061,0.0,38,1,1
0,-2,-2,12.5425,0.0004,35,1,2
0,0,0,11.5129,0.6545,35,1,1
0,0,0,10.8198,0.1681,33,1,2
0,0,0,12.2549,0.3885,38,1,1
0,0,0,12.5425,0.0798,33,1,2
0,-2,-2,12.7657,0.0113,39,1,1
0,-1,-1,12.3458,0.0041,39,1,3
0,0,0,11.5129,0.9758,40,1,1
0,0,0,12.8739,0.0623,35,1,1
0,-1,-1,12.2549,0.0151,40,1,2
0,0,0,10.8198,0.5958,47,1,3
0,0,0,10.8198,0.3022,44,1,3
0,0,-1,12.7367,0.0396,42,1,1
0,1,-1,12.6115,0.0175,38,1,2
0,-1,-1,11.9184,0.0535,37,1,3
0,0,0,12.2061,0.3721,45,1,1
1,1,2,12.7657,0.9555,34,1,1
0,0,0,9.9035,0.8904,34,1,2
1,0,0,13.0605,0.3634,35,1,2
1,0,0,12.2061,0.6629,39,1,1
0,1,3,9.9035,0.454,40,1,3
0,-2,-2,12.3458,0.0009,37,1,1
1,0,0,12.2061,0.77,33,1,2
0,0,0,11.1563,0.9083,34,1,3
1,2,0,9.9035,0.9934,38,1,3
0,0,0,9.2103,0.9178,34,1,2
1,2,2,11.5129,0.6765,35,1,3
0,-2,-1,11.7753,0.0074,39,1,3
0,-2,-2,12.3884,0.0303,46,1,1
0,0,0,13.2879,0.0718,33,1,1
0,0,0,12.948,0.9608,39,1,1
0,-1,-1,12.7939,0.0149,34,1,2
0,0,0,12.5425,0.2114,35,1,1
0,-2,-2,12.8992,0.0,35,1,1
0,0,0,9.2103,0.5828,35,1,2
1,1,2,11.6082,1.0257,35,1,2
0,-1,2,12.3014,0.0029,47,1,1
0,0,0,11.7753,0.6895,46,1,2
0,0,0,10.8198,0.9171,33,1,2
0,0,0,13.1616,0.3916,34,1,1
1,1,3,10.309,0.5261,47,1,2
0,0,0,10.8198,0.6727,45,1,6
0,0,0,12.4684,0.113,32,1,2
0,-2,-2,12.2549,0.0012,44,1,2
0,0,-1,13.1224,0.2614,38,1,1
0,0,0,11.6952,0.9974,33,1,1
0,0,0,11.6082,0.8865,32,1,2
0,-2,-2,12.948,0.0279,32,1,1
1,0,0,11.2898,0.9502,41,1,3
0,0,0,12.6115,0.1309,41,1,2
1,2,2,12.4684,0.5369,35,1,1
0,1,-2,13.1224,0.0,42,1,1
0,3,2,9.9035,1.0167,37,1,2
0,0,0,11.9829,0.9798,36,1,1
0,-2,-2,12.5776,0.0,34,1,1
0,0,0,12.7939,0.3348,32,1,1
0,-2,-2,12.2061,0.015,35,1,4
0,0,0,12.1007,0.5853,41,1,1
1,-1,2,11.5129,0.0182,35,1,1
1,-2,-2,13.1224,0.003,38,1,1
0,0,0,10.8198,0.2784,38,1,2
0,0,0,12.5776,0.743,36,1,1
0,-2,-2,12.5062,0.0,32,1,1
0,-2,-2,12.4292,0.0201,33,1,1
1,2,0,11.2898,0.9403,45,1,3
0,-1,-1,12.7939,0.0043,35,1,1
0,1,2,10.8198,0.5133,40,1,1
0,0,0,12.948,0.4004,35,1,1
0,0,0,12.1007,1.431,39,1,1
0,-2,-2,12.1007,0.0,36,1,1
0,-1,-1,12.3014,0.0157,45,1,1
0,-2,-2,12.2549,0.0122,45,1,0
0,0,0,12.1007,0.9958,47,1,2
0,1,2,12.2549,1.1245,44,1,2
0,1,2,9.9035,0.9103,50,1,2
1,2,2,10.8198,0.3957,50,1,2
0,-2,-2,12.4292,-0.0001,51,1,3
0,1,-2,10.8198,0.0,51,1,1
0,0,0,10.8198,0.9359,56,1,2
1,0,0,10.8198,0.8829,51,1,3
0,0,0,10.8198,0.972,51,1,1
0,2,2,10.8198,0.9402,48,1,1
0,0,0,12.8213,0.9744,55,1,2
1,1,2,9.9035,0.4726,56,1,3
0,0,0,12.6115,0.8993,61,1,3
0,0,0,10.8198,0.9624,53,1,2
0,-1,-1,12.2061,0.0117,52,1,1
1,-1,-1,12.1007,0.0018,53,1,2
0,0,0,13.1022,0.4252,50,1,2
0,0,0,12.7068,0.0628,65,1,1
1,1,2,11.9829,0.8924,50,1,2
0,0,0,11.2898,0.9255,48,1,2
0,1,2,10.309,0.6011,52,1,3
0,-2,-2,11.9184,0.0331,52,1,2
0,0,0,10.8198,0.451,50,1,1
0,0,0,10.8198,0.8657,52,1,2
0,-2,-2,12.2061,0.0865,50,1,3
0,0,0,12.3884,0.0597,54,1,2
0,0,0,10.8198,0.834,51,1,2
0,0,0,11.9184,0.6915,53,1,1
0,1,2,12.1548,0.7754,58,1,2
0,-2,-2,13.017,-0.0002,66,1,2
1,3,2,10.309,0.0798,55,1,3
1,0,0,12.9239,1.0473,63,1,2
1,0,0,10.8198,1.0161,55,1,3
0,-1,-1,12.3884,0.0046,57,1,2
0,0,0,9.9035,0.9513,26,2,3
0,-2,-2,12.5776,0.0026,42,2,1
0,0,0,12.7068,0.0979,28,2,1
0,0,0,12.0436,0.8187,23,2,2
1,2,2,11.1563,1.037,23,2,1
0,-2,-2,11.6952,0.1226,24,2,1
1,-2,-2,12.4292,0.0,53,1,1
0,0,0,12.5776,0.9648,29,2,3
0,0,0,9.9035,1.2726,26,2,2
1,2,2,11.2898,0.9358,23,2,1
0,1,2,10.309,0.9111,22,2,2
1,2,0,10.8198,0.1746,23,2,2
1,2,0,10.309,0.7748,21,2,2
1,0,0,12.2061,1.0287,22,2,2
0,0,0,11.1563,0.4606,23,2,2
0,0,0,10.8198,1.0181,26,2,2
0,0,0,10.309,0.4872,22,2,2
0,2,2,11.1563,0.9263,22,2,2
1,2,0,11.2898,0.9244,22,2,2
0,0,0,10.8198,0.6741,25,2,2
0,0,0,12.6115,0.0977,26,2,2
0,-1,0,10.309,0.0669,22,2,2
0,0,0,10.8198,0.9826,30,2,2
0,0,0,10.8198,1.0147,31,2,3
0,-1,-1,11.2898,0.043,22,2,2
0,0,0,10.8198,0.8152,23,2,2
0,0,0,10.8198,1.0172,23,2,2
1,2,2,10.5966,0.204,23,2,2
0,0,0,11.9829,0.112,23,2,2
0,0,0,11.0021,0.3662,23,2,1
1,0,0,10.309,0.9062,23,2,2
0,0,0,10.309,0.4312,23,2,1
0,0,0,10.309,1.1361,23,2,2
0,-1,-1,11.4076,0.0645,23,2,1
0,0,0,11.5129,0.8534,24,2,2
0,0,0,10.8198,0.168,23,2,1
0,0,0,11.4076,0.3142,25,2,2
1,2,2,11.4076,0.728,28,2,2
1,2,0,10.8198,0.9734,23,2,2
0,0,0,11.2898,0.9515,25,2,2
0,0,0,11.0021,0.1039,25,2,2
0,0,0,11.2898,0.0552,25,2,2
0,2,2,9.9035,0.7274,25,2,2
0,2,2,10.309,0.2531,25,2,1
0,0,0,11.2898,0.7553,24,2,2
0,-1,2,11.9829,0.0139,24,2,2
0,-1,0,13.039,0.0254,34,2,1
1,1,2,11.4076,0.9839,24,2,2
0,3,2,10.309,0.01,24,2,2
0,0,0,12.3014,1.0189,28,2,2
0,0,0,11.1563,0.7635,22,2,3
1,2,2,11.6082,0.9762,24,2,2
0,0,0,10.8198,0.3218,25,2,2
0,-2,-2,11.6952,0.0026,26,2,1
0,0,0,11.9184,0.8499,26,2,2
0,0,0,11.8494,1.303,26,2,2
0,0,0,11.6952,0.8513,26,2,1
0,0,0,10.5966,0.9209,26,2,2
1,2,0,11.4076,0.8402,30,2,2
1,3,2,10.8198,0.4523,23,2,2
0,-2,-2,11.7753,0.6987,26,2,2
0,-2,-2,12.1007,0.0006,26,2,1
0,0,0,12.3014,0.0216,26,2,1
0,0,0,11.9829,0.0391,29,2,2
0,0,-1,11.1563,0.2866,29,2,3
1,0,0,11.0021,0.071,27,2,1
0,0,0,11.8494,0.8577,27,2,2
0,0,0,11.1563,0.9775,27,2,2
0,-1,-1,12.6761,0.0129,28,2,2
0,0,0,11.0021,0.337,28,2,1
1,1,-2,12.7939,0.0,27,2,1
0,0,0,13.1224,0.0074,27,2,1
0,1,-2,12.2061,0.0,28,2,1
0,-1,-1,11.9829,0.0066,28,2,2
0,0,-1,11.2898,0.0936,44,2,2
0,0,0,9.9035,0.9532,39,2,2
0,1,2,11.6082,0.9559,41,2,3
0,-1,-1,10.309,0.0935,38,2,2
0,1,-2,11.8494,-0.0004,31,2,2
0,0,0,11.9184,0.1173,32,2,2
0,0,0,11.8494,0.3877,33,2,2
1,0,0,13.039,0.9615,35,2,2
0,0,0,11.0021,0.9701,28,2,2
1,1,2,11.4076,0.8775,40,2,3
1,2,2,11.7753,0.8659,44,2,6
0,0,0,12.6115,0.084,28,2,2
0,1,2,11.7753,0.6565,29,2,2
0,-1,-1,11.9829,0.0226,29,2,2
0,0,0,9.9035,0.6265,36,2,2
1,2,2,9.9035,0.8239,42,2,3
0,-1,-1,12.2549,0.0242,34,2,1
0,0,0,11.5129,0.8974,38,2,2
1,0,0,11.6952,0.204,43,2,1
0,0,0,11.0021,0.9377,41,2,3
1,2,2,10.309,1.0009,26,2,2
0,0,0,12.5776,0.1844,30,2,1
0,0,0,12.4684,0.1541,34,2,2
0,0,0,11.7753,0.9598,34,2,3
0,1,-2,12.1007,0.0,42,2,2
0,0,0,11.2898,0.9926,36,2,2
0,0,0,11.1563,0.8456,38,2,2
0,0,0,12.5776,0.2017,34,2,2
0,-1,0,11.2898,0.3582,37,2,2
0,-2,-2,12.6115,0.0073,27,2,2
0,0,0,12.2061,0.7444,28,2,1
0,0,0,10.309,0.5327,29,2,1
0,0,0,12.3884,0.3604,35,2,1
0,-1,-1,13.1224,0.0008,35,2,1
0,2,0,10.309,1.0516,45,2,2
0,2,2,12.1007,0.0116,28,2,1
1,-2,-2,12.1007,0.0021,31,2,2
0,0,0,12.1007,0.1923,37,2,1
0,0,0,12.4684,0.8374,26,2,2
0,-1,-1,11.2898,0.0163,33,2,2
0,-2,-2,12.8992,0.0,38,2,2
0,-2,-2,12.7939,0.0,27,2,3
0,1,-2,11.7753,0.0,29,2,1
0,0,0,10.8198,0.977,35,2,2
0,-1,0,12.5776,0.0666,29,2,2
0,-1,-1,12.7939,0.0052,38,2,1
0,0,0,12.3884,0.9926,29,2,2
0,0,0,11.2898,0.9512,41,2,3
1,1,-2,12.3458,-0.0002,32,2,2
0,0,0,12.3458,0.9553,39,2,1
0,-1,-1,12.7068,0.0067,37,2,2
0,1,2,10.309,0.7473,34,2,2
0,0,0,11.6952,0.3557,33,2,2
0,-2,-2,11.0021,0.0598,30,2,5
1,-2,-2,12.3458,0.0019,42,2,2
0,1,-1,12.7068,-0.0002,43,2,2
0,-1,-1,12.8479,0.0027,44,2,2
0,-1,-1,11.9184,0.056,27,2,1
1,0,0,12.0436,0.6826,29,2,3
0,-1,2,12.2061,0.0081,30,2,2
0,0,0,12.2061,0.123,31,2,2
0,0,0,12.4684,0.4028,32,2,2
0,-1,-1,12.9715,0.0031,47,2,2
1,1,2,9.9035,0.5468,46,2,2
0,0,0,12.2061,0.3751,30,2,2
0,-2,-2,12.5776,0.0183,31,2,1
0,0,0,12.3884,0.7873,28,2,1
0,-1,-1,12.5776,0.0118,34,2,1
0,0,0,13.1022,0.5122,41,2,1
0,-2,-2,12.3458,0.0042,39,2,1
0,0,0,12.5776,0.2794,26,2,2
0,-1,2,9.9035,0.2871,28,2,3
0,0,0,12.6115,0.0319,28,2,1
1,-1,-1,11.7753,0.003,48,2,2
0,0,0,11.9184,0.796,37,2,2
0,0,0,10.8198,0.7175,37,2,2
0,-2,-2,12.2061,0.0059,45,2,2
0,-1,-1,12.1007,0.0006,47,2,2
0,-1,-1,12.6115,0.0722,43,2,1
1,1,2,10.309,0.2685,41,2,2
0,1,-1,12.948,0.0,44,2,3
0,-1,-1,12.6761,0.0091,42,2,2
0,0,0,12.8479,0.1763,31,2,1
0,0,0,12.5062,0.1708,43,2,3
0,0,0,11.9184,1.4243,40,2,2
0,0,0,12.1007,0.9543,46,2,2
1,-2,-2,12.1007,0.0147,29,2,2
1,0,0,11.8494,0.8152,41,2,3
0,-1,0,11.4076,0.9524,38,2,3
0,0,0,11.5129,0.8301,33,2,2
1,-1,2,11.0021,0.0347,34,2,2
0,0,0,11.8494,0.839,42,2,2
0,1,2,10.8198,0.3043,43,2,3
0,1,-1,11.8494,0.0,39,2,1
0,1,2,12.3458,0.0846,31,2,2
0,1,-2,12.3884,-0.0,37,2,3
0,0,0,12.1007,1.0258,46,2,1
0,0,0,11.2898,0.2348,39,2,3
0,0,0,11.9184,0.4076,37,2,1
0,1,-2,12.6115,0.0,35,2,1
1,2,0,12.948,0.9816,45,2,1
0,-1,-1,11.0021,0.1206,31,2,1
0,0,0,10.309,0.9919,48,2,3
0,-1,-1,12.2549,0.002,37,2,1
1,-2,-2,12.0436,0.0,38,2,2
0,0,0,12.5062,0.0918,44,2,2
0,-1,-1,11.6952,0.2394,39,2,1
0,0,0,11.9184,0.2043,42,2,3
1,-1,-1,11.9184,0.0506,37,2,1
0,-2,-2,12.3884,0.0225,35,2,2
0,-1,0,11.7753,0.1225,43,2,3
0,0,0,11.9184,0.7061,38,2,3
0,0,0,9.9035,0.996,37,2,1
0,-2,-2,12.8739,0.0069,33,2,1
0,0,0,12.5062,0.5964,39,2,2
1,-1,2,12.1007,0.0087,45,2,1
0,0,0,12.2061,0.3943,30,2,1
0,-1,-1,12.1007,0.0027,37,2,2
0,0,0,12.7068,0.359,39,2,1
0,0,0,11.8494,0.3662,40,2,1
0,-1,-1,12.3014,0.0018,34,2,2
0,-1,-1,12.8992,0.0159,40,2,1
0,0,0,11.9184,2.2623,36,2,2
1,2,2,12.2061,0.0125,36,2,2
0,-1,-1,10.309,0.022,43,2,2
0,0,0,12.0436,0.6275,30,2,2
0,1,2,12.1007,0.1024,30,2,2
0,0,0,12.6115,0.0179,31,2,2
0,0,0,11.5129,0.7611,32,2,2
0,-1,0,13.1224,0.0108,38,2,1
0,0,0,11.2898,0.4371,40,2,3
0,0,0,11.0021,1.0293,40,2,2
0,0,0,10.8198,0.4876,37,2,2
0,-1,-1,13.1224,0.001,48,2,3
1,2,2,10.8198,0.9535,37,2,3
0,0,-1,11.9829,0.0379,44,2,3
0,1,-2,12.1007,0.0,46,2,2
0,1,2,13.1616,0.2575,46,2,1
0,-1,-1,11.9829,0.0341,33,2,1
0,-1,-1,12.8479,0.0012,35,2,1
0,0,0,12.9945,0.9363,33,2,2
0,2,0,12.5425,0.0114,33,2,1
0,0,0,11.7753,0.4868,35,2,2
0,1,-2,12.4292,0.0,31,2,2
0,1,-1,12.7939,0.0,39,2,2
0,-1,-1,13.0605,0.0,36,2,2
0,0,0,12.7068,0.4021,29,2,2
0,-1,-1,12.3884,0.0083,42,2,2
0,-1,-1,12.7939,0.0013,48,2,1
1,2,2,11.2898,1.0178,40,2,3
0,0,0,12.5425,0.0564,29,2,1
0,1,-1,11.0021,0.0,38,2,1
1,2,2,12.3014,0.1569,44,2,1
0,0,0,11.8494,0.3854,45,2,2
0,0,0,12.3458,0.1025,29,2,1
0,1,-1,12.7939,-0.0,30,2,1
0,0,0,12.8739,0.3911,30,2,1
0,0,0,12.5425,0.0413,32,2,2
0,0,0,12.6443,0.1343,32,2,3
0,0,0,13.1224,0.529,33,2,2
0,0,0,12.3458,0.3143,39,2,2
0,-2,-2,10.309,0.0,41,2,3
0,-2,-2,11.6952,0.0,41,2,5
0,-2,-2,12.2061,0.05,43,2,2
0,0,0,12.8739,0.1559,30,2,1
0,0,0,12.2061,0.2995,30,2,1
0,1,2,13.3047,0.8098,38,2,2
1,2,2,9.9035,1.0823,45,2,3
0,0,0,11.8494,0.2946,48,2,2
1,-1,2,11.4076,0.0037,34,2,2
0,0,0,9.9035,0.2818,44,2,3
0,0,0,10.309,0.8986,45,2,6
0,0,0,12.4292,0.6195,35,2,1
0,0,0,12.7657,0.5361,33,2,2
0,-1,-1,11.9184,0.0268,49,2,2
0,0,0,12.6115,0.3777,42,2,2
1,0,0,10.8198,0.9356,53,2,3
0,-2,-2,12.8739,0.003,58,2,3
0,-1,2,11.6952,0.0145,53,2,3
0,0,0,11.8494,1.0162,53,2,3
0,0,0,11.2898,1.0113,51,2,3
0,0,0,10.8198,0.4719,55,2,3
1,-2,-2,11.8494,0.0092,49,2,2
0,-2,-2,12.7068,0.017,50,2,2
0,2,2,12.5425,0.1028,49,2,2
1,0,-1,13.0605,0.0072,49,2,2
0,0,0,11.5129,0.9598,54,2,5
0,0,0,11.9829,0.7735,53,2,3
0,-1,-1,12.6761,0.0262,51,2,3
0,0,0,11.7753,1.0198,49,2,3
0,2,2,10.8198,0.8235,53,2,3
0,0,0,13.1993,0.1234,50,2,2
0,0,0,10.8198,0.9587,48,2,5
0,0,0,11.8494,1.7773,48,2,2
0,0,0,10.8198,0.5702,53,2,2
0,-2,-2,12.7939,0.0,69,2,2
0,1,-1,12.948,0.0,45,2,1
0,-2,-2,12.7939,0.0042,51,2,1
1,-1,-1,11.6082,0.0035,63,2,3
0,-2,-1,12.0436,0.0024,52,2,1
0,1,-2,12.7657,0.1033,53,2,1
0,2,0,12.3884,0.5581,56,2,2
0,-2,-2,12.3884,0.002,51,2,2
0,1,-1,11.2898,0.0,57,2,2
0,-1,-1,11.0021,0.0116,59,2,3
1,2,0,12.3014,1.0018,53,2,2
0,0,0,13.1224,0.5207,54,2,1
0,0,0,9.9035,0.7943,24,1,2
1,3,2,12.7939,0.6809,27,1,2
0,0,0,12.6115,0.0185,53,2,2
1,0,0,11.0021,0.9629,38,1,2
1,3,2,12.7939,0.0069,30,1,2
0,0,0,10.8198,0.8457,23,1,2
0,0,0,11.7753,0.3547,24,1,2
0,0,0,10.8198,0.9547,24,1,1
0,0,0,11.9184,0.8948,28,1,2
0,0,0,10.309,0.9442,24,1,1
0,0,0,12.7657,0.0798,29,1,1
0,0,0,10.8198,0.9703,25,1,2
0,0,0,9.9035,0.6642,23,1,2
0,1,-2,9.9035,0.0,23,1,2
0,-2,-2,12.1007,-0.0006,26,1,1
0,1,-2,10.8198,0.0,26,1,3
1,1,2,11.9184,1.0426,26,1,2
0,0,0,11.6952,0.9777,27,1,1
1,0,0,9.9035,0.366,27,1,2
0,-1,-1,11.0021,0.0139,24,1,2
1,1,2,11.2898,0.4769,28,1,3
0,0,0,10.8198,0.9926,30,1,3
0,0,0,10.8198,0.8895,25,1,1
0,0,0,10.309,1.0155,22,1,2
1,0,0,9.9035,0.774,26,1,2
0,-2,-2,10.8198,0.0,27,1,2
0,0,0,11.9184,0.3438,25,1,1
0,1,-2,10.8198,0.0,26,1,2
0,0,0,13.1224,0.1193,28,1,1
0,0,0,11.6952,0.6325,27,1,1
0,0,0,12.4684,0.9859,27,1,1
1,2,2,9.9035,0.3565,23,1,2
0,1,2,9.9035,1.0018,24,1,2
0,-2,-2,12.2061,0.1659,29,1,1
0,1,-2,11.2898,0.0,31,1,3
0,-2,-2,11.9829,0.0,28,1,2
0,-1,2,12.2061,0.01,28,1,1
0,0,0,11.4076,0.953,29,1,2
0,1,2,9.9035,0.4956,41,1,3
0,-1,-1,11.6952,0.0033,36,1,2
0,0,0,13.1022,0.3184,35,1,1
0,-1,-1,12.5776,0.0108,38,1,2
0,0,0,11.9829,1.7203,30,1,3
0,2,0,12.3014,0.3847,30,1,1
0,0,0,12.5776,0.4022,38,1,2
1,-2,-2,12.7939,0.0,37,1,1
1,2,2,11.6952,0.4909,40,1,2
0,0,0,12.7939,0.5389,30,1,1
1,-1,-1,11.2898,0.0049,33,1,3
0,-1,-1,12.948,0.0091,37,1,2
0,0,0,12.7939,0.0355,39,1,1
0,0,0,12.3458,0.1801,45,1,2
1,1,2,10.8198,1.0363,46,1,3
0,0,0,11.0021,1.0154,48,1,2
0,0,0,12.2061,0.8964,30,1,2
0,-1,-1,13.0815,0.0027,30,1,2
0,-2,-2,12.7939,0.0933,32,1,3
1,2,2,11.5129,0.9426,33,1,1
1,-2,-2,11.9184,0.1474,37,1,1
0,0,0,9.9035,0.9916,39,1,3
0,-1,-1,13.1224,0.0058,45,1,1
0,1,-2,12.1007,0.0,36,1,1
0,0,0,12.3458,0.2211,29,1,2
0,-1,-1,12.1007,0.0328,43,1,2
1,1,-2,11.0021,0.0,29,1,2
1,1,-1,12.2061,0.0,42,1,1
0,-1,0,10.309,1.2797,28,1,3
1,0,0,9.9035,0.2298,31,1,1
0,0,0,11.6082,0.736,41,1,1
1,0,0,11.2898,1.1362,41,1,3
0,0,0,11.9829,1.0019,35,1,2
1,0,0,9.9035,0.98,35,1,2
0,1,2,10.309,0.1439,30,1,3
0,0,0,10.309,0.9809,48,1,2
1,1,2,11.9184,0.3513,34,1,2
0,0,0,12.5425,0.8426,31,1,2
0,1,2,10.8198,1.0242,33,1,2
1,2,2,10.8198,0.9447,28,1,2
0,1,-1,12.5425,-0.0077,34,1,1
0,0,0,12.2061,0.4614,41,1,2
1,-2,-2,12.2549,0.0308,47,1,3
0,-2,-2,12.7939,0.0,27,1,3
0,1,2,10.8198,0.9496,29,1,3
0,0,0,11.4076,0.6765,33,1,2
0,0,0,12.5062,0.1795,35,1,2
0,-1,-1,10.8198,0.0252,44,1,3
0,0,0,11.2898,0.881,43,1,2
0,0,0,11.9829,0.1563,38,1,3
0,-1,-1,12.2061,0.0004,36,1,2
1,2,2,10.309,0.6392,37,1,2
1,0,0,12.4684,0.6549,32,1,2
0,-1,-1,13.1616,0.0192,34,1,2
1,-1,-1,11.8494,0.0986,37,1,3
1,0,0,9.9035,0.9176,34,1,2
1,2,2,10.8198,0.4037,41,1,3
0,0,0,10.8198,0.1735,31,1,2
0,0,0,12.0436,1.1286,42,1,3
0,0,0,12.1007,0.2526,32,1,2
0,-2,-2,12.7939,0.0,35,1,2
0,1,2,12.3014,0.0225,39,1,2
0,0,0,13.1224,0.2152,48,1,1
0,0,0,11.2898,0.9959,36,1,2
0,0,0,11.9184,1.0295,40,1,2
1,-1,-1,11.8494,0.0021,47,1,3
0,0,0,12.1548,0.7696,39,1,2
0,0,0,12.2061,1.3508,32,1,1
0,0,0,12.4684,0.3606,33,1,1
0,0,0,12.2549,0.6563,30,1,1
1,2,2,12.3884,0.0297,38,1,2
1,1,-2,11.8494,0.0,39,1,1
0,-2,-2,12.2061,0.0373,34,1,1
0,0,0,12.2061,0.1389,35,1,2
0,-1,-1,13.1224,0.0026,41,1,1
1,2,2,10.8198,0.6295,39,1,2
0,1,-2,11.7753,-0.0036,38,1,2
0,0,0,12.3458,0.4351,31,1,2
0,-2,-2,12.4684,0.0035,34,1,1
0,0,0,12.4684,0.2229,46,1,2
0,-2,-2,11.9829,0.0047,30,1,2
1,1,2,12.4292,0.2603,40,1,2
0,1,-2,12.1007,0.0,30,1,1
1,2,0,9.9035,0.636,32,1,1
1,2,0,12.5062,0.5928,37,1,1
0,-1,-1,12.5425,0.0128,47,1,1
0,0,0,10.309,0.2346,30,1,2
1,-2,-2,13.017,0.0178,36,1,2
0,0,0,12.7939,0.0609,33,1,1
0,2,2,9.9035,0.9229,36,1,2
1,-1,-1,12.2061,0.0016,40,1,3
0,0,0,13.1224,0.0327,46,1,1
0,-2,-2,12.2061,-0.0301,42,1,1
0,0,0,13.017,0.0633,39,1,3
1,2,2,9.9035,0.1627,37,1,2
0,0,-1,13.1224,0.0198,42,1,1
0,0,0,12.4684,0.3937,31,1,1
1,2,2,11.0021,0.7732,38,1,1
0,0,0,9.2103,0.8487,37,1,2
0,0,0,12.3884,0.5553,34,1,2
0,0,0,13.0815,0.7863,43,1,1
0,0,0,13.1616,0.1896,38,1,1
1,2,0,9.9035,1.0372,42,1,2
0,0,0,12.1007,0.017,33,1,1
0,-1,-1,12.5776,0.0006,43,1,2
1,0,0,10.8198,0.8706,40,1,3
0,0,0,13.1224,0.5946,39,1,1
0,0,0,11.5129,0.956,40,1,2
0,-1,-1,12.6115,0.0698,39,1,1
0,2,2,11.7753,0.4783,40,1,1
0,-1,-1,13.1224,0.0042,50,1,1
0,-1,-1,12.3014,0.0034,55,1,2
0,0,0,12.4684,1.0051,63,1,3
1,0,0,10.8198,0.8039,51,1,2
1,0,0,11.6082,0.4701,55,1,2
0,-2,-2,12.7657,0.0786,49,1,1
0,-1,-1,12.1007,0.0072,48,1,2
0,0,0,11.6952,0.9876,50,1,3
1,-1,-1,13.039,0.0007,51,1,2
1,2,2,12.4292,0.1194,52,1,2
0,-1,0,10.8198,1.2105,58,1,2
0,0,0,12.7657,0.7356,56,1,1
1,0,0,9.9035,0.8024,52,1,3
0,-2,-2,12.5776,0.0139,49,1,2
1,2,2,13.1224,0.1403,50,1,1
0,0,0,12.3884,0.9335,57,1,1
0,0,0,10.8198,0.9168,52,1,2
0,0,0,12.1007,0.3488,50,1,1
0,-1,-1,13.1224,0.0611,52,1,3
0,0,0,11.6082,1.0086,51,1,2
0,-2,-2,13.1224,-0.0,53,1,2
0,0,0,10.309,0.9852,53,1,2
1,2,2,13.3047,0.7644,53,1,1
0,0,0,11.2898,0.6156,60,1,1
0,0,0,12.5062,0.0563,61,1,1
0,0,0,10.309,1.0919,56,1,3
1,1,2,9.9035,0.4749,22,2,2
0,2,0,9.9035,0.9588,23,2,1
1,2,0,11.4076,0.5433,56,1,3
0,-1,-1,11.9829,0.009,59,1,2
0,0,0,11.4076,0.9747,23,2,2
1,1,-1,11.0021,0.0,24,2,2
0,-1,-1,9.9035,0.6254,24,2,3
0,-1,-1,11.6952,0.0069,25,2,2
0,0,0,9.9035,0.9834,27,2,2
1,0,0,11.7753,0.9247,28,2,2
0,0,0,11.4076,0.2058,27,2,2
0,-2,-2,12.9715,0.0009,27,2,1
0,-2,-2,12.7939,0.0,27,2,1
0,0,0,9.2103,0.9791,22,2,1
0,-1,-1,12.2549,0.0031,25,2,2
0,-2,-2,11.6952,0.0063,30,2,3
0,0,0,11.6952,1.0086,30,2,2
0,2,2,11.5129,0.9216,30,2,1
1,2,0,11.0021,0.0945,28,2,2
0,-2,-2,9.9035,0.0,25,2,1
0,-2,-2,12.2061,0.0,26,2,2
1,0,-1,11.4076,0.0363,26,2,3
0,0,0,12.3014,0.2425,28,2,1
0,0,0,12.1007,0.1251,40,2,2
0,0,0,12.6761,0.2408,31,2,1
0,-1,-1,12.5425,0.0269,29,2,2
0,-1,-1,11.7753,0.003,30,2,2
1,1,-1,12.5425,0.0,30,2,1
0,0,0,10.8198,1.735,30,2,2
0,-1,2,12.2061,0.0506,33,2,2
0,-2,-2,12.6761,0.0085,33,2,1
0,-1,2,11.4076,0.0259,37,2,2
0,2,-1,12.1007,0.0017,34,2,2
0,0,0,11.8494,0.4446,35,2,2
0,0,0,12.7068,0.1332,36,2,1
1,1,-1,11.4076,0.0,25,2,2
0,0,0,12.1007,0.2972,27,2,2
0,-2,-2,12.2061,0.0281,38,2,1
0,-1,0,12.5062,0.011,38,2,2
0,0,0,11.0021,0.8546,23,2,1
0,0,0,11.2898,0.3123,26,2,2
1,2,-1,12.4292,0.0055,29,2,1
0,2,0,12.5062,1.0235,32,2,2
0,0,0,12.0436,0.0908,40,2,1
0,0,0,12.4292,1.0145,36,2,2
0,-1,-1,12.7939,0.0028,38,2,2
0,0,0,12.6443,0.2799,34,2,2
0,1,-1,12.2061,0.0,39,2,2
0,1,-2,11.7753,0.0,42,2,3
0,0,0,12.6443,0.1692,49,2,2
0,0,0,12.2061,0.0963,34,2,2
0,0,0,12.1548,0.9883,35,2,2
0,-1,-1,12.2549,0.1269,36,2,2
0,-1,0,11.5129,0.0579,36,2,2
0,1,2,11.4076,1.0098,39,2,2
0,0,0,12.5776,0.9259,41,2,2
0,-1,-1,12.2061,0.0402,42,2,2
0,-1,-1,11.6952,0.0027,40,2,1
1,0,0,11.7753,0.3169,37,2,2
0,0,0,11.9184,0.2599,46,2,3
0,-2,-2,12.3014,0.065,37,2,1
0,0,0,12.2061,0.4882,37,2,2
0,-2,-2,11.6952,0.0262,37,2,3
0,1,-1,12.2061,-0.0,37,2,2
0,-1,-1,11.5129,0.0159,41,2,2
0,0,0,11.7753,0.842,43,2,2
1,1,2,9.2103,0.9193,55,2,2
0,0,0,11.9184,0.9017,45,2,2
0,0,0,11.0021,0.4874,42,2,3
0,1,2,11.7753,1.0232,27,1,3
0,0,0,10.8198,0.9038,22,1,1
0,0,-1,12.9239,0.0175,27,1,1
0,-2,-2,12.2549,0.0,29,1,1
0,-1,-1,11.8494,0.0092,30,1,2
1,2,0,11.2898,0.3522,31,1,3
1,1,2,10.309,0.3639,31,1,2
0,-1,2,12.2061,0.0038,32,1,1
0,1,2,13.2177,0.0318,31,1,1
1,1,-2,11.2898,-0.0183,24,1,2
0,0,0,10.8198,0.9871,25,1,1
0,1,2,10.309,0.82,26,1,1
0,-1,0,11.5129,0.0272,26,1,1
0,0,0,11.1563,0.0317,27,1,1
0,-1,-1,12.3014,0.0618,32,1,1
1,1,-1,10.309,0.0,25,1,2
0,-2,-2,12.4292,0.0892,28,1,2
0,1,2,9.9035,0.9476,28,1,3
0,0,0,12.2549,0.5662,29,1,2
0,1,-2,12.7939,0.0,29,1,1
0,0,0,12.0436,0.1357,29,1,2
0,0,0,9.2103,0.9363,29,1,2
1,0,0,12.5425,0.1117,30,1,2
1,0,0,10.309,0.164,22,1,2
0,0,0,9.9035,0.7555,24,1,2
1,0,0,9.2103,0.6376,26,1,1
0,0,0,11.2898,0.0044,26,1,2
0,0,0,12.7939,0.3055,29,1,1
0,1,-2,12.4292,-0.0006,31,1,1
0,-1,-1,12.0436,0.0162,33,1,2
1,0,0,11.2898,0.9248,33,1,1
0,0,0,11.7753,0.3019,33,1,2
0,0,0,12.4684,0.1243,34,1,2
0,1,4,9.9035,1.0838,31,1,2
1,2,2,12.8992,0.4692,32,1,1
0,-1,-1,12.3014,0.0027,33,1,1
0,0,0,12.1007,0.9584,27,1,3
0,0,0,9.2103,0.9893,29,1,2
0,-1,-1,13.1224,0.0347,53,1,3
0,0,0,10.8198,0.9563,35,1,2
0,-2,-2,12.1007,0.0851,36,1,2
0,1,2,12.8213,0.0098,39,1,2
0,0,0,12.7939,0.1901,37,1,1
0,0,0,12.3458,0.1471,41,1,2
0,1,-1,12.5062,0.0,45,1,1
0,-2,-2,11.9184,0.0388,35,1,1
0,-2,-2,12.0436,0.0,37,1,2
0,-2,-2,9.2103,0.3311,41,1,2
0,-1,-1,12.2549,0.0401,47,1,1
0,-2,-2,12.5062,0.0394,39,1,1
0,0,0,10.8198,0.3147,44,1,2
0,-1,-1,12.4292,0.0258,34,1,2
1,2,0,10.8198,1.0096,35,1,1
0,0,0,12.5425,0.7224,35,1,2
0,-1,-1,12.2549,0.0277,35,1,2
0,1,-1,12.7939,0.0,45,1,1
0,0,0,12.4292,1.0197,44,1,2
0,0,0,12.0436,0.4063,40,1,5
0,0,0,11.8494,0.9829,38,1,2
0,0,0,10.309,0.947,21,2,2
1,2,0,9.9035,0.7207,22,2,2
0,0,0,10.8198,1.0157,22,2,2
0,0,0,10.8198,0.7362,21,2,1
1,0,0,11.0021,1.0055,22,2,2
0,-1,-1,12.0436,0.0019,51,1,1
0,-1,-1,12.3014,0.0107,42,1,1
0,1,2,10.8198,0.5474,30,2,2
0,0,0,9.9035,0.9621,23,2,2
0,0,0,9.9035,0.976,38,2,2
1,1,2,10.8198,0.9862,30,2,2
0,0,0,11.9829,0.9165,27,2,1
0,-1,-1,12.8992,0.0501,27,2,2
0,0,0,11.8494,0.9638,27,2,2
0,-1,-1,11.2898,0.0124,27,2,1
0,2,2,11.8494,0.9827,27,2,2
0,0,0,12.7367,0.9049,27,2,1
0,0,0,11.1563,0.1008,26,2,2
0,-2,-2,11.7753,0.0,26,2,1
1,1,2,10.309,1.3956,22,2,3
0,0,0,11.4076,0.2596,23,2,2
0,1,2,10.309,0.9369,23,2,2
0,1,2,11.5129,0.9649,22,2,2
0,1,2,9.9035,0.7994,23,2,2
0,-1,-1,10.309,0.0245,24,2,1
0,0,0,11.4076,0.6708,23,2,1
1,2,0,9.9035,0.8738,23,2,1
0,3,2,10.309,0.0067,22,2,2
0,0,-1,11.2898,0.0815,22,2,1
0,0,0,12.2061,0.0396,25,2,3
0,0,0,11.0021,1.0078,23,2,3
0,0,0,11.0021,1.0072,22,2,2
1,2,2,11.2898,0.9878,22,2,2
1,2,0,9.9035,0.7016,22,2,1
0,2,2,11.7753,0.2302,22,2,2
1,2,0,9.9035,0.3328,22,2,2
0,0,-1,10.8198,0.0396,23,2,1
1,2,2,11.0021,0.9672,23,2,2
0,2,2,11.5129,0.9068,23,2,2
0,0,0,11.1563,0.0805,24,2,3
1,3,2,10.309,0.3113,22,2,3
0,1,3,9.2103,0.6251,22,2,1
0,0,0,9.2103,0.5403,23,2,2
1,0,0,10.8198,0.7032,23,2,3
0,-2,-2,10.309,0.0,24,2,2
1,0,0,10.309,0.886,24,2,2
0,0,0,11.5129,0.5494,24,2,3
1,2,2,10.309,1.0358,24,2,3
0,0,0,11.4076,0.1776,24,2,2
1,2,2,11.8494,0.3617,24,2,2
0,0,0,10.8198,0.5041,24,2,2
0,0,0,11.1563,0.9275,24,2,2
1,1,2,9.2103,0.8599,25,2,2
1,2,3,9.9035,0.6382,24,2,2
0,-1,-1,11.5129,0.1257,44,2,2
0,0,0,11.7753,0.8937,27,2,1
0,0,0,11.7753,0.0936,24,2,2
0,0,0,11.2898,0.9737,23,2,2
0,0,0,10.8198,0.9682,23,2,2
1,2,2,10.8198,1.0134,23,2,1
0,0,-1,11.9184,0.0098,24,2,2
0,0,0,10.8198,0.818,24,2,2
0,0,0,11.1563,1.5048,26,2,2
1,2,2,10.309,1.0124,26,2,2
0,0,0,12.8739,0.0548,25,2,1
0,0,0,11.2898,0.4601,25,2,2
0,0,0,11.1563,0.5945,26,2,1
1,0,0,10.309,0.3517,23,2,2
0,0,0,11.0021,0.7666,23,2,2
0,0,0,9.9035,0.6753,24,2,3
1,0,0,11.1563,1.0563,25,2,2
0,0,0,12.2061,0.9776,25,2,2
0,0,0,10.8198,0.9645,23,2,2
0,1,2,10.8198,1.0436,27,2,2
0,0,0,9.9035,0.6929,23,2,2
0,1,2,10.8198,0.6889,23,2,1
0,0,0,11.4076,0.3935,24,2,2
0,2,0,11.5129,1.7765,24,2,2
0,0,0,11.1563,0.8728,24,2,2
0,0,0,11.4076,0.9746,24,2,2
0,0,0,10.309,0.9184,23,2,3
0,0,0,11.5129,0.8115,27,2,1
0,0,0,12.5425,0.7032,25,2,2
0,1,2,11.5129,1.0108,28,2,2
0,0,0,11.8494,0.4443,28,2,2
1,2,0,9.2103,0.61,27,2,1
0,0,0,10.8198,0.964,28,2,2
0,0,0,11.6952,0.0229,28,2,1
1,0,0,9.9035,0.5244,27,2,2
0,-1,-1,10.309,0.013,27,2,2
0,1,-2,11.7753,0.0,26,2,2
0,-2,-2,11.9184,0.0347,27,2,1
0,0,0,12.1007,0.6364,27,2,2
0,0,0,12.8992,0.1862,26,2,2
0,1,-2,12.6115,-0.0,27,2,1
0,2,0,10.309,0.7858,27,2,1
0,-2,-2,11.7753,0.0,27,2,1
1,0,0,9.9035,0.7635,26,2,3
0,2,0,10.8198,1.003,27,2,2
0,1,2,11.2898,0.0509,27,2,2
0,0,0,9.9035,0.8466,26,2,2
1,2,2,10.8198,0.9681,27,2,2
0,0,0,11.2898,1.0115,26,2,2
0,-1,-1,12.7367,0.0136,26,2,1
0,0,0,10.309,0.9694,27,2,2
0,0,0,11.6952,0.4787,27,2,2
1,1,2,10.8198,0.0808,27,2,1
0,0,0,10.8198,0.6789,27,2,2
0,0,-1,13.1224,0.0545,28,2,1
1,2,2,12.7939,0.0069,27,2,2
0,1,-1,11.0021,0.0,27,2,1
0,0,0,10.8198,1.0137,27,2,2
0,0,-1,11.7753,0.1208,27,2,1
0,0,0,12.7939,0.1629,29,2,2
0,1,2,11.9829,0.9782,27,2,2
0,-2,-2,12.7939,0.0143,27,2,2
0,-2,-2,12.2549,0.011,28,2,2
1,2,0,12.3458,0.7965,28,2,2
1,2,2,11.1563,0.4895,27,2,2
0,0,-1,10.8198,0.0425,25,2,2
0,-1,-1,11.2898,0.0272,25,2,2
1,0,-1,11.5129,0.0173,26,2,2
0,0,0,12.2061,0.9857,28,2,2
0,0,0,11.1563,0.978,28,2,2
0,0,0,11.6082,0.9952,28,2,1
1,1,2,10.8198,1.0389,28,2,1
0,1,2,10.8198,0.8762,28,2,1
0,0,0,11.1563,0.3586,27,2,2
1,3,2,11.0021,0.9445,27,2,2
0,0,0,11.7753,0.5914,27,2,2
1,2,2,11.9184,0.7605,25,2,2
0,0,0,10.309,0.5948,27,2,2
0,0,0,12.2061,0.0628,26,2,2
0,0,0,10.8198,0.9742,29,2,2
0,1,-1,12.4684,0.0,29,2,1
0,-1,0,12.7939,0.0245,29,2,1
1,2,2,10.309,0.4506,29,2,2
1,0,0,11.5129,0.7374,29,2,2
0,0,0,11.2898,0.6567,29,2,2
0,0,0,10.309,0.901,29,2,2
0,-1,-1,12.8992,0.0026,28,2,1
0,-1,2,12.3884,0.013,29,2,1
1,2,2,11.6082,1.1291,30,2,2
0,0,0,12.3014,0.2624,28,2,1
0,0,0,12.2061,0.5253,28,2,1
0,0,0,12.7939,0.736,28,2,2
0,2,2,10.309,0.6445,28,2,2
0,0,0,11.6082,0.9786,28,2,1
0,0,0,11.2898,0.4243,29,2,1
0,0,0,10.8198,0.2703,35,2,2
1,1,2,11.5129,0.74,22,2,1
0,0,0,10.8198,0.5374,23,2,2
1,-2,-2,12.7657,0.0,28,2,3
1,0,0,11.2898,0.7988,28,2,3
0,0,0,11.4076,0.5038,29,2,1
0,0,0,11.6952,0.925,27,2,1
0,0,0,10.8198,0.0725,25,2,1
0,0,0,10.8198,0.3891,23,2,2
0,0,0,11.4076,0.1183,24,2,2
0,0,0,11.1563,0.4641,25,2,2
0,3,2,9.2103,1.0243,31,2,2
0,-1,-1,11.7753,0.0067,29,2,2
0,0,0,12.7939,0.3629,27,2,1
0,0,0,11.2898,0.7963,35,2,2
0,0,0,11.1563,0.6848,27,2,2
1,2,2,10.309,0.9729,22,2,1
0,0,0,11.2898,0.8531,24,2,2
0,-2,-2,11.2898,0.0142,24,2,2
0,0,0,11.9184,0.7335,29,2,1
0,0,0,12.4684,0.7423,29,2,2
0,0,0,9.9035,0.7378,29,2,2
1,0,0,9.9035,0.378,25,2,2
0,1,2,12.2061,0.0918,27,2,2
1,-1,4,11.6082,0.8758,25,2,2
0,-1,-1,11.9829,0.0187,24,2,1
0,0,0,9.9035,0.8596,24,2,2
0,0,0,11.6082,0.5761,26,2,2
1,-1,-1,12.2061,0.9148,30,2,1
1,2,0,10.8198,0.9652,29,2,3
0,0,0,12.7367,0.7585,30,2,2
0,-2,-2,12.3014,0.029,30,2,1
0,0,0,12.1007,0.827,30,2,2
0,3,2,11.6082,0.9969,32,2,5
0,0,0,10.8198,0.9866,32,2,2
0,1,3,10.8198,0.8105,28,2,3
0,0,0,12.3884,0.0729,29,2,2
0,-2,-2,12.2061,0.2828,29,2,1
0,0,0,11.4076,1.0124,29,2,3
1,0,0,9.9035,0.1569,29,2,2
1,-2,-2,12.6115,0.0,30,2,1
0,-1,-1,12.5776,0.0154,30,2,2
1,0,0,9.9035,0.9177,30,2,2
0,0,0,12.2061,0.5072,31,2,2
0,0,0,11.7753,0.9871,31,2,1
0,2,0,9.2103,0.6694,27,2,2
0,0,0,12.2549,0.3535,28,2,1
0,0,0,11.7753,0.8869,28,2,2
1,2,2,11.2898,1.0259,29,2,2
0,0,0,12.9239,0.1325,37,2,1
1,0,0,11.0021,0.6258,31,2,2
0,-2,-2,10.309,0.0,31,2,2
0,0,0,12.6761,0.316,32,2,2
0,-1,-1,11.2898,0.1074,32,2,2
0,0,0,12.2549,0.9015,32,2,2
1,2,2,11.0021,0.3421,32,2,2
0,-2,-2,12.6443,0.0424,29,2,2
0,-2,-1,11.7753,0.398,25,2,2
0,0,0,11.0021,0.9686,26,2,2
0,0,0,10.309,0.8389,29,2,2
0,-1,-1,11.9184,0.009,25,2,2
1,2,2,10.309,0.9589,25,2,2
0,0,0,11.7753,0.3797,42,2,2
0,1,2,10.8198,0.3651,26,2,2
0,0,0,12.0436,0.4756,27,2,2
1,1,3,10.309,0.9269,32,2,2
0,-1,-1,12.4292,0.0034,32,2,3
0,3,2,11.6082,0.9826,32,2,2
0,0,0,11.9829,0.0876,29,2,1
0,0,0,12.7367,0.1859,33,2,1
0,0,0,11.5129,1.025,36,2,3
0,0,0,12.3458,0.2826,28,2,2
0,-2,-2,12.2061,0.0,31,2,1
1,3,2,10.309,0.08,30,2,2
0,0,0,11.6952,0.9218,30,2,2
0,0,0,11.6952,0.5591,28,2,2
1,1,3,10.8198,1.014,31,2,2
0,0,0,9.9035,0.2778,31,2,3
0,0,0,13.1224,0.1972,30,2,2
0,1,-2,11.5129,0.0,31,2,1
1,2,2,10.8198,0.4307,38,2,1
0,0,0,12.2549,0.0346,30,2,1
0,0,0,10.8198,1.0085,30,2,2
1,2,2,12.2061,0.6432,29,2,3
0,-1,-1,11.9184,0.0116,27,2,2
1,2,0,10.8198,1.2529,34,2,2
0,0,0,12.6115,0.7244,30,2,1
0,-1,-1,11.6952,0.0026,31,2,1
0,0,0,12.1548,0.9893,36,2,2
0,0,0,11.1563,0.9778,35,2,2
1,2,2,10.8198,1.5775,39,2,2
0,0,0,10.8198,0.6285,38,2,2
0,0,0,11.2898,1.0299,38,2,3
1,0,0,10.309,0.8651,35,2,2
0,0,0,11.8494,0.2987,41,2,2
1,1,2,9.9035,0.9384,49,2,3
1,0,0,10.309,0.202,38,2,2
0,0,0,12.4684,0.5723,44,2,3
1,0,0,10.309,0.8422,48,2,1
1,1,2,10.8198,0.9897,41,2,2
0,0,0,10.8198,0.3211,35,2,2
1,1,2,11.0021,0.1787,35,2,3
1,1,2,10.8198,0.3741,48,2,2
0,0,0,11.2898,0.9088,38,2,2
1,0,0,11.2898,0.9995,41,2,2
0,0,0,11.5129,0.4933,40,2,3
0,1,2,10.309,0.9454,37,2,3
0,0,0,10.309,0.7902,49,2,2
0,0,0,10.309,0.3282,46,2,3
1,2,4,10.8198,0.2763,31,2,2
1,0,0,12.3884,0.9763,48,2,2
0,1,-2,10.309,0.0,44,2,3
0,0,0,12.3884,0.0656,35,2,2
1,2,2,10.8198,0.5789,31,2,2
1,0,0,11.1563,0.1076,23,2,1
0,0,0,11.2898,0.907,28,2,3
0,0,0,11.6952,0.8212,30,2,2
0,0,0,11.5129,0.322,32,2,3
0,0,0,10.8198,0.9929,44,2,2
0,-1,-1,12.6761,0.1326,39,2,2
0,0,0,12.3014,0.9817,36,2,1
0,0,0,11.8494,0.6265,33,2,1
1,0,0,11.8494,0.9745,37,2,1
0,-2,-2,10.8198,0.0,24,2,2
1,-1,2,11.0021,0.009,25,2,1
0,0,0,11.4076,0.91,47,2,2
1,3,2,9.9035,0.12,44,2,2
0,0,0,11.7753,0.2656,29,2,2
1,1,2,11.2898,1.059,34,2,2
0,0,0,12.3458,0.5489,37,2,2
0,0,0,12.1007,0.1432,29,2,2
0,0,-1,9.9035,0.8744,34,2,2
0,0,0,12.2549,0.0197,34,2,2
0,2,2,11.1563,0.9892,22,2,2
0,0,0,10.8198,0.3157,22,2,1
0,0,0,11.8494,0.7609,30,2,2
0,0,0,11.5129,0.2999,32,2,2
0,-2,-2,11.2898,0.0698,37,2,2
0,1,-2,12.6115,0.0,36,2,1
0,-1,-1,12.2061,0.0,26,2,3
0,-1,-1,11.5129,0.006,29,2,2
0,0,0,10.8198,0.9875,45,2,2
0,6,5,11.8494,1.0842,47,2,3
0,0,0,10.8198,0.8641,28,2,2
0,0,0,13.1224,0.4585,28,2,1
0,-2,-2,12.7939,0.0083,31,2,2
0,1,-2,12.3884,-0.0,34,2,2
0,-1,-1,12.2061,0.0016,35,2,1
0,0,0,12.5425,1.0051,35,2,1
0,1,-2,12.7068,0.0,36,2,1
0,0,0,11.5129,0.7916,32,2,3
1,1,2,10.309,0.3404,35,2,3
1,2,0,11.7753,0.9975,37,2,2
0,1,2,10.309,0.8521,41,2,2
1,1,2,10.8198,0.3592,43,2,3
1,1,-1,11.2898,0.0,39,2,2
0,0,0,13.2534,0.5668,30,2,1
0,1,2,9.9035,0.8522,32,2,2
0,0,0,11.4076,0.3405,35,2,2
1,0,0,11.9184,0.9521,43,2,3
0,0,0,11.6082,1.6567,41,2,2
0,1,2,12.0436,0.1943,37,2,3
0,0,0,11.4076,0.6887,26,2,2
0,0,0,11.6082,0.4093,26,2,2
0,-1,2,9.9035,0.106,28,2,2
1,3,2,12.2061,0.025,31,2,2
0,0,0,10.8198,1.0202,34,2,2
0,0,0,10.8198,0.447,45,2,3
0,-1,-1,10.309,0.0857,46,2,3
1,-1,-1,10.8198,0.0013,46,2,3
0,0,0,11.2898,0.0851,26,2,3
0,-1,0,11.9829,0.9841,26,2,1
1,-2,-2,9.2103,-0.0004,40,2,2
0,1,2,9.9035,0.9862,26,2,2
0,0,0,11.1563,0.5785,34,2,1
0,2,0,11.6082,0.6175,37,2,3
0,-1,-1,11.9184,0.1107,45,2,2
0,0,0,13.1224,0.8379,39,2,1
1,2,2,10.309,0.9565,48,2,2
0,-1,-1,11.9829,0.1556,46,2,3
0,-1,-1,12.6115,0.2592,36,2,2
0,-1,0,12.2061,0.7744,46,2,3
0,0,-1,10.8198,0.0526,35,2,2
0,0,0,11.2898,0.7607,29,2,2
0,0,0,11.8494,0.8762,29,2,2
1,0,0,11.0021,1.0559,32,2,3
0,0,0,10.8198,0.5069,47,2,3
0,0,0,10.309,0.9919,39,2,2
0,0,0,11.2898,0.3597,45,2,2
0,1,2,10.8198,1.0148,43,2,2
0,-1,2,11.4076,0.0277,39,2,2
0,0,0,11.6952,0.6694,46,2,2
1,3,3,10.8198,1.0543,39,2,2
0,0,0,11.2898,0.9494,31,2,2
0,-1,-1,11.9829,0.0193,31,2,1
0,-1,-1,11.8494,0.0023,33,2,2
0,0,0,10.8198,0.6688,33,2,2
0,0,0,10.8198,0.8101,35,2,2
0,0,0,10.8198,0.3965,40,2,3
0,-1,-1,12.7939,0.0011,47,2,2
0,0,0,11.6952,0.4227,38,2,2
1,2,2,11.9829,0.7084,38,2,3
0,0,0,11.5129,0.0817,42,2,2
0,0,0,11.6082,0.9623,46,2,2
1,-2,-2,12.6115,0.0,30,2,3
0,0,0,11.6082,0.891,31,2,2
0,0,0,12.3014,0.3078,31,2,1
0,0,0,11.5129,0.7117,31,2,2
0,2,2,10.8198,0.3328,28,2,2
0,1,2,11.8494,0.0387,28,2,2
0,-1,-1,10.8198,0.1593,43,2,2
1,0,0,10.309,0.5387,28,2,3
0,0,0,12.0436,0.5449,30,2,2
1,-2,-2,12.4684,0.0048,32,2,2
1,-2,-2,12.5776,0.0082,33,2,2
1,2,0,11.2898,0.6506,37,2,2
0,2,-1,11.9829,0.0048,35,2,2
1,2,2,11.5129,0.9723,40,2,1
1,2,2,10.5966,0.639,37,2,2
0,0,0,12.5776,0.6567,35,2,1
1,1,2,11.9829,0.9544,42,2,2
0,1,2,11.8494,0.4241,36,2,2
0,1,-1,11.2898,-0.02,45,2,2
1,1,2,10.309,0.5495,42,2,2
1,2,2,11.1563,0.3434,46,2,2
1,-1,-1,10.309,0.014,29,2,2
1,0,0,10.8198,0.6962,30,2,2
0,0,0,13.2534,0.0838,32,2,1
0,0,0,12.2061,0.4635,33,2,5
0,-1,4,9.2103,0.3305,37,2,2
1,0,0,11.0021,0.9776,48,2,3
1,0,0,12.3014,0.3953,46,2,2
1,0,0,11.0021,1.015,42,2,2
1,2,0,12.5425,0.6612,42,2,2
0,0,0,9.2103,1.0468,31,2,2
0,0,0,12.2061,0.959,31,2,1
1,0,0,12.2061,0.5194,33,2,2
0,0,0,12.3014,0.369,37,2,2
0,0,0,12.8213,0.4193,45,2,2
0,0,0,11.5129,0.2594,36,2,2
0,0,0,12.5776,0.5001,45,2,2
1,1,-2,9.9035,0.0,43,2,3
1,0,0,12.2061,0.9964,36,2,2
0,0,0,11.6082,0.3215,33,2,3
0,0,0,11.2898,0.9754,41,2,2
0,0,0,11.5129,1.0005,36,2,2
0,0,0,10.8198,0.832,39,2,2
1,1,2,9.9035,0.8918,30,2,2
0,0,-1,12.6115,0.0457,33,2,1
0,0,0,11.9829,0.4494,41,2,2
1,2,0,11.2898,0.2052,40,2,3
1,2,2,10.309,0.5648,34,2,2
0,2,2,10.309,0.2743,37,2,2
0,0,0,11.0021,1.0056,36,2,2
1,0,0,12.2061,0.1221,32,2,2
0,0,0,10.8198,0.4613,41,2,2
0,0,0,10.8198,0.2145,45,2,3
0,1,-2,12.5062,-0.0012,42,2,2
1,2,0,10.309,0.9261,40,2,3
1,0,0,11.0021,0.5772,41,2,2
1,1,-1,11.0021,0.0,28,2,2
1,0,0,10.8198,1.0093,39,2,1
0,1,2,12.3014,0.8847,37,2,2
1,-2,2,10.8198,1.0348,36,2,3
1,0,0,10.309,0.7488,33,2,3
0,0,0,12.5425,0.1033,33,2,2
0,-1,-1,11.6952,0.0201,35,2,2
0,1,2,11.6952,0.5819,39,2,3
0,0,0,11.1563,0.3364,41,2,3
0,0,0,13.2177,0.1234,39,2,2
0,0,0,12.3014,0.5655,36,2,2
0,-2,-2,12.7367,0.0096,45,2,2
0,-1,-1,11.6082,0.0904,32,2,3
0,0,0,11.8494,0.9367,34,2,3
1,0,0,12.7939,0.9793,41,2,2
0,-1,-1,12.5776,0.005,30,2,1
0,0,0,12.2061,0.1323,48,2,2
0,0,0,11.0021,0.3544,38,2,2
0,-2,-2,10.5966,0.0464,43,2,2
0,0,0,11.6952,0.0758,29,2,2
1,2,0,11.2898,0.7828,38,2,2
1,-2,-2,12.6115,0.0,43,2,2
1,-1,-1,9.9035,0.1727,25,2,2
1,2,2,10.309,1.1571,46,2,2
0,0,0,12.1007,0.9715,30,2,1
0,0,0,11.6082,1.0139,39,2,2
0,0,0,12.4292,0.4862,40,2,2
0,0,0,11.8494,0.9832,32,2,2
1,2,0,11.2898,0.9545,29,2,2
0,0,0,9.9035,0.927,32,2,3
0,0,0,10.8198,0.2392,47,2,3
0,0,0,11.4076,0.1559,40,2,3
0,0,0,9.9035,0.8644,33,2,2
0,0,0,11.9184,0.8118,34,2,2
0,-1,-1,11.9184,0.0207,34,2,1
1,0,0,10.8198,0.061,41,2,3
0,-1,-1,11.4076,0.0104,47,2,2
0,-2,-2,12.7657,0.0765,40,2,2
0,0,0,10.309,0.7357,38,2,2
0,1,-2,11.9184,0.0,28,2,1
1,0,0,12.1548,0.9969,29,2,1
0,0,0,12.7367,0.009,36,2,2
0,0,0,10.8198,0.9914,47,2,2
1,2,2,10.8198,0.6143,29,2,2
0,-2,-2,12.5425,0.0,30,2,2
1,-1,-1,12.3458,0.0039,31,2,1
0,-1,-1,12.8992,0.1814,31,2,1
1,-1,-1,12.1548,0.004,37,2,3
0,0,0,12.0436,0.1061,31,2,1
1,1,-2,11.9184,0.0,30,2,1
1,0,0,11.8494,0.6966,32,2,1
0,-1,0,11.6082,0.3442,23,2,2
0,-1,-1,12.4684,0.0619,31,2,1
0,2,0,10.309,0.8346,37,2,2
1,2,2,11.7753,0.7351,42,2,3
0,0,-1,12.1548,0.2321,37,2,3
1,1,2,9.2103,0.7081,36,2,2
1,2,0,10.309,0.1763,42,2,2
0,0,0,12.6115,0.4095,45,2,1
0,-1,-1,12.2061,0.049,40,2,2
0,0,0,11.7753,1.0806,36,2,3
1,-2,-2,12.8992,0.0036,35,2,3
0,0,0,12.3014,0.4258,32,2,2
0,1,-2,11.5129,0.0,34,2,1
0,0,0,11.2898,0.3656,38,2,2
0,0,0,10.8198,1.2034,34,2,3
0,1,-2,12.2061,0.0,34,2,1
0,0,0,12.8992,0.9968,43,2,2
0,-1,0,10.8198,0.9459,48,2,2
0,-1,0,11.8494,0.0331,37,2,3
0,0,0,9.2103,0.8671,49,2,2
0,0,0,11.2898,0.0435,41,2,3
0,0,0,12.3014,0.6194,38,2,1
0,0,0,11.2898,0.976,45,2,2
1,-2,-1,12.7939,0.2629,35,2,1
1,2,0,9.9035,0.8186,46,2,2
0,0,0,9.9035,0.532,46,2,2
0,1,2,9.9035,0.969,34,2,3
0,0,0,11.1563,0.7202,38,2,2
0,0,0,12.2549,0.1413,33,2,2
0,0,0,12.3884,0.6379,32,2,2
0,0,0,10.8198,0.4927,34,2,2
0,0,0,10.8198,0.3404,31,2,2
0,-2,-2,12.3458,0.0,38,2,1
0,0,0,11.6952,0.7503,45,2,1
1,0,0,12.1007,0.0426,44,2,1
0,-1,-1,12.5776,0.0125,38,2,1
0,0,0,11.9829,0.9462,47,2,1
1,2,2,11.2898,0.8356,43,2,3
1,2,0,10.8198,0.5627,31,2,2
1,1,-2,9.9035,0.0,33,2,3
1,-1,0,10.8198,0.6687,34,2,2
1,2,2,11.2898,0.7952,34,2,2
0,1,2,10.309,1.0859,43,2,3
1,3,2,9.2103,0.7621,37,2,2
0,-2,-1,12.2061,0.0755,41,2,2
0,0,0,10.8198,0.989,33,2,2
1,0,0,13.0815,1.0194,34,2,2
0,0,0,12.4684,0.1104,46,2,2
0,0,0,12.2061,0.6478,34,2,1
0,1,-2,12.2549,0.0,40,2,1
1,2,3,11.1563,0.7209,41,2,2
0,2,2,10.8198,0.9814,43,2,2
1,2,0,9.9035,0.6848,45,2,2
0,-2,-2,11.2898,0.0049,35,2,2
0,-1,-1,12.2061,0.0535,37,2,3
0,-1,-1,12.2549,0.1405,38,2,1
0,0,0,12.2549,0.3793,35,2,3
0,-2,-2,12.7939,0.0099,35,2,1
1,0,0,11.2898,0.7216,56,2,2
0,0,0,10.8198,0.0648,43,2,3
0,0,0,9.9035,0.1568,40,2,2
1,0,0,10.5966,0.8796,38,2,2
1,2,0,10.8198,0.5998,38,2,2
0,0,0,12.0436,0.7844,45,2,2
0,-2,-2,12.6443,0.0004,37,2,1
0,0,0,10.8198,0.9222,24,2,2
0,0,0,10.309,0.8236,25,2,1
0,0,0,12.2061,0.7212,45,2,2
0,0,0,12.4684,0.7352,38,2,2
1,0,0,11.2898,0.744,29,2,2
0,1,-2,12.1007,0.0,27,2,2
0,-1,-1,11.7753,0.0226,28,2,1
1,0,0,12.1548,0.93,30,2,1
0,0,0,11.6082,0.9585,33,2,2
1,2,2,11.0021,0.7154,40,2,2
0,1,2,10.5966,0.8943,49,2,3
0,-2,-2,11.2898,0.0235,32,2,2
0,0,0,11.5129,0.4262,33,2,5
0,0,0,12.8992,0.2385,34,2,2
1,1,2,11.1563,0.8132,40,2,2
0,-2,-1,13.1224,0.0073,49,2,2
0,0,0,12.1548,0.6539,46,2,3
0,0,0,12.2061,0.0229,35,2,2
0,0,0,12.2549,0.5234,42,2,2
0,0,0,12.7367,0.5768,47,2,2
0,0,-1,12.1007,0.0892,38,2,1
0,0,0,11.6082,0.0913,28,2,2
0,0,-1,11.2898,0.1432,42,2,3
0,0,0,10.309,0.3129,31,2,3
0,-1,2,12.2061,0.0145,31,2,1
0,0,0,11.2898,0.6418,31,2,2
1,0,0,12.6115,0.115,31,2,1
0,-1,0,12.5425,0.768,32,2,1
0,1,-1,11.6082,-0.0027,32,2,2
0,0,0,11.7753,0.8383,33,2,2
0,-2,-2,13.1224,0.0673,32,2,4
0,1,-2,11.9184,0.0,32,2,2
0,-1,-1,13.017,0.0268,36,2,2
0,0,0,12.3458,0.7274,34,2,2
0,2,2,11.2898,0.9358,34,2,2
0,-1,-1,12.4684,0.0008,34,2,1
0,2,2,11.9184,0.9381,34,2,2
0,0,0,10.8198,0.4656,35,2,2
1,0,0,10.309,0.9262,35,2,3
1,1,2,11.5129,1.0225,41,2,3
1,1,2,12.1548,0.9984,43,2,2
0,0,0,11.7753,0.0722,34,2,2
1,0,0,10.309,0.8127,38,2,2
0,0,0,10.309,0.9877,38,2,2
1,0,0,11.6082,0.7947,44,2,1
0,0,0,11.6952,0.9749,39,2,3
0,0,0,10.309,1.0173,41,2,3
1,2,0,10.309,0.237,36,2,3
0,0,0,10.309,0.8835,42,2,2
1,1,2,9.2103,0.6925,45,2,3
0,0,0,12.8992,0.4583,32,2,2
0,0,0,9.9035,0.9723,32,2,3
1,2,0,9.9035,0.936,36,2,2
0,0,-1,13.1224,0.0605,33,2,1
1,4,3,10.309,1.0362,33,2,2
1,1,2,10.8198,0.1528,33,2,2
0,0,0,10.309,1.0112,33,2,2
1,2,0,10.309,0.567,33,2,2
0,0,0,11.6082,0.328,33,2,2
0,3,2,11.5129,0.3919,34,2,2
0,0,0,12.2061,0.875,36,2,2
0,0,0,11.6082,0.3784,40,2,3
0,0,0,11.8494,0.9929,38,2,2
0,0,0,11.1563,1.0117,45,2,2
0,0,0,11.7753,0.2406,37,2,3
0,-1,-1,10.309,0.013,45,2,2
0,0,0,11.9829,0.5801,36,2,3
0,0,0,10.8198,0.9255,36,2,5
0,1,-1,11.2898,0.0594,36,2,2
0,0,0,10.8198,0.9398,44,2,3
0,0,0,10.8198,0.6259,40,2,3
0,-1,-1,12.1007,0.0193,44,2,2
1,1,-2,11.7753,0.0,42,2,2
0,1,-1,12.948,0.0,47,2,1
1,0,0,11.8494,0.7898,44,2,2
0,0,0,9.9035,0.6014,42,2,2
1,0,0,12.2061,0.5936,40,2,2
0,-2,-2,12.1007,0.0,49,2,1
0,0,0,11.6952,0.1652,37,2,3
0,0,0,12.2549,0.9081,43,2,2
1,1,2,10.309,0.7718,45,2,2
0,0,0,11.2898,0.9123,43,2,2
0,0,0,11.6082,0.7814,35,2,2
1,0,0,11.0021,1.005,36,2,2
0,0,0,11.0021,0.9991,36,2,2
0,1,-2,11.8494,-0.0001,37,2,1
0,0,0,11.0021,0.9544,35,2,2
1,-1,-1,13.1224,0.0001,39,2,1
1,0,0,12.948,0.8904,41,2,2
1,2,2,10.309,0.526,43,2,2
0,0,0,12.0436,0.0247,38,2,3
0,-1,-1,12.2061,0.0062,49,2,1
0,0,0,11.9829,0.68,45,2,1
1,1,2,12.2061,1.025,35,2,1
0,0,0,9.9035,0.9648,43,2,2
0,0,0,12.1548,0.5738,39,2,4
1,1,2,11.1563,0.091,45,2,1
0,2,2,12.3014,0.6985,33,2,2
0,-2,-2,13.1224,0.0235,34,2,1
1,-1,-1,12.2549,0.0017,37,2,1
0,2,0,10.8198,0.8796,31,2,2
0,0,0,11.9829,0.883,38,2,5
1,0,0,9.9035,0.8345,39,2,1
1,0,0,11.1563,0.9841,37,2,2
0,0,0,12.3014,0.2881,40,2,1
0,0,0,12.2061,0.005,48,2,2
0,0,0,11.7753,0.9948,44,2,3
0,1,2,10.309,0.5645,34,2,2
0,1,-2,12.4684,0.0187,45,2,1
0,1,2,12.3458,0.7279,32,2,3
0,-2,-2,12.3884,0.0,33,2,1
0,-2,-2,12.4684,0.0091,32,2,1
0,1,-1,12.7939,-0.0,33,2,2
0,-1,-1,12.4684,0.0016,36,2,1
0,-1,-1,12.3458,0.0136,34,2,2
0,-1,-1,12.6115,0.0003,35,2,1
0,-1,-1,11.8494,0.0164,45,2,1
1,0,0,12.8479,0.9976,38,2,3
0,0,0,12.1548,0.7904,31,2,1
0,0,0,13.1224,0.1349,31,2,1
0,-1,-1,12.2061,0.0726,39,2,1
0,0,0,12.6443,0.099,37,2,2
0,0,0,10.309,0.8295,49,2,3
0,0,0,12.5425,0.2384,49,2,2
1,2,2,11.2898,0.2297,42,2,1
1,2,2,11.9184,0.0123,35,2,2
1,2,2,10.309,0.3503,48,2,2
0,0,0,12.0436,0.6963,41,2,1
0,0,0,11.6082,0.4275,42,2,1
1,1,2,10.309,0.9734,46,2,3
1,0,0,11.4076,0.3671,33,2,1
1,0,0,10.8198,1.0106,40,2,2
1,-1,2,11.6952,0.0045,36,2,1
0,1,2,9.9035,0.9252,46,2,3
0,-1,-1,12.3014,0.0014,42,2,1
0,-2,-2,12.3458,0.0017,42,2,2
1,-1,-1,11.9829,0.007,29,2,1
0,0,0,13.017,0.1952,38,2,2
0,-1,-1,12.8739,0.0168,46,2,1
0,1,2,11.4076,0.3884,29,2,2
1,0,0,11.0021,0.934,33,2,2
1,0,-1,12.1007,0.0187,34,2,2
0,-1,0,11.2898,0.0889,40,2,3
0,-1,-1,12.1007,0.003,43,2,2
0,-1,-1,12.6761,0.0017,46,2,2
0,0,0,12.6761,0.0907,36,2,1
0,2,0,11.5129,0.9589,39,2,2
0,0,0,9.9035,0.9325,42,2,3
0,-1,-1,11.8494,0.0023,34,2,3
0,-1,-1,11.5129,0.0113,39,2,3
1,2,2,9.2103,1.0422,44,2,3
0,0,0,10.309,0.777,36,2,2
0,0,0,10.8198,0.7701,39,2,3
0,0,0,9.9035,0.6173,44,2,2
0,1,-2,12.2061,0.0,31,2,2
1,0,0,12.6761,0.1385,32,2,2
1,-1,-1,12.7939,0.003,37,2,2
0,1,-2,12.2061,0.0,33,2,1
0,0,0,11.8494,0.9884,34,2,3
0,0,0,12.948,0.3045,31,2,1
0,0,0,11.9184,0.1384,36,2,1
0,0,0,12.2061,0.0748,38,2,2
0,-1,-1,12.3458,0.014,42,2,2
0,0,0,10.309,0.6324,38,2,2
0,0,0,10.309,1.3248,41,2,2
0,1,2,10.8198,0.3798,36,2,1
0,-2,-2,12.9239,-0.0,44,2,1
0,0,0,12.5425,0.9769,43,2,2
0,0,0,12.2061,0.237,46,2,2
0,-2,-2,12.5062,0.0057,45,2,1
0,-1,-1,12.6761,0.064,32,2,1
0,0,0,11.0021,0.9533,32,2,2
0,0,0,11.7753,0.9691,35,2,2
1,0,0,10.309,0.8095,54,2,3
0,0,0,12.2061,0.8115,50,2,3
0,-1,-1,12.0436,0.0178,51,2,2
0,2,0,11.2898,1.4378,50,2,5
0,-2,-2,13.1224,0.0,50,2,1
0,0,-1,10.8198,0.0218,47,2,3
0,0,0,11.4076,0.8093,50,2,2
0,0,0,12.7657,0.3894,50,2,5
0,2,2,11.6082,0.2917,52,2,3
1,2,0,11.6952,1.2442,50,2,3
1,0,0,10.309,0.3561,55,2,3
1,0,0,10.309,0.4832,53,2,2
0,-2,-2,12.4292,0.0272,51,2,1
0,0,0,10.8198,0.4475,52,2,3
0,0,0,11.9829,0.5994,53,2,3
1,-1,-1,11.8494,0.0591,49,2,2
1,1,2,11.2898,0.6534,51,2,3
1,0,-1,9.2103,0.1473,53,2,3
0,-1,2,12.6115,0.0018,50,2,5
0,0,0,11.4076,0.4827,50,2,2
0,-2,-2,9.9035,0.0,51,2,2
0,0,0,10.309,0.8542,53,2,2
0,0,0,11.2898,0.578,50,2,3
1,0,0,9.9035,0.7017,54,2,1
0,0,0,9.9035,0.179,55,2,3
1,0,0,10.8198,0.7399,53,2,2
0,-2,-2,11.6952,0.033,60,2,1
0,0,0,10.309,1.0189,47,2,2
1,2,2,10.309,0.497,56,2,2
0,0,0,11.2898,0.5847,55,2,3
0,0,0,10.8198,0.4274,55,2,2
1,3,2,11.2898,0.7999,56,2,2
0,2,2,11.5129,0.9494,52,2,2
1,0,0,10.309,0.6188,62,2,3
0,0,0,11.7753,0.5685,51,2,1
0,1,2,9.9035,0.3594,54,2,3
1,2,2,11.2898,1.0269,57,2,2
0,0,0,11.5129,0.9425,51,2,1
1,2,0,9.9035,0.5772,50,2,3
0,0,0,11.6952,1.1526,51,2,2
1,2,2,10.8198,0.0783,53,2,2
0,0,0,11.2898,0.9458,59,2,3
0,0,0,11.4076,0.2015,54,2,3
0,0,0,11.0021,0.8412,47,2,3
1,0,0,11.5129,0.2767,50,2,3
0,0,0,10.8198,1.0242,50,2,2
1,2,2,10.309,0.5862,53,2,3
0,-1,-1,12.3884,0.0301,58,2,1
0,0,0,12.2061,0.5099,47,2,1
0,-1,-1,11.7753,0.003,50,2,3
0,0,0,11.6082,0.9189,50,2,3
0,0,0,10.8198,0.8054,51,2,2
1,0,0,9.9035,0.3474,56,2,3
0,0,0,10.8198,0.2439,69,2,3
1,2,2,11.2898,0.6037,54,2,2
1,2,0,9.9035,0.9024,52,2,3
1,1,2,9.9035,0.5638,56,2,3
1,0,0,10.309,0.4155,53,2,3
0,0,0,12.3884,0.9747,59,2,4
1,1,-2,10.8198,0.0,56,2,3
0,0,0,11.2898,0.0289,53,2,3
1,-2,-2,12.1007,0.0,56,2,1
0,0,0,12.3884,0.9007,55,2,3
0,0,0,11.6952,0.7433,54,2,2
1,2,0,9.9035,0.991,21,1,2
0,0,0,11.5129,0.3517,33,1,2
1,3,2,10.309,0.035,22,1,2
1,0,0,10.309,0.644,23,1,2
0,0,0,10.8198,1.0217,22,1,2
0,0,0,11.5129,0.6787,23,1,2
0,0,0,11.2898,0.7497,23,1,1
0,-1,-1,11.0021,0.0149,54,2,3
1,1,2,11.6952,0.9763,25,1,2
0,0,0,9.9035,0.1724,32,1,3
0,1,3,9.9035,0.8538,26,1,2
0,0,0,10.8198,0.9283,26,1,1
0,-1,-1,10.8198,0.0536,23,1,2
1,0,0,10.8198,0.3105,24,1,2
0,-1,0,9.2103,1.0078,23,1,2
1,2,2,9.9035,0.7098,24,1,2
0,0,0,10.309,0.2041,25,1,2
0,0,0,9.2103,0.8525,25,1,3
1,1,4,9.2103,0.8357,22,1,3
1,2,0,11.9184,0.1176,23,1,2
1,2,0,11.2898,0.5563,24,1,2
0,0,0,9.9035,0.1921,24,1,2
1,2,-1,11.6952,0.0111,24,1,1
0,0,0,10.5966,0.9353,24,1,1
1,3,3,9.9035,0.7923,24,1,3
1,2,2,11.5129,0.1062,24,1,2
0,-1,0,11.9829,0.0056,25,1,1
1,1,2,9.9035,0.8688,24,1,1
1,1,2,11.0021,0.9705,24,1,2
0,0,0,11.9184,0.5602,27,1,2
1,4,3,10.5966,0.9586,24,1,2
0,0,0,10.309,0.851,26,1,2
1,1,2,12.948,0.929,26,1,2
0,2,3,9.9035,0.7481,26,1,2
1,2,2,10.8198,0.8926,25,1,2
0,1,2,9.9035,0.8922,23,1,2
0,0,0,9.9035,0.8486,24,1,3
0,0,0,9.9035,0.7613,28,1,2
0,-2,-2,12.6115,0.0,26,1,1
0,2,2,10.309,0.7474,25,1,1
0,0,-1,11.8494,0.2125,27,1,1
0,0,0,9.9035,1.0143,27,1,2
0,0,0,12.8739,0.9558,27,1,1
0,0,0,10.8198,0.7897,27,1,2
0,-1,0,10.8198,0.1389,26,1,2
0,0,0,10.8198,0.9604,26,1,2
0,0,0,12.6761,0.9491,26,1,2
0,0,0,12.5425,0.9922,26,1,1
1,1,2,10.8198,0.7632,26,1,1
0,0,0,13.1224,0.2534,26,1,2
0,-1,-1,12.2061,0.012,28,1,1
0,1,-2,10.8198,0.0,28,1,1
0,-2,-2,12.6115,-0.0005,27,1,2
0,1,2,10.309,0.7428,27,1,2
1,2,2,10.8198,0.9816,27,1,2
1,4,3,9.2103,0.3462,27,1,2
1,1,2,9.9035,0.4028,28,1,3
0,0,0,10.8198,0.9937,27,1,3
0,0,0,10.309,0.9296,26,1,2
1,0,0,11.5129,1.0054,30,1,1
0,-1,-1,11.7753,0.074,29,1,1
0,1,2,9.9035,0.8453,30,1,2
0,2,0,11.9184,0.0504,29,1,1
0,0,0,12.3014,0.1731,28,1,2
0,1,-1,11.5129,0.0,29,1,2
1,0,0,11.7753,0.9216,25,1,2
0,0,0,10.5966,0.5132,29,1,2
1,3,2,9.2103,0.23,30,1,1
0,1,-2,12.5776,0.0,30,1,1
0,0,0,12.1007,0.7454,27,1,2
0,-2,-2,12.5425,0.0056,27,1,2
1,3,2,10.309,0.055,27,1,2
1,1,2,12.6443,0.6176,29,1,1
0,0,0,11.1563,0.2818,28,1,1
1,0,0,11.6952,0.0597,28,1,1
0,-1,-1,12.3884,0.0016,29,1,2
0,0,0,10.8198,0.9361,27,1,2
0,0,0,12.6761,0.2494,28,1,1
0,0,0,11.2898,1.0269,29,1,2
1,1,2,9.9035,0.5793,29,1,2
0,1,2,11.2898,0.8974,29,1,2
0,-2,-1,12.7939,0.0,28,1,2
0,0,0,10.8198,0.8835,29,1,2
1,-1,-1,9.9035,0.2292,23,1,2
0,4,3,9.2103,0.5365,25,1,2
0,0,0,11.5129,0.7261,28,1,2
0,0,0,10.8198,0.9562,30,1,2
0,2,-1,10.309,0.013,24,1,2
0,0,0,9.9035,0.761,24,1,2
0,3,2,11.1563,1.3133,28,1,2
0,-1,-1,13.1022,0.0005,29,1,1
1,1,2,10.309,0.8421,29,1,1
0,0,0,9.9035,0.7967,29,1,1
0,-1,-1,12.5776,0.0027,29,1,1
0,5,4,9.9035,0.09,29,1,3
1,0,0,12.1007,0.0473,26,1,1
0,0,0,11.5129,1.0059,27,1,2
1,0,0,10.309,0.8026,26,1,2
0,0,0,13.0605,0.4542,27,1,1
0,0,0,12.2061,0.3003,29,1,2
0,0,-1,12.8992,0.0028,29,1,1
0,0,0,12.8992,0.1986,29,1,2
0,0,0,10.8198,0.9667,25,1,2
0,1,3,11.1563,0.1727,25,1,2
0,1,2,11.2898,0.3457,31,1,3
1,2,2,11.1563,0.4827,29,1,1
0,3,2,9.9035,0.0075,28,1,2
1,-1,2,9.2103,0.0619,28,1,2
1,-1,-1,12.9715,0.0674,30,1,2
0,-2,-2,10.5966,0.0,30,1,2
0,0,0,13.017,0.399,29,1,2
1,1,2,9.2103,0.9211,30,1,3
0,0,0,9.2103,0.9073,29,1,2
0,2,0,9.2103,0.2918,29,1,2
0,0,0,11.2898,0.9881,29,1,1
1,2,2,11.2898,0.8697,29,1,3
0,0,0,12.3884,0.9624,29,1,2
0,0,0,12.5425,0.8206,31,1,2
0,-1,0,10.8198,0.0046,31,1,2
0,0,0,11.2898,0.4705,32,1,1
0,1,-2,9.9035,0.0,29,1,3
1,1,-2,11.4076,0.0,29,1,2
0,-2,-1,12.2061,0.0405,29,1,1
0,2,-1,12.7939,0.0056,30,1,1
0,-1,-1,10.8198,0.029,31,1,2
1,2,2,11.7753,0.5659,27,1,1
0,0,0,11.2898,0.8136,31,1,3
1,-1,-1,12.2061,0.0448,29,1,2
0,1,2,11.9184,0.0662,39,1,2
0,0,0,12.8213,1.0244,34,1,1
0,-1,-1,12.6443,0.4026,45,1,2
0,0,0,12.3884,0.1007,41,1,1
0,0,0,12.6761,0.3337,35,1,1
0,3,2,10.8198,1.04,39,1,2
0,0,0,10.8198,0.9707,41,1,2
1,2,2,10.8198,0.3079,30,1,3
0,0,0,11.2898,0.9105,31,1,1
0,0,0,12.948,0.2164,32,1,1
1,2,2,10.8198,0.6112,32,1,1
1,2,2,11.9184,0.6032,32,1,2
1,0,0,11.7753,0.2322,34,1,1
0,0,0,12.0436,0.2821,34,1,2
0,0,0,12.0436,0.9724,45,1,3
0,0,0,11.6952,0.0929,25,1,2
1,1,2,10.309,0.9716,35,1,3
0,0,0,12.3014,0.0283,30,1,2
1,2,2,10.8198,0.3955,25,1,2
1,2,2,10.309,0.3507,34,1,2
0,0,0,12.4292,0.2957,30,1,1
1,0,0,9.9035,0.6614,29,1,2
1,0,0,9.2103,0.747,30,1,3
0,0,0,10.8198,1.0122,41,1,2
1,0,0,10.309,0.655,48,1,3
1,2,2,9.9035,0.6758,31,1,2
0,0,0,12.2061,0.9828,32,1,2
0,1,2,10.8198,0.143,33,1,1
0,-1,-1,11.6952,0.0027,35,1,1
1,-1,-1,12.2549,0.0015,40,1,1
0,0,0,12.1007,1.0072,32,1,3
0,0,0,10.8198,0.3921,32,1,2
0,0,0,11.1563,0.5998,40,1,3
0,-2,-2,12.2061,0.0082,44,1,1
1,1,2,10.8198,0.2192,46,1,3
0,-1,-1,12.3458,0.0043,47,1,2
1,1,2,10.309,0.6738,42,1,1
0,0,0,10.309,0.696,32,1,2
0,-1,0,11.9184,1.3612,34,1,2
1,0,-1,9.2103,0.1473,30,1,2
0,0,0,11.9184,0.0308,29,1,1
0,1,-2,12.7939,0.0,34,1,1
0,0,0,12.7367,0.2531,38,1,1
0,0,0,10.8198,0.9769,34,1,2
0,0,0,10.309,0.6964,39,1,2
0,-2,-2,12.7939,0.0076,34,1,1
0,0,0,11.9184,1.0056,46,1,1
1,2,2,11.9829,0.9539,28,1,3
0,0,0,10.309,0.9543,39,1,2
0,-1,-1,13.0815,0.0222,47,1,1
0,-1,0,12.2061,0.4949,45,1,2
1,-1,-1,10.8198,0.0048,39,1,3
1,1,2,9.9035,0.8956,32,1,2
0,0,0,11.0021,0.9888,44,1,2
0,0,0,12.2061,0.08,26,1,1
0,0,0,9.9035,0.8102,27,1,2
0,0,0,12.9945,0.0313,35,1,3
0,-1,2,11.5129,0.0077,34,1,1
0,0,0,11.5129,0.9593,38,1,2
0,0,0,11.5129,0.1157,48,1,2
0,-2,-2,12.3458,0.0057,46,1,3
0,0,0,10.8198,0.2638,37,1,1
0,0,0,10.8198,0.8433,32,1,2
0,1,2,10.309,0.4703,41,1,2
1,1,2,11.8494,0.4852,32,1,2
0,0,0,11.0021,0.93,43,1,3
0,1,2,10.8198,0.5383,41,1,3
0,0,0,12.7657,0.7133,36,1,2
1,2,2,9.9035,0.5812,44,1,3
0,0,0,9.9035,0.816,30,1,2
0,0,0,10.8198,0.9342,36,1,2
1,1,2,9.9035,0.9976,41,1,2
0,0,0,11.6082,0.2159,34,1,3
1,-1,2,12.2061,0.0033,44,1,1
1,2,2,12.4684,0.318,46,1,2
1,2,2,11.9184,0.591,36,1,2
0,0,0,10.8198,0.4628,33,1,2
0,-1,-1,11.9184,0.0871,35,1,2
1,2,2,12.4292,0.6152,35,1,1
0,0,0,10.8198,0.7374,49,1,5
0,0,0,10.8198,0.7766,47,1,2
0,2,2,10.8198,0.8351,44,1,3
0,1,2,11.2898,1.0132,40,1,3
0,0,0,9.9035,0.5786,49,1,3
1,2,4,12.3014,1.0625,47,1,2
1,-1,2,11.6952,0.1016,39,1,3
0,0,0,12.2061,0.4209,39,1,3
0,0,0,10.309,3.0,47,1,3
0,0,0,10.8198,1.0151,43,1,2
0,2,0,10.8198,0.0973,42,1,3
0,0,0,12.3458,0.186,45,1,2
0,0,0,12.5425,0.9469,33,1,2
0,0,0,11.1563,0.9747,43,1,1
0,-1,0,11.6952,0.9344,40,1,2
0,0,0,12.0436,0.8165,39,1,1
0,1,2,10.309,0.5767,41,1,3
1,0,0,9.9035,0.9353,33,1,2
0,0,0,9.9035,0.825,35,1,3
1,3,2,12.3014,0.837,39,1,1
0,0,0,10.8198,0.4199,44,1,2
0,0,0,12.6115,0.9643,46,1,6
0,-2,-2,12.9715,0.0034,29,1,2
1,-1,2,10.309,0.0409,36,1,2
0,0,0,9.9035,0.7038,46,1,3
0,0,0,12.2549,0.5702,40,1,1
1,0,0,11.2898,0.5933,31,1,2
0,0,0,10.309,0.9425,31,1,3
1,2,2,12.3014,0.753,47,1,1
0,0,0,11.2898,0.2844,32,1,2
0,0,0,13.0815,0.1153,31,1,2
0,0,0,11.9184,0.6268,33,1,1
0,1,2,11.0021,0.604,31,1,3
1,2,2,11.2898,0.3116,33,1,2
0,0,0,10.8198,0.9365,32,1,2
1,1,2,10.8198,0.6755,34,1,3
0,0,0,12.1007,0.9835,42,1,3
1,0,0,11.5129,0.106,39,1,2
0,2,2,12.3884,1.0813,42,1,3
1,0,0,10.8198,0.9866,49,1,3
0,0,0,9.9035,0.4076,40,1,3
0,0,0,10.8198,0.9718,30,1,2
0,-2,-2,12.2061,0.0346,31,1,2
0,0,0,12.1007,0.1268,32,1,2
1,1,-2,12.6761,0.0,33,1,1
0,0,0,12.2061,0.4352,48,1,3
1,0,0,9.9035,0.5071,41,1,2
0,-2,-2,12.2061,0.028,38,1,1
0,1,-2,9.9035,0.0,40,1,3
0,1,3,10.8198,1.0036,39,1,2
1,0,0,10.8198,1.0096,25,1,2
0,0,0,11.2898,0.5578,43,1,2
0,0,0,12.1007,0.2681,33,1,1
0,-2,-2,11.2898,-0.0199,42,1,3
0,2,3,11.9184,0.5801,36,1,2
0,-1,-1,9.9035,0.0415,37,1,2
0,-1,-1,12.6115,0.0055,42,1,1
0,1,3,10.309,0.8534,35,1,2
0,0,0,11.8494,0.2558,49,1,2
1,1,2,11.2898,0.1052,36,1,1
0,0,0,9.9035,0.6622,45,1,2
1,0,0,11.1563,0.9913,35,1,2
0,0,0,12.6761,0.9938,36,1,2
0,0,-1,11.2898,0.3911,46,1,2
0,0,0,10.8198,0.5617,33,1,2
0,0,0,11.2898,0.1978,41,1,2
0,0,0,11.6082,0.4792,38,1,3
0,0,0,10.8198,0.9915,45,1,2
1,2,0,10.8198,0.2069,42,1,3
0,0,0,9.9035,0.7483,38,1,2
0,2,2,11.6952,0.53,42,1,1
0,0,0,10.309,0.7807,37,1,2
0,0,0,10.8198,0.1721,34,1,2
1,1,2,11.5129,0.237,35,1,3
0,3,2,10.8198,0.003,35,1,2
0,0,0,10.309,0.5934,34,1,2
1,3,2,10.5966,0.9573,38,1,2
1,2,2,12.1548,0.8769,39,1,2
1,1,2,9.2103,1.0866,39,1,3
0,0,0,10.8198,1.0089,43,1,3
0,0,0,9.9035,0.8838,34,1,2
0,-2,-2,11.6952,0.019,37,1,3
0,0,0,10.8198,1.0103,43,1,3
0,0,0,12.6443,0.9023,31,1,1
0,1,2,12.3884,0.9223,45,1,3
1,1,-1,10.8198,-0.0132,47,1,2
1,-1,-1,12.2549,0.0073,40,1,1
0,1,2,11.0021,0.2709,31,1,2
1,0,0,9.9035,0.6596,31,1,2
1,0,0,10.8198,1.0157,43,1,2
1,0,0,10.309,0.8022,39,1,2
1,1,2,11.0021,0.7239,29,1,1
0,0,0,11.4076,0.784,29,1,2
1,0,0,10.309,0.4151,32,1,2
1,3,2,10.309,0.0793,37,1,2
1,2,2,12.3014,0.7991,39,1,3
0,-2,-2,12.4292,0.0572,39,1,5
0,-1,0,13.017,0.0057,42,1,1
0,2,0,10.309,0.6134,34,1,2
0,0,0,12.3014,0.061,37,1,2
0,-2,-2,12.6115,0.003,30,1,1
0,0,0,13.1224,0.2713,30,1,2
0,1,2,9.9035,0.7548,34,1,2
0,0,0,11.6082,0.382,32,1,2
0,1,4,9.2103,1.0711,41,1,3
1,1,2,9.9035,0.4278,47,1,2
0,-1,-1,12.3458,0.0058,34,1,2
1,1,2,9.9035,0.7834,35,1,2
0,-1,-1,10.8198,0.0386,38,1,2
0,0,0,12.2061,0.3303,40,1,1
0,1,-2,11.2898,0.0,37,1,2
0,-1,-1,10.8198,0.0833,43,1,3
1,1,2,10.8198,0.3349,49,1,2
1,0,0,11.6082,1.0066,29,1,1
0,0,0,11.6082,0.3874,38,1,2
0,0,0,12.3014,0.3974,36,1,2
0,0,0,11.8494,0.9881,38,1,3
0,0,0,10.8198,0.6865,43,1,2
1,2,2,11.5129,0.7076,40,1,2
1,0,0,9.9035,0.7628,38,1,1
1,0,0,10.8198,0.9952,32,1,3
0,0,0,10.5966,0.5833,33,1,2
0,-1,-1,12.1007,0.0726,34,1,2
0,0,0,11.2898,0.5734,34,1,3
0,0,0,10.309,0.8925,34,1,2
0,0,0,12.3458,0.1339,35,1,2
0,0,0,9.9035,1.005,41,1,6
0,-1,-1,12.7657,0.0062,44,1,3
0,1,2,9.9035,0.48,38,1,2
0,0,0,11.7753,0.7001,36,1,2
1,0,0,10.8198,0.9566,37,1,2
1,0,0,11.5129,0.2044,44,1,2
1,0,0,9.9035,0.6064,40,1,2
0,-2,-2,11.9184,0.0067,43,1,1
0,0,0,12.3458,0.5098,46,1,2
1,0,0,13.0605,0.0708,38,1,1
0,0,0,10.8198,0.8744,46,1,2
1,0,-1,11.6952,0.9953,49,1,3
1,2,2,9.9035,0.8616,43,1,2
0,1,2,9.2103,0.7953,45,1,2
1,2,2,10.8198,0.1576,29,1,1
0,-2,-2,12.7939,0.0035,30,1,1
0,0,0,11.5129,1.0133,38,1,5
0,-1,-1,12.0436,0.0496,36,1,1
1,2,2,10.309,0.4899,43,1,2
1,1,-1,12.3458,0.0,37,1,1
0,0,0,11.9184,0.7666,35,1,1
0,-1,-1,12.4684,0.0115,37,1,2
0,0,0,11.2898,0.9536,48,1,3
0,0,0,9.9035,0.9828,43,1,2
1,1,-2,12.3884,0.0,36,1,1
1,1,2,10.8198,0.9808,40,1,2
0,0,0,10.8198,0.8586,45,1,1
1,2,2,11.5129,0.6578,45,1,2
0,0,0,9.9035,0.8442,40,1,3
1,2,2,11.9184,0.778,41,1,1
0,-1,0,12.3458,0.0512,37,1,2
0,0,0,9.9035,0.9736,45,1,2
0,0,0,12.8739,0.0775,33,1,2
1,3,2,11.2898,0.0075,36,1,2
0,1,-2,12.5062,-0.0,35,1,1
0,0,0,9.9035,0.7714,37,1,2
0,2,3,11.9184,1.0145,45,1,2
0,0,0,10.8198,0.995,36,1,1
1,1,2,11.9829,0.3669,47,1,1
0,-2,-2,12.7939,0.002,33,1,1
0,0,0,11.9184,0.8103,40,1,3
0,0,0,13.1224,0.0229,46,1,1
1,-1,-1,12.3014,0.0034,35,1,1
1,1,-2,12.5425,0.0,46,1,1
0,1,2,10.309,3.0,38,1,1
0,0,-1,13.1224,0.018,36,1,3
0,-2,-2,12.7939,0.0,40,1,2
0,1,2,12.8992,0.0921,38,1,1
0,-2,-2,12.7657,0.0174,43,1,2
1,1,4,9.9035,0.7778,36,1,2
0,1,2,11.6082,1.0261,36,1,2
1,1,3,10.309,1.0468,31,1,3
1,0,0,9.9035,0.9928,45,1,2
0,-2,-2,12.1007,0.0,42,1,1
0,0,0,11.8494,0.8569,48,1,2
0,-1,-1,12.6115,0.0005,43,1,1
0,0,0,12.3884,0.9101,41,1,3
1,-1,-1,11.9829,0.002,41,1,2
0,0,0,13.1224,0.0984,38,1,2
0,0,0,10.8198,1.0059,45,1,2
0,1,2,10.8198,0.5219,39,1,2
0,0,0,11.5129,0.0764,37,1,0
0,-2,-2,11.9184,0.0445,38,1,2
0,1,-2,12.5776,0.0,36,1,1
1,0,0,9.9035,0.7806,37,1,2
0,0,0,10.8198,0.9983,33,1,2
0,0,0,11.2898,0.4714,39,1,2
0,0,0,11.8494,0.9945,42,1,2
0,0,0,12.4684,0.0737,33,1,2
1,2,2,11.9184,0.241,37,1,1
0,-2,-2,12.6115,0.0389,37,1,2
0,1,-2,11.6952,0.0,33,1,1
0,0,0,11.4076,0.1958,38,1,2
0,-2,-2,12.2061,-0.001,42,1,1
1,0,0,11.8494,0.3295,32,1,1
1,1,2,10.8198,0.9887,45,1,2
0,1,-2,12.2061,0.0,40,1,0
0,0,0,12.5425,0.5974,33,1,1
0,0,0,12.9715,0.969,34,1,1
0,0,0,12.1548,0.9883,34,1,3
0,1,2,10.8198,0.7762,38,1,3
0,0,0,11.6082,0.9678,40,1,2
0,0,0,9.9035,0.4892,46,1,3
0,-1,-1,11.5129,0.1038,45,1,3
0,-2,-2,12.8213,0.0349,37,1,1
0,-2,-2,12.6761,0.0089,36,1,4
0,0,0,11.2898,0.569,33,1,1
1,1,-2,11.5129,0.0,35,1,1
1,2,0,12.1007,0.1494,42,1,2
0,0,0,11.4076,1.0121,46,1,3
0,0,0,12.0436,0.8383,39,1,2
0,0,0,11.2898,0.9034,50,1,2
0,0,0,9.9035,0.9828,50,1,3
0,0,0,10.8198,1.0216,60,1,2
1,1,2,9.9035,0.5028,50,1,2
0,0,0,12.8739,0.0984,64,1,1
0,0,0,11.2898,0.9831,59,1,3
0,0,0,12.7657,0.9824,51,1,2
0,0,0,12.6761,1.5099,51,1,1
0,2,2,10.8198,0.7286,52,1,3
0,-1,-1,12.4684,0.0015,62,1,2
0,0,0,12.2061,0.8464,55,1,2
1,-1,-1,10.309,0.013,49,1,2
0,0,0,9.9035,0.3678,55,1,2
0,0,0,12.6761,0.8684,50,1,2
1,1,2,10.309,0.794,52,1,3
0,0,0,11.4076,0.8992,50,1,3
0,-2,-2,12.1007,0.002,52,1,2
0,0,0,10.8198,0.9431,50,1,1
0,0,0,11.0021,0.978,52,1,2
0,0,0,10.8198,0.9671,53,1,2
0,-1,-1,10.8198,0.0078,55,1,3
1,3,2,9.9035,0.1128,53,1,3
0,1,2,11.2898,0.1205,53,1,3
0,-2,-2,12.7657,0.0014,58,1,1
0,0,0,12.2061,0.753,52,1,2
0,-2,-2,12.7939,0.0794,50,1,2
1,2,2,9.9035,0.8178,59,1,3
0,0,0,11.4076,0.3421,55,1,3
0,0,0,12.8213,0.6984,66,1,3
1,0,0,12.1007,0.7463,51,1,1
1,2,0,9.9035,0.764,59,1,3
1,2,0,10.309,0.7652,57,1,1
0,0,0,11.0021,0.9739,54,1,3
0,0,0,12.7068,0.3643,52,1,2
0,2,0,12.3458,0.8898,51,1,2
0,2,0,10.8198,0.3655,57,1,3
0,0,0,10.309,0.9687,56,1,5
0,0,0,11.2898,0.4912,53,1,1
1,2,2,10.8198,0.1746,58,1,2
0,1,2,9.2103,1.0171,50,1,2
0,0,0,12.0436,0.5072,56,1,5
1,2,-1,10.8198,0.0078,61,1,2
0,2,0,9.9035,0.4959,57,1,3
0,-1,-1,9.9035,0.0978,50,1,2
0,0,0,12.1548,0.5403,50,1,3
0,2,4,12.5062,0.7912,50,1,1
0,-2,-2,13.0815,0.006,51,1,2
0,0,0,12.8479,0.3828,52,1,3
1,0,0,9.9035,0.5412,49,1,3
1,2,2,10.8198,0.8561,48,1,2
1,0,0,12.5425,0.8852,52,1,3
0,0,0,12.3884,0.6112,65,1,1
1,2,2,11.6082,0.5068,54,1,2
0,0,0,12.2061,0.3301,53,1,1
0,-1,-1,11.8494,0.0133,56,1,1
0,0,0,12.4684,0.2816,53,1,1
0,-1,2,11.7753,0.0371,57,1,2
0,0,0,10.8198,0.7448,54,1,3
1,-2,-2,12.6115,0.0013,55,1,1
1,3,3,10.309,0.9797,54,1,3
0,-1,0,10.8198,0.2926,58,1,3
1,-2,-2,13.017,0.0,67,1,1
0,0,0,12.0436,0.2879,27,2,2
1,2,2,11.0021,0.6725,29,2,2
0,0,0,10.309,1.0081,26,2,3
0,-1,-1,12.2061,0.0175,28,2,1
0,1,3,10.309,0.9573,30,2,2
1,1,-1,11.5129,0.0,30,2,1
0,1,2,10.309,0.9874,35,2,3
0,0,0,11.9184,0.4423,24,2,3
0,-1,-1,12.2549,0.0005,25,2,1
0,-1,-1,12.6115,0.0026,28,2,1
0,0,0,10.8198,0.3622,22,2,3
0,-1,-1,12.7939,0.0604,33,2,2
0,0,0,12.3884,0.9727,28,2,1
1,-2,-2,12.4684,0.0034,30,2,1
1,2,0,11.8494,0.3969,33,2,1
0,0,0,9.2103,0.8278,21,2,1
0,0,0,10.8198,0.9362,22,2,3
0,0,0,10.8198,0.7451,22,2,2
1,2,2,10.8198,0.7333,22,2,2
1,0,0,11.8494,0.6449,23,2,1
0,0,0,9.9035,0.3743,27,2,2
1,2,0,10.8198,0.9738,24,2,2
0,4,4,10.309,0.5316,23,2,3
0,0,0,10.8198,0.1717,22,2,2
0,-2,-2,11.7753,-0.0013,23,2,2
0,-1,-1,11.2898,0.0049,23,2,1
0,0,0,10.309,0.9343,21,2,2
0,0,0,10.8198,0.4955,22,2,2
1,1,-1,9.9035,0.1921,22,2,2
0,0,0,11.4076,0.7629,22,2,3
0,0,0,10.309,0.9787,22,2,1
0,2,2,10.8198,0.3818,22,2,2
0,1,-1,11.9184,-0.0013,24,2,1
1,0,0,9.9035,0.5497,24,2,3
1,0,-1,10.309,1.03,24,2,1
0,2,2,10.8198,0.9879,24,2,2
0,0,0,12.8992,0.3841,30,2,1
0,0,0,9.9035,0.8014,23,2,2
0,1,2,11.1563,1.0329,23,2,2
0,-1,-1,9.9035,0.3458,23,2,1
0,0,0,10.309,0.9004,23,2,1
0,0,0,10.309,0.9379,23,2,2
1,2,2,11.2898,0.6075,24,2,1
0,0,0,11.2898,0.9858,24,2,1
1,0,0,10.5966,0.8342,24,2,2
0,0,0,11.1563,0.6404,23,2,2
1,0,0,9.2103,0.6967,22,2,1
1,2,0,11.0021,1.0239,24,2,2
0,1,2,10.8198,0.0887,22,2,1
0,0,0,11.2898,0.0851,23,2,2
1,0,0,11.1563,0.1095,23,2,1
0,0,0,10.309,0.2974,22,2,3
1,2,2,10.309,0.9067,22,2,2
1,0,0,9.9035,0.9412,25,2,2
1,-1,-1,10.8198,0.0078,25,2,1
0,0,0,10.309,0.8984,29,2,2
0,0,0,10.8198,1.013,24,2,2
0,1,2,10.8198,0.8522,22,2,1
1,2,2,10.8198,0.8348,23,2,3
0,1,-2,10.8198,0.0,23,2,1
1,3,2,9.2103,0.24,23,2,1
1,0,0,9.2103,0.6902,24,2,2
0,-1,-1,11.6082,0.0108,24,2,2
0,0,0,11.8494,0.2487,24,2,2
0,0,0,9.9035,0.95,24,2,1
0,0,0,10.309,0.8429,24,2,1
1,2,2,11.5129,0.9333,24,2,2
0,2,-1,9.9035,0.0575,24,2,1
0,0,0,12.1548,0.137,25,2,2
0,0,0,12.6115,0.0872,24,2,2
1,2,2,10.8198,0.936,26,2,2
0,0,0,10.309,1.0156,26,2,3
1,-1,-1,9.9035,0.227,25,2,1
1,0,-1,11.0021,0.0512,25,2,2
0,0,0,11.1563,0.9653,25,2,2
1,2,3,11.0021,0.5785,24,2,2
1,2,0,11.0021,0.56,25,2,2
1,2,2,10.309,1.0444,22,2,2
1,2,0,11.5129,0.6837,24,2,2
1,2,0,11.1563,1.0138,25,2,3
1,0,0,9.9035,1.9196,22,2,2
0,0,0,10.8198,0.7668,22,2,2
0,2,2,10.8198,0.8049,22,2,3
0,0,0,10.309,0.4844,22,2,2
1,2,2,10.309,0.9931,22,2,3
1,0,0,10.309,0.8497,22,2,2
1,2,0,11.0021,0.9817,23,2,2
1,0,0,9.9035,0.9834,22,2,2
0,2,0,10.8198,1.0131,23,2,3
0,0,0,10.309,0.935,24,2,1
1,0,0,10.309,0.9682,23,2,1
0,1,2,11.1563,0.2743,24,2,1
0,0,0,11.5129,1.0161,24,2,2
0,0,0,11.5129,0.0709,24,2,2
0,-1,-1,12.4292,0.0208,25,2,2
0,0,0,11.7753,0.9779,25,2,2
1,2,0,10.8198,0.981,25,2,1
0,0,0,12.4292,0.4974,26,2,2
1,0,0,10.8198,1.0121,26,2,2
0,0,0,10.8198,0.7697,25,2,1
0,-2,-2,12.3458,0.0,24,2,2
0,0,0,12.2061,0.8772,25,2,2
0,0,0,10.8198,0.9394,23,2,2
1,3,2,11.5129,0.8502,24,2,2
0,0,0,11.8494,0.7072,24,2,2
0,0,0,9.9035,0.6771,24,2,2
0,0,0,11.5129,0.8799,25,2,2
0,0,0,12.3884,0.0376,25,2,2
0,0,0,9.9035,0.926,25,2,2
0,0,0,10.8198,0.9068,25,2,1
0,0,0,10.8198,0.5002,25,2,1
0,0,0,11.0021,0.6014,25,2,2
1,0,0,9.2103,0.6759,22,2,2
0,1,4,10.309,0.8728,23,2,1
1,0,0,10.309,0.7026,23,2,1
0,0,0,11.0021,0.2206,23,2,1
0,1,2,11.2898,0.9862,25,2,2
0,0,0,11.7753,0.8584,25,2,2
0,1,2,10.309,0.5945,25,2,2
1,0,0,11.0021,0.9516,23,2,2
0,0,0,11.2898,0.9297,24,2,2
0,0,0,12.3458,0.3423,24,2,2
0,0,0,11.2898,0.9015,25,2,1
0,0,0,11.1563,1.0127,24,2,1
0,0,0,12.3014,0.6487,25,2,2
0,0,0,10.8198,0.8979,25,2,2
0,0,0,12.2549,0.2175,24,2,2
1,3,2,11.0021,0.0025,24,2,2
1,1,2,10.309,0.9768,25,2,2
0,0,0,10.8198,0.8725,24,2,2
0,0,0,10.8198,0.4799,24,2,2
0,0,0,11.2898,0.4666,26,2,1
1,0,0,11.0021,1.0057,25,2,3
1,0,0,9.9035,0.7694,25,2,2
0,0,0,10.8198,0.9419,26,2,3
0,0,0,12.4684,0.0916,27,2,1
1,-1,-1,12.0436,0.0024,27,2,2
0,0,0,9.9035,0.7624,27,2,2
0,1,2,9.9035,1.0112,26,2,2
0,0,0,11.7753,0.0214,26,2,2
0,0,0,11.1563,1.0134,25,2,2
0,-1,-1,11.6952,0.005,26,2,1
0,0,-1,12.2549,0.0495,26,2,1
0,0,0,10.8198,0.8098,27,2,2
0,0,0,10.309,0.8984,27,2,1
0,0,0,11.9184,0.9396,27,2,2
0,0,0,12.6115,0.3526,27,2,3
0,1,-2,11.9184,0.0,27,2,2
1,2,2,10.309,0.8519,27,2,2
0,0,0,10.8198,0.9698,27,2,2
0,0,0,11.2898,0.9753,26,2,1
0,0,0,11.2898,0.1683,26,2,2
0,1,-2,11.0021,-0.0004,26,2,2
0,-2,-2,12.2061,-0.0,27,2,1
0,0,0,12.5425,0.5273,31,2,2
0,0,0,10.8198,0.9522,24,2,2
1,2,2,11.2898,0.2807,24,2,2
0,0,0,10.8198,0.6649,23,2,2
0,0,0,9.9035,0.9458,24,2,1
1,0,0,11.2898,0.4977,24,2,1
1,3,2,9.9035,0.8002,27,2,3
0,0,0,11.6082,0.9655,28,2,2
0,0,0,10.8198,0.6278,28,2,1
1,0,0,11.7753,0.6934,24,2,3
1,-1,0,9.9035,0.0914,25,2,1
1,2,-1,11.7753,0.0064,25,2,2
1,0,0,10.8198,0.8328,25,2,3
1,2,2,10.8198,0.6717,25,2,2
0,0,0,11.7753,1.4431,26,2,2
1,0,0,11.2898,0.4023,26,2,2
0,-1,-1,12.3458,0.0075,28,2,2
0,0,-1,13.1224,0.0132,28,2,1
0,0,0,11.9829,0.7786,27,2,1
1,-2,-2,11.9184,0.0371,27,2,2
0,0,0,11.0021,0.7562,27,2,2
0,1,2,10.8198,0.3819,27,2,1
0,0,-1,9.2103,0.6031,27,2,1
0,0,0,11.8494,0.0686,28,2,1
0,0,0,12.1007,0.6228,30,2,1
0,0,0,12.4684,0.3295,28,2,1
1,3,2,11.4076,0.9078,27,2,2
1,2,2,9.9035,0.9492,29,2,2
1,3,2,10.309,0.2964,26,2,3
0,-2,-2,12.948,0.1485,26,2,2
0,-2,-2,12.3458,0.0014,27,2,2
0,0,0,11.4076,0.6633,28,2,2
1,2,2,12.2549,0.8126,27,2,2
0,0,0,12.3458,0.3197,27,2,2
0,0,0,11.5129,0.8584,30,2,2
0,0,0,9.9035,0.6152,30,2,3
0,0,0,9.9035,1.0144,27,2,3
0,-1,0,11.9184,0.2347,28,2,3
0,-1,0,12.1007,0.057,29,2,1
0,0,0,9.9035,0.896,26,2,1
0,0,0,12.5425,0.0666,27,2,1
0,0,0,10.8198,0.9376,26,2,3
0,0,0,10.8198,0.7198,26,2,3
0,0,0,11.5129,0.0663,26,2,2
0,1,2,9.2103,0.515,27,2,2
0,0,0,11.4076,0.9536,27,2,1
0,-1,-1,11.6952,0.016,29,2,1
1,2,2,12.4292,1.0094,29,2,2
0,-1,-1,12.1007,0.0523,29,2,1
0,0,0,12.7657,0.5978,29,2,2
0,-2,-2,12.4292,0.005,31,2,2
0,0,0,11.8494,0.7147,29,2,2
1,-1,-1,10.8198,0.0078,28,2,1
1,2,2,11.9184,0.9673,28,2,1
0,0,-1,11.9829,0.0258,28,2,1
0,0,0,11.7753,0.2306,28,2,3
0,0,0,12.7367,0.282,26,2,2
0,0,0,12.4684,0.0621,26,2,2
0,0,0,11.6082,0.3538,26,2,1
0,0,0,12.8992,0.018,29,2,1
0,0,0,11.1563,0.5721,29,2,1
1,-1,5,9.9035,0.716,31,2,3
1,2,2,11.0021,0.299,28,2,2
0,2,2,11.2898,0.6789,29,2,1
0,2,0,11.9184,0.6762,31,2,2
0,-1,-1,12.2061,0.0469,29,2,5
1,-1,-1,11.6082,0.0029,29,2,1
0,0,0,13.017,0.8261,29,2,2
0,0,0,11.9829,0.1369,29,2,2
0,0,0,11.9184,0.3285,28,2,2
0,0,0,10.309,1.0166,28,2,1
0,-1,-1,11.9829,0.0075,29,2,2
0,0,0,11.8494,0.3702,29,2,1
0,-1,-1,10.8198,0.1191,28,2,1
1,2,2,12.8739,1.0088,27,2,1
0,-1,-1,12.6115,0.0556,28,2,2
1,2,2,10.8198,0.8726,29,2,2
0,-2,-2,11.1563,-0.117,29,1,2
0,0,0,12.0436,0.2647,28,2,2
0,-1,-1,11.9829,0.0014,45,2,3
1,2,3,10.8198,0.6809,27,2,1
0,1,2,10.8198,0.7722,28,2,2
0,-1,-1,11.4076,0.0309,28,2,1
0,-1,-1,12.2061,0.0446,25,2,1
0,0,0,9.9035,0.785,26,2,2
0,0,0,10.8198,0.6216,30,2,2
1,1,2,10.8198,0.2549,24,2,2
0,0,0,11.0021,0.4567,26,2,3
0,0,0,10.309,0.3681,33,2,2
0,-1,2,12.7939,0.0022,30,2,3
0,0,0,9.9035,0.7756,22,2,2
0,0,0,10.309,0.6166,23,2,2
1,0,0,11.2898,0.5921,25,2,2
0,0,0,9.9035,0.8183,22,2,2
0,0,0,11.1563,0.9922,25,2,2
0,0,0,11.6952,0.8621,26,2,1
0,1,2,9.9035,0.852,26,2,1
0,0,0,9.9035,0.4924,22,2,2
0,0,-1,12.0436,0.0518,23,2,2
0,0,0,11.7753,0.9363,24,2,2
0,0,0,12.1007,1.0195,32,2,3
0,0,0,12.3884,0.3709,30,2,2
0,0,0,10.8198,1.0109,27,2,2
1,2,2,11.5129,0.9473,39,2,1
0,0,0,11.2898,0.9175,33,2,1
1,3,2,9.2103,0.5997,46,2,2
0,0,0,10.8198,0.9764,35,2,2
1,2,2,11.2898,0.275,35,2,2
1,2,2,10.5966,0.556,39,2,3
1,2,2,11.4076,1.0694,40,2,2
0,0,0,12.0436,0.4094,40,2,3
0,0,0,10.8198,2.0318,49,2,3
1,3,2,9.2103,0.24,41,2,2
0,1,2,11.1563,1.086,34,2,3
0,0,0,9.9035,0.7962,38,2,2
0,0,0,11.6952,0.0269,36,2,2
0,0,0,11.6082,0.9585,38,2,2
1,2,2,10.8198,0.8979,36,2,2
0,0,0,11.6082,0.0984,34,2,2
0,1,2,10.8198,1.0275,37,2,2
1,3,2,12.7939,0.0069,31,2,1
1,3,4,9.9035,0.9333,38,2,2
1,0,0,12.1007,0.4401,42,2,1
0,0,0,11.5129,1.0025,37,2,2
1,1,2,9.9035,0.7914,37,2,3
0,2,2,11.9184,1.0111,39,2,3
0,0,0,11.0021,0.6805,27,2,2
1,2,2,11.2898,0.3156,29,2,1
1,2,3,11.0021,0.3391,47,2,3
1,2,0,9.9035,0.9155,43,2,3
1,0,0,11.6082,0.9468,33,2,2
0,1,2,11.5129,0.7721,41,2,3
0,0,0,12.5425,0.7101,37,2,2
0,0,0,11.7753,0.9811,36,2,3
0,0,0,10.8198,0.9563,29,2,3
0,0,0,11.0021,0.8449,33,2,2
0,0,0,11.1563,0.6153,34,2,3
1,0,0,12.3884,0.7384,46,2,2
1,2,0,12.6443,0.4425,31,2,2
0,0,0,9.9035,1.0012,33,2,3
0,0,0,10.8198,0.5994,37,2,2
0,1,2,10.8198,0.5184,33,2,3
0,0,0,11.7753,0.7684,34,2,2
0,0,0,12.3458,0.2739,30,2,2
0,1,-2,12.8479,0.0092,31,2,2
0,0,0,11.9829,0.3506,32,2,3
0,0,0,9.9035,0.8965,32,2,3
1,0,0,11.9184,0.0127,33,2,1
0,-1,-1,11.4076,0.0173,32,2,1
0,-2,-2,12.8992,-0.0,33,2,1
0,0,0,11.1563,0.9564,34,2,2
0,2,2,10.8198,0.8733,34,2,2
0,1,-2,10.309,0.0,35,2,2
0,0,0,9.9035,0.9556,46,2,2
1,0,0,9.9035,0.436,39,2,3
1,-2,-2,11.7753,0.0,37,2,3
0,0,0,11.2898,0.9233,41,2,1
1,-2,-2,12.7939,0.0,41,2,1
0,-1,0,11.6952,0.0131,47,2,3
0,0,0,12.2061,0.9207,41,2,3
0,-2,-2,11.9184,0.0455,38,2,2
0,0,0,10.8198,0.544,44,2,2
1,1,2,12.0436,1.0553,40,2,3
0,0,-1,12.3458,0.8936,34,2,2
1,0,0,10.8198,0.5024,46,2,2
0,0,0,12.5425,0.5622,36,2,1
0,0,0,10.8198,0.2645,44,2,2
0,2,3,10.309,1.0019,31,2,3
0,-2,-2,12.7939,-0.0,32,2,1
1,-2,-2,12.8992,0.0162,32,2,2
0,0,0,11.2898,1.338,33,2,3
0,0,0,11.9184,0.1242,34,2,2
0,0,0,12.4684,0.2274,36,2,2
0,0,0,11.6082,0.9767,39,2,3
0,0,0,10.8198,0.9548,41,2,1
0,-1,-1,12.6115,0.0354,40,2,2
1,2,0,9.9035,0.8214,37,2,2
1,2,0,12.5776,0.4848,37,2,2
0,-1,-1,11.6952,0.0032,45,2,2
0,-1,-1,9.9035,0.0148,40,2,2
1,-2,-2,12.7939,-0.0004,36,2,2
0,-1,-1,11.9184,0.0529,41,2,1
1,2,2,11.5129,0.9918,42,2,1
0,0,0,12.0436,0.4313,45,2,1
1,1,-2,12.2061,0.0,49,2,3
1,-1,-1,11.0021,0.0804,48,2,3
0,0,0,11.2898,0.2447,29,2,2
0,1,2,10.5966,1.0168,30,2,3
1,1,2,10.8198,0.9812,30,2,1
1,2,2,10.8198,0.4008,39,2,3
0,-1,-1,10.5966,0.0125,39,2,2
0,2,3,11.6952,0.7886,25,2,2
1,1,2,12.2061,0.669,25,2,1
0,0,0,10.309,0.75,29,2,2
0,0,0,12.4684,0.0086,33,2,5
0,0,0,12.8739,0.2643,31,2,2
1,2,2,11.8494,1.1369,31,2,1
0,6,5,11.9184,0.5423,32,2,2
0,0,0,10.309,1.0032,32,2,3
0,0,0,11.4076,1.0149,36,2,2
0,0,0,11.9184,0.1125,39,2,2
0,0,-1,10.309,0.7405,39,2,2
0,0,0,12.2061,0.6932,36,2,2
0,-2,-2,10.309,0.0411,38,2,1
1,0,0,10.309,0.4945,48,2,3
0,0,0,10.8198,0.4021,29,2,2
0,0,0,12.6443,0.0858,29,2,2
0,1,-1,13.1224,0.0,37,2,1
0,-2,-2,13.1224,0.0557,36,2,3
0,-1,0,12.6115,0.0215,36,2,2
0,0,0,12.9715,0.466,30,2,3
0,0,0,10.309,0.1279,30,2,1
0,0,0,10.309,0.8889,31,2,3
0,-2,-2,12.2061,0.0,32,2,1
0,0,0,11.7753,0.9749,32,2,3
0,-1,-1,11.6952,0.0204,33,2,1
0,0,0,12.0436,0.1213,31,2,2
0,-1,-1,12.2549,0.0395,34,2,1
0,0,0,11.7753,0.3183,34,2,2
0,0,0,12.948,0.1616,35,2,2
0,0,0,12.1007,0.7243,39,2,2
0,0,0,12.3884,0.533,40,2,2
1,1,2,11.5129,0.7672,44,2,2
0,0,0,11.7753,0.294,45,2,3
1,1,2,9.9035,0.575,43,2,2
0,0,0,10.8198,0.9349,46,2,2
0,0,0,11.1563,0.2786,38,2,2
0,-1,-1,10.309,0.0563,41,2,3
1,0,0,10.8198,0.8368,48,2,3
0,0,0,13.1224,0.2389,41,2,3
0,-1,-1,12.2061,0.0025,41,2,1
1,2,2,11.6952,0.2151,42,2,2
0,-1,0,12.2061,0.3793,49,2,2
1,1,2,11.9184,0.6244,36,2,2
0,1,2,11.5129,0.0326,42,2,2
0,0,0,10.8198,0.1596,38,2,2
1,3,2,10.8198,0.9444,36,2,2
1,0,0,10.8198,0.9964,43,2,1
0,0,0,13.2177,0.6141,33,2,1
0,1,-1,10.309,0.0,35,2,2
0,-1,-1,11.9184,0.0347,39,2,3
0,0,0,11.8494,0.8549,27,2,2
0,0,0,10.8198,1.1066,48,2,2
0,0,0,11.9829,0.975,39,2,3
0,0,0,10.8198,0.0361,26,2,2
0,0,0,10.8198,0.5578,28,2,1
0,-2,-2,11.6082,0.0,33,2,1
1,2,2,10.8198,0.9335,46,2,3
0,1,2,12.7657,0.7993,31,2,2
0,0,0,11.1563,0.3448,42,2,2
0,1,-2,12.2549,0.0,38,2,1
0,0,0,12.1007,0.1119,36,2,2
0,0,0,10.309,0.4143,28,2,3
0,0,0,13.3535,0.7099,31,2,1
0,0,0,12.3014,0.653,41,2,2
0,0,0,12.5425,0.8248,44,2,1
0,0,0,12.7367,0.719,40,2,2
1,2,-1,12.1007,0.0023,33,2,1
0,-2,-2,12.4292,0.0295,35,2,2
1,1,3,9.9035,0.855,48,2,2
0,0,0,11.8494,0.7322,40,2,2
1,2,0,11.7753,0.5552,44,2,2
0,0,0,11.6952,0.547,38,2,1
0,1,-2,12.7939,0.0,42,2,1
0,0,0,12.3884,0.2088,43,2,2
0,-2,-2,12.6443,0.0105,40,2,2
1,2,2,11.5129,0.4368,46,2,3
0,-2,-2,12.2061,0.0066,37,2,1
0,2,2,11.2898,0.9084,29,2,2
0,-2,-2,12.2549,0.095,32,2,1
0,-2,-2,12.1007,0.0,31,2,1
0,0,0,11.1563,0.9529,33,2,2
0,0,0,11.0021,0.9621,36,2,2
0,-1,-1,12.2061,0.0048,49,2,1
0,-1,-1,10.8198,0.0176,48,2,2
1,1,2,10.8198,0.1671,46,2,3
0,0,0,11.1563,0.985,41,2,2
0,0,0,11.7753,0.1813,48,2,2
0,-2,-2,11.8494,0.0,47,2,2
0,0,0,12.7657,0.1216,36,2,3
0,0,-1,11.9184,0.0512,30,2,1
0,0,0,10.8198,0.656,39,2,2
0,0,0,10.8198,0.7782,47,2,3
0,0,0,10.309,0.3965,36,2,2
0,0,0,9.9035,0.7947,38,2,3
0,0,0,10.8198,0.5348,33,2,2
1,2,2,10.309,0.503,47,2,2
0,-1,-1,12.3458,0.0365,47,2,0
1,2,2,11.1563,1.2266,43,2,3
0,0,0,10.309,0.5004,49,2,2
0,0,0,11.9184,0.9823,33,2,3
0,-1,0,10.5966,0.4884,38,2,2
0,0,0,12.4292,0.5716,31,2,2
0,1,2,12.2061,0.1539,46,2,2
0,1,-1,12.1548,-0.0005,31,2,2
0,0,-1,12.8739,0.0144,33,2,1
1,0,0,9.9035,0.7411,36,2,3
0,0,0,12.2061,0.9661,47,2,2
0,0,0,11.0021,0.9815,38,2,2
0,0,0,10.309,0.9381,39,2,2
0,-2,-1,12.3458,0.0037,38,2,2
0,0,0,11.7753,0.6536,33,2,2
1,0,0,11.8494,0.909,44,2,2
0,1,-2,12.7939,0.0,45,2,1
1,3,2,9.9035,0.3093,31,2,1
0,-1,-1,11.5129,0.0105,35,2,2
0,1,-2,12.2549,0.0,45,2,2
0,-1,-1,10.8198,0.0288,32,2,3
0,0,0,12.8479,0.9606,44,2,1
0,0,0,10.8198,0.9476,39,2,1
0,-2,-2,12.2061,0.0234,30,2,2
0,0,0,10.8198,0.9358,30,2,1
0,0,0,11.9184,0.9208,31,2,1
1,0,0,10.309,0.5723,32,2,2
1,1,2,10.309,0.9893,34,2,2
0,0,0,11.6082,1.2006,39,2,2
0,0,0,10.309,0.6569,38,2,2
0,1,-2,11.7753,0.0,39,2,2
1,2,2,12.4684,0.9177,39,2,2
1,2,2,10.309,0.9421,43,2,2
0,0,0,12.3014,0.6261,47,2,2
1,0,0,11.6952,0.2964,33,2,1
0,0,0,11.5129,0.5115,43,2,2
1,0,0,11.5129,0.8823,38,2,2
1,0,0,11.1563,1.1385,44,2,2
1,1,2,9.9035,0.6627,46,2,2
0,-1,2,12.6761,0.0246,36,2,1
0,0,0,12.2549,0.9976,45,2,2
0,0,0,11.4076,0.8684,37,2,3
0,0,0,11.6952,0.766,36,2,3
0,0,0,12.7939,0.3543,35,2,2
0,0,0,11.8494,0.6654,30,2,3
0,-1,-1,12.6115,0.0103,32,2,1
1,2,-1,11.4076,0.0043,43,2,2
1,1,-1,12.0436,0.0,44,2,3
0,0,0,12.1548,0.7401,46,2,2
1,-1,-1,11.8494,0.0058,40,2,2
0,0,0,12.2061,0.1898,37,2,1
0,0,0,13.1224,0.107,43,2,2
0,-1,-1,12.6115,0.0096,38,2,1
0,0,0,12.1007,0.8425,29,2,2
0,-1,-1,12.7939,0.008,44,2,3
0,0,0,11.4076,0.7583,32,2,2
0,-2,-2,11.9184,0.0,44,2,2
0,0,0,13.1224,0.4488,30,2,1
0,0,0,11.2898,0.3103,29,2,2
1,1,2,9.2103,0.4474,46,2,3
0,-1,-1,12.1007,0.0528,46,2,1
0,0,0,11.9184,0.9656,36,2,5
0,-1,-1,11.2898,0.1836,44,2,1
1,1,2,11.0021,0.2356,30,2,2
0,-1,-1,12.3884,0.0016,35,2,1
0,-1,-1,10.8198,0.2092,35,2,3
0,0,0,12.3458,0.0849,33,2,1
0,0,0,10.5966,0.8563,33,2,2
1,3,2,12.4292,0.01,33,2,2
0,1,2,10.8198,1.0226,32,2,2
1,2,2,11.6952,0.412,39,2,3
1,2,2,10.8198,0.4609,41,2,3
0,0,0,11.0021,0.9187,38,2,2
0,0,0,11.9829,0.5782,35,2,3
1,0,0,10.8198,0.3574,43,2,2
0,-1,2,12.8992,0.0048,48,2,1
0,0,0,10.8198,0.9801,39,2,2
0,0,-1,11.5129,0.1586,31,2,3
0,0,0,11.5129,0.2217,34,2,2
0,-1,0,12.7939,0.0043,35,2,1
0,0,0,10.309,0.4,41,2,3
0,0,0,10.8198,0.7212,32,2,2
1,2,0,11.2898,0.6508,28,2,2
0,-1,-1,11.9184,0.0022,28,2,2
0,2,2,9.2103,0.7708,33,2,3
0,0,0,12.2061,0.0189,35,2,2
0,-1,-1,10.309,0.0279,42,2,2
0,0,0,12.3014,0.6918,37,2,1
0,0,0,12.1007,0.8983,28,2,1
0,0,0,12.3014,0.9295,30,2,1
0,-2,-2,12.3014,0.0,29,2,1
0,0,0,12.8739,0.1175,33,2,2
0,1,-2,12.7657,0.0,36,2,2
1,0,0,13.2357,0.669,45,2,2
1,0,0,12.3884,0.7237,37,2,1
0,0,0,12.9239,0.0169,43,2,2
1,1,-2,11.4076,0.0,36,2,2
0,0,0,10.309,0.9601,31,2,1
1,1,2,10.5966,0.5934,33,2,2
0,0,0,11.0021,0.6586,46,2,2
0,0,0,12.8739,0.5554,41,2,2
0,0,0,11.7753,0.6209,35,2,2
1,3,2,11.4076,0.3063,32,2,2
0,0,0,12.6115,0.4902,36,2,2
0,0,0,12.3014,0.9282,33,2,1
0,0,0,9.9035,0.5696,33,2,1
0,0,0,11.8494,0.8513,35,2,3
0,0,0,11.9184,0.5955,47,2,6
0,0,0,11.6952,0.1395,44,2,3
0,1,2,12.2061,0.0392,37,2,2
1,0,0,9.9035,0.2157,40,2,2
1,2,2,11.6082,0.2098,41,2,2
0,0,0,12.5776,1.0544,34,2,2
0,0,0,12.2549,0.5912,45,2,3
0,-2,-1,12.8213,0.0308,40,2,2
0,0,0,11.2898,0.8746,41,2,3
0,-2,-2,12.2061,0.0063,42,2,3
0,-1,-1,12.1007,0.007,35,2,2
0,0,0,12.4684,0.5047,35,2,2
1,0,0,10.8198,0.342,43,2,2
0,-1,-1,11.9184,0.0394,40,2,3
0,0,0,12.1548,0.4023,45,2,3
0,-1,-1,11.9829,0.0866,42,2,2
0,0,0,12.1007,0.5963,37,2,2
0,0,0,11.7753,0.0575,32,2,2
0,0,0,10.309,0.904,47,2,2
1,1,2,11.5129,0.322,36,2,2
1,1,2,9.9035,0.8087,37,2,2
0,-1,-1,11.5129,0.016,43,2,2
0,0,0,9.9035,0.5235,40,2,2
1,2,0,9.9035,0.2945,35,2,2
0,0,0,9.9035,0.8666,48,2,3
1,2,0,10.8198,0.6284,42,2,3
1,2,2,11.6082,0.3784,38,2,2
1,0,0,11.0021,0.8468,48,2,2
0,1,2,10.8198,1.0084,35,2,2
1,2,2,12.2061,0.9285,40,2,1
0,-2,-2,12.7939,0.0,48,2,2
0,0,0,11.6082,0.424,35,2,2
0,-1,-1,12.3458,0.0009,46,2,2
0,0,0,12.1007,0.016,39,2,2
0,-2,-1,12.1007,0.0,31,2,2
0,0,0,10.8198,0.9616,42,2,2
0,-2,-2,13.2534,0.0042,39,2,1
0,1,2,10.309,0.448,45,2,2
0,-1,-1,11.8494,0.0019,46,2,2
1,0,0,10.8198,0.067,44,2,2
1,0,0,10.8198,0.8897,35,2,1
1,1,-2,11.6952,0.0,35,2,1
1,-1,-1,11.6952,0.0231,35,2,1
0,-2,-2,10.8198,0.0066,45,2,2
0,-1,-1,12.1007,0.005,40,2,2
0,0,0,11.2898,0.8956,42,2,3
0,-2,-2,12.6115,-0.0025,43,2,1
0,-1,-1,11.2898,0.0166,37,2,1
1,2,0,11.1563,1.019,34,2,2
0,0,0,12.6761,0.3007,40,2,2
0,0,0,13.1224,0.0252,35,2,1
0,-1,-1,12.4292,0.0192,35,2,1
0,0,0,12.3458,0.0354,46,2,2
0,0,0,11.2898,0.4425,45,2,3
1,2,-1,12.0436,0.0011,40,2,2
0,0,0,11.6082,0.8178,31,2,3
0,0,0,12.3884,0.1817,31,2,1
0,0,0,11.9184,0.4101,46,2,3
0,0,0,11.4076,1.0133,37,2,3
1,2,0,11.5129,1.0148,36,2,2
1,2,2,10.309,1.005,42,2,2
1,2,0,11.2898,1.0117,40,2,2
1,-1,-1,12.4684,0.0309,49,2,2
0,-1,-1,12.2061,0.0031,43,2,3
1,2,3,9.9035,0.7654,39,2,3
1,-1,2,11.9829,0.0093,31,2,1
0,1,2,11.1563,0.3007,38,2,2
0,0,0,9.9035,0.323,43,2,2
0,-1,-1,12.2061,0.0032,45,2,1
0,0,0,12.9945,0.8779,49,2,3
0,4,3,9.9035,1.023,43,2,3
0,0,0,11.6082,0.981,35,2,1
0,0,0,11.7753,0.9405,44,2,3
0,0,0,10.8198,0.8148,33,2,2
1,-2,-2,12.5776,0.0,35,2,1
0,-1,0,13.0815,0.0097,38,2,2
0,-2,-2,12.6443,0.0031,29,2,1
1,0,0,10.309,0.802,30,2,2
0,1,-1,13.1224,-0.0008,39,2,4
0,0,0,11.2898,0.6395,31,2,2
0,0,0,11.5129,0.7414,32,2,2
0,0,0,11.1563,1.0588,37,2,3
0,0,0,12.2549,0.4341,43,2,2
0,-1,-1,12.1007,0.0043,43,2,3
0,0,0,10.8198,1.0246,43,2,2
0,0,0,11.0021,0.6584,34,2,1
0,-1,-1,10.8198,0.0972,40,2,2
0,1,2,11.1563,0.8431,38,2,3
0,0,0,10.8198,1.6359,36,2,2
0,-1,-1,12.7657,0.001,42,2,1
0,0,0,12.0436,0.9235,45,2,2
0,1,2,12.1007,0.8142,32,2,2
0,0,0,12.3014,0.9706,30,2,1
1,2,2,11.2898,0.5082,30,2,3
0,0,0,12.7939,0.0839,33,2,2
0,-1,-1,13.1224,0.0036,31,2,1
0,0,0,12.9239,0.755,31,2,1
1,-1,3,11.2898,0.0616,32,2,1
1,2,2,12.1007,0.6592,33,2,1
0,-1,-1,12.5425,0.0015,31,2,1
0,-1,-1,9.9035,0.0208,31,2,1
1,3,2,10.309,0.9693,31,2,2
0,-1,-1,12.2061,0.006,31,2,1
1,-1,-1,12.1007,0.0602,32,2,1
0,2,0,11.8494,0.9293,33,2,1
0,0,0,11.7753,0.666,29,2,2
0,0,0,9.9035,0.1683,30,2,2
1,-1,2,11.6952,0.0053,29,2,1
0,0,0,10.8198,0.7152,30,2,2
0,-1,0,12.6443,0.0444,30,2,2
0,0,0,12.948,0.11,30,2,1
0,0,0,11.0021,0.1802,30,2,2
0,1,-2,11.8494,0.0,30,2,1
1,2,2,11.2898,0.7095,30,2,2
0,0,0,12.3014,0.3601,31,2,2
0,0,0,12.7939,0.0322,33,2,2
0,0,0,12.5776,0.0358,29,2,1
0,1,2,12.4684,0.3713,30,2,1
0,0,0,12.0436,0.1454,29,2,1
1,-2,-2,12.2061,0.0,34,2,1
0,0,0,11.8494,0.9128,35,2,2
0,0,0,12.0436,0.9487,39,2,2
0,0,0,12.3014,0.6472,45,2,1
1,-1,-1,12.3458,0.0033,44,2,1
0,-1,-1,12.7939,0.0046,38,2,3
0,0,0,12.7367,0.7133,36,2,1
1,-2,-2,12.7939,0.0,37,2,1
0,0,0,11.4076,1.0138,42,2,3
1,2,2,11.7753,0.953,47,2,2
1,-1,-1,11.2898,0.0049,41,2,2
0,0,-1,12.8992,0.2602,41,2,1
0,0,0,12.3884,0.9382,43,2,2
1,1,2,9.2103,0.766,46,2,2
0,-1,-1,12.3884,0.0129,41,2,1
0,-1,-1,11.7753,0.0076,40,2,1
0,0,0,9.9035,1.0156,44,2,3
0,0,0,11.2898,0.464,40,2,2
0,0,0,12.4292,0.841,39,2,2
0,1,4,10.309,0.9621,44,2,2
0,0,-1,12.5425,0.9126,42,2,2
0,-2,-2,12.5776,-0.0008,49,2,2
0,-1,0,13.1224,0.0485,46,2,3
0,1,2,11.2898,0.7917,40,2,2
0,0,0,11.6952,0.8166,47,2,2
0,0,0,11.2898,0.6191,48,2,2
0,0,0,12.2549,1.0822,41,2,2
1,2,2,11.5129,0.966,30,2,2
0,1,-2,12.2549,-0.0001,41,2,1
0,0,0,13.1224,0.3863,44,2,2
0,0,0,12.3458,0.2755,39,2,1
0,0,0,11.6082,0.2118,40,2,2
0,0,0,12.2549,0.5376,46,2,1
0,-1,0,12.6761,0.1928,35,2,2
0,0,0,11.8494,1.0223,37,2,2
0,0,0,10.5966,0.9637,48,2,1
0,2,-1,12.5425,0.0002,35,2,1
0,0,0,12.3014,0.958,47,2,1
0,0,0,12.4292,0.2361,37,2,2
0,0,0,11.1563,0.521,34,2,1
0,0,0,11.1563,0.8542,35,2,1
1,-1,-1,12.6115,0.0017,47,2,1
0,0,0,10.8198,2.3438,40,2,3
0,0,0,11.1563,1.1377,36,2,1
0,0,0,10.8198,0.9986,35,2,3
1,2,0,12.4292,0.3719,35,2,2
0,0,0,11.6952,0.9941,34,2,2
1,2,2,11.1563,0.7306,35,2,1
0,0,0,12.9945,0.9456,40,2,1
0,0,0,12.5425,0.345,41,2,1
0,0,0,12.7939,0.4857,42,2,1
0,-2,-2,11.9184,0.0059,43,2,1
1,-2,-2,12.6115,0.0,44,2,3
0,1,2,9.9035,0.4198,42,2,2
0,0,0,12.8479,0.033,38,2,2
0,0,0,12.7367,0.7084,44,2,2
0,0,0,12.2549,0.7877,41,2,2
1,2,0,11.0021,0.9414,41,2,2
0,0,0,11.7753,0.1184,46,2,1
0,0,0,12.7367,0.0468,43,2,1
0,-1,0,12.0436,0.0751,49,2,2
0,-1,-1,12.7939,0.025,43,2,2
0,2,2,11.0021,0.0528,35,2,2
0,-1,-1,12.7939,0.0156,37,2,1
0,0,0,12.5425,0.0341,41,2,2
0,-1,-1,12.3884,0.0117,34,2,1
0,-1,-1,11.6952,0.1422,34,2,1
0,0,0,11.4076,1.0303,33,2,1
0,0,0,11.5129,1.0162,34,2,1
0,1,-2,12.9239,0.0,34,2,1
0,2,0,12.1548,1.0098,43,2,1
0,0,0,12.3014,0.8398,36,2,1
1,2,2,11.4076,0.1677,44,2,2
0,0,0,11.6952,1.4189,30,2,1
1,3,2,9.2103,0.06,50,2,3
0,0,0,13.1224,0.758,50,2,1
0,-1,-1,11.6952,0.0398,51,2,2
0,0,0,11.6952,0.3188,50,2,2
1,-1,-1,12.3014,0.0103,51,2,1
0,-1,-1,12.3884,0.0041,50,2,2
0,1,-1,11.9184,0.0,36,2,1
0,-1,-1,13.1224,0.0436,50,2,1
0,-1,-1,11.9184,0.0423,50,2,1
0,0,0,11.0021,0.9821,49,2,2
1,2,2,10.309,0.9823,50,2,3
0,0,0,12.6761,0.9991,53,2,2
0,-2,-2,13.0605,0.0005,61,2,1
0,0,-1,12.9945,0.0593,51,2,1
0,0,0,10.8198,0.8933,51,2,2
0,0,0,12.3014,0.1637,51,2,2
0,1,-2,12.7939,0.0,54,2,1
0,-2,-2,11.4076,0.0618,58,2,3
1,2,2,10.8198,0.9311,60,2,3
0,0,0,10.8198,1.0117,56,2,2
0,1,2,12.5776,0.236,58,2,3
1,0,0,12.7657,0.7525,50,2,2
0,1,2,11.6082,0.2179,52,2,3
1,0,0,10.5966,0.1155,53,2,2
1,1,-2,10.8198,-0.0128,59,2,3
0,-1,2,11.6082,0.0057,55,2,1
0,-1,-1,12.7939,0.0054,70,2,3
1,-1,3,12.2061,0.0032,63,2,3
0,0,0,11.8494,0.0576,53,2,2
1,1,-2,11.2898,0.0,61,2,2
0,0,0,12.4684,0.009,56,2,2
1,-1,-1,12.7367,0.0165,56,2,1
1,1,2,10.309,0.3741,58,2,2
0,2,2,10.309,0.7382,54,2,3
0,0,0,12.9945,0.5701,50,2,3
0,-1,2,9.2103,0.2465,52,2,3
0,0,0,12.3458,0.0317,55,2,2
0,-1,-1,10.8198,0.0404,61,2,3
0,0,0,11.9184,0.9251,54,2,2
0,0,0,12.7068,0.0646,55,2,3
0,-1,0,12.8213,0.1305,50,2,3
0,0,0,11.7753,0.7781,53,2,3
1,3,2,9.2103,0.24,51,2,3
0,0,0,12.7939,0.7714,54,2,2
1,1,-2,9.9035,0.0,61,2,3
0,0,0,12.1007,0.9615,52,2,3
0,0,0,11.2898,0.4511,62,2,3
1,2,0,10.8198,0.8339,55,2,2
0,1,2,11.9184,1.0482,64,2,1
0,1,3,10.309,0.8386,56,2,3
0,0,0,10.8198,0.1195,52,2,3
0,0,0,9.9035,0.8988,56,2,2
0,0,0,11.7753,0.8949,55,2,3
0,0,0,12.6761,0.5887,53,2,3
0,-2,-2,12.6115,0.0,62,2,3
0,0,0,12.7068,0.924,53,2,1
0,0,0,10.8198,1.0264,53,2,2
0,0,0,11.1563,0.144,60,2,3
0,0,0,11.1563,1.0002,58,2,3
0,0,0,11.5129,0.9682,58,2,3
1,2,2,11.6082,0.8645,54,2,2
1,2,2,11.5129,0.8665,58,2,2
0,1,-2,11.9829,0.0,53,2,3
0,0,0,11.1563,0.0666,55,2,3
0,4,4,11.0021,0.9084,59,2,2
0,0,0,11.2898,0.927,61,2,2
0,-1,-1,11.5129,0.0218,60,2,3
1,1,-2,12.3458,0.0,66,2,1
0,0,0,11.0021,0.2577,64,2,3
0,-1,-1,11.9829,0.009,58,2,2
1,0,0,10.309,0.4511,55,2,2
0,2,2,12.6443,1.0558,62,2,1
0,0,0,11.0021,0.9581,46,1,2
0,2,3,10.8198,0.5687,64,1,2
0,2,0,11.8494,0.707,58,1,3
0,-1,2,9.9035,0.039,27,1,2
0,1,-2,9.2103,-0.0058,38,1,2
0,-1,0,11.2898,0.1285,29,1,2
0,0,0,10.8198,0.815,24,1,3
1,2,0,11.9829,0.4082,51,2,2
0,1,-2,13.1224,0.0,51,2,1
0,1,2,13.0605,0.7629,54,2,2
0,-1,-1,12.2549,0.0071,54,2,1
1,-1,-1,10.8198,0.0358,23,1,3
1,2,0,10.309,0.9672,24,1,1
0,0,0,10.8198,0.3733,23,1,1
0,0,0,11.2898,0.9653,24,1,1
1,2,2,10.309,0.9057,23,1,2
0,0,0,11.2898,0.6624,24,1,5
0,-2,-2,11.9184,0.0386,28,1,1
0,0,0,12.0436,0.9947,27,1,2
0,-2,-2,12.3014,0.0721,30,1,2
1,2,0,10.309,0.6305,35,1,2
0,-1,-1,11.5129,0.0029,23,1,2
1,3,2,9.2103,0.105,24,1,2
1,-1,-1,11.8494,0.0451,24,1,2
0,1,2,10.8198,0.5186,24,1,2
0,0,0,9.9035,0.4392,22,1,2
1,1,2,9.2103,0.6829,22,1,2
0,0,0,10.8198,0.9998,24,1,2
0,1,-1,9.2103,0.0,22,1,3
0,0,0,10.309,1.0207,23,1,2
0,0,0,10.8198,0.9857,23,1,2
1,0,0,11.5129,0.8748,24,1,2
0,0,0,9.9035,0.933,24,1,3
0,0,0,9.9035,0.8792,25,1,2
0,0,0,11.5129,0.492,25,1,2
1,1,2,10.8198,0.3098,25,1,2
0,-1,0,11.5129,0.3392,24,1,1
1,2,0,10.309,0.7807,25,1,3
1,0,0,10.8198,0.8448,25,1,2
1,-2,-2,10.8198,-0.0317,25,1,2
0,0,0,10.8198,1.204,25,1,1
0,0,0,10.8198,0.8481,23,1,5
0,0,0,10.8198,0.977,25,1,1
0,0,0,10.8198,1.0109,25,1,2
0,0,0,12.8479,0.1708,26,1,2
1,2,0,10.8198,0.1105,24,1,1
0,2,4,10.309,1.051,24,1,2
0,-1,-1,11.9184,0.0059,25,1,2
0,0,0,12.1007,0.0716,25,1,2
1,0,0,11.2898,0.9945,26,1,3
1,2,2,11.6082,0.8948,24,1,2
0,0,0,10.309,0.7692,25,1,3
1,0,0,11.6082,0.2133,25,1,2
0,0,-1,12.5425,0.1855,26,1,2
1,0,0,9.2103,0.5583,23,1,2
0,-1,-1,9.2103,0.1473,23,1,2
0,2,2,9.9035,0.8119,24,1,2
0,0,0,12.0436,0.5054,26,1,2
1,3,3,9.9035,1.0834,26,1,3
0,0,0,11.7753,0.9268,22,1,2
1,2,2,12.2061,0.9849,26,1,1
0,0,0,12.4292,0.462,26,1,2
0,0,0,11.2898,0.6041,27,1,2
0,-1,0,12.1007,0.0178,27,1,1
0,0,0,11.6952,0.5844,28,1,2
0,1,2,9.9035,0.8084,26,1,2
0,0,0,11.9184,0.1763,26,1,1
0,-1,0,12.1548,0.0116,26,1,2
0,0,0,12.2549,0.2028,27,1,1
0,0,0,12.1007,0.8184,27,1,2
0,0,0,10.8198,0.9686,28,1,2
0,0,0,11.8494,0.6605,25,1,1
0,-2,-2,11.2898,0.0371,26,1,2
1,0,0,11.2898,1.0219,27,1,2
0,2,0,11.2898,0.9614,25,1,2
0,0,0,9.9035,0.4362,28,1,2
1,3,2,9.2103,0.24,26,1,2
1,1,3,10.309,0.4924,26,1,2
0,-1,-1,12.3884,0.0807,27,1,1
0,1,-1,10.8198,-0.0145,28,1,2
1,-1,2,11.4076,0.0053,26,1,2
0,-1,0,11.0021,0.6797,28,1,1
1,0,0,11.5129,0.0912,28,1,2
0,-1,-1,11.6952,0.0388,28,1,1
0,0,0,9.2103,0.1474,28,1,2
1,1,2,11.1563,0.3765,28,1,2
0,0,0,11.0021,0.4355,28,1,1
0,0,0,11.7753,0.9231,29,1,1
1,3,2,10.309,0.08,30,1,3
0,-1,-1,12.7939,0.0056,30,1,1
0,0,0,11.2898,0.3912,30,1,2
0,0,0,9.9035,0.7996,27,1,2
0,0,0,10.8198,0.1722,28,1,2
1,1,-2,11.2898,0.0,27,1,3
0,-1,-1,11.9184,0.0026,27,1,1
0,0,0,11.0021,0.4406,27,1,2
0,0,0,12.3014,0.2693,28,1,2
0,0,0,9.2103,0.5807,23,1,3
0,2,0,10.8198,0.9917,26,1,2
0,0,0,10.8198,0.9785,26,1,1
0,0,0,12.3014,0.1018,28,1,1
0,1,-2,13.017,0.0028,29,1,1
0,1,2,12.3884,0.7192,33,1,2
0,0,0,13.1224,0.0787,29,1,2
0,0,0,12.0436,0.3298,28,1,1
1,2,0,11.5129,0.4353,29,1,2
0,-1,-1,11.0021,0.0136,29,1,1
0,-1,-1,12.2061,0.0329,30,1,1
1,2,0,12.2061,0.948,27,1,2
0,0,0,9.9035,0.1601,28,1,1
1,1,3,10.5966,1.038,27,1,2
0,0,0,11.6082,0.7953,27,1,1
0,0,0,9.2103,1.0128,27,1,2
0,0,0,11.5129,0.3248,28,1,2
0,1,2,10.8198,1.0551,28,1,2
0,0,0,10.309,0.3688,28,1,3
0,1,-2,10.309,0.0,28,1,2
0,3,2,10.8198,0.008,29,1,2
1,1,2,9.9035,0.2978,29,1,3
0,0,0,10.8198,0.5333,30,1,2
1,2,2,11.0021,1.029,28,1,2
1,-1,-1,10.8198,0.0295,32,1,2
1,2,2,11.7753,0.5338,34,1,3
1,0,0,9.9035,0.7096,25,1,2
1,2,0,11.5129,0.5857,28,1,2
1,0,0,9.9035,0.4168,38,1,2
0,0,0,11.9184,1.0067,44,1,3
0,0,0,11.1563,0.8945,33,1,1
0,0,0,12.4292,0.0294,40,1,1
1,2,2,10.8198,0.7605,32,1,3
1,0,0,11.4076,0.9597,34,1,2
0,0,0,11.4076,0.8202,32,1,2
1,2,2,11.6952,0.7276,33,1,1
0,0,0,12.3884,0.1027,25,1,2
1,0,0,10.8198,0.8757,25,1,2
1,2,2,11.5129,0.8184,29,1,2
0,0,0,12.8739,0.7253,49,1,3
1,2,0,10.8198,0.9419,36,1,3
1,2,2,10.5966,0.6066,44,1,2
0,0,0,12.1548,1.0246,38,1,2
1,3,2,9.2103,0.105,40,1,2
0,0,0,9.2103,0.6696,44,1,2
0,-1,-1,12.1007,0.0224,30,1,1
0,0,0,12.3458,0.7393,31,1,2
0,0,0,9.9035,0.6107,31,1,2
1,2,0,12.3458,1.1041,32,1,2
0,0,0,12.2061,0.9526,32,1,1
0,0,0,13.0605,0.1225,34,1,1
0,0,0,11.9184,0.7229,45,1,1
0,0,0,11.1563,1.0249,37,1,3
0,0,0,10.8198,0.9895,37,1,2
0,0,0,11.2898,0.9467,35,1,1
0,0,0,12.7068,0.9365,40,1,1
0,0,0,11.8494,0.9524,33,1,2
1,2,2,11.1563,0.6188,44,1,2
0,0,0,12.5425,0.1251,32,1,2
0,0,0,11.9184,0.5348,30,1,3
0,0,0,11.2898,0.9984,35,1,2
1,0,0,11.6952,0.0644,42,1,1
0,0,0,10.8198,0.2898,45,1,2
0,0,0,12.3458,0.0151,43,1,2
0,1,-2,11.9829,0.0,36,1,2
0,0,0,10.8198,0.579,37,1,3
0,0,0,11.5129,0.8221,49,1,3
1,2,3,12.2061,0.4726,43,1,2
0,1,2,12.0436,0.935,36,1,2
0,0,0,10.8198,0.5077,43,1,2
0,-2,-2,12.2061,0.0,46,1,3
0,-1,-1,12.2061,0.0077,39,1,2
0,0,0,10.8198,0.8677,41,1,3
0,0,0,10.8198,0.7192,45,1,3
0,-1,-1,12.6115,0.1,39,1,2
0,0,0,11.7753,0.1646,32,1,2
1,2,2,11.2898,0.8401,33,1,1
0,0,0,11.6952,0.2731,34,1,1
1,0,0,11.8494,0.9295,32,1,1
0,0,0,12.3014,0.5139,48,1,1
1,0,0,11.1563,1.0191,32,1,2
0,0,0,9.9035,0.9208,45,1,3
0,1,-1,12.2061,0.0,49,1,1
1,1,2,9.9035,0.3156,31,1,2
0,0,0,13.1422,0.1247,32,1,1
0,-1,2,13.017,0.0949,34,1,1
0,0,0,10.8198,0.9092,34,1,2
0,0,0,11.6952,0.5139,48,1,2
1,1,-2,10.8198,0.0,45,1,3
0,0,0,12.5425,0.0172,31,1,2
1,4,3,10.309,0.7434,33,1,1
0,1,2,9.9035,0.283,35,1,2
0,0,0,11.2898,0.9777,42,1,2
0,0,0,11.6952,0.4381,45,1,2
0,0,0,12.8213,0.5123,38,1,2
0,0,0,10.8198,0.6072,45,1,2
0,0,0,9.9035,1.5446,39,1,3
0,0,0,11.9829,0.373,36,1,2
0,0,0,12.0436,0.9828,44,1,3
0,0,0,11.5129,0.0207,36,1,2
0,-1,-1,12.2549,0.0135,42,1,1
0,0,0,11.5129,0.5448,32,1,3
1,0,0,12.3458,0.9298,33,1,1
0,-1,3,12.3884,0.0264,38,1,1
0,0,0,12.3884,0.5627,36,1,3
1,2,2,10.8198,0.857,48,1,2
0,0,0,11.2898,0.9963,46,1,2
0,0,0,10.8198,1.8992,41,1,3
0,0,0,10.8198,0.878,36,1,2
0,0,0,12.9945,0.4229,37,1,1
0,0,0,12.3014,0.1209,42,1,3
0,0,0,11.1563,0.2309,30,1,1
0,-2,-2,12.3884,0.0132,32,1,1
0,0,0,12.7939,0.1457,42,1,3
0,-2,-2,12.7939,0.0249,32,1,1
0,-2,-1,11.2898,3.0,33,1,1
1,1,2,10.309,0.4403,36,1,2
1,1,2,11.9829,0.6237,37,1,2
1,2,0,11.9184,1.0393,39,1,2
0,0,0,11.5129,0.5578,30,1,2
0,1,2,11.1563,0.374,33,1,2
0,0,0,12.6115,0.8072,35,1,2
1,2,2,11.4076,0.2944,39,1,2
0,-2,-2,13.5924,0.0078,46,1,1
0,-1,0,12.7939,0.1016,40,1,2
1,1,2,11.4076,0.9633,41,1,2
1,0,0,12.6115,1.0125,43,1,3
1,1,2,10.309,0.6508,46,1,3
0,0,0,10.8198,0.9713,37,1,2
1,2,0,11.6082,0.4946,30,1,2
0,0,0,11.2898,1.9418,37,1,1
0,0,0,11.8494,0.9574,31,1,2
0,0,0,10.8198,0.9732,44,1,2
0,0,0,9.9035,0.6597,40,1,3
0,0,0,10.8198,0.9612,46,1,3
0,1,-2,10.8198,0.0,34,1,1
1,3,2,11.7753,0.9256,48,1,2
0,0,0,11.4076,0.5179,45,1,2
0,-2,-2,10.309,0.0727,44,1,3
1,0,0,10.8198,0.6669,49,1,2
0,-2,-2,12.0436,0.0,39,1,1
1,2,0,12.5776,0.1552,31,1,1
0,0,0,9.9035,0.8006,47,1,3
1,2,2,12.1007,0.6338,38,1,1
0,1,-2,12.7939,0.0011,35,1,1
0,0,0,9.9035,0.3611,31,1,3
0,0,0,11.8494,1.9942,33,1,2
0,0,0,11.4076,0.5901,34,1,2
0,0,0,11.6952,0.2973,40,1,2
0,-1,-1,11.9829,0.1529,31,1,1
1,2,2,12.5425,0.7288,32,1,2
0,-1,-1,13.1224,0.002,46,1,1
1,2,0,11.5129,1.0699,38,1,2
0,0,0,11.9829,0.681,31,1,3
0,0,0,9.9035,0.7062,42,1,2
0,2,2,12.8992,0.1234,39,1,1
0,2,4,10.309,0.9618,45,1,2
0,-1,0,10.8198,0.0568,47,1,3
0,1,2,11.1563,1.132,40,1,2
0,1,2,11.6082,0.4133,42,1,2
0,0,0,10.8198,1.0135,44,1,2
0,-1,-1,12.0436,0.0271,40,1,2
0,0,0,10.309,0.9567,33,1,1
0,0,0,10.8198,0.1905,29,1,3
1,-1,2,10.8198,0.0156,30,1,2
1,1,-2,11.4076,0.0,44,1,3
0,0,0,11.6082,0.2822,40,1,2
0,0,0,12.3884,0.1974,46,1,2
0,-2,-2,12.7939,0.0,42,1,3
0,0,0,12.5776,0.7333,45,1,2
0,-1,-1,12.1007,0.0283,39,1,1
0,0,0,12.1007,0.8825,43,1,2
0,0,0,10.8198,0.9534,43,1,2
0,-2,-2,13.1224,0.0428,47,1,1
1,0,0,10.8198,0.1044,35,1,2
0,5,4,10.8198,1.0816,37,1,3
0,-1,-1,12.8992,0.0013,32,1,1
0,0,0,12.3884,0.9405,34,1,2
0,0,0,11.9184,0.4285,31,1,2
1,3,2,10.8198,0.3042,31,1,3
0,1,-1,11.9184,0.0,34,1,1
1,0,0,10.8198,0.052,41,1,3
0,-1,-1,12.7939,0.0096,40,1,1
1,2,2,11.5129,0.7244,38,1,1
0,2,2,10.309,1.4691,44,1,2
0,-2,-2,12.4684,0.0644,36,1,1
0,0,0,11.8494,1.0067,29,1,2
0,-1,-1,10.309,0.042,48,1,3
1,2,2,11.0021,0.8091,36,1,2
0,1,2,9.2103,0.8393,29,1,2
1,2,2,11.6082,0.785,34,1,3
1,0,0,10.5966,0.9712,34,1,1
1,2,0,10.8198,0.9877,47,1,3
0,0,0,10.8198,0.8862,40,1,2
1,0,0,12.7657,0.6511,32,1,2
0,0,0,13.017,0.5794,34,1,1
0,0,0,10.8198,0.9899,42,1,2
0,0,0,12.0436,0.32,39,1,3
0,1,2,11.5129,0.9631,41,1,2
0,0,0,11.8494,0.2828,36,1,1
0,1,-1,12.4292,0.0,29,1,1
0,1,-2,11.7753,0.0,29,1,1
0,2,2,11.7753,0.0091,33,1,2
1,-2,-2,12.7939,0.0006,36,1,3
0,-1,0,12.5062,0.0675,39,1,2
0,0,0,11.8494,0.9995,40,1,2
0,0,0,11.9184,1.0106,32,1,2
0,-1,-1,12.2061,0.0072,33,1,1
0,0,0,12.5425,0.6739,34,1,1
1,2,0,11.2898,1.1003,35,1,3
0,0,0,12.3884,1.0221,40,1,3
1,3,2,9.9035,0.0525,42,1,1
0,0,0,12.6115,0.3794,38,1,1
1,-1,3,12.4292,0.0007,41,1,1
1,0,0,10.8198,0.9627,49,1,1
0,0,0,10.8198,0.1124,41,1,3
1,2,4,10.309,0.8666,39,1,2
1,2,2,12.3884,0.0104,38,1,1
1,0,0,12.2061,0.7704,40,1,2
0,0,0,10.8198,1.1487,39,1,1
0,-1,-1,12.2549,0.0013,38,1,1
0,1,-2,12.5425,0.0,42,1,1
0,0,0,12.2061,1.1157,33,1,3
0,0,0,12.6115,0.5434,41,1,2
0,-1,-1,12.948,0.0225,36,1,1
0,0,0,12.7657,0.7415,34,1,1
1,2,3,11.6952,0.3453,43,1,3
1,2,2,11.6082,0.5915,48,1,2
0,1,-1,9.9035,0.0,31,1,1
0,0,0,11.5129,0.8121,32,1,1
1,-2,-2,12.3884,0.0,36,1,1
0,0,0,11.7753,0.1718,37,1,5
0,0,0,12.0436,0.0365,48,1,1
1,2,2,11.0021,0.0689,42,1,2
0,0,0,12.2061,0.757,42,1,3
0,0,0,12.2549,0.8857,48,1,2
0,0,0,11.5129,0.9527,35,1,2
0,0,0,12.8479,0.2207,37,1,1
0,0,0,12.3884,0.0286,38,1,1
0,0,0,11.9184,0.3548,33,1,2
0,0,0,11.0021,0.5767,35,1,2
0,0,0,12.7657,0.6268,37,1,2
0,-1,-1,12.6115,0.0008,33,1,1
0,-1,0,11.9829,0.474,42,1,3
0,0,0,11.7753,0.703,37,1,1
0,0,0,10.8198,0.0854,38,1,3
1,0,0,12.5062,0.1578,40,1,2
0,0,0,11.4076,0.9742,36,1,1
0,-2,-2,12.3884,0.017,37,1,1
0,0,0,13.017,0.4467,45,1,1
1,-1,-1,12.5425,0.0387,36,1,1
0,-2,-2,12.5062,0.0,38,1,1
1,3,2,9.2103,0.105,46,1,3
0,0,0,10.8198,0.9111,37,1,1
0,0,0,11.5129,0.3414,33,1,1
1,0,0,12.1548,0.9663,32,1,1
0,0,0,12.3884,0.3567,33,1,1
0,0,0,12.3014,0.7781,33,1,1
0,0,0,13.1224,0.0951,42,1,1
1,0,0,12.6115,0.0269,32,1,1
0,-2,-2,13.1224,0.0066,30,1,1
0,-1,-1,12.2061,0.0449,30,1,1
0,0,0,12.4684,0.012,31,1,2
0,0,0,11.9829,0.3181,31,1,3
0,0,0,12.7367,0.2509,31,1,1
0,0,0,13.1224,0.1315,32,1,1
0,1,2,12.6443,1.0013,32,1,1
0,-1,-1,12.7939,0.004,30,1,2
1,2,0,11.6082,0.3287,36,1,1
0,-2,-2,12.8739,0.0206,36,1,1
0,-1,-1,11.8494,0.035,31,1,1
0,0,0,10.309,0.9332,32,1,3
0,1,-1,12.2061,-0.0008,33,1,1
0,0,0,11.6082,0.9253,40,1,1
1,2,2,9.9035,1.0274,35,1,1
1,2,2,12.2549,0.4078,41,1,2
0,-2,-2,12.8479,0.0068,42,1,2
0,0,0,11.1563,0.3617,42,1,1
0,0,0,9.9035,0.7274,32,1,2
0,-1,-1,12.4684,0.0081,32,1,1
0,0,0,12.2061,0.2682,46,1,1
1,0,0,12.1548,0.8129,36,1,2
0,0,0,10.8198,0.9456,42,1,2
0,0,0,9.9035,0.8521,35,1,2
0,-2,-2,12.8992,0.0019,49,1,1
0,0,0,12.5425,0.8435,49,1,2
1,2,2,11.0021,0.5507,38,1,3
0,-2,-2,12.4292,0.0,47,1,1
0,-1,-1,12.8992,0.0287,41,1,1
0,0,0,12.1007,0.5426,46,1,2
0,0,0,10.8198,1.0226,45,1,2
0,0,0,12.3014,0.4689,39,1,2
0,-1,-1,10.8198,0.0611,35,1,2
0,3,2,9.9035,0.0965,61,1,3
0,0,0,11.5129,0.1151,44,1,2
0,0,0,13.1224,0.0971,44,1,1
0,-1,-1,11.6952,0.0042,38,1,2
0,-2,-2,12.7939,-0.0001,37,1,1
0,0,0,12.9945,0.0532,48,1,2
0,-2,-2,12.3884,0.0583,30,1,2
0,-2,-2,12.2061,0.0183,45,1,1
0,-1,-1,10.8198,0.0854,46,1,2
1,2,-1,12.4684,0.0031,44,1,2
1,0,0,12.6115,0.4746,35,1,2
0,-1,-1,11.7753,0.0071,37,1,2
1,0,0,10.8198,0.0995,48,1,2
0,0,0,9.9035,0.9393,36,1,3
0,0,0,9.9035,0.8368,36,1,1
0,0,0,10.8198,0.8694,45,1,3
1,2,2,11.1563,0.4789,39,1,2
0,2,0,11.1563,0.9817,45,1,2
0,0,0,13.017,0.7164,38,1,3
0,0,0,11.1563,0.0783,40,1,2
0,0,0,11.6952,1.0314,45,1,2
0,-1,-1,11.2898,0.4049,33,1,2
1,1,2,9.9035,0.4272,40,1,2
0,0,0,12.3458,0.1158,42,1,2
0,0,0,13.0815,0.9361,49,1,1
0,0,0,13.1022,0.5785,42,1,1
0,0,0,12.6443,0.9242,42,1,2
0,0,0,11.5129,0.6807,33,1,1
0,0,0,12.4684,0.9572,39,1,1
0,1,-1,12.7939,-0.0027,43,1,1
0,1,-2,13.1224,-0.0009,48,1,1
0,-2,-2,11.9829,0.0,34,1,1
0,0,0,12.7939,0.8469,34,1,3
0,0,0,12.6761,0.4818,36,1,2
0,-2,-2,12.2549,0.0,42,1,2
0,0,0,11.8494,0.3188,41,1,1
1,0,0,9.9035,0.6616,39,1,2
1,0,0,12.6115,1.0058,50,1,1
0,0,0,11.7753,0.9391,50,1,2
0,0,0,12.2061,0.5983,50,1,3
1,2,2,11.6952,1.1497,51,1,2
0,0,0,10.8198,0.9971,52,1,2
0,0,0,12.1007,0.2239,51,1,1
1,1,-2,12.3458,0.0,53,1,1
0,0,0,9.2103,0.4674,50,1,3
1,2,2,9.9035,0.669,49,1,2
0,0,0,12.2061,0.5583,48,1,2
0,1,2,12.7939,0.0092,49,1,2
0,0,0,12.2549,0.8131,53,1,2
1,2,2,11.2898,0.0809,53,1,2
0,0,0,11.0021,0.4549,51,1,2
0,1,2,11.5129,0.5102,56,1,3
0,2,3,9.9035,0.8536,62,1,3
1,2,2,10.8198,0.7014,54,1,2
0,0,0,12.6115,0.3678,56,1,3
0,0,0,11.8494,1.0221,50,1,3
0,0,0,11.6952,0.572,59,1,3
0,-1,0,12.8992,0.0431,57,1,3
0,2,0,10.8198,0.1566,58,1,3
0,0,0,11.4076,0.6493,56,1,1
0,0,0,11.0021,0.9936,57,1,2
0,0,0,12.4684,0.2409,51,1,1
0,0,0,11.2898,0.3414,52,1,3
0,-2,-2,11.9829,-0.0004,55,1,2
0,0,0,9.2103,0.7282,51,1,3
1,1,2,12.1548,0.1046,50,1,2
0,0,0,11.9829,0.8195,51,1,1
0,3,2,9.9035,0.8033,49,1,3
0,1,-1,12.6115,0.0,57,1,3
0,0,0,12.9945,0.9757,79,1,1
0,1,2,10.8198,0.9736,54,1,3
0,0,0,12.7657,0.997,50,1,1
0,0,0,11.0021,0.995,50,1,3
1,2,0,10.8198,0.2098,47,1,2
1,2,2,10.309,1.004,52,1,2
0,0,0,11.9184,1.5176,52,1,1
1,0,0,11.5129,0.0481,60,1,1
0,-1,-1,12.7657,0.0094,55,1,1
0,0,0,11.2898,0.9389,52,1,2
0,0,0,11.2898,1.0005,55,1,3
1,4,3,9.2103,0.7936,54,1,3
1,-1,2,12.2549,0.0037,66,1,2
0,1,-2,13.1224,0.0,62,1,1
1,3,4,9.9035,0.9309,61,1,2
0,-2,-2,12.7068,0.0092,54,1,1
0,0,0,12.4292,0.0065,58,1,1
0,-2,-1,12.948,0.0024,54,1,1
1,-1,0,11.4076,0.2754,53,1,2
0,0,0,12.1007,0.43,52,1,3
0,0,0,10.8198,0.9575,51,1,3
1,1,-1,12.2061,0.0,53,1,2
0,0,0,11.5129,0.6123,63,1,1
0,1,-1,11.9184,0.0,55,1,1
0,-1,-1,12.7939,0.0163,62,1,1
0,0,0,10.8198,1.0373,57,1,2
0,3,2,10.309,0.7832,58,1,2
0,-1,-1,12.7068,0.0011,56,1,3
1,0,0,11.1563,0.3978,47,1,2
0,0,-1,12.948,0.1377,51,1,1
0,0,0,11.7753,0.9547,51,1,1
0,0,0,12.2061,0.9225,55,1,2
1,2,2,12.1007,0.2005,58,1,3
1,2,2,12.0436,0.2625,59,1,2
0,0,0,12.1548,0.9858,54,1,1
0,1,2,12.2061,0.0356,54,1,1
1,0,0,10.309,0.4564,54,1,3
0,0,0,13.039,0.0116,55,1,2
0,0,0,12.1548,1.0833,54,1,1
0,0,0,9.2103,0.3697,54,1,2
0,0,0,11.4076,0.1182,57,1,2
0,-1,-1,12.9945,0.0194,54,1,1
0,0,0,13.0815,0.9798,58,1,2
0,-1,-1,12.7939,0.0611,56,1,3
0,-2,-2,13.1224,0.0023,69,1,1
0,0,0,10.309,0.7725,28,2,3
1,-1,2,11.2898,0.0098,33,2,3
1,-1,-1,12.2061,0.0019,66,1,2
0,-2,-2,12.7657,0.0055,57,1,1
0,0,-1,11.9184,0.0103,55,1,2
1,-2,-2,12.7939,0.0,54,1,3
1,1,2,9.9035,0.7952,31,2,3
0,0,0,12.6443,0.9362,47,2,2
0,1,-2,12.2061,0.0151,31,2,1
0,0,0,12.2549,0.7633,40,2,3
0,0,0,10.309,0.5326,47,2,3
0,1,-2,11.6082,0.0,31,2,1
0,2,0,10.8198,0.2796,27,2,3
1,0,-1,10.8198,0.0839,26,2,1
0,0,0,10.8198,0.655,33,2,2
0,0,0,9.9035,0.8466,23,2,1
0,-1,-1,12.3458,0.0013,30,2,3
0,0,0,11.2898,0.2001,32,2,2
0,-1,-1,11.9184,0.0156,53,2,2
0,-1,-1,12.3884,0.006,28,2,2
0,-2,-2,13.017,0.0088,36,2,1
1,-1,-1,12.1007,0.0018,24,2,2
0,0,0,10.309,0.8142,22,2,2
1,0,0,10.8198,0.9712,22,2,2
0,2,2,9.9035,0.8864,31,2,2
0,-2,-2,11.9184,-0.0001,25,2,2
1,0,0,9.9035,0.2793,29,2,2
1,0,0,10.5966,1.0158,25,2,2
0,1,-1,12.1007,0.0088,30,2,2
0,0,0,11.2898,0.9828,29,2,2
0,0,0,10.8198,0.9079,24,2,2
0,-1,-1,13.0815,0.0076,32,2,1
0,0,0,9.9035,0.9711,23,2,1
0,-2,-2,11.9184,0.01,24,2,1
0,0,0,9.9035,0.7924,22,2,2
0,1,-2,12.7939,0.0,29,2,1
1,0,-1,12.2061,0.0441,33,2,1
0,0,-1,9.9035,0.2324,28,2,1
0,1,-1,10.8198,0.3617,23,2,2
1,0,0,11.1563,0.9269,23,2,2
0,0,0,11.6952,0.9693,23,2,2
0,0,0,10.8198,0.2681,46,2,3
0,0,0,12.6443,0.507,36,2,1
0,0,0,11.0021,0.9036,24,2,2
0,0,0,9.9035,1.1525,22,2,1
1,2,2,9.9035,0.345,22,2,2
1,0,0,10.8198,0.0712,22,2,1
0,0,0,11.2898,0.2304,22,2,2
0,0,0,9.9035,0.8495,22,2,2
1,0,0,9.9035,0.9784,22,2,6
0,0,0,9.2103,0.7641,23,2,1
0,-1,0,9.9035,0.8808,21,2,2
0,1,2,9.9035,0.9228,21,2,2
0,0,0,10.309,0.6141,22,2,2
0,0,0,9.9035,0.1399,21,2,1
0,0,-1,9.9035,0.924,22,2,1
0,1,2,9.9035,0.7856,22,2,2
0,1,2,10.8198,1.036,22,2,2
0,0,0,10.8198,0.1778,23,2,1
1,-1,-1,10.8198,0.0647,23,2,3
1,0,-1,9.9035,0.5147,22,2,2
1,2,4,9.9035,0.4314,22,2,2
0,-2,-2,11.2898,0.0049,23,2,1
0,0,0,11.2898,0.5409,23,2,2
0,-1,-1,11.7753,0.0005,23,2,2
0,-2,-2,12.2061,0.0034,24,2,1
0,0,0,10.8198,0.5464,24,2,1
0,0,0,9.9035,0.6238,22,2,1
1,1,2,9.9035,0.7853,22,2,2
1,1,2,10.8198,0.8996,22,2,2
0,1,2,11.0021,0.1582,23,2,2
0,0,-1,11.7753,0.0659,22,2,2
1,-1,-1,11.2898,0.0156,22,2,2
0,0,0,12.0436,0.9207,34,2,2
0,0,0,11.4076,0.2046,23,2,1
0,-1,-1,9.9035,0.1713,23,2,2
0,-1,-1,9.9035,0.0604,23,2,1
0,0,0,11.2898,0.4823,23,2,2
1,0,0,10.309,0.8856,22,2,2
0,0,0,10.309,0.6108,22,2,1
1,2,2,10.309,0.5001,23,2,3
0,-2,-1,11.9184,0.0064,23,2,2
1,0,0,10.8198,0.8151,23,2,1
0,1,-1,11.2898,-0.021,23,2,2
1,0,0,10.309,0.6986,23,2,1
1,2,2,11.0021,0.4433,23,2,1
0,0,0,11.5129,0.4241,23,2,2
0,0,0,11.8494,0.2515,23,2,1
0,0,-1,11.8494,0.0087,23,2,1
0,0,0,11.1563,0.4407,23,2,5
0,2,0,11.1563,0.4996,22,2,2
1,2,2,10.309,0.7196,28,2,2
1,2,-1,10.8198,0.0252,22,2,3
1,2,2,10.8198,0.9912,22,2,2
0,0,0,10.309,0.7728,22,2,3
1,0,0,10.309,0.9457,23,2,3
0,-2,-2,10.309,0.0,24,2,1
0,0,0,9.9035,0.5814,25,2,1
0,0,0,11.0021,1.0146,23,2,4
0,0,0,12.2061,0.3643,23,2,1
1,1,-2,11.2898,0.0,23,2,1
0,0,0,12.0436,0.092,23,2,1
1,-1,-1,12.3458,0.0007,24,2,2
1,2,2,11.4076,0.1565,24,2,1
1,0,0,12.5776,0.9051,24,2,2
0,0,0,11.0021,0.1348,24,2,2
1,-2,2,9.9035,0.9126,24,2,1
0,0,0,10.8198,0.5105,23,2,2
0,0,0,12.2549,0.0476,23,2,2
0,-1,0,12.5776,0.4855,29,2,2
0,0,0,11.4076,0.3262,23,2,2
0,0,0,10.8198,0.7452,23,2,2
0,0,0,10.8198,0.6441,23,2,2
0,0,-1,9.9035,0.068,24,2,3
0,0,0,12.7939,0.1054,23,2,2
0,0,0,12.3458,0.1521,23,2,1
0,-1,0,10.309,0.6666,24,2,1
0,0,0,10.309,0.5821,23,2,1
0,0,0,11.1563,0.6535,23,2,2
1,2,0,9.9035,0.9348,25,2,2
0,-1,-1,11.2898,0.0049,25,2,2
0,0,0,11.2898,1.0086,24,2,2
0,0,0,10.8198,0.9835,25,2,2
0,0,0,10.309,0.4579,22,2,5
0,0,0,10.309,0.9333,22,2,1
0,0,0,11.1563,0.7628,22,2,2
0,0,0,10.309,1.0256,24,2,2
0,1,1,11.6082,0.089,24,2,2
0,0,0,11.9829,0.3472,24,2,2
1,2,2,10.309,0.9804,22,2,2
1,2,0,10.5966,0.4753,24,2,2
1,1,-1,11.9829,0.0,25,2,2
1,2,0,10.8198,0.68,23,2,2
1,0,0,11.9829,0.4872,23,2,1
0,0,-1,10.309,0.1026,22,2,2
0,2,3,11.1563,0.9236,23,2,2
0,-1,-1,11.9184,0.0851,24,2,2
0,0,0,10.8198,0.9297,24,2,2
0,0,0,11.2898,0.9924,24,2,1
1,2,0,10.8198,0.7169,24,2,2
0,0,0,10.8198,1.0904,24,2,2
0,0,0,10.309,0.8759,25,2,3
0,2,3,12.4292,1.2968,27,2,3
0,-1,-1,11.1563,0.0429,23,2,1
0,-1,-1,11.9184,0.0022,23,2,2
0,0,0,12.6761,0.5622,25,2,1
0,0,0,11.2898,0.144,25,2,5
1,1,2,10.309,0.3722,26,2,3
0,0,0,10.8198,0.9432,23,2,1
0,0,0,10.309,1.1057,23,2,3
0,0,0,9.9035,0.4468,23,2,2
1,0,0,12.2061,0.5409,25,2,2
1,0,0,9.9035,0.6466,22,2,2
1,2,3,11.5129,0.841,24,2,2
1,1,2,9.9035,0.9097,26,2,1
0,0,0,11.7753,0.0775,24,2,2
0,0,0,10.8198,0.8441,24,2,5
1,0,0,12.2061,0.7494,25,2,5
1,1,-2,9.9035,0.0,25,2,2
0,1,2,9.9035,0.3536,26,2,2
0,1,2,11.5129,0.0314,26,2,1
0,0,0,12.0436,0.3773,24,2,2
0,0,0,11.2898,0.6038,22,2,1
1,-2,-2,11.7753,0.014,26,2,1
1,2,2,10.8198,1.0,26,2,3
0,0,0,12.5425,0.0928,26,2,2
0,-1,-1,11.7753,0.0258,27,2,2
0,-1,-1,11.9184,0.0625,27,2,2
0,-2,-2,11.7753,0.0,23,2,1
0,0,0,10.309,0.6731,23,2,2
0,0,0,10.8198,1.0187,23,2,1
0,0,0,11.6952,0.7437,24,2,2
0,0,0,10.309,0.9406,24,2,2
0,0,0,11.2898,0.8727,25,2,2
0,-1,-1,11.2898,0.0147,23,2,1
1,0,0,9.9035,0.789,23,2,1
0,-1,-1,11.2898,0.0042,23,2,3
0,2,0,10.309,0.8414,27,2,2
0,-1,-1,11.6952,0.0542,26,2,1
0,0,0,11.6082,0.9528,26,2,1
0,0,0,11.1563,0.926,25,2,1
0,1,-1,12.6115,0.0,25,2,1
0,-1,-1,11.9829,0.0346,25,2,2
0,0,0,11.9184,0.297,25,2,2
1,-1,-1,12.2549,0.0109,47,2,2
0,0,0,9.9035,0.8488,26,2,2
0,0,0,12.3884,0.6287,26,2,2
0,-1,-1,11.0021,0.0166,25,2,2
0,0,0,9.9035,0.3856,25,2,2
0,1,2,11.7753,1.0536,25,2,2
0,0,-1,12.7068,0.3577,25,2,2
1,0,0,10.8198,0.9659,25,2,1
0,0,0,11.6082,0.6157,24,2,1
0,0,0,10.8198,0.8948,24,2,3
0,0,0,11.4076,0.2687,24,2,2
0,0,0,11.7753,1.0103,26,2,2
0,0,0,11.9184,0.6187,26,2,3
0,-1,-1,11.8494,0.0037,27,2,2
0,0,0,11.9184,0.9547,24,2,2
1,2,0,10.8198,0.9702,26,2,2
1,0,0,10.5966,0.1556,26,2,1
0,0,0,12.0436,0.9685,27,2,2
0,-1,2,11.0021,0.0581,24,2,2
0,-2,-2,12.2061,0.0,25,2,2
0,1,-1,11.2898,-0.0006,25,2,1
0,0,0,11.5129,0.132,25,2,1
0,0,0,12.0436,0.3855,25,2,2
0,0,0,11.8494,0.9419,26,2,1
0,0,0,11.4076,0.7829,26,2,2
0,0,0,11.1563,1.0285,26,2,5
0,0,0,11.6952,0.6748,26,2,1
0,0,0,11.0021,0.4795,26,2,2
0,0,0,11.9184,0.7167,26,2,2
0,0,0,10.8198,0.5434,24,2,3
0,0,0,11.2898,0.9828,26,2,3
0,0,0,12.6443,0.1958,27,2,2
0,0,0,10.8198,0.4588,23,2,1
1,0,0,9.9035,0.6242,23,2,2
1,0,0,11.2898,0.0589,24,2,1
0,-1,-1,12.1007,0.0147,25,2,1
0,0,0,10.8198,0.8109,23,2,2
1,0,0,11.1563,0.9501,22,2,2
0,0,0,9.9035,0.8647,25,2,2
1,2,2,11.0021,0.4767,24,2,2
0,2,2,10.309,0.8422,25,2,2
1,2,0,9.9035,0.1484,24,2,2
0,0,0,12.5425,0.0306,25,2,4
0,-2,-2,10.309,0.0,25,2,2
1,2,2,10.5966,0.6622,26,2,1
0,0,0,11.7753,0.1104,25,2,2
0,0,0,11.4076,0.497,25,2,2
0,0,-1,12.4684,0.0193,25,2,2
1,-1,-1,11.5129,0.0012,26,2,1
1,0,0,10.8198,0.6776,24,2,1
0,0,0,12.1548,0.2852,24,2,3
0,0,0,11.1563,0.4692,22,2,2
0,0,0,10.8198,0.9971,26,2,2
0,0,0,10.5966,0.9356,26,2,2
0,0,0,12.2061,1.0151,26,2,1
0,1,-2,11.5129,0.0,26,2,1
0,-1,-1,12.3014,0.007,26,2,2
0,-1,-1,12.2061,0.0738,27,2,2
0,2,2,10.8198,0.0377,27,2,3
0,-2,-2,12.7939,0.0033,27,2,2
0,0,0,12.0436,0.0473,25,2,1
0,0,0,12.4292,0.114,26,2,3
0,2,2,11.2898,0.9568,26,2,2
0,0,0,11.6082,0.1816,23,2,2
0,0,0,9.9035,0.5256,23,2,2
1,2,2,9.9035,0.5601,25,2,2
0,0,0,11.0021,0.4972,24,2,2
0,0,0,12.0436,0.1124,24,2,2
0,0,0,11.9184,0.4449,24,2,2
0,-2,-2,12.2549,0.0046,24,2,2
0,0,0,12.3458,0.0451,25,2,2
0,-1,-1,11.9829,0.0096,25,2,2
0,0,0,11.9184,0.2566,25,2,2
0,-1,-1,12.2549,0.0207,26,2,2
0,-1,-1,12.6115,0.002,28,2,2
0,-1,-1,12.7367,0.0219,27,2,1
1,-2,-2,11.9184,0.0193,24,2,1
0,0,0,10.8198,0.1696,25,2,2
1,-2,-2,11.9829,0.0045,27,2,1
1,0,0,10.8198,0.8013,25,2,1
1,1,2,11.1563,0.0773,25,2,2
0,0,0,11.6952,0.6592,25,2,2
0,-2,-2,12.2061,-0.0,25,2,1
0,0,0,10.8198,0.4025,25,2,2
0,0,0,12.6443,0.0892,26,2,1
0,0,0,10.8198,0.5578,24,2,2
0,-1,-1,12.6115,0.0096,24,2,4
0,0,0,11.9829,0.9797,25,2,2
0,0,0,11.4076,0.7445,25,2,2
0,0,0,11.9829,0.7296,25,2,2
0,-1,0,13.1224,0.2384,25,2,1
0,-2,-2,12.8739,0.0,26,2,1
0,0,0,12.6761,1.0031,26,2,2
0,-2,-2,10.8198,0.0731,26,2,1
0,1,-1,12.2061,0.0039,27,2,4
0,0,0,11.4076,0.0489,27,2,2
0,0,0,12.7939,0.0344,27,2,2
0,-1,-1,12.1007,0.0015,27,2,1
0,-1,0,11.0021,0.1662,24,2,2
1,-2,-2,12.4292,0.0,24,2,2
0,0,-1,9.9035,0.7656,25,2,1
0,0,0,9.2103,0.5707,24,2,1
0,0,0,11.6082,0.0849,24,2,1
0,-1,-1,11.9184,0.4622,25,2,2
0,0,0,11.9829,0.9648,25,2,2
0,1,2,10.309,0.4595,25,2,2
0,1,2,10.309,0.9831,24,2,1
0,-2,-2,12.5425,0.0167,26,2,1
0,1,-1,11.6952,0.0,28,2,1
0,0,0,12.7939,0.3215,27,2,3
0,0,0,11.2898,0.5255,27,2,2
0,0,0,12.6443,0.2702,27,2,3
0,-2,-2,11.2898,0.0049,27,2,2
0,0,0,12.1007,0.9513,28,2,1
0,-1,-1,11.7753,0.0858,26,2,1
0,0,0,11.1563,0.9483,24,2,3
0,0,0,12.8992,0.0373,24,2,2
1,1,2,9.9035,0.9924,22,2,1
0,0,0,10.309,0.1414,23,2,1
0,1,-1,11.2898,0.0,25,2,2
0,0,0,11.9184,0.0765,26,2,2
0,-1,-1,9.9035,0.2552,24,2,3
0,-1,-1,9.9035,0.0992,25,2,1
0,-1,-1,11.9184,0.1005,26,2,1
0,0,0,11.0021,0.6924,27,2,2
0,0,0,12.6761,0.3755,27,2,1
0,-1,-1,11.2898,0.0091,27,2,2
0,0,0,11.7753,0.9534,25,2,1
0,0,0,12.8992,0.4695,24,2,2
0,0,0,9.9035,0.7905,25,2,1
0,-1,-1,11.0021,0.1114,24,2,1
0,0,0,11.2898,0.5994,24,2,1
1,0,0,10.8198,0.2869,24,2,1
0,0,0,9.9035,0.7392,25,2,1
0,0,0,11.5129,0.992,25,2,2
1,3,2,11.2898,0.5629,25,2,1
1,-1,0,11.8494,0.0182,25,2,1
0,0,0,11.6082,0.9376,25,2,1
0,0,0,12.7657,0.2383,27,2,1
0,1,-2,11.0021,-0.0036,27,2,1
1,2,0,10.8198,0.8776,24,2,1
0,0,0,12.2549,0.514,26,2,2
0,0,0,10.8198,0.6766,25,2,3
0,0,0,11.2898,0.9272,25,2,5
1,2,0,10.309,0.7455,26,2,2
0,0,0,11.9184,1.0205,26,2,2
0,-2,-2,9.9035,0.05,26,2,1
0,1,-2,12.5062,0.0,26,2,1
1,2,2,10.8198,0.8225,27,2,2
0,0,0,12.8479,0.3122,27,2,2
0,0,0,11.0021,0.392,28,2,1
1,1,2,10.8198,0.6267,26,2,3
0,-1,-1,11.6952,0.0772,26,2,2
0,-1,-1,12.4684,0.0062,26,2,1
0,1,4,12.1548,0.2726,26,2,2
0,0,0,10.8198,0.3357,26,2,1
0,0,0,11.2898,0.0538,26,2,1
1,-1,-1,11.6082,0.0153,26,2,2
0,0,0,10.8198,0.5759,26,2,2
0,-2,-2,11.9184,0.2379,27,2,1
1,-1,2,10.8198,0.0156,27,2,2
0,0,0,11.2898,1.0491,25,2,2
0,0,0,9.9035,1.1258,24,2,1
0,0,0,12.2061,1.1297,24,2,2
0,-1,-1,11.2898,0.0093,25,2,1
1,0,0,11.1563,0.477,25,2,2
0,0,0,12.5425,0.6777,26,2,1
0,0,0,11.9829,0.0153,26,2,3
0,0,0,11.4076,0.9576,26,2,2
0,-1,-1,12.2061,0.053,27,2,1
0,1,-1,11.9184,0.0,28,2,1
0,0,0,11.2898,0.9867,27,2,2
0,0,0,12.8739,0.6391,28,2,1
0,0,0,12.1548,0.0244,28,2,2
0,-2,-2,12.3884,0.0352,28,2,1
0,-1,0,12.2061,0.0281,29,2,1
0,-2,-2,11.7753,0.0112,29,2,2
0,0,0,11.5129,1.1801,29,2,2
0,-1,-1,12.1548,0.0235,29,2,2
0,0,0,11.4076,0.9391,29,2,1
1,0,0,9.9035,0.3147,27,2,3
0,1,2,11.4076,0.5578,26,2,2
0,1,2,11.4076,0.9593,26,2,2
0,1,2,11.2898,0.9281,27,2,2
0,2,2,10.5966,0.7783,28,2,2
0,0,0,10.8198,0.5112,22,2,2
0,0,0,11.9184,0.5255,25,2,1
0,-2,-2,12.2061,0.0,27,2,1
0,0,0,9.9035,0.797,27,2,2
0,0,0,11.9829,0.1691,27,2,1
0,0,0,11.2898,0.9961,28,2,2
0,0,0,10.309,0.956,22,2,2
0,-1,-1,10.8198,0.0466,23,2,1
0,0,0,12.6443,0.6186,25,2,2
1,0,0,10.8198,0.1611,26,2,2
0,-1,-1,12.2061,0.2095,26,2,2
1,0,0,9.9035,0.775,22,2,2
0,-2,-2,10.309,0.0,22,2,3
1,-1,-1,9.9035,0.0587,23,2,1
0,0,0,10.8198,0.5709,22,2,2
0,0,0,12.3458,0.1081,28,2,2
0,-1,-1,11.7753,0.0033,29,2,1
0,-1,0,13.1224,0.0284,29,2,1
0,0,0,12.2061,0.391,29,2,2
0,-2,-2,11.6082,0.0672,29,2,1
0,1,2,12.3458,0.0268,30,2,1
0,-1,-1,11.2898,0.4621,30,2,2
1,-1,-1,9.9035,0.2367,27,2,1
1,0,0,11.6952,0.127,27,2,2
0,1,-2,12.2061,0.0,27,2,1
0,0,0,11.1563,0.229,28,2,2
0,0,0,12.3458,0.1437,28,2,2
0,1,2,11.0021,1.012,28,2,3
0,2,2,11.0021,0.8054,28,2,2
1,-2,2,12.7939,0.0258,28,2,2
0,0,0,11.5129,0.6266,25,2,2
0,1,-1,12.3884,0.0,25,2,1
0,2,2,11.7753,0.0153,25,2,1
1,-1,2,11.7753,0.0242,25,2,2
0,0,0,10.8198,0.7403,25,2,1
1,2,2,11.9184,0.4648,26,2,1
1,-2,-2,12.6115,0.0,28,2,2
0,-1,-1,12.2061,0.0907,28,2,1
0,-2,-2,12.6761,0.0137,28,2,1
0,1,-2,11.9829,0.0,27,2,2
0,0,0,12.2549,0.8883,26,2,1
1,0,0,11.1563,0.5288,25,2,1
0,0,0,12.4292,0.1033,25,2,2
0,0,0,11.7753,0.4524,27,2,1
0,0,0,10.309,0.3521,27,2,1
0,0,0,12.2549,0.7669,27,2,1
1,2,0,12.0436,1.021,27,2,2
0,2,2,11.5129,0.3088,28,2,3
0,1,2,10.8198,0.8294,28,2,2
0,0,0,11.7753,0.3843,27,2,1
1,0,0,10.309,0.9037,26,2,2
0,0,0,11.7753,1.1403,30,2,2
0,0,0,11.1563,0.6603,26,2,1
0,0,0,12.2549,0.1107,26,2,1
0,0,0,12.0436,0.4137,25,2,1
0,0,0,12.948,0.0188,28,2,1
0,0,0,11.2898,0.5372,26,2,2
0,-2,-2,11.9184,0.2509,26,2,2
0,-1,0,12.2061,0.3675,26,2,1
1,2,2,11.1563,0.6008,26,2,2
1,2,2,11.4076,0.9734,26,2,2
0,2,2,11.7753,0.4618,27,2,2
0,-1,-1,12.7939,0.0344,28,2,2
0,0,0,12.4684,0.6966,28,2,2
0,0,0,11.9829,0.074,28,2,2
0,-1,-1,9.9035,0.0712,28,2,2
1,2,2,11.8494,0.6858,28,2,3
0,-1,-1,12.2061,0.0464,29,2,2
0,0,0,12.2061,0.2307,29,2,2
0,0,0,11.6952,1.0013,28,2,2
0,0,0,12.2549,0.2483,29,2,2
1,0,0,10.8198,0.7517,23,2,2
1,1,2,11.2898,1.0057,23,2,1
0,-1,0,11.0021,0.9375,23,2,2
0,0,0,10.8198,0.8832,24,2,2
0,0,0,10.8198,0.5302,25,2,2
0,1,2,11.1563,0.7677,25,2,1
1,1,2,11.2898,0.6265,25,2,2
1,0,0,10.8198,0.1917,25,2,2
1,-1,2,10.309,0.1762,25,2,1
0,-2,-2,12.6115,0.0,26,2,1
0,-1,-1,12.3884,0.0097,26,2,2
0,0,0,11.8494,0.5357,26,2,4
0,0,0,10.309,0.8517,27,2,1
0,0,0,11.1563,0.1643,29,2,2
0,0,0,12.3014,0.9879,29,2,2
0,0,0,12.3458,0.1457,29,2,2
0,0,0,9.9035,0.6979,29,2,2
0,1,2,11.7753,0.088,25,2,2
1,2,2,11.0021,1.0076,26,2,2
0,0,0,12.2061,0.1137,26,2,2
0,0,0,12.6443,0.0373,26,2,2
0,0,0,12.3884,0.8768,26,2,2
0,-1,-1,12.2061,0.0116,26,2,1
0,0,0,12.9945,0.4478,27,2,2
0,0,0,12.1007,0.0944,27,2,2
0,-2,-1,12.6115,0.0846,29,2,1
0,0,0,11.9829,0.1085,30,2,2
0,1,2,11.9829,0.9454,30,2,1
0,-1,2,12.3458,0.0081,30,2,2
1,2,0,11.9829,0.4643,30,2,1
0,-1,-1,12.2061,0.1939,28,2,1
0,0,0,12.3884,0.277,29,2,2
0,0,0,12.948,0.1259,29,2,1
0,-1,-1,12.2549,0.0019,30,2,1
0,0,0,12.3014,0.7146,28,2,1
0,-1,-1,12.2061,0.0094,28,2,1
0,1,-2,12.3458,0.0,28,2,2
0,0,0,12.4292,0.0149,28,2,1
0,0,0,11.2898,0.7348,28,2,2
0,0,0,11.2898,0.327,26,2,2
1,-1,2,10.8198,0.1213,26,2,3
1,-1,-1,9.9035,0.0384,26,2,2
1,0,0,11.0021,0.915,27,2,2
1,2,2,10.8198,0.3882,27,2,2
0,0,0,12.6443,0.0264,28,2,1
0,0,0,11.8494,0.4212,29,2,1
0,0,0,12.3014,0.3047,27,2,1
0,1,-2,11.7753,0.0,27,2,2
0,-1,-1,12.6115,0.0115,29,2,1
0,-1,-1,11.8494,0.0057,28,2,3
0,-1,-1,12.8992,0.0029,29,2,1
0,1,2,12.2061,0.192,30,2,1
0,-1,-1,11.9184,0.022,29,2,1
0,0,0,12.948,0.0985,27,2,1
0,-1,-1,12.3458,0.0809,26,2,2
0,0,0,12.2549,0.0771,27,2,1
0,-1,-1,11.6952,0.1852,27,2,1
0,0,0,10.8198,0.7383,28,2,1
0,0,0,12.2061,0.2969,28,2,2
0,0,0,12.1007,0.0483,28,2,2
0,0,0,10.309,0.8448,28,2,2
1,2,0,11.6082,1.0309,29,2,2
0,0,0,10.8198,1.6569,29,2,2
0,1,2,11.6952,0.8662,29,2,2
0,0,0,12.3458,0.1478,29,2,1
1,-2,-2,11.2898,0.035,29,2,2
0,-2,-2,12.6761,0.0075,29,2,2
0,0,0,10.8198,0.9275,29,2,3
0,0,0,11.6082,0.9469,29,2,2
0,1,-2,11.9184,0.0,25,2,1
0,-1,-1,10.309,0.0696,26,2,1
0,0,0,11.2898,0.4402,26,2,2
0,0,0,11.9184,0.5563,26,2,2
0,0,0,12.5062,0.4972,26,2,1
0,0,0,11.9829,0.7388,26,2,1
0,0,0,11.9184,0.0249,29,2,1
0,1,-2,12.0436,0.0,31,2,3
0,0,0,11.1563,1.0327,31,2,2
0,0,0,12.2549,0.0522,31,2,1
0,0,0,10.8198,0.6241,30,2,1
0,-1,2,11.1563,0.0979,27,2,1
0,1,-1,12.1007,0.0,28,2,1
1,-1,-1,12.4684,0.0008,27,2,2
0,0,0,10.8198,0.9126,27,2,2
0,0,0,11.8494,1.0145,27,2,1
1,0,0,11.5129,1.0096,30,2,2
0,0,0,12.948,0.1958,29,2,2
0,1,-1,12.6115,0.0065,30,2,2
1,0,0,10.309,0.9498,25,2,2
0,1,-2,11.9184,0.0,26,2,4
0,0,0,12.1007,1.0113,26,2,2
1,2,0,12.7068,0.5451,26,2,1
0,-1,-1,12.7939,0.0055,26,2,2
1,-2,-1,12.2549,0.0026,27,2,2
0,0,0,11.4076,0.9316,27,2,1
1,2,0,12.4292,0.113,28,2,2
0,1,2,11.2898,0.1512,24,2,3
0,0,0,12.5776,0.3784,27,2,1
0,0,0,12.5425,0.5333,29,2,1
0,-1,0,12.7367,0.0347,29,2,1
0,0,0,11.6952,0.9302,29,2,1
0,0,0,11.6082,0.0369,31,2,3
0,0,0,10.309,0.6813,22,2,2
0,0,0,11.1563,0.4886,24,2,2
0,-1,-1,9.9035,0.2492,24,2,3
0,0,0,11.2898,0.5639,25,2,2
1,2,0,11.6952,0.1457,25,2,2
0,0,0,13.1224,0.0653,26,2,1
0,0,0,12.6761,0.5629,27,2,2
0,-1,-1,11.9184,0.0023,27,2,1
1,2,2,12.1548,0.0205,27,2,2
0,1,-2,11.7753,0.0,29,2,2
0,0,0,11.1563,0.7213,34,2,2
0,-2,-2,12.7657,0.0024,30,2,1
1,0,0,12.2549,0.0878,27,2,1
1,0,0,11.6952,0.7124,27,2,2
0,0,0,11.7753,0.9534,28,2,2
0,0,0,12.0436,0.2579,27,2,2
0,1,-2,11.5129,-0.006,30,2,3
0,0,0,12.2061,0.702,28,2,1
0,-1,-1,12.5062,0.0562,28,2,1
1,1,5,10.309,0.9511,30,2,2
0,0,0,11.9829,0.2314,24,2,2
0,0,0,11.2898,0.8699,26,2,3
0,0,0,12.6443,0.088,26,2,1
0,0,0,9.9035,0.7151,23,2,1
1,0,0,11.2898,0.6582,27,2,1
0,-1,-1,12.1007,0.0022,28,2,1
0,0,0,11.2898,0.8055,29,2,1
0,0,0,11.8494,0.928,28,2,2
0,0,0,11.9184,0.7814,26,2,5
0,0,0,11.5129,0.2104,27,2,2
1,1,-1,10.8198,0.0,27,2,1
0,0,0,12.2061,0.5326,28,2,1
0,2,0,11.7753,0.7585,28,2,2
0,2,2,11.9184,0.0416,29,2,1
0,0,0,12.0436,0.9725,30,2,2
1,8,7,12.1007,1.0957,28,2,2
1,1,2,12.6761,0.0737,28,2,2
0,-1,2,10.8198,0.0983,28,2,1
0,0,0,10.8198,0.4152,27,2,2
0,0,0,11.2898,0.2262,27,2,3
0,1,-1,11.5129,-0.0001,27,2,1
0,0,0,11.2898,0.6307,23,2,2
0,1,2,11.6952,0.0311,26,2,1
0,-2,-2,12.3458,0.2143,31,2,1
1,-1,-1,11.0021,0.7485,31,2,2
0,0,0,12.3014,0.2061,30,2,1
0,0,0,11.2898,0.8818,30,2,2
0,1,-2,12.6115,0.0,28,2,1
0,-2,-2,12.8992,0.0073,30,2,1
0,0,0,10.8198,1.0207,31,2,2
0,-1,-1,12.2061,0.024,30,2,1
0,1,-2,11.6952,0.0,32,2,1
0,0,0,12.7939,0.042,31,2,1
0,0,0,12.3014,0.1471,30,2,2
0,0,0,12.5425,0.5,31,2,2
0,-2,-2,13.1224,-0.0,31,2,2
0,0,0,12.3884,0.6987,31,2,3
0,0,0,12.6443,0.9579,30,2,2
1,1,2,12.2061,1.0284,28,2,1
0,-1,0,12.4684,0.2917,28,2,2
1,1,2,12.2061,0.8573,28,2,2
0,-2,-2,12.1007,0.0,27,2,1
0,0,0,12.5062,0.0917,27,2,2
0,-1,-1,10.309,0.2244,28,2,2
0,-1,-1,12.1007,0.0017,28,2,2
0,0,0,12.7367,0.1074,29,2,2
1,0,0,11.8494,0.7716,28,2,5
1,1,2,12.1007,0.0329,28,2,1
0,0,0,11.9184,0.5953,27,2,2
0,0,0,11.6082,1.0267,27,2,1
0,-1,-1,10.8198,0.0204,28,2,2
0,-1,-1,11.8494,0.0542,28,2,1
0,-1,-1,12.7939,0.0267,28,2,1
0,-2,-2,12.5425,0.0004,29,2,2
0,0,0,12.6443,0.1196,28,2,1
0,0,0,12.5776,0.0836,28,2,2
0,-1,-1,12.2549,0.0279,28,2,1
0,-1,-1,12.2549,0.0035,29,2,1
1,3,2,11.6082,0.0055,29,2,2
0,0,0,10.8198,0.9642,28,2,1
0,-1,-1,12.5425,0.001,28,2,1
1,1,3,10.8198,0.9094,28,2,2
1,1,2,11.6952,0.5016,28,2,2
0,1,-2,11.2898,0.0,28,2,2
0,0,-1,10.8198,0.345,29,2,1
1,2,0,11.0021,0.0686,28,2,2
1,2,2,12.1548,0.8176,28,2,1
1,2,0,11.9184,0.4387,28,2,1
0,0,0,12.0436,0.0135,28,2,1
0,0,0,11.9184,0.4141,28,2,2
0,0,0,12.8739,0.5186,28,2,1
0,0,0,11.1563,0.2892,29,2,2
0,0,0,11.6952,0.5122,29,2,2
0,2,2,10.309,0.8933,29,2,2
0,0,0,12.2061,0.4941,26,2,2
1,2,0,12.6115,0.908,28,2,2
1,2,2,11.4076,0.0784,29,2,1
0,-2,-2,12.2061,0.0242,30,2,1
0,-1,-1,12.2549,0.0016,31,2,1
0,0,0,12.3458,0.0213,31,2,2
0,1,-2,12.2061,0.0202,31,2,1
0,0,0,12.948,0.214,32,2,2
0,1,2,11.0021,0.543,28,2,3
0,0,0,10.8198,0.841,34,2,2
0,1,2,11.0021,1.0246,28,2,2
0,-1,-1,12.2549,0.0122,28,2,1
0,0,0,10.8198,0.873,28,2,2
1,0,0,12.8739,0.3308,28,2,3
0,1,-1,11.9184,-0.0006,28,2,1
0,0,0,12.2061,0.1931,30,2,2
0,-1,-1,11.9184,0.0828,31,2,1
0,0,0,13.0605,0.4596,30,2,2
0,0,0,12.2061,0.0933,30,2,1
0,-1,-1,11.9829,0.0013,31,2,1
1,1,2,12.3014,0.0256,30,2,2
0,1,2,12.5776,0.5064,32,2,2
0,-1,-1,10.8198,0.0065,32,2,3
0,0,0,12.5776,0.2634,32,2,2
1,1,2,10.309,1.106,23,2,2
1,2,3,10.5966,0.2061,23,2,3
0,0,0,11.1563,0.921,26,2,1
0,0,0,11.5129,0.8232,23,2,2
0,0,0,9.9035,0.8089,23,2,1
1,0,0,10.8198,1.02,23,2,2
0,-1,-1,11.7753,0.002,39,2,5
1,2,2,11.8494,0.8216,28,2,2
0,0,0,12.3458,0.164,30,2,1
0,-1,-1,12.6115,0.0294,30,2,2
1,-2,-2,12.2061,-0.004,29,2,1
0,1,2,11.5129,0.6354,29,2,1
0,0,0,11.5129,0.9268,30,2,2
1,-1,-1,11.2898,0.018,29,2,2
0,0,0,12.0436,0.3024,29,2,2
0,-2,-2,12.948,0.0009,29,2,1
0,0,0,11.1563,0.2451,29,2,1
1,0,0,13.0815,0.98,30,2,2
0,0,0,12.4292,0.5111,27,2,5
0,0,0,12.1007,1.2819,28,2,1
0,-1,-1,12.3884,0.0358,28,2,1
0,0,-1,12.2549,0.0472,28,2,1
0,3,2,11.5129,0.4996,28,2,1
0,0,0,10.8198,0.9788,28,2,1
0,0,0,12.6115,0.0966,28,2,1
0,0,0,11.1563,0.3111,28,2,1
0,0,0,13.1022,0.0428,29,2,1
0,0,0,12.0436,0.2197,29,2,1
0,0,0,11.5129,0.5165,29,2,1
0,-1,-1,12.2061,0.0113,32,2,2
0,-2,-2,11.2898,0.0432,32,2,2
0,0,0,12.3014,0.6836,32,2,2
1,-2,-2,12.6115,0.0,33,2,3
0,0,0,11.6952,0.7548,33,2,2
0,0,0,12.3884,0.943,30,2,2
0,0,0,12.2061,0.4808,30,2,1
0,0,0,10.5966,0.9985,30,2,2
0,0,0,12.2061,0.9756,30,2,1
0,3,3,11.5129,0.9589,30,2,1
0,0,0,10.8198,0.9702,31,2,2
0,0,0,10.5966,1.0092,32,2,2
0,2,2,11.1563,0.976,32,2,2
0,-2,-2,12.2549,0.0009,31,2,1
0,0,0,10.309,0.8383,28,2,2
0,0,0,11.5129,0.9184,30,2,1
0,0,0,9.9035,0.8377,30,2,2
0,0,-1,12.8992,0.052,36,2,2
0,0,0,12.7068,0.6721,28,2,2
1,-1,-1,12.3884,0.0195,30,2,2
1,0,0,11.1563,1.0177,29,2,1
0,-1,-1,12.3884,0.0015,29,2,1
0,1,-2,12.2061,-0.0045,27,2,1
0,-2,-2,11.5129,0.009,27,2,1
0,0,0,12.1007,0.245,29,2,1
0,0,0,12.7939,0.2283,30,2,2
0,0,0,11.7753,0.8708,29,2,2
0,-2,-2,11.6952,0.0223,30,2,2
0,-2,-2,12.3458,0.0,30,2,1
0,0,0,12.7367,0.1382,30,2,5
0,0,0,12.6761,0.6201,29,2,1
0,0,0,12.7068,0.9442,29,2,3
1,2,0,11.2898,0.0599,30,2,3
0,-1,-1,11.9184,0.0272,30,2,1
1,-2,-2,11.9829,0.0013,31,2,3
0,0,0,10.8198,0.7961,37,2,3
0,-2,-2,12.6115,0.0,48,2,4
0,0,0,12.1548,0.9778,36,2,2
0,0,0,10.8198,0.5174,27,2,2
0,-1,-1,11.4076,0.0096,28,2,1
0,-1,0,12.2549,0.408,28,2,1
0,0,0,12.3884,1.0263,28,2,1
1,2,2,11.0021,0.6752,34,2,2
0,-1,0,12.9945,0.007,35,2,2
1,2,2,10.309,0.9495,42,2,2
0,0,0,12.3458,0.1033,26,2,2
1,1,2,12.9945,0.4754,28,2,2
1,0,0,11.2898,0.7987,29,2,2
0,0,0,10.309,0.9755,30,2,2
0,0,0,12.4292,0.9554,35,2,2
1,2,0,10.309,0.8718,45,2,1
0,0,0,10.8198,0.988,49,2,3
0,0,0,10.8198,0.9461,34,2,2
0,1,2,10.309,0.8777,34,2,2
1,0,0,10.309,1.0263,45,2,2
0,0,0,13.1224,0.2997,42,2,2
1,1,2,10.8198,0.4908,41,2,2
0,0,0,10.8198,0.9974,36,2,2
0,0,0,10.8198,0.0483,22,2,1
0,0,0,11.4076,0.5008,26,2,2
1,1,2,10.309,0.463,26,2,1
0,0,0,11.9184,0.836,43,2,3
0,0,-1,10.8198,0.2893,23,2,2
1,2,2,11.1563,0.2124,23,2,2
0,0,0,11.2898,0.8606,23,2,2
0,-2,-2,12.5425,-0.0,29,2,1
0,0,0,11.4076,0.072,30,2,2
0,0,0,12.7068,0.286,39,2,1
0,0,0,12.1548,0.4258,46,2,2
0,0,0,12.2549,0.2243,40,2,1
1,3,4,11.5129,0.9809,30,2,1
1,3,2,9.9035,1.0113,30,2,2
0,-1,-1,12.4684,0.0021,31,2,1
1,1,2,9.9035,0.7902,26,2,2
1,0,0,11.2898,0.9685,37,2,3
0,0,0,10.8198,0.6128,42,2,2
1,2,2,11.1563,0.7262,35,2,3
0,0,0,10.309,0.8888,38,2,2
1,1,2,11.5129,0.9727,25,2,1
0,0,0,10.8198,1.0135,25,2,1
1,2,0,11.2898,0.7964,27,2,2
1,0,0,10.8198,0.1488,27,2,2
0,0,0,11.9184,1.014,28,2,5
0,0,0,11.8494,0.9304,29,2,1
0,0,0,11.1563,0.9117,31,2,1
0,1,2,10.309,0.9644,31,2,2
1,2,2,11.2898,0.8798,32,2,2
0,0,0,10.5966,0.549,41,2,2
0,0,0,11.5129,0.3457,37,2,2
0,0,0,10.8198,0.961,40,2,2
1,2,2,10.309,0.8696,35,2,3
0,0,0,11.6952,0.0813,35,2,1
0,0,0,12.4684,0.5874,39,2,3
0,0,0,11.4076,0.2344,35,2,2
0,0,0,10.309,0.1367,33,2,2
0,0,0,12.4684,0.673,37,2,1
0,1,2,12.0436,0.9477,39,2,1
0,0,0,11.9184,0.9178,36,2,2
0,1,2,11.4076,0.4496,40,2,3
0,0,0,10.8198,0.0748,45,2,3
0,0,0,11.1563,0.9552,29,2,1
0,0,0,12.2549,1.0344,29,2,1
0,-2,-2,13.017,0.0,31,2,1
1,0,0,11.1563,0.2026,32,2,3
1,2,2,11.1563,0.3392,32,2,3
0,-1,-1,12.6115,0.0078,34,2,3
0,0,0,11.1563,0.9785,29,2,1
0,0,0,12.1007,0.4904,37,2,2
1,2,2,10.8198,1.1815,29,2,3
0,-1,2,9.9035,1.0278,27,2,2
0,0,0,12.4684,0.8823,31,2,1
0,0,0,11.1563,0.0746,34,2,3
1,2,2,10.8198,0.7839,31,2,2
0,0,0,11.9184,0.9777,34,2,2
0,0,0,11.9184,0.3158,45,2,3
0,0,0,9.9035,0.9663,37,2,2
0,0,0,11.0021,0.9618,45,2,2
0,0,0,10.8198,0.8119,30,2,2
0,0,0,10.8198,0.5248,25,2,1
1,3,2,11.2898,0.8996,27,2,1
0,0,0,11.8494,0.0719,27,2,1
1,1,2,9.9035,0.3308,28,2,3
1,2,0,9.2103,0.224,49,2,2
0,0,0,11.6952,0.0962,45,2,2
1,1,3,10.8198,0.7258,40,2,2
1,2,0,10.309,0.3812,39,2,2
1,2,0,12.2549,0.5442,49,2,2
1,-2,-2,11.9184,0.0,27,2,1
0,0,0,12.1007,0.6285,28,2,3
1,-2,-2,13.2879,0.0,29,2,2
0,0,0,12.4684,0.0987,30,2,1
0,0,0,11.4076,0.1541,35,2,3
0,0,0,11.6082,0.1835,28,2,2
0,0,-1,11.8494,0.0125,28,2,1
0,-1,-1,12.2549,0.0363,30,2,1
0,-2,-2,11.2898,0.0,31,2,2
0,1,2,10.309,0.297,36,2,3
0,0,0,11.6952,0.7802,28,2,3
0,0,0,9.9035,0.383,44,2,3
0,0,0,11.2898,0.629,42,2,3
0,0,0,11.6082,0.2047,35,2,2
0,0,0,12.3884,0.3214,34,2,2
0,0,-1,11.5129,0.0553,49,2,2
0,0,0,12.2061,0.751,32,2,2
0,-2,-2,13.017,0.0028,32,2,1
0,0,0,11.9184,0.3317,32,2,2
0,-1,2,11.6952,0.094,39,2,2
1,2,0,11.1563,0.9441,26,2,2
0,0,0,12.1548,0.6997,31,2,1
0,0,0,10.8198,0.9842,45,2,3
0,1,2,11.0021,0.6578,44,2,3
1,2,2,11.4076,0.1775,30,2,1
0,0,0,12.6115,0.2098,33,2,2
0,0,0,12.2549,0.0067,32,2,3
0,2,2,10.8198,0.9369,34,2,2
0,-1,0,12.7657,0.1061,34,2,1
0,0,0,10.309,0.8751,34,2,2
0,1,-2,12.5425,0.0,34,2,3
0,0,0,12.8479,0.0483,35,2,3
0,-2,-2,12.7939,0.002,34,2,2
0,1,1,12.4684,0.0228,37,2,2
0,0,0,11.9829,0.1732,37,2,2
0,-2,-2,12.4292,0.0338,43,2,3
0,-1,0,12.6761,0.0623,27,2,1
0,0,0,11.8494,0.9809,31,2,2
0,0,0,11.2898,0.7261,32,2,3
1,2,2,11.5129,0.6342,40,2,1
0,-2,-2,12.2549,0.0079,41,2,5
0,-1,-1,12.2061,0.0278,29,2,3
0,0,0,11.6082,0.9517,37,2,3
1,1,2,11.1563,0.2645,36,2,1
0,0,0,12.3884,0.9727,46,2,2
0,0,0,11.2898,0.8827,38,2,2
0,0,0,11.9184,0.8806,47,2,3
0,0,0,10.8198,0.9313,42,2,2
0,0,0,12.3458,0.2319,37,2,2
0,-1,-1,12.5776,0.005,43,2,1
0,-2,-2,12.7657,0.0093,36,2,1
0,0,0,11.5129,0.8645,39,2,3
0,0,0,10.8198,0.9759,46,2,3
0,-2,-2,12.7939,0.0,43,2,2
0,-1,-1,12.2549,0.0049,38,2,2
0,-2,-2,13.1224,0.0039,39,2,2
0,0,0,12.5776,0.8427,47,2,2
0,0,0,12.7657,0.7307,36,2,3
0,-2,-2,12.1548,0.0112,33,2,2
0,0,0,12.1007,0.6001,34,2,1
1,0,0,11.6082,0.0558,35,2,2
1,1,2,12.2061,0.2599,33,2,3
0,-1,-1,12.2549,0.0488,40,2,2
0,-1,-1,11.5129,0.0048,36,2,3
0,0,0,11.7753,1.0415,43,2,2
0,0,0,11.1563,1.0089,38,2,3
0,0,0,11.5129,0.9219,33,2,2
0,-2,-1,11.9184,0.004,35,2,3
0,0,0,11.9829,0.6397,39,2,3
0,1,-1,10.309,-0.0033,48,2,3
0,-1,-1,11.2898,0.0102,36,2,2
0,-2,-2,12.2061,0.0355,44,2,2
1,2,2,12.1007,0.5339,41,2,3
0,0,0,12.1007,0.264,34,2,2
0,0,0,12.0436,0.8506,35,2,2
0,0,0,10.8198,0.0862,35,2,1
0,0,0,11.9829,0.583,40,2,3
1,-2,-2,11.9829,0.0024,40,2,2
0,0,0,9.9035,0.9195,22,2,1
0,0,0,11.1563,0.48,24,2,2
0,-2,-2,12.3884,0.1448,38,2,2
0,0,0,12.6115,1.144,45,2,2
0,-2,-2,12.948,0.0117,37,2,2
1,1,2,12.2061,0.5972,43,2,3
0,0,0,10.8198,0.5424,47,2,2
0,0,0,10.8198,0.4121,38,2,2
0,-2,-2,12.2061,0.0129,38,2,1
0,0,0,12.2061,0.5927,32,2,1
0,1,1,12.8479,0.9577,33,2,2
0,-1,0,10.8198,0.3525,27,2,1
0,-1,-1,10.8198,0.0292,28,2,1
0,-2,-2,13.1224,0.0715,35,2,2
0,-1,-1,12.6115,0.0082,40,2,2
1,0,0,12.0436,0.0643,32,2,2
1,3,2,9.9035,0.5849,46,2,2
0,-1,-1,9.9035,0.0738,43,2,2
0,0,0,12.5425,0.6564,36,2,2
0,-1,0,11.2898,0.0107,22,2,2
0,0,0,9.9035,0.8686,24,2,2
0,0,0,11.1563,1.5739,24,2,1
1,2,2,10.309,0.7963,25,2,2
0,0,0,12.0436,0.6913,37,2,2
0,0,0,12.6761,0.3048,30,2,2
0,-2,-2,12.2549,0.0,30,2,1
0,0,0,12.6443,0.0452,31,2,2
0,1,-1,12.3458,0.0,29,2,1
1,2,2,11.4076,1.001,31,2,2
0,-2,-2,12.2061,0.0301,31,2,1
0,3,3,11.9184,0.6893,34,2,2
0,0,0,11.0021,0.3948,27,2,1
0,-1,-1,10.8198,0.0299,38,2,2
0,0,0,12.2061,0.6628,40,2,1
0,0,0,12.3014,0.1875,35,2,2
0,-2,-2,12.6115,-0.0002,34,2,3
1,2,2,10.309,0.8631,47,2,2
0,0,-1,12.7068,0.0569,36,2,5
0,0,0,12.5425,0.6175,42,2,1
1,-2,-2,12.7068,0.0,38,2,1
0,0,-1,12.8739,0.242,45,2,3
0,-1,-1,12.2061,0.0039,38,2,2
0,0,0,9.9035,0.6335,45,2,3
0,0,0,11.8494,0.3773,32,2,2
0,-1,-1,10.309,0.1228,32,2,1
0,1,-2,12.2549,0.0,41,2,2
0,-2,-2,11.5129,0.0101,44,2,3
0,-1,-1,10.8198,0.0224,38,2,2
1,0,0,10.309,0.8671,42,2,3
1,2,0,10.309,0.9759,45,2,5
0,1,-2,11.9184,0.0,37,2,1
0,-2,-2,12.1007,0.0652,39,2,1
0,1,-2,12.3458,0.0,49,2,2
0,-2,-2,12.3014,0.0006,36,2,1
0,-2,-2,12.2061,0.0298,35,2,1
0,-2,-2,11.2898,0.2136,35,2,2
0,0,0,12.8479,0.019,44,2,3
1,2,0,10.309,0.3328,42,2,2
0,-1,-1,11.9829,0.0506,41,2,2
1,0,0,11.0021,0.4662,47,2,2
0,-1,2,11.5129,0.0769,42,2,3
0,-2,-1,11.9184,0.0,37,2,2
0,2,2,11.5129,0.3641,38,2,2
0,-2,-2,10.309,0.0,44,2,2
1,1,2,12.3014,0.0186,36,2,1
0,-1,2,12.3014,0.012,38,2,1
1,-2,-2,12.8992,-0.0001,30,2,2
1,0,0,13.4298,0.0583,30,2,1
0,0,0,12.5425,0.1295,30,2,1
0,0,0,11.1563,0.4876,44,2,2
1,-1,-1,12.6115,0.0206,39,2,2
0,-1,-1,12.4292,0.0012,41,2,2
0,-1,-1,12.2061,0.0078,31,2,1
0,-1,-1,13.017,0.0285,31,2,1
1,3,2,10.309,0.7056,33,2,1
0,-1,-1,12.2549,0.0085,29,2,2
1,2,2,12.4292,0.4991,29,2,1
0,0,0,11.1563,0.927,31,2,2
0,1,-2,12.3458,-0.0,31,2,1
0,-2,-2,11.9184,0.0,37,2,2
0,1,2,11.1563,0.4198,47,2,3
1,0,0,11.9184,0.68,35,2,2
0,-1,-1,12.2061,0.0016,37,2,2
0,-1,0,12.2061,0.0272,42,2,4
0,-1,-1,12.6115,0.003,42,2,3
1,-1,-1,11.2898,0.0365,39,2,3
1,5,4,10.309,1.0424,43,2,2
0,0,0,11.5129,0.8924,40,2,2
0,0,0,12.7939,0.8071,32,2,1
0,0,0,11.9184,0.2162,32,2,2
0,1,-2,12.1007,-0.0001,32,2,1
0,-2,-2,12.2549,0.0064,33,2,1
0,0,0,11.6082,0.9211,41,2,3
0,-1,-1,11.2898,0.0341,41,2,2
0,-1,-1,10.8198,0.0053,39,2,2
0,-2,-2,11.9184,0.0,32,2,2
0,-2,-2,12.4684,0.0,40,2,1
0,-2,-2,12.2061,0.0321,33,2,1
0,-1,-1,12.3458,0.0114,29,2,2
1,0,0,11.1563,1.0025,32,2,1
1,2,0,11.1563,0.4949,32,2,1
1,0,0,11.9829,0.0176,32,2,2
0,0,0,12.2061,0.9769,34,2,3
0,-1,-1,12.5062,0.0061,35,2,2
0,0,0,11.5129,0.9703,36,2,2
0,-1,-1,12.9239,0.0301,42,2,1
0,-1,-1,11.9829,0.0103,33,2,2
1,-2,-2,11.6952,0.0027,39,2,2
0,0,0,10.8198,0.2449,37,2,2
0,-2,-2,13.017,0.0,38,2,1
0,0,0,12.2061,0.9654,36,2,2
0,-1,-1,12.7939,0.0101,41,2,2
0,0,0,12.7367,0.1196,40,2,2
1,-2,-2,12.6115,0.0,40,2,3
0,0,0,12.3014,1.0004,40,2,3
0,0,0,12.8213,0.8325,37,2,1
0,-1,-1,12.0436,0.0173,39,2,2
0,0,0,13.1224,0.9828,39,2,2
0,2,0,11.5129,0.948,36,2,1
0,-1,-1,11.6082,0.002,31,2,1
0,0,0,12.3458,0.1023,31,2,1
0,0,0,12.3458,0.144,31,2,1
0,0,0,11.9184,0.1723,33,2,2
0,-1,0,12.2549,0.0359,32,2,1
0,-1,-1,11.5129,0.24,32,2,3
0,0,0,12.3458,0.6409,42,2,1
1,-2,-2,12.7939,0.0,33,2,1
0,0,0,12.7939,0.2237,34,2,2
1,1,-2,12.2061,-0.0106,34,2,1
0,-2,-1,12.2061,0.0801,34,2,1
0,-1,-1,11.9184,0.0034,33,2,2
0,3,2,11.6082,0.0014,41,2,1
0,-2,-2,12.6761,0.0,38,2,2
1,2,2,10.8198,0.3836,44,2,3
0,0,0,11.9829,0.2058,39,2,2
1,0,0,11.2898,0.5381,42,2,2
0,0,0,11.5129,0.2843,35,2,2
0,0,0,11.9184,1.9298,36,2,2
0,7,6,11.0021,2.1037,38,2,2
0,-2,-2,12.2061,0.0017,39,2,1
0,-2,-2,11.9829,0.0325,38,2,3
0,-1,-1,12.3458,0.0198,38,2,2
0,1,-2,12.3458,0.0,40,2,2
0,1,-2,11.4076,0.0,39,2,3
1,2,0,11.8494,0.2197,40,2,3
0,0,0,10.309,0.8072,41,2,3
0,0,0,12.6761,0.1869,41,2,1
0,0,0,9.9035,0.8504,35,2,3
0,-1,-1,10.8198,0.0625,35,2,3
0,0,0,10.309,0.8168,38,2,3
0,-1,-1,11.9829,0.17,36,2,3
0,-1,-1,12.5425,0.2841,48,2,2
0,0,0,12.8739,0.1084,35,2,2
1,0,0,11.5129,0.418,44,2,3
0,0,0,12.2061,0.9927,48,2,5
0,0,0,11.6082,0.4436,43,2,3
0,0,0,10.8198,0.9775,45,2,2
0,0,0,11.5129,1.1192,41,2,2
0,1,-2,12.2061,0.0,31,2,3
0,2,0,12.4292,0.5535,34,2,1
1,2,2,9.9035,0.6918,48,2,3
0,-2,-2,12.4684,0.0132,35,2,2
1,1,2,9.9035,0.7522,31,2,3
0,1,-2,12.6761,0.0,44,2,2
0,0,0,10.309,0.266,37,2,1
0,0,0,10.8198,0.7972,41,2,2
1,2,0,11.2898,0.2459,36,2,2
1,1,2,11.6952,0.4818,40,2,2
0,-1,0,12.5776,0.1284,49,2,2
0,0,0,10.8198,0.6106,43,2,2
1,0,0,10.309,0.7058,39,2,3
0,0,0,13.2708,0.0324,33,2,2
0,-1,-1,12.5062,0.0047,41,2,1
0,2,-1,10.309,0.0279,42,2,3
0,2,2,11.9829,0.9232,31,2,1
0,-1,-1,12.1007,0.0023,31,2,2
1,0,0,9.9035,0.1611,34,2,2
0,-1,-1,12.2549,0.0365,33,2,2
0,0,0,12.2061,0.5678,43,2,3
0,0,0,11.7753,0.2513,43,2,3
0,-2,-2,10.309,0.2946,36,2,5
0,-1,-1,11.7753,0.0321,40,2,2
0,-1,-1,12.1007,0.0173,43,2,3
0,0,0,11.6082,0.8465,39,2,2
0,0,0,9.9035,0.765,39,2,2
0,0,0,11.9184,0.6485,35,2,2
0,1,-1,12.2549,0.0,37,2,3
0,0,0,11.4076,1.0315,42,2,2
0,0,0,13.1224,0.1242,42,2,2
0,-1,-1,12.6115,0.0523,37,2,2
0,0,0,12.8213,0.0489,33,2,3
0,0,0,12.2061,0.522,35,2,2
0,-2,-2,13.1224,0.0045,38,2,4
1,0,0,10.8198,0.8777,41,2,2
0,0,0,11.6952,0.8884,36,2,2
0,0,0,12.5062,0.2306,38,2,2
0,-1,-1,12.6115,0.0732,43,2,1
0,1,2,11.4076,0.2028,37,2,2
0,-1,-1,11.6952,0.0052,48,2,2
0,1,2,11.4076,0.0742,47,2,2
0,0,0,12.7657,0.3486,41,2,1
0,1,4,12.1007,0.1159,29,2,2
0,0,0,10.309,0.8057,30,2,3
1,-1,-1,12.3884,0.011,29,2,2
0,1,2,11.2898,1.0546,38,2,2
1,0,0,10.8198,0.9248,37,2,2
0,0,0,12.8213,0.7865,42,2,1
0,-2,-2,11.9184,0.0363,43,2,2
0,0,0,12.9239,0.978,31,2,1
0,-1,-1,12.3458,0.0073,32,2,2
0,-2,-2,11.2898,0.0621,32,2,3
0,0,-1,11.8494,0.0734,32,2,1
0,0,0,12.1007,0.0291,32,2,2
0,0,0,12.3884,0.3993,33,2,1
0,-2,-2,11.9829,-0.0002,30,2,2
0,-1,-1,12.6761,0.0372,31,2,1
0,2,2,11.2898,0.0032,35,2,2
0,0,0,12.3458,0.0163,36,2,2
0,-2,-2,12.3458,0.0012,40,2,2
0,0,0,9.9035,0.5952,38,2,2
0,0,0,12.3014,0.7204,37,2,2
0,-2,-2,12.1007,0.0035,42,2,1
0,0,0,12.4684,0.0279,36,2,2
0,-1,-1,12.7939,0.0278,37,2,2
1,1,2,12.2549,0.7999,36,2,2
0,-2,-2,12.2061,0.0013,32,2,1
0,-2,-2,12.7657,0.0244,35,2,1
0,1,-2,12.7939,0.0,35,2,1
0,0,0,11.0021,0.5107,27,2,2
0,-1,-1,12.1548,0.0017,47,2,1
0,0,0,12.1007,0.1356,35,2,1
1,-2,-2,12.3458,0.0014,37,2,1
1,-2,-2,12.5062,0.0,45,2,1
0,0,0,12.3014,0.804,45,2,3
0,-1,-1,11.2898,0.9848,36,2,1
0,0,0,11.4076,0.8785,29,2,1
0,-2,-1,13.1224,0.0116,35,2,1
1,-1,-1,12.2549,0.0009,35,2,2
0,0,0,11.6082,0.8146,27,2,1
0,0,0,11.9184,0.0719,31,2,1
0,-1,-1,11.4076,0.0333,33,2,1
0,0,0,12.1548,0.4423,34,2,2
0,0,0,12.1007,0.8451,43,2,2
0,0,0,12.3884,0.2137,37,2,2
0,-1,-1,12.2061,0.0229,28,2,2
0,1,-2,12.2061,0.0,49,2,3
0,-2,-2,11.9829,0.0,38,2,2
0,1,2,12.3884,0.0293,27,2,1
0,0,0,11.2898,0.9545,25,2,2
1,1,-2,12.1007,0.0,39,2,2
0,1,-2,11.2898,0.0,26,2,2
0,0,0,11.1563,1.0115,26,2,2
0,0,0,11.9829,0.4619,38,2,2
0,0,0,12.2061,0.7432,30,2,1
0,-2,-2,9.9035,0.0894,34,2,1
0,0,0,12.6115,0.5183,35,2,2
0,0,0,11.9184,0.7198,42,2,1
0,1,2,10.309,0.1943,45,2,1
1,-1,-1,12.7939,0.0009,37,2,2
0,0,0,12.5425,0.3489,39,2,1
0,1,2,10.309,1.0112,23,2,3
0,0,0,10.8198,0.9742,24,2,1
0,-1,-1,11.9829,0.0051,28,2,4
0,0,0,11.2898,0.4592,28,2,1
0,0,0,11.5129,0.9293,29,2,1
0,0,0,11.0021,0.9089,47,2,2
0,0,0,12.948,0.4729,27,2,1
0,-2,-2,11.8494,0.0,27,2,2
1,2,2,12.5062,0.0341,32,2,1
1,1,-2,11.9829,0.0,35,2,1
0,-1,-1,12.3458,0.0124,31,2,1
0,0,0,11.5129,0.4318,47,2,1
0,-2,-2,12.4684,0.0,36,2,1
0,0,0,12.2061,0.9594,37,2,1
0,0,0,12.8479,0.7072,44,2,2
0,-1,-1,11.7753,0.3198,33,2,2
0,1,2,11.1563,0.971,33,2,2
0,-1,-1,12.5062,0.0376,33,2,2
1,0,0,10.309,0.9307,49,2,2
0,-1,-1,12.5776,0.0709,37,2,1
0,0,0,10.8198,0.9264,40,2,2
1,1,2,10.309,1.041,40,2,2
0,-1,-1,12.2549,0.0122,38,2,3
0,0,0,12.3014,1.0137,43,2,3
0,0,0,12.7367,0.1812,32,2,2
0,-2,-2,13.1224,0.009,41,2,1
0,1,2,10.309,0.6831,31,2,2
1,2,2,12.1007,0.0738,32,2,2
0,0,0,11.0021,0.8985,24,2,2
0,0,-1,11.5129,0.4153,32,2,1
1,-1,-1,12.5062,0.0288,33,2,2
0,-2,-2,12.2061,0.044,47,2,2
0,0,0,12.3884,0.9763,38,2,2
0,0,0,11.6082,0.973,40,2,2
0,0,0,12.7939,0.4645,32,2,1
0,0,0,10.8198,1.0946,35,2,3
0,0,0,11.0021,0.8436,39,2,2
0,0,0,10.8198,0.1153,38,2,2
0,-1,-1,11.6952,0.0297,28,2,1
0,0,0,11.8494,0.865,48,2,2
0,1,2,11.5129,0.9752,46,2,2
1,2,2,12.5425,1.809,46,2,3
0,0,0,12.1007,0.9822,28,2,1
0,1,-2,12.1007,0.0,28,2,1
0,2,2,11.9184,0.6693,37,2,2
1,2,2,12.1007,0.7239,42,2,1
0,-1,-1,12.1007,0.1076,35,2,1
0,0,0,10.309,0.8578,41,2,2
0,0,0,12.8479,0.1684,48,2,2
0,-1,-1,11.7753,0.0134,36,2,3
0,-1,-1,12.0436,0.0077,28,2,1
1,-1,-1,12.3014,0.0043,43,2,1
0,1,-2,11.9184,0.0,49,2,1
0,1,-1,12.1007,0.0,34,2,5
1,-2,-2,12.1007,0.0,46,2,1
0,1,-2,12.7939,0.0,27,2,1
0,-1,-1,11.9184,0.7187,30,2,1
0,-1,-1,12.0436,0.0106,39,2,5
0,0,0,10.8198,0.2002,44,2,1
0,0,0,12.6115,0.2918,39,2,1
0,-2,-2,13.017,0.0018,40,2,1
0,0,0,12.2549,0.6929,29,2,2
0,2,2,11.2898,0.1913,30,2,2
0,-2,-2,12.3884,0.0,32,2,2
0,0,0,11.6082,0.6183,32,2,2
0,-1,-1,12.8992,0.0676,40,2,3
1,1,-2,11.4076,0.0,49,2,2
0,0,0,12.2549,0.9488,29,2,1
0,0,0,12.4684,0.2667,31,2,1
0,0,0,12.0436,0.5289,27,2,1
0,1,-2,12.2549,0.0,30,2,2
0,1,-2,12.2061,0.0,38,2,1
0,0,0,13.2357,0.0619,45,2,1
0,-1,-1,13.1993,0.0021,34,2,1
0,-1,-1,11.5129,0.005,29,2,2
1,0,0,11.2898,0.972,26,2,2
1,2,2,10.309,0.7928,35,2,2
1,0,0,11.2898,0.9732,28,2,2
1,2,2,10.8198,0.3986,28,2,1
0,0,0,11.6952,0.3636,26,2,1
0,0,0,12.3884,0.1026,32,2,2
0,-2,-2,12.4684,0.0129,33,2,2
0,0,0,12.5425,0.2542,33,2,2
1,0,0,10.309,1.0652,35,2,2
0,1,-2,11.9184,0.0106,38,2,3
1,0,0,12.7657,0.0601,36,2,2
0,-1,-1,11.5129,0.0192,34,2,2
0,-1,-1,12.6761,0.18,46,2,1
1,3,3,12.8479,1.094,41,2,2
0,1,3,10.5966,0.2317,43,2,2
0,0,0,11.5129,0.0572,43,2,3
0,0,0,12.5062,0.3018,30,2,1
1,2,0,10.309,0.8876,44,2,3
0,0,-1,10.8198,0.3974,40,2,2
0,0,0,12.1007,0.2471,30,2,1
0,-2,-2,11.9184,0.0373,31,2,1
0,0,0,12.7939,0.0446,32,2,1
0,-1,-1,12.0436,0.0348,38,2,1
0,0,0,11.8494,0.6204,37,2,2
0,0,0,11.4076,0.2821,41,2,2
0,-1,-1,9.9035,0.0471,46,2,3
0,2,2,11.9829,0.8283,28,2,3
0,0,0,10.309,0.8845,36,2,2
1,1,-2,12.6115,0.0,38,2,2
1,2,0,11.2898,1.0154,24,2,2
1,0,0,12.7939,0.0316,32,2,1
0,0,-1,13.039,0.0137,41,2,1
0,2,2,10.309,0.661,46,2,3
1,-1,-1,11.2898,0.025,37,2,2
0,0,0,11.8494,0.6535,25,2,5
0,2,-1,12.5425,0.0023,43,2,2
0,0,0,12.6115,0.1021,28,2,2
1,2,2,10.309,0.512,29,2,2
0,0,0,13.1224,0.4161,37,2,1
0,0,0,12.1007,1.437,42,2,2
0,0,0,11.9829,0.1094,37,2,3
0,-2,-2,12.2061,0.0,40,2,1
0,0,0,11.7753,0.8495,37,2,2
0,-1,-1,12.3458,0.0103,30,2,3
1,-1,-1,12.3458,0.0141,34,2,1
1,-1,-1,11.0021,0.0053,48,2,3
0,-1,2,11.2898,0.0521,47,2,2
0,-2,-1,12.3884,0.1162,47,2,2
0,0,-1,12.3884,0.1474,30,2,2
0,-2,-2,12.3014,0.0047,33,2,3
1,0,0,10.8198,0.219,44,2,2
0,0,0,10.8198,1.0112,42,2,3
0,-1,-1,10.8198,0.0118,38,2,2
1,-2,-2,11.4076,0.0148,39,2,2
0,0,0,11.2898,0.9976,46,2,2
0,0,0,12.1548,0.4914,43,2,3
0,0,0,12.2549,0.7502,31,2,1
0,0,0,12.8213,0.3709,45,2,2
1,1,2,11.2898,0.674,45,2,2
0,0,0,12.3014,0.1312,32,2,2
0,-1,-1,12.3458,0.0039,44,2,2
0,-1,-1,12.2061,0.0657,39,2,2
0,-1,-1,12.8992,0.0149,31,2,1
0,0,0,11.2898,0.2846,44,2,2
0,0,0,12.7939,0.046,36,2,2
1,0,0,12.6443,0.9939,35,2,1
0,0,0,11.9184,0.5353,29,2,1
0,0,0,11.2898,1.132,30,2,2
1,2,2,10.5966,0.3602,30,2,2
0,0,0,12.6761,0.0076,30,2,1
0,0,0,12.0436,0.9007,38,2,2
0,0,0,11.2898,0.2918,36,2,2
0,2,-1,12.948,0.0193,33,2,1
0,0,0,12.0436,0.9978,45,2,2
0,-1,-1,12.3458,0.0051,40,2,1
0,0,0,12.2061,0.1019,35,2,1
1,2,2,12.9715,0.6579,42,2,2
0,0,0,11.5129,0.1864,32,2,2
0,1,-1,12.2549,0.0724,32,2,1
0,-2,-2,10.8198,0.0,40,2,1
0,0,0,12.5776,0.199,36,2,1
0,-2,-2,12.2061,0.0,32,2,1
0,-2,-2,12.0436,0.0433,37,2,1
0,0,0,10.309,0.3243,38,2,2
1,-2,-2,12.7939,0.0069,48,2,2
0,1,-2,11.6082,0.0,31,2,1
0,0,0,12.1007,0.8432,31,2,1
0,0,0,12.3014,0.4264,34,2,2
0,0,0,12.1548,0.4787,34,2,2
0,0,0,11.9184,0.1146,29,2,4
0,0,0,12.7657,0.1796,38,2,2
0,0,0,12.3884,0.5058,47,2,2
0,-2,-1,12.3458,0.0,30,2,2
0,-2,-2,13.1224,0.0138,29,2,1
0,-1,-1,11.9829,0.2107,30,2,2
0,0,0,12.5776,0.1435,30,2,1
0,0,0,10.8198,0.4492,30,1,2
1,2,2,12.5062,0.6405,30,2,1
0,-2,-2,12.4684,0.0171,30,2,2
0,-2,-1,12.1007,0.0599,31,2,3
0,-2,-2,12.1007,0.0,32,2,2
0,0,0,10.8198,0.8654,33,2,5
1,2,0,10.8198,0.9599,34,2,2
1,-1,0,11.2898,0.3462,37,2,1
0,0,0,12.4292,0.8518,37,2,2
0,0,0,11.2898,1.0166,45,2,2
0,0,-1,11.9829,0.0832,37,2,2
0,0,0,10.309,0.9285,42,2,2
0,0,-1,11.5129,0.016,44,2,2
0,1,-1,11.5129,0.0,46,2,2
0,-1,2,11.7753,0.0152,45,2,2
0,0,0,11.2898,1.0189,35,2,2
0,0,0,12.0436,0.5476,41,2,1
0,-2,-2,12.5425,0.0229,42,2,1
1,2,-1,13.1224,0.0025,44,2,3
0,-1,-1,12.6115,0.004,41,2,2
0,0,-1,12.6443,0.07,42,2,2
0,-1,2,11.6952,0.0693,29,2,1
1,2,0,10.8198,0.9659,49,2,3
0,0,0,12.7367,0.7724,29,2,4
0,2,2,11.4076,0.2228,31,2,1
1,1,2,11.0021,0.2999,32,2,1
0,0,0,12.8479,1.0131,29,2,1
0,-2,-2,12.2061,0.0135,29,2,1
0,0,0,13.039,0.1789,29,2,1
0,-1,2,12.6115,0.0365,30,2,2
0,-2,-2,12.7939,0.0132,30,2,1
0,0,0,11.6952,0.2138,30,2,2
0,1,-1,13.1224,0.0,31,2,2
1,0,0,12.2549,0.9517,33,2,1
1,2,2,12.1007,0.6398,33,2,2
0,0,0,12.2061,0.2378,32,2,2
0,0,0,12.3884,0.05,32,2,2
0,-2,-2,10.8198,0.0189,32,2,2
0,-1,0,12.3884,0.375,32,2,1
1,-1,2,11.9829,0.0148,33,2,3
0,0,0,11.9184,0.0769,33,2,1
0,-1,2,11.5129,0.0564,33,2,1
0,1,2,10.8198,0.9927,33,2,2
0,-1,0,12.1007,0.1761,33,2,1
1,1,2,10.8198,0.465,33,2,2
1,0,0,9.9035,0.9063,44,2,3
0,-1,-1,11.6952,0.0229,39,2,2
0,-1,-1,12.6761,0.0913,44,2,1
0,0,0,12.8213,0.5929,36,2,2
0,0,0,12.2549,0.1265,37,2,2
0,0,0,12.3014,0.8961,40,2,3
0,0,0,12.3014,0.5452,41,2,2
0,2,0,12.2549,2.0025,36,2,3
0,0,0,12.2061,0.0274,34,2,2
0,0,0,12.1007,0.0517,41,2,2
0,1,2,11.0021,1.0175,44,2,2
0,0,0,12.9715,0.0414,37,2,2
0,0,0,9.9035,0.2592,34,2,2
0,0,0,10.8198,0.9732,35,2,2
0,-2,-2,13.1224,0.0059,38,2,1
0,0,0,12.7367,0.9827,37,2,1
1,-1,2,11.2898,0.0098,40,2,3
0,0,0,12.3458,0.2374,41,2,1
0,0,0,12.0436,1.004,37,2,2
0,-1,-1,12.4684,0.0016,40,2,2
0,0,-1,11.6952,0.0709,34,2,2
0,0,0,11.6082,0.9346,39,2,2
0,0,0,12.2061,0.5333,46,2,2
1,0,0,11.2898,0.3188,46,2,3
0,0,0,12.948,0.157,35,2,3
1,0,0,10.8198,0.2076,38,2,1
1,2,2,10.309,1.0402,39,2,2
0,0,-1,12.2549,0.0125,40,2,3
0,0,0,12.3884,0.8932,33,2,1
0,-1,-1,12.3884,0.0364,45,2,1
0,0,0,12.8739,0.4496,37,2,2
0,-2,-2,10.309,0.0166,33,2,2
0,-1,2,10.8198,0.0513,37,2,3
1,0,0,11.1563,0.915,49,2,2
0,0,0,12.1007,0.2027,38,2,2
0,0,0,12.1007,0.5119,49,2,3
0,0,0,13.0605,0.3468,37,2,1
1,2,2,11.6952,0.5308,38,2,2
0,-1,-1,12.8739,0.0211,33,2,2
1,1,2,10.8198,0.9924,48,2,3
0,0,0,10.8198,0.9739,39,2,3
0,0,0,11.8494,0.8067,32,2,1
0,-2,-2,11.9829,0.0,40,2,1
0,0,-1,10.309,0.1287,37,2,3
0,0,0,9.9035,0.275,31,2,2
1,-1,-1,11.5129,0.0667,47,2,2
0,0,0,11.2898,0.0349,47,2,2
1,1,3,10.5966,0.6043,24,2,2
0,0,0,12.1007,0.7278,28,2,1
0,0,0,11.2898,0.1052,34,2,2
0,-1,-1,12.6115,0.0113,41,2,4
1,3,3,12.3014,0.0213,29,2,1
0,0,0,11.2898,0.4413,27,2,1
0,-2,-2,12.5776,-0.0,27,2,1
0,0,0,12.7939,0.0151,28,2,1
0,-1,0,13.1224,0.0529,32,2,2
0,1,2,12.9715,0.0348,34,2,1
0,0,0,12.5425,0.0204,35,2,3
0,0,-1,11.9184,0.3888,28,2,1
0,0,0,12.2061,0.5084,32,2,1
0,0,0,11.6082,0.9634,27,2,3
0,0,0,11.9184,0.1635,30,2,3
0,-1,0,11.6952,0.2716,39,2,1
0,0,-1,13.1224,0.6591,44,2,1
0,0,0,12.5062,0.144,28,2,2
0,0,0,10.8198,0.488,29,2,2
0,2,2,12.6115,0.4399,30,2,3
1,0,0,11.8494,0.6949,30,2,2
0,-1,-1,12.0436,0.0394,32,2,1
0,0,0,12.6761,0.4967,35,2,2
0,-1,0,12.2061,0.7284,39,2,3
0,-2,-2,10.8198,0.0,31,2,2
0,0,0,11.6952,0.3165,32,2,2
0,-1,-1,12.0436,0.0791,38,2,2
0,-2,-1,11.9184,0.0053,40,2,1
0,0,0,12.2061,0.3129,27,2,1
0,0,0,11.6082,0.4461,30,2,1
0,3,2,10.8198,1.0087,35,2,2
0,0,0,10.8198,0.2712,42,2,3
1,2,3,10.8198,1.287,46,2,2
0,0,0,11.6082,0.9246,30,2,2
0,-2,-2,11.9829,0.0432,32,2,1
1,-1,2,9.9035,0.3242,43,2,2
0,0,0,12.2061,0.4686,48,2,2
0,-1,-1,13.039,0.0004,45,2,1
0,2,-1,10.8198,0.0069,43,2,3
0,0,0,11.2898,0.3574,35,2,2
0,-1,-1,12.1007,0.084,40,2,1
0,0,0,12.9945,0.9808,39,2,2
0,-2,-2,12.6115,0.0006,31,2,2
1,-1,-1,12.1007,0.0024,33,2,2
0,-1,2,11.2898,0.045,47,2,2
1,1,2,9.9035,0.5387,41,2,2
0,0,0,12.6443,0.3288,36,2,1
0,1,-2,12.1007,0.0084,41,2,1
1,2,0,9.9035,0.7776,42,2,2
0,0,0,13.0815,0.0613,38,2,1
0,0,0,11.4076,0.8383,33,2,2
0,-1,0,12.6443,0.0874,35,2,1
0,0,0,12.6443,0.4615,35,2,1
0,0,-1,12.2061,0.0351,34,2,2
1,-1,2,11.5129,0.0025,34,2,2
0,0,0,11.5129,0.7928,35,2,3
0,0,0,12.8213,0.545,35,2,2
0,0,0,11.0021,0.9764,46,2,3
0,2,2,10.8198,1.0186,39,2,2
0,0,0,12.5425,0.3289,35,2,1
1,0,0,11.4076,0.0663,46,2,3
0,-2,-2,12.7939,0.0,45,2,3
0,0,0,11.5129,1.3955,47,2,3
1,2,2,10.309,0.7123,37,2,3
0,-2,-2,12.3458,0.0,40,2,5
0,-1,-1,12.1007,0.0006,44,2,2
0,0,0,11.9184,0.0649,48,2,3
0,0,0,12.3884,0.3613,37,2,1
0,0,0,11.6082,0.047,42,2,2
0,-1,-1,12.1007,0.0054,36,2,1
0,0,0,10.8198,0.8367,42,2,2
0,-2,-2,12.0436,0.0,44,2,3
0,0,0,11.6952,0.9353,42,2,1
0,-2,-2,12.8992,0.0275,45,2,2
0,-1,-1,12.3884,0.0016,40,2,2
1,1,2,10.8198,0.9414,37,2,2
0,1,-1,12.5776,0.0,35,2,2
1,0,0,11.9184,0.8986,36,2,2
0,-2,-2,12.0436,-0.0209,40,2,1
0,-2,-2,12.3458,0.0216,46,2,1
0,-2,-2,12.1007,0.0,38,2,1
0,1,-1,12.4684,0.0,41,2,1
0,0,0,11.4076,0.681,41,2,2
0,0,0,13.1616,0.1106,35,2,1
1,0,0,10.8198,0.9698,40,2,3
0,1,-2,12.6761,0.0,45,2,1
0,0,0,11.0021,0.4423,42,2,3
0,-1,-1,12.1007,0.0143,39,2,2
0,-1,0,12.5776,0.5875,43,2,2
0,-2,-2,12.6115,0.0,40,2,2
0,-1,-1,12.3014,0.0143,47,2,1
1,0,0,11.1563,0.2232,32,2,2
0,-2,-2,11.9184,0.0,40,2,3
0,-1,-1,11.2898,0.0433,40,2,2
1,-1,2,9.2103,0.1838,41,2,3
0,0,0,12.5425,0.123,46,2,2
0,-1,-1,13.017,0.0032,43,2,2
0,-2,-2,12.3458,0.0075,34,2,2
1,-2,-2,12.6761,0.0,35,2,1
0,0,0,12.2061,0.1295,42,2,2
0,0,0,11.0021,0.6445,37,2,2
0,0,0,10.8198,0.5946,31,2,3
0,1,2,10.309,0.4337,47,2,3
0,-1,-1,12.4684,0.0198,36,2,1
0,-2,-2,12.2549,0.0336,42,2,2
0,-1,0,12.5776,0.111,41,2,2
0,0,0,9.9035,0.3334,41,2,3
1,3,2,11.5129,0.9447,45,2,3
0,0,0,12.3458,0.1474,40,2,2
0,0,0,12.6115,0.0943,36,2,1
1,2,0,9.9035,0.9973,33,2,2
1,0,0,10.309,0.7323,42,2,3
0,1,-1,12.0436,0.0,43,2,2
1,-1,2,12.2061,0.0145,46,2,2
0,0,0,10.8198,0.9558,46,2,3
0,0,0,9.9035,1.022,41,2,2
0,0,0,11.0021,0.9879,32,2,2
1,3,3,9.9035,0.5072,46,2,2
0,-2,-2,12.3014,0.0151,35,2,2
0,0,0,9.9035,0.748,43,2,3
0,0,-1,11.1563,0.1327,33,2,2
0,0,0,12.8479,0.3207,43,2,1
0,0,0,10.309,1.2319,48,2,3
0,1,-1,12.2061,-0.0163,35,2,2
1,1,2,11.2898,1.0201,36,2,2
0,0,0,11.9184,0.1766,38,2,2
0,0,0,12.2549,0.531,40,2,2
0,2,0,11.1563,0.6585,43,2,3
0,0,0,12.5425,0.3306,38,2,2
0,-1,-1,11.8494,0.0023,35,2,2
0,-2,-2,12.2061,0.0,44,2,4
0,0,0,12.0436,0.6902,40,2,2
0,1,2,10.8198,0.3842,49,2,2
0,0,0,11.4076,0.054,32,2,2
0,0,0,11.7753,0.4885,33,2,1
0,2,2,12.4292,0.682,40,2,1
1,2,2,11.6952,0.9215,35,2,1
0,1,2,13.1022,0.0387,37,2,1
1,1,-1,12.2061,0.0,43,2,1
0,0,0,12.2061,0.9641,42,2,2
0,2,-1,11.5129,0.0074,30,2,2
0,-1,-1,12.5425,0.0525,31,2,1
0,0,0,12.5776,0.0753,34,2,1
0,0,0,11.9829,0.9451,45,2,5
0,0,0,12.3458,0.3093,45,2,2
0,0,0,11.7753,0.4132,49,2,2
1,1,-2,12.948,0.0,42,2,1
0,0,0,9.9035,0.7859,46,2,2
1,1,2,11.1563,1.0527,38,2,2
0,-2,-2,12.3458,-0.0004,47,2,1
0,0,0,12.7367,0.7367,38,2,1
0,0,0,12.948,0.0462,34,2,1
0,0,0,11.8494,0.1632,34,2,1
0,0,0,10.309,0.9072,26,2,3
1,1,2,10.8198,1.0235,27,2,2
0,0,0,12.9715,0.9333,27,2,2
1,0,-1,12.4684,0.0095,41,2,3
0,-2,-2,12.1007,-0.0001,34,2,1
0,1,2,11.5129,0.1256,33,2,2
0,0,0,11.9829,0.6641,39,2,2
0,-2,-2,12.4684,0.0,38,2,1
0,0,0,12.2061,0.1194,33,2,2
0,-2,-2,13.017,0.0033,34,2,1
0,0,-1,12.8739,0.003,34,2,2
0,-1,0,12.8739,0.1105,35,2,1
1,0,0,10.5966,0.9385,38,2,2
0,0,0,13.1224,0.3967,46,2,2
0,-1,-1,12.1007,0.0298,39,2,2
0,1,-1,11.5129,-0.0,39,2,3
0,0,0,10.8198,0.7521,42,2,2
0,0,0,10.5966,1.0031,38,2,2
0,-1,-1,12.7657,0.0153,46,2,1
0,-1,-1,12.7939,0.0044,37,2,1
1,0,0,12.2061,0.0487,36,2,2
0,-2,-2,12.3458,0.0112,38,2,1
0,-2,-2,12.2061,0.0144,39,2,2
0,-2,-2,12.3458,0.0344,42,2,2
0,1,-1,13.1224,0.0582,31,2,1
0,0,0,12.3458,0.8639,32,2,2
0,0,0,12.7367,0.9792,34,2,1
1,0,0,9.9035,0.6982,47,2,1
0,0,0,9.9035,0.7101,48,2,3
0,0,0,12.6443,0.2701,35,2,3
0,-1,-1,11.9829,0.0128,36,2,2
0,-2,-2,12.3458,0.1503,41,2,3
0,-1,-1,12.2061,0.0364,40,2,1
0,0,0,11.6952,0.9562,42,2,2
0,0,0,12.7657,0.9602,37,2,2
1,1,2,12.0436,0.0588,32,2,2
0,0,0,12.3884,0.0754,35,2,3
0,1,-2,11.5129,0.0,49,2,2
1,2,2,11.7753,0.5635,33,2,1
1,2,0,12.9239,0.8501,41,2,2
0,-1,-1,12.2061,0.002,42,2,3
0,0,0,11.0021,1.0,45,2,2
0,-2,-2,12.8992,0.0,44,2,2
0,-2,-2,12.8479,0.0338,40,2,1
0,-2,-2,12.2549,0.017,43,2,2
0,-1,-1,13.1224,0.0006,45,2,1
1,2,2,11.5129,0.9153,42,2,2
0,-1,0,11.2898,0.0499,44,2,2
1,-1,-1,11.2898,0.0134,31,2,2
0,0,0,12.2061,0.3883,33,2,1
0,0,0,12.4684,0.2691,31,2,2
0,0,0,12.6443,0.997,31,2,2
1,0,0,10.309,0.9827,32,2,2
0,0,0,10.8198,0.8151,33,2,3
0,0,0,12.6443,0.1419,46,2,2
0,0,0,13.1224,0.4259,40,2,3
0,-2,-2,10.309,0.1113,49,2,1
0,-1,-1,11.9829,0.0228,45,2,2
0,0,-1,12.7657,0.3156,44,2,2
1,-1,-1,12.7657,0.0115,44,2,1
0,0,0,10.8198,0.895,40,2,0
0,0,0,10.309,0.3242,44,2,2
1,0,0,11.6082,0.8957,31,2,2
0,0,0,10.8198,0.4543,31,2,2
0,0,0,12.6761,0.012,34,2,2
1,-1,2,11.2898,0.0081,34,2,1
1,0,0,10.5966,1.0071,42,2,3
0,1,-1,12.7068,0.0,39,2,2
0,-2,-2,11.9829,0.0011,36,2,3
0,-1,-1,12.2549,0.0561,49,2,2
0,0,0,10.8198,0.5255,36,2,2
1,0,0,10.8198,0.9294,49,2,3
0,0,0,11.6952,0.5933,36,2,1
0,-2,-2,11.9184,0.0059,45,2,1
0,-1,-1,11.5129,0.0096,31,2,2
0,2,2,10.8198,1.0108,31,2,2
0,0,0,12.3884,0.7335,36,2,1
1,1,-2,12.3458,0.0,39,2,1
0,0,0,12.5776,0.1253,45,2,2
0,-1,-1,12.3458,0.0319,42,2,1
0,1,-2,12.7939,-0.0011,39,2,1
0,0,0,12.6761,0.4044,38,2,2
0,0,0,12.7939,0.0334,45,2,2
0,0,0,11.4076,0.9486,38,2,1
0,-1,-1,13.1224,0.0094,34,2,1
0,0,0,12.2549,0.4371,36,2,2
0,0,0,11.4076,0.5045,39,2,2
0,2,0,11.2898,0.3878,44,2,3
0,0,-1,12.8739,0.0716,39,2,2
0,1,-2,12.0436,-0.0011,33,2,2
0,0,0,12.6115,0.2847,37,2,3
0,-2,-2,10.309,0.0512,38,2,3
0,-2,-2,12.4684,0.0,39,2,2
0,-2,-2,13.1224,0.0043,44,2,1
0,0,0,12.3884,0.9954,35,2,2
0,1,-2,11.5129,0.0,35,2,2
0,0,0,12.1007,0.0914,45,2,1
0,0,0,10.8198,0.0697,45,2,2
0,0,0,12.2061,0.1378,35,2,2
0,0,0,9.9035,0.8618,45,2,3
1,1,2,9.9035,0.2213,46,2,2
0,0,0,11.0021,0.336,35,2,2
0,0,0,12.4684,0.0647,42,2,1
0,0,0,12.1007,0.0574,41,2,3
0,-1,-1,12.2549,0.0235,44,2,1
0,0,0,12.5062,0.2739,36,2,2
0,-2,-2,12.8213,0.0075,36,2,1
0,-1,-1,12.2061,0.0023,35,2,1
0,-2,-2,12.5062,0.0229,31,2,1
0,-1,-1,12.7657,0.0341,32,2,1
0,2,-1,12.3458,0.0023,37,2,2
0,0,0,11.7753,0.0686,41,2,2
0,0,0,12.4684,1.0142,31,2,1
0,-2,-2,12.8992,0.009,32,2,1
0,-2,-1,12.1007,0.0,36,2,2
0,0,0,12.3014,0.6303,41,2,1
0,1,-2,12.2549,-0.0046,32,2,1
0,1,-2,12.3884,0.0,32,2,2
0,-2,-2,12.3884,0.0,35,2,2
0,0,0,11.9184,0.4016,45,2,2
0,0,0,12.6115,0.411,31,2,1
0,0,0,12.1007,0.4508,43,2,2
1,3,2,12.6115,0.0167,47,2,1
0,-2,-2,11.1563,0.0219,34,2,2
1,0,0,11.0021,1.0892,43,2,3
0,-2,-2,12.4684,0.0073,33,2,1
0,-2,-2,12.8992,0.0055,37,2,2
0,1,-1,13.1022,0.001,48,2,1
1,2,0,10.8198,0.6844,42,2,1
0,0,0,11.7753,0.4521,32,2,1
0,-1,2,11.9184,0.0214,32,2,2
0,1,2,11.1563,0.7414,33,2,2
0,-1,-1,12.3884,0.0026,34,2,2
0,-1,-1,12.4292,0.0044,49,2,1
0,0,0,12.9945,0.7918,41,2,2
0,0,0,11.7753,1.0274,40,2,2
1,0,0,11.0021,0.991,37,2,2
0,-1,-1,12.5776,0.007,41,2,2
0,0,0,11.9184,0.0298,41,2,2
0,-1,2,12.3884,0.0074,37,2,2
1,-1,-1,12.3014,0.0182,43,2,1
0,3,2,11.5129,0.0216,38,2,1
0,-2,-2,12.2061,0.0278,39,2,1
0,-1,0,12.8992,0.0267,37,2,1
0,-2,-2,13.1224,0.0073,47,2,1
1,-1,-1,12.3458,0.0276,45,2,1
0,0,0,10.8198,0.9695,43,2,2
0,-1,-1,12.1007,0.0032,46,2,2
0,0,0,12.2061,0.4535,31,2,1
0,-2,-2,12.3458,0.0086,37,2,1
1,0,0,12.2549,0.9582,34,2,2
0,2,0,12.0436,1.002,33,2,3
0,-1,-1,12.2061,0.0131,41,2,1
0,-1,2,12.7657,0.0112,42,2,1
0,-2,-2,12.7939,0.0099,41,2,3
0,-1,-1,11.9829,0.0189,35,2,1
0,-2,-2,12.3458,0.0,36,2,1
0,0,0,11.6082,0.3838,44,2,2
0,0,0,13.1616,0.8413,42,2,2
0,0,0,12.5425,0.6859,30,2,1
0,-1,-1,12.3884,0.0141,30,2,1
0,1,-1,9.9035,-0.0182,31,2,3
0,0,0,12.2549,0.8795,30,2,2
0,0,0,12.4292,0.5792,30,2,1
0,-1,-1,11.4076,0.0164,44,2,3
1,-1,0,11.1563,0.0347,30,2,2
1,0,0,11.4076,0.4369,36,2,1
0,-1,-1,12.1007,0.003,39,2,1
1,1,-2,12.2549,0.0,43,2,1
0,0,0,12.4292,0.7897,30,2,2
0,-1,-1,12.2061,0.0858,30,2,0
0,2,2,12.3884,1.0312,36,2,2
0,1,-2,13.1224,0.0,32,2,3
0,1,2,9.9035,0.9466,32,2,2
0,-2,-2,11.9829,-0.0001,44,2,3
0,-2,-2,12.4292,0.0153,32,2,1
0,-2,-2,12.7939,0.0048,44,2,2
0,0,-1,12.6115,0.0265,44,2,2
0,0,0,13.1224,0.9883,45,2,2
0,-1,0,12.948,0.2426,40,2,2
0,0,-1,10.309,0.0705,36,2,2
0,0,0,12.4684,0.3284,48,2,2
0,0,-1,12.7939,0.0559,45,2,2
0,-1,-1,12.3014,0.084,32,2,2
0,0,0,9.9035,0.9896,35,2,3
1,-2,-2,12.3458,-0.0001,37,2,1
0,-1,2,11.5129,0.0243,41,2,2
0,-2,-2,12.1007,0.0,44,2,1
0,0,0,12.6115,0.0432,45,2,2
0,-1,-1,11.9829,0.006,46,2,3
0,0,0,9.2103,0.611,43,2,2
0,-2,-2,12.6115,0.0099,39,2,1
0,0,0,11.2898,1.3124,37,2,1
1,0,0,12.9945,0.8826,39,2,1
0,0,0,11.2898,0.1569,33,2,2
0,-2,-2,12.3458,0.0,45,2,1
0,-1,-1,12.7367,0.0015,47,2,2
0,0,0,10.8198,1.002,48,2,2
0,-1,-1,11.2898,0.0254,37,2,1
0,-2,-2,11.9184,0.2609,47,2,1
1,-1,-1,11.9829,0.0186,43,2,1
0,0,0,12.8739,0.5018,40,2,4
0,-2,-2,13.1224,0.0336,37,2,1
0,-1,0,11.5129,0.2922,32,2,2
0,-1,0,12.6443,0.099,41,2,1
0,0,0,10.309,0.9776,43,2,1
0,0,0,9.9035,0.361,45,2,2
0,0,0,13.1224,0.1744,45,2,1
0,-2,-2,11.9184,0.0047,37,2,1
1,1,2,12.7939,0.0132,38,2,1
0,0,0,12.2061,0.3412,31,2,1
0,0,0,12.5062,0.0618,36,2,1
0,0,0,12.3458,0.0781,32,2,2
0,-1,-1,11.9184,0.0081,40,2,1
0,0,0,12.3884,0.5407,41,2,1
0,0,0,12.4292,0.1643,49,2,2
1,-1,-1,12.3884,0.0153,35,2,1
0,-1,-1,12.7367,0.0052,34,2,1
0,-2,-2,11.9829,0.3251,35,2,1
0,0,0,12.1007,0.2489,33,2,2
0,-2,-1,12.3884,0.0036,41,2,2
0,0,0,11.6952,1.0119,43,2,2
0,0,0,11.9184,0.14,40,2,5
0,1,-2,12.2549,0.0,31,2,1
0,0,0,13.1224,0.6971,31,2,2
0,0,0,11.2898,0.9996,49,2,3
0,-2,-2,10.309,0.0,45,2,3
0,0,0,11.0021,0.9396,33,2,2
0,-2,-2,12.8213,0.0543,35,2,2
0,-1,-1,10.309,0.013,33,2,2
1,0,0,11.9184,0.041,30,2,1
0,0,0,11.5129,0.6162,42,2,1
0,0,0,11.2898,0.6098,39,2,2
0,-1,-1,12.2061,0.0424,32,2,1
1,2,3,11.2898,0.6377,33,2,2
0,0,0,11.8494,1.1147,42,2,2
0,0,0,12.5776,0.8909,40,2,2
0,-1,-1,12.7657,0.0814,36,2,1
0,-2,-2,12.6443,0.039,39,2,1
1,0,0,11.2898,0.2272,42,2,2
1,0,0,10.309,0.8563,37,2,3
0,-2,-2,12.3458,0.0,47,2,2
0,-2,-2,11.9184,0.0,37,2,1
0,0,0,11.6082,0.5464,29,2,2
0,0,0,12.0436,0.2947,29,2,2
0,1,-1,12.2061,0.0,30,2,1
0,0,0,12.4684,0.5676,30,2,2
0,0,0,10.8198,0.7859,47,2,2
0,0,0,10.8198,0.994,42,2,2
0,-2,-2,12.948,0.0467,46,2,1
1,-2,-2,12.3014,0.0029,36,2,1
0,-2,-2,12.3458,0.004,36,2,1
0,0,0,12.5425,0.9949,49,2,2
1,0,0,9.9035,1.2551,45,2,2
0,0,0,12.2061,0.1761,44,2,1
0,-1,-1,12.5425,0.0318,37,2,1
1,0,0,12.0436,0.7686,45,2,2
0,0,0,10.8198,0.9925,42,2,2
0,0,0,12.3884,0.4296,33,2,1
0,0,0,12.2061,0.2294,45,2,3
1,0,0,11.5129,1.1746,42,2,2
0,0,0,12.3458,0.8049,30,2,1
0,0,0,12.3884,0.8325,32,2,2
0,0,0,12.3884,0.551,32,2,2
0,0,0,11.2898,0.2832,36,2,2
0,0,-1,11.2898,0.2634,30,2,2
0,-1,-1,10.8198,0.0579,48,2,3
1,0,0,12.1007,0.8352,38,2,2
0,-2,-2,11.9184,0.0323,31,2,1
1,2,2,11.8494,1.0094,42,2,1
0,2,0,11.2898,0.8576,43,2,2
0,-2,-2,12.6115,0.0199,43,2,2
0,0,0,12.7657,0.0549,34,2,2
1,0,0,11.6082,0.4054,46,2,3
0,0,0,11.7753,0.2565,37,2,2
0,0,0,11.7753,0.9757,45,2,2
0,0,0,12.0436,0.5866,48,2,2
0,0,0,12.6443,0.3624,43,2,1
0,-2,-2,13.1224,0.1023,36,2,3
0,-1,-1,12.3458,0.0082,35,2,1
1,1,2,10.8198,0.1783,35,2,2
0,-1,0,12.8739,0.0907,44,2,3
0,0,0,12.2061,0.0293,43,2,3
0,-1,0,12.8479,0.066,34,2,1
0,0,0,11.8494,0.9317,41,2,2
0,0,0,12.948,0.275,49,2,2
1,3,3,10.8198,0.4845,42,2,2
0,-1,-1,11.5129,0.0378,46,2,3
1,2,2,10.8198,1.0163,36,2,2
0,0,0,11.8494,0.4148,37,2,2
0,0,0,10.8198,0.9704,40,2,1
1,1,-2,9.9035,0.0,48,2,2
0,0,0,12.4684,0.9383,45,2,2
1,-2,-2,12.3884,-0.0006,37,2,2
0,0,0,9.9035,0.6082,49,2,3
0,0,0,12.2061,0.0935,38,2,2
0,0,0,11.9184,0.5807,40,2,2
0,-1,-1,12.5425,0.011,35,2,1
0,-2,-2,12.5425,0.01,34,2,1
1,1,-2,11.6952,0.0,34,2,1
0,-1,-1,11.9829,0.0123,47,2,2
0,0,0,11.2898,0.7945,37,2,2
0,0,0,13.1224,0.0842,43,2,2
1,5,4,10.8198,0.4047,42,2,2
1,-1,-1,11.6952,0.0232,36,2,1
0,-2,-2,11.9184,0.0381,34,2,1
0,0,0,11.9184,1.002,34,2,2
0,-2,-2,12.2061,0.0075,31,2,2
0,-2,-2,11.9829,0.0,31,2,1
0,0,0,12.2061,0.4203,33,2,2
1,1,-1,12.5425,0.0,43,2,2
1,0,0,11.6952,0.1724,39,2,2
0,-1,-1,12.7939,0.0278,42,2,1
0,1,-1,11.9184,0.0,49,2,2
0,0,0,12.8739,0.1095,39,2,1
0,-1,0,12.2061,0.0364,34,2,2
0,1,2,12.2061,1.1318,37,2,2
0,0,0,11.0021,1.0131,43,2,2
0,-2,-2,12.6115,0.0,30,2,1
0,0,0,12.948,0.504,32,2,2
0,1,-2,12.0436,0.0,33,2,1
0,0,0,12.0436,0.3339,28,2,1
0,-1,-1,11.9829,0.097,28,2,1
0,-1,-1,12.2549,0.0127,28,2,1
0,-2,-2,12.2061,0.0131,29,2,5
0,0,0,12.2061,0.7702,30,2,2
0,0,0,11.0021,0.9861,32,2,1
0,-1,-1,13.1224,0.0005,33,2,1
0,-1,2,11.9184,0.0226,33,2,1
0,-2,-1,12.6443,-0.0068,42,2,2
0,0,0,12.7657,0.1012,31,2,1
1,-1,-1,11.8494,0.0566,35,2,1
0,-1,-1,12.6761,0.0301,30,2,1
0,0,0,12.7068,0.0367,32,2,1
0,0,0,12.2061,0.0544,36,2,2
0,-2,-2,12.9715,0.0062,41,2,5
0,0,0,12.0436,1.0231,30,2,3
0,-2,-2,12.6115,0.0519,30,2,1
0,-1,0,13.017,0.4825,39,2,2
0,-1,-1,12.4292,0.0938,44,2,2
0,0,0,12.6115,0.0383,29,2,1
0,0,0,12.3458,0.6512,30,2,2
0,-2,-2,12.3458,0.0391,35,2,1
0,-2,-2,11.5129,0.1439,37,2,2
0,0,0,9.9035,0.9302,52,2,3
0,0,0,10.8198,0.9155,54,2,1
1,2,0,11.1563,0.8864,50,2,1
1,0,0,12.0436,1.0008,52,2,2
0,0,0,11.6082,0.9585,53,2,3
0,0,0,10.309,0.5964,50,2,3
1,2,0,11.0021,1.0033,50,2,2
0,0,0,11.1563,0.9584,59,2,2
1,-1,-1,9.9035,0.257,50,2,3
0,0,0,10.309,0.5042,51,2,3
1,2,2,10.309,0.2344,52,2,2
0,-1,-1,13.1022,0.0008,54,2,3
0,-1,-1,12.5425,0.0068,53,2,2
0,1,-2,11.9184,0.0,51,2,1
0,1,-2,12.3884,0.0,52,2,2
0,0,0,12.3458,0.0407,53,2,2
1,1,2,11.5129,0.1369,52,2,1
0,0,0,11.0021,0.9542,51,2,2
0,0,0,10.8198,0.7661,51,2,3
0,1,2,11.1563,0.5504,52,2,2
0,3,2,10.8198,0.9907,52,2,3
0,0,0,11.6082,0.3482,52,2,2
0,2,0,12.2061,2.2765,51,2,6
0,0,0,12.3014,0.2003,51,2,3
0,0,0,10.309,0.8549,50,2,3
1,0,0,9.9035,0.6889,50,2,2
0,1,2,9.9035,0.7355,51,2,2
0,0,0,9.9035,0.9384,51,2,3
1,-2,-1,12.5425,0.0014,51,2,1
0,0,0,11.5129,0.4011,54,2,3
0,0,0,12.6115,0.4308,56,2,2
0,-1,2,12.2061,0.0142,54,2,3
0,2,0,10.8198,0.9794,52,2,3
0,0,0,9.9035,0.9326,52,2,2
0,2,2,10.309,0.8151,61,2,3
0,0,0,12.9715,0.6245,50,2,2
0,-2,-2,11.4076,0.0376,55,2,2
0,-1,-1,12.5425,0.0312,50,2,2
0,-1,0,9.9035,0.984,50,2,3
0,0,0,11.9184,0.9316,52,2,3
0,-2,-2,12.6115,0.0748,50,2,1
0,2,0,11.2898,0.9978,52,2,5
0,-1,-1,12.5425,0.0097,50,2,1
0,0,0,11.6952,1.0085,50,2,3
1,2,0,12.2549,0.2038,51,2,3
0,-2,-2,10.5966,0.0,52,2,2
0,0,0,11.5129,0.3956,52,2,2
1,-2,-2,11.4076,0.0,54,2,3
1,-1,-1,11.2898,0.0049,49,2,2
0,0,-1,12.0436,0.0575,51,2,2
1,3,2,12.7657,0.0069,52,2,1
0,2,0,11.2898,0.9552,55,2,3
0,0,0,10.309,0.8291,58,2,3
1,-1,-1,13.1224,0.0125,54,2,1
0,-2,-2,12.1007,0.0,53,2,2
0,0,0,11.2898,0.42,57,2,3
0,0,-1,11.9184,0.0881,51,2,2
0,0,0,13.3047,0.1588,51,2,3
0,0,0,10.8198,0.484,51,2,2
0,0,0,9.9035,0.2706,51,2,2
0,-2,-2,11.9184,0.0,72,2,3
0,0,0,11.5129,0.479,50,2,3
1,2,2,9.9035,0.4144,58,2,3
0,0,0,11.2898,0.8459,55,2,3
0,1,2,10.8198,0.3874,52,2,3
0,0,0,11.9184,0.5694,52,2,2
0,0,0,11.4076,0.5457,52,2,3
0,0,0,11.2898,0.3839,50,2,1
1,2,2,12.1548,0.4744,48,2,2
0,-1,-1,12.6761,0.0062,50,2,1
0,-1,-1,13.1224,0.0201,50,2,2
1,0,0,10.8198,1.0198,57,2,3
0,0,0,11.0021,0.9653,62,2,1
0,0,0,11.5129,0.9803,53,2,3
1,-2,-2,11.9184,-0.0,54,2,1
0,0,-1,12.5425,0.0192,50,2,4
0,0,0,11.5129,0.4903,50,2,3
1,2,2,10.309,0.7331,50,2,2
1,2,2,10.8198,0.7697,50,2,1
0,0,0,11.0021,0.5548,50,2,2
0,1,2,10.5966,0.6962,55,2,3
0,-2,-2,11.9829,0.0,51,2,3
0,-2,-2,11.9184,0.0565,50,2,2
1,-2,-2,12.2061,0.0,50,2,2
0,0,0,11.0021,1.0058,51,2,3
0,-1,-1,12.2549,0.0166,51,2,1
0,2,0,10.8198,0.1276,52,2,1
0,-2,-2,12.7939,0.0185,52,2,1
0,0,0,11.2898,0.9636,52,2,3
1,-2,-2,12.7939,-0.0,52,2,1
0,-1,-1,11.8494,0.0061,52,2,2
1,1,2,12.4684,0.0384,52,2,3
0,0,0,12.1007,0.4252,52,2,2
0,-2,-2,12.6115,0.0,55,2,1
0,0,0,12.2061,0.4445,53,2,3
0,0,0,12.8739,0.0779,53,2,1
0,-1,-1,11.7753,0.003,59,2,3
0,0,0,11.7753,0.2324,56,2,3
0,-2,-2,12.3884,0.0037,53,2,2
0,0,0,11.2898,0.152,54,2,3
0,-2,-2,12.7657,0.0241,56,2,1
0,0,0,11.6082,0.5994,62,2,2
1,0,0,10.309,0.3411,56,2,2
0,1,2,11.7753,0.8643,53,2,2
0,0,0,11.2898,0.9408,54,2,3
0,1,2,11.0021,1.0213,55,2,2
0,0,0,12.1007,0.9036,70,2,3
0,0,0,10.8198,0.8465,54,2,3
0,0,0,11.1563,0.1435,57,2,3
1,-1,-1,12.5062,0.0031,60,2,1
1,-1,2,11.6082,0.0448,55,2,3
0,-1,-1,11.9184,0.0773,53,2,2
0,0,0,11.9184,0.1938,53,2,3
0,-1,-1,12.0436,0.0023,56,2,3
1,2,0,11.1563,0.691,62,2,2
0,-2,-2,12.7939,-0.0,57,2,1
0,0,0,12.2061,0.4611,59,2,1
0,0,0,12.2061,0.2294,69,2,2
1,1,-2,11.8494,0.0,61,2,3
0,-2,-1,12.7939,0.0,58,2,2
0,0,0,12.1007,0.4872,54,2,5
0,0,0,11.2898,0.9977,55,2,2
0,-1,-1,12.8739,0.0016,53,2,1
0,0,0,12.9945,0.6709,53,2,1
0,-1,-1,10.8198,0.022,55,2,2
0,-2,-2,11.2898,0.0072,60,2,2
0,-1,-1,12.3458,0.0008,54,2,2
0,0,0,11.4076,0.6752,53,2,3
0,0,0,11.2898,0.2077,54,2,3
0,0,0,12.7657,0.0878,64,2,3
0,0,0,12.9945,0.3045,64,2,5
1,3,2,11.4076,0.9581,54,2,3
1,0,0,10.5966,0.7512,56,2,2
1,3,2,10.8198,1.0532,61,2,2
0,1,3,10.8198,0.793,58,2,3
1,-2,-2,11.5129,0.0039,55,2,3
0,0,0,12.2061,0.967,56,2,3
0,-1,0,12.1007,0.2935,55,2,3
1,1,-2,12.1007,0.0,62,2,2
0,-1,-1,9.9035,0.8948,58,2,2
0,0,0,11.6952,0.4116,63,2,3
0,2,0,11.2898,1.0735,65,2,3
0,0,0,11.0021,0.7892,66,2,3
0,0,0,11.8494,0.7717,55,2,2
0,-2,-2,12.3014,0.0071,39,1,2
0,2,2,11.2898,0.9875,25,1,1
0,0,0,12.7939,0.1869,29,1,2
0,0,0,11.0021,0.9398,26,1,3
0,-1,-1,10.8198,0.0306,29,1,1
0,0,0,9.9035,0.8514,28,1,2
0,1,-1,10.8198,0.0,22,1,2
0,-1,-1,12.7939,0.0011,29,1,1
0,0,0,10.8198,0.8834,34,1,2
1,-1,-1,11.7753,0.0038,27,1,3
1,1,2,9.9035,0.8668,22,1,2
1,3,2,9.9035,0.8066,22,1,2
0,0,0,12.6115,0.3043,35,1,1
1,-1,-1,12.4292,0.024,36,1,1
1,0,0,11.5129,0.9952,37,1,1
1,2,0,11.2898,1.0246,37,1,1
1,1,2,9.9035,0.4711,22,1,2
0,0,0,10.8198,0.6875,23,1,1
1,2,0,10.8198,0.986,23,1,2
1,1,2,9.9035,0.5556,23,1,2
1,0,0,10.8198,0.1831,23,1,2
0,0,0,12.1007,0.9874,23,1,1
1,0,0,10.8198,0.2261,23,1,1
1,0,0,9.9035,0.4019,23,1,3
0,1,2,9.9035,0.7736,22,1,2
1,1,2,9.2103,0.7019,22,1,2
0,0,0,9.2103,0.7327,21,1,2
0,0,0,9.9035,0.9807,22,1,5
0,0,0,11.9184,0.9275,24,1,2
1,2,0,9.2103,0.8999,21,1,2
0,0,0,9.9035,0.1643,23,1,1
0,2,3,9.9035,1.0517,24,1,2
1,0,0,10.8198,0.8617,23,1,3
1,1,2,9.2103,0.557,24,1,2
0,0,0,10.8198,0.9855,23,1,2
0,0,0,9.9035,0.7966,23,1,2
1,3,2,11.4076,1.0239,23,1,3
0,1,2,10.309,1.013,23,1,3
0,0,0,11.6082,0.8153,25,1,1
1,-1,2,9.2103,0.078,23,1,1
1,2,2,9.9035,0.8386,23,1,2
0,1,2,9.2103,0.5378,24,1,2
0,-2,-2,11.2898,0.0038,25,1,2
0,0,0,9.9035,0.3407,24,1,2
0,0,0,12.3884,0.2623,25,1,2
0,0,0,12.0436,1.0097,40,1,4
0,0,0,11.2898,0.9818,23,1,2
0,2,2,9.9035,1.0216,22,1,2
0,0,0,9.9035,0.4746,22,1,2
0,-1,-1,13.0815,0.0059,37,1,1
1,3,3,9.9035,0.593,23,1,2
0,0,0,9.9035,0.8962,24,1,2
0,0,0,11.5129,0.3599,22,1,2
0,0,0,10.8198,0.9757,23,1,2
0,2,2,11.2898,0.0179,24,1,2
0,-1,-1,12.2061,0.0458,24,1,1
0,0,0,11.9184,1.0661,32,1,4
0,-1,-1,10.309,0.013,34,1,2
0,0,0,11.8494,0.1227,25,1,2
0,0,0,9.2103,0.7427,21,1,2
1,2,0,9.9035,0.5589,24,1,3
0,0,0,10.8198,0.2514,26,1,1
0,0,0,11.7753,0.7791,25,1,2
0,0,0,10.8198,0.1381,26,1,1
0,-1,-1,11.9829,0.0339,26,1,1
0,0,0,10.309,0.972,26,1,2
0,0,0,11.2898,0.7604,27,1,2
0,0,0,9.9035,0.4624,25,1,3
0,0,0,9.9035,0.7785,24,1,3
0,1,-1,9.2103,-0.0372,24,1,3
0,0,0,11.6082,0.0926,26,1,3
0,-1,0,10.8198,0.9559,24,1,1
0,-1,0,10.5966,0.0244,25,1,1
0,-2,-2,11.6952,0.0026,26,1,2
0,0,0,10.8198,0.9892,26,1,2
0,0,0,12.5062,0.6533,27,1,1
1,2,2,12.2061,0.89,27,1,1
0,1,2,9.9035,0.3866,24,1,2
0,0,0,10.309,0.9293,24,1,2
1,3,2,9.9035,0.0075,26,1,3
1,0,0,9.9035,0.2606,24,1,2
1,2,2,9.2103,0.8837,24,1,1
0,2,0,10.8198,0.9424,24,1,2
0,0,0,11.0021,0.7608,25,1,2
0,0,0,12.2061,0.0717,26,1,1
0,0,0,11.6082,0.3343,26,1,2
0,0,0,12.2549,0.9379,27,1,4
0,-1,-1,9.9035,0.0832,27,1,2
0,0,0,12.6115,0.0388,27,1,2
1,3,2,10.309,0.8687,22,1,2
0,0,0,10.8198,0.5868,24,1,3
1,1,2,11.2898,2.2318,24,1,2
1,1,2,10.8198,0.6278,26,1,2
0,0,0,12.3458,0.6414,27,1,2
0,0,0,11.6082,0.6459,27,1,3
0,0,0,11.8494,0.5729,27,1,2
0,0,0,11.8494,1.5594,28,1,2
0,-1,-1,12.7939,0.0075,28,1,1
1,1,3,11.4076,0.2798,25,1,3
0,0,0,9.2103,0.4457,26,1,1
0,-1,-1,12.1007,0.0809,26,1,1
0,0,0,11.6952,0.3813,26,1,3
0,2,0,11.7753,0.9919,25,1,2
0,0,0,11.4076,0.0265,25,1,2
1,0,0,12.0436,0.9671,26,1,2
0,0,0,10.8198,0.9476,23,1,2
0,0,0,12.8992,0.2464,26,1,1
0,0,-1,9.2103,0.9285,24,1,3
0,-2,-2,12.7939,0.0128,27,1,1
0,-1,-1,11.5129,0.0152,25,1,1
0,-1,-1,11.2898,0.0103,25,1,1
0,-1,-1,9.9035,0.0195,25,1,2
0,0,0,10.8198,0.3128,25,1,1
0,-1,2,10.8198,0.0392,24,1,1
0,0,0,10.8198,0.2514,24,1,1
1,0,0,11.5129,0.3093,26,1,2
1,2,2,11.9184,1.0972,26,1,1
0,0,0,12.1548,0.0167,25,1,1
0,0,0,11.2898,0.9469,26,1,1
0,0,0,9.2103,0.9861,26,1,2
0,0,0,10.8198,0.5804,26,1,1
0,0,0,11.8494,0.9715,26,1,5
0,1,-2,11.2898,0.0,25,1,2
0,0,0,10.8198,0.8539,26,1,2
1,1,2,11.2898,0.8888,34,1,3
0,0,0,9.9035,1.8454,27,1,3
1,0,0,12.0436,0.9201,27,1,2
1,1,-1,12.2549,0.0,27,1,1
0,0,0,12.3458,0.0239,27,1,2
0,0,0,10.8198,0.4653,28,1,1
0,2,0,10.309,0.8035,28,1,2
0,0,0,10.8198,0.9685,25,1,2
1,2,0,10.8198,0.2818,28,1,2
0,0,0,9.9035,0.898,26,1,2
0,-2,-2,11.9829,0.0124,26,1,2
1,0,0,11.1563,0.9213,26,1,3
0,0,0,12.5776,0.0633,28,1,1
0,0,0,11.6952,0.7345,26,1,3
0,0,0,10.8198,0.9117,27,1,2
0,0,0,11.6082,0.926,26,1,1
0,0,0,11.9829,0.0697,26,1,4
0,0,0,10.309,0.9861,27,1,3
0,1,-2,12.2549,0.0,27,1,2
0,0,0,11.9184,0.5733,27,1,3
1,0,0,11.6952,0.9775,28,1,1
1,1,-2,11.5129,0.0,28,1,2
1,2,2,11.6952,0.9511,28,1,1
0,-1,0,12.3014,0.8267,23,1,5
1,2,2,11.8494,0.853,26,1,2
1,1,2,9.9035,0.3481,24,1,2
0,0,0,12.7068,0.6946,25,1,2
0,0,0,12.2549,0.8724,29,1,1
0,-2,-2,12.9715,0.0008,29,1,1
0,0,0,11.9184,0.861,28,1,2
0,0,0,12.2549,0.2778,28,1,3
0,0,0,12.3884,1.0157,29,1,2
1,2,0,11.8494,0.9887,30,1,2
1,0,0,10.8198,0.9124,28,1,2
0,-1,0,12.8992,0.0525,28,1,1
0,0,0,11.9829,0.9651,28,1,5
0,0,0,11.7753,0.7007,28,1,1
0,-2,-2,11.9829,0.0232,26,1,2
0,0,0,10.309,0.836,27,1,2
1,0,0,9.9035,0.6692,27,1,3
0,0,0,12.2061,1.013,27,1,2
0,1,-1,9.9035,0.0,27,1,2
0,-1,0,11.7753,0.0171,27,1,1
0,-1,-1,11.5129,0.0042,30,1,2
0,0,0,11.9184,0.0697,24,1,5
0,0,0,11.5129,0.8375,25,1,2
1,2,0,10.5966,0.2545,27,1,1
0,0,0,10.8198,0.8645,26,1,1
1,1,2,11.9184,0.8493,32,1,2
0,2,2,10.8198,0.9269,29,1,2
0,0,0,10.8198,1.0222,24,1,2
1,2,2,11.0021,0.5989,29,1,2
0,-2,-2,12.6761,0.0174,30,1,1
1,2,2,11.4076,1.0174,30,1,2
0,0,0,11.9829,0.9748,30,1,2
1,1,2,10.309,0.1332,25,1,2
0,0,0,10.8198,0.8275,26,1,2
0,0,0,9.9035,0.9906,27,1,2
0,0,0,11.9184,0.392,27,1,2
0,-1,-1,11.1563,0.0736,28,1,1
0,0,0,12.1007,0.226,28,1,1
0,-2,-2,12.6761,0.0286,29,1,1
0,0,0,11.4076,0.9427,29,1,2
0,0,0,12.2549,0.298,29,1,2
0,0,0,12.1007,0.3738,26,1,2
0,-1,-1,12.7939,0.0199,28,1,2
0,-2,-2,11.5129,0.01,28,1,4
0,1,-2,12.6115,0.0,28,1,1
0,-1,-1,11.9829,0.0024,27,1,2
1,2,2,10.8198,0.8613,27,1,2
1,0,0,10.8198,0.5436,29,1,1
0,-2,-2,11.9829,0.0009,33,1,5
0,-1,0,11.9829,0.0698,30,1,1
0,4,3,9.9035,0.969,30,1,2
0,0,0,12.4292,0.5781,27,1,1
0,-1,0,10.8198,0.6713,27,1,1
0,3,2,10.309,1.0104,26,1,2
0,0,0,10.8198,0.461,31,1,2
0,0,0,10.8198,0.8409,28,1,1
0,0,0,10.8198,1.1441,28,1,3
0,-2,-2,12.2061,0.0131,28,1,1
0,0,0,11.2898,0.949,28,1,1
0,0,0,12.3014,0.6637,29,1,1
0,0,0,11.0021,0.9843,28,1,1
0,-2,-2,12.3458,0.0202,29,1,1
0,0,0,12.2549,0.1466,31,1,2
0,0,0,10.8198,0.9858,32,1,2
1,2,3,9.9035,0.5224,26,1,3
0,0,0,12.6761,0.145,28,1,2
0,1,2,12.1007,0.1638,28,1,2
0,-1,-1,11.8494,0.0013,30,1,2
0,0,0,10.309,0.0404,25,1,3
0,0,0,10.8198,0.7045,25,1,3
0,-1,-1,12.0436,0.0017,30,1,4
1,2,0,11.2898,0.1241,29,1,2
0,-1,-1,12.5776,0.0291,30,1,2
1,2,2,9.9035,0.8714,28,1,2
0,-1,-1,9.9035,0.0345,27,1,2
0,0,0,11.5129,0.0185,26,1,1
0,1,-2,9.2103,0.0,27,1,3
1,0,0,10.309,0.7545,28,1,3
0,0,0,12.1007,1.0216,29,1,1
0,1,2,11.9829,0.0207,31,1,1
0,0,0,12.8739,0.1676,29,1,2
0,0,0,11.4076,0.4702,28,1,2
0,3,2,12.6443,0.0013,29,1,2
0,0,0,11.5129,0.662,29,1,2
0,-1,-1,10.8198,0.063,27,1,3
0,0,0,13.1224,0.0411,30,1,2
0,1,2,11.6952,0.6686,30,1,2
0,0,0,11.2898,0.6522,29,1,3
0,0,0,11.8494,0.6328,27,1,1
0,1,2,10.8198,1.0217,31,1,2
0,0,0,12.8992,0.4064,30,1,1
0,0,-1,12.8479,0.0644,29,1,1
0,0,0,11.5129,0.5776,29,1,1
0,0,0,11.6082,0.9474,29,1,1
0,1,-1,11.7753,-0.0,29,1,2
0,-2,-2,12.2061,0.0071,29,1,2
0,-2,-1,12.0436,-0.006,25,1,1
0,0,0,10.8198,0.3566,27,1,2
0,0,0,11.8494,0.0522,29,1,3
1,0,0,10.8198,0.8253,32,1,2
0,0,0,11.5129,0.9209,29,1,4
1,2,2,12.2061,0.5521,32,1,2
1,0,0,11.1563,1.0002,33,1,3
0,0,0,12.6761,0.4579,29,1,2
0,0,0,11.4076,0.362,31,1,1
1,0,0,12.3014,0.7609,31,1,2
0,0,0,12.0436,0.9986,28,1,4
0,1,2,11.9184,1.0398,28,1,2
1,-2,-1,12.1007,0.0,29,1,1
0,0,0,11.6082,0.9543,29,1,2
1,1,2,12.2061,0.9125,30,1,1
0,-2,-2,11.9184,0.0066,30,1,1
0,-2,-2,12.4684,0.0089,30,1,1
0,0,0,12.7939,1.0147,30,1,1
0,2,2,11.7753,0.3636,29,1,2
0,0,0,13.1224,0.0588,29,1,1
1,0,0,12.7367,0.8151,29,1,1
0,0,0,11.1563,0.7414,26,1,1
0,-1,-1,11.4076,0.0056,29,1,2
1,4,3,10.8198,0.9985,30,1,2
0,-2,-1,12.0436,0.0021,30,1,2
0,0,0,10.8198,0.874,30,1,3
0,0,0,11.4076,0.5287,29,1,1
0,0,0,12.2061,0.3459,29,1,2
0,0,0,9.9035,0.9236,32,1,2
1,0,0,12.5425,0.5671,32,1,3
0,-1,-1,12.2061,0.0293,33,1,3
1,0,0,10.8198,1.0048,32,1,2
0,0,0,11.5129,0.1356,32,1,1
0,-1,-1,11.6952,0.0097,32,1,2
0,0,0,10.309,0.1994,32,1,3
0,0,0,11.9829,0.2391,32,1,2
0,-1,2,12.7939,0.0192,29,1,1
1,-1,-1,12.2061,0.0902,33,1,2
0,0,0,12.3014,0.1182,29,1,1
0,-1,0,11.2898,0.0688,30,1,1
0,-1,0,11.9829,0.1047,30,1,1
0,0,0,12.4684,0.0178,30,1,2
0,0,0,11.6952,1.0052,31,1,2
0,0,0,11.2898,0.6703,30,1,2
0,-1,0,9.9035,3.0,30,1,1
0,0,0,11.5129,0.9222,30,1,3
0,0,0,10.8198,0.2085,31,1,2
0,0,0,10.8198,0.618,29,1,2
1,0,0,12.4684,0.629,37,1,1
0,0,0,10.8198,0.3297,38,1,2
0,0,0,12.1548,1.8909,28,1,2
0,0,0,12.2061,0.2448,33,1,1
0,0,0,11.8494,0.9426,48,1,2
1,-1,2,11.7753,0.003,42,1,1
1,1,2,10.8198,0.2931,26,1,3
0,1,2,11.5129,0.362,31,1,2
0,0,0,12.2061,0.5186,37,1,3
0,0,0,9.2103,0.7787,23,1,3
0,0,0,9.9035,0.7704,24,1,2
0,0,0,9.9035,0.2673,25,1,2
1,1,2,10.309,0.8382,22,1,2
1,4,4,10.309,0.3615,27,1,2
0,0,0,12.6443,0.8179,30,1,2
1,0,0,10.8198,0.9805,31,1,2
0,0,0,12.6761,0.0273,47,1,5
1,0,0,11.9829,0.974,45,1,2
0,0,0,10.8198,0.9039,31,1,3
1,0,0,9.9035,0.1884,31,1,2
0,2,2,12.7068,0.1843,32,1,2
1,-1,-1,9.2103,0.0576,36,1,3
0,1,2,11.5129,0.8914,41,1,1
0,0,0,11.7753,0.1844,42,1,1
1,1,4,9.9035,0.5514,44,1,3
1,1,2,12.8213,0.9277,39,1,2
0,0,-1,12.1548,0.4365,41,1,3
0,0,0,10.8198,0.4055,35,1,2
0,0,0,12.1007,0.1485,28,1,1
1,1,2,11.0021,0.769,30,1,2
0,0,0,12.0436,1.0315,29,1,1
1,1,2,11.1563,0.5461,49,1,1
1,0,0,11.9184,0.9786,32,1,2
1,0,0,11.5129,0.349,32,1,2
1,0,0,9.9035,0.3428,35,1,2
0,0,0,12.7068,0.4386,38,1,2
1,3,2,9.9035,0.5679,31,1,3
0,-1,-1,12.2061,0.0244,32,1,3
1,0,0,11.4076,0.5917,40,1,3
1,0,0,11.4076,0.603,47,1,2
0,-2,-2,11.9184,0.0,39,1,3
1,1,2,9.9035,0.8814,47,1,3
0,0,0,10.8198,0.3378,28,1,2
0,0,0,9.9035,0.3581,32,1,2
0,0,0,12.1007,0.3599,48,1,1
1,2,2,10.8198,0.7098,29,1,2
0,0,0,12.1007,0.9738,37,1,2
1,2,2,12.2061,1.0401,40,1,2
0,2,2,12.1007,0.9731,28,1,1
0,0,0,12.9945,0.0853,31,1,1
1,3,3,10.309,0.871,40,1,2
0,-1,0,12.5062,0.406,36,1,1
0,0,0,11.7753,1.0208,28,1,3
0,0,0,10.8198,0.264,29,1,2
0,-1,-1,11.7753,0.003,42,1,2
1,2,2,12.1548,0.6704,41,1,2
1,1,2,10.8198,1.0783,34,1,2
0,0,0,10.8198,0.9976,35,1,2
0,0,0,10.8198,0.8448,42,1,3
1,0,0,11.2898,0.6912,44,1,3
0,0,0,11.1563,0.4721,36,1,2
0,0,0,10.8198,0.9649,49,1,3
0,1,2,10.309,0.8609,33,1,1
0,0,0,12.6443,0.6462,34,1,2
1,0,0,11.6952,0.4124,35,1,2
0,0,0,12.5425,0.6849,47,1,2
0,0,0,11.4076,0.4078,39,1,2
0,-2,-2,12.5425,-0.0001,42,1,1
1,0,0,9.2103,0.6436,44,1,2
0,-2,-2,12.7367,0.0005,43,1,1
1,1,2,11.1563,0.7757,44,1,2
0,0,0,13.2357,0.024,49,1,2
0,-1,-1,12.7939,0.0041,40,1,2
0,0,0,11.1563,0.5837,47,1,3
0,0,0,12.3014,0.7526,45,1,2
0,-2,-2,12.2061,0.0041,40,1,1
0,0,0,12.1007,0.1337,39,1,3
0,0,0,12.2549,0.8247,39,1,2
0,0,0,11.5129,0.7405,39,1,2
0,0,0,10.8198,0.1158,44,1,3
0,0,0,10.8198,0.8807,34,1,3
0,0,0,12.2549,0.2029,34,1,1
1,3,2,9.9035,0.12,37,1,2
0,2,2,12.0436,1.0419,36,1,1
0,-2,-2,12.1007,0.0632,37,1,3
1,2,2,12.5062,0.9572,38,1,3
0,-2,-2,13.017,0.0024,41,1,2
1,0,0,11.0021,0.4522,41,1,2
0,0,0,10.309,0.742,36,1,2
0,0,0,10.8198,0.7874,41,1,2
0,-1,-1,12.5425,0.0507,46,1,3
0,1,2,12.948,0.4051,33,1,1
0,0,0,10.8198,0.5857,45,1,3
0,0,0,11.6952,0.1881,45,1,2
1,1,4,10.8198,0.6428,41,1,2
0,0,0,11.6952,0.0842,49,1,1
0,-1,-1,11.5129,0.0039,43,1,2
0,1,2,9.9035,0.5296,22,1,1
0,5,4,9.9035,1.0576,24,1,3
1,1,3,10.309,0.8636,30,1,2
0,-1,0,12.3884,0.7455,30,1,1
0,0,0,12.7939,0.0897,33,1,3
1,2,-1,10.8198,0.0295,44,1,2
1,-2,-2,12.1007,0.0022,46,1,2
0,0,0,12.3014,0.4385,39,1,1
1,-1,-1,13.017,0.0595,45,1,1
0,-1,-1,10.309,0.0927,42,1,2
0,0,0,10.8198,0.6239,41,1,2
0,-2,-2,12.7939,0.013,36,1,2
0,0,0,12.7939,0.1383,34,1,2
0,0,0,9.9035,0.7176,40,1,2
0,-2,-2,12.3458,0.0,36,1,2
1,0,0,10.8198,0.9412,40,1,2
0,-1,-1,12.948,0.0315,42,1,1
1,0,0,9.9035,0.9494,40,1,3
1,0,0,9.9035,0.6685,40,1,3
0,0,0,11.1563,0.8283,37,1,2
1,2,2,10.5966,0.6831,46,1,2
1,1,2,9.9035,0.8228,34,1,2
0,-1,0,11.8494,0.0962,30,1,1
0,-1,-1,11.7753,0.0008,33,1,2
0,-1,-1,12.3884,0.0753,35,1,1
1,0,0,9.9035,0.7535,30,1,2
0,-2,-2,12.3458,0.1182,34,1,2
0,-2,-1,13.1224,0.154,44,1,2
1,0,0,9.9035,0.8742,46,1,2
0,0,0,10.8198,0.8927,42,1,2
0,0,0,11.7753,1.0092,38,1,1
1,0,-1,12.8992,0.0075,42,1,2
0,2,0,10.8198,0.7449,40,1,3
0,-1,-1,12.7939,0.0228,30,1,1
1,2,2,10.8198,0.899,34,1,3
0,0,0,9.9035,0.4422,44,1,2
1,-1,-1,11.9829,0.0031,40,1,1
0,-1,-1,12.948,0.0045,32,1,3
1,2,3,11.9184,0.2157,34,1,1
0,0,0,12.1548,0.5189,37,1,1
1,2,2,9.9035,0.8254,31,1,3
0,-1,0,12.9239,0.0081,32,1,1
0,0,0,12.5062,0.1745,32,1,1
0,0,0,11.6952,0.8879,32,1,1
0,0,0,10.309,1.0086,33,1,2
0,0,0,12.3884,0.2702,33,1,3
0,0,0,12.6115,0.106,33,1,1
0,0,0,13.1224,0.2093,34,1,1
0,-2,-2,13.4588,0.0052,34,1,1
0,0,0,11.6082,0.8416,33,1,1
0,0,0,13.1022,0.0511,34,1,2
0,0,0,13.1224,0.0646,34,1,1
1,-1,-1,10.8198,0.0079,43,1,2
0,-2,-2,12.9715,0.0264,42,1,1
0,-1,-1,12.2061,0.1466,37,1,2
0,0,0,12.5062,0.9772,38,1,3
0,-1,-1,12.3014,0.0025,49,1,2
0,-1,-1,9.9035,0.0195,34,1,2
0,1,-2,12.5425,-0.0,35,1,1
0,0,0,11.1563,0.8451,49,1,2
0,-2,-2,12.948,0.0193,43,1,1
1,2,0,11.4076,0.6488,44,1,2
0,0,0,9.2103,0.693,37,1,2
1,1,2,11.6952,1.0166,41,1,2
0,0,0,12.7367,0.9344,49,1,2
0,0,0,12.7657,0.6092,49,1,2
1,2,2,11.5129,0.842,34,1,2
1,2,0,11.0021,0.366,37,1,1
1,-2,-2,12.5776,0.0,42,1,2
1,0,0,10.309,0.5018,37,1,2
1,0,0,12.1007,0.0346,31,1,2
1,0,0,10.8198,1.1847,49,1,2
1,0,0,11.9829,0.2136,39,1,2
0,0,0,10.309,0.981,49,1,6
1,2,2,12.3884,0.0104,47,1,1
0,0,0,12.4684,0.5938,43,1,3
1,1,2,9.9035,0.5532,42,1,2
0,2,0,10.8198,0.8449,39,1,3
0,-1,-1,12.1007,0.2752,37,1,1
0,-1,-1,11.6082,0.0035,43,1,3
0,-1,-1,11.7753,0.003,33,1,2
0,-1,-1,10.309,0.013,45,1,2
0,-2,-2,11.7753,0.0086,48,1,2
1,-1,0,12.0436,0.0969,38,1,2
0,0,0,12.3884,0.6981,38,1,2
0,-1,-1,12.7939,0.005,38,1,1
0,-1,-1,11.9184,0.002,37,1,1
1,0,0,11.1563,0.9767,38,1,3
0,0,0,12.3014,1.0301,30,1,2
0,0,0,11.2898,0.9794,31,1,2
0,0,0,12.1007,0.0968,31,1,1
0,0,0,12.8739,0.0672,32,1,1
1,0,0,9.9035,0.9598,48,1,3
0,0,0,11.5129,0.8179,44,1,1
0,0,0,9.2103,1.7018,37,1,2
0,-2,-2,11.2898,0.0049,42,1,3
0,-2,-2,12.7068,0.0,48,1,1
1,0,0,9.9035,0.5314,47,1,2
0,-1,-1,12.5062,0.0011,33,1,1
0,-2,-2,12.5425,0.0,33,1,2
0,0,0,12.1007,0.5775,33,1,2
0,-1,-1,12.7657,0.762,44,1,3
1,2,0,12.2061,0.7391,44,1,3
1,0,0,10.8198,0.988,41,1,2
0,0,0,13.1224,0.1246,41,1,1
0,-1,-1,11.8494,0.0104,43,1,1
1,-2,-2,12.1007,0.0,40,1,1
0,0,0,13.1993,0.155,49,1,6
0,-1,-1,10.309,0.0199,28,1,1
0,-1,-1,12.5062,0.0242,42,1,1
0,1,-2,12.2549,0.0,28,1,1
0,1,-1,11.9829,0.0,45,1,4
0,0,0,10.8198,0.6923,39,1,3
0,-1,-1,10.8198,0.1028,29,1,2
0,0,0,12.2061,0.2879,33,1,2
1,-1,-1,12.3884,0.0014,35,1,1
1,1,2,10.8198,0.9199,32,1,1
0,0,0,11.2898,0.1335,28,1,2
1,2,2,11.2898,1.0235,34,1,2
1,2,0,11.2898,0.1714,30,1,2
0,0,0,12.2061,0.037,38,1,2
1,0,0,12.2061,0.8596,41,1,3
0,1,-2,12.5776,0.0,38,1,1
0,0,0,11.2898,1.8238,39,1,2
0,0,-1,12.4292,1.2293,40,1,1
0,1,-1,10.8198,0.0,37,1,2
0,0,0,12.3884,0.9512,45,1,2
0,0,0,11.7753,0.4597,43,1,2
0,0,0,12.1548,0.4356,45,1,2
0,-1,-1,9.9035,0.063,40,1,2
0,1,2,11.0021,0.7985,32,1,2
0,1,2,12.0436,0.1054,35,1,2
0,1,2,10.8198,0.7111,46,1,3
0,0,0,12.3884,0.9593,31,1,2
1,1,2,12.2061,0.9115,31,1,1
0,1,-2,11.7753,0.0,31,1,1
0,0,0,12.7939,0.7527,31,1,5
0,0,0,12.2061,0.2736,33,1,1
0,0,0,11.9829,0.8684,38,1,3
0,-1,-1,12.3458,0.0029,39,1,1
0,1,-1,12.5425,0.0165,38,1,1
0,0,0,12.2549,0.1132,40,1,1
0,0,0,12.8479,0.0976,39,1,3
1,1,2,12.5062,0.0212,36,1,2
0,-1,-1,11.9184,0.0061,34,1,2
0,1,2,11.6082,0.8028,30,1,1
0,-1,0,13.1224,0.0546,32,1,1
1,-1,2,11.5129,0.0194,41,1,2
0,0,0,11.7753,0.6194,30,1,1
1,2,0,12.2061,0.7525,34,1,1
0,0,0,12.5425,0.8189,47,1,2
0,0,0,12.948,0.2389,39,1,1
0,-1,-1,12.8479,0.001,29,1,1
1,1,-2,12.3014,0.0,33,1,1
0,-2,-2,12.6443,-0.0011,35,1,2
0,0,0,12.6443,0.3311,48,1,2
0,2,2,13.2177,0.9802,35,1,1
0,-1,-1,12.0436,0.2225,36,1,1
0,0,0,10.8198,0.9848,35,1,1
0,-2,-2,12.8739,0.018,41,1,1
0,0,0,9.9035,0.9098,24,1,2
0,0,0,11.2898,0.2279,26,1,1
0,-1,0,12.2061,0.4428,25,1,2
0,1,-2,11.2898,0.0,27,1,2
0,0,0,12.2061,0.437,28,1,1
0,0,0,11.7753,0.5396,30,1,2
1,3,2,12.2061,0.0122,28,1,2
1,3,2,9.9035,0.0125,48,1,3
0,-2,-2,12.6443,0.0071,35,1,2
0,0,0,11.9829,0.9403,40,1,3
1,2,2,12.1548,0.7864,40,1,2
0,0,0,11.6082,0.4672,49,1,2
0,0,0,11.9184,0.5736,49,1,2
0,0,0,11.4076,0.5715,37,1,1
0,0,0,11.9184,0.3743,34,1,1
1,-1,-1,11.9829,0.0048,41,1,1
0,-2,-2,12.1007,0.0,34,1,1
1,1,2,9.9035,0.4238,26,1,2
1,0,0,10.8198,1.0161,32,1,2
0,0,0,12.948,0.4604,41,1,2
0,0,0,10.309,0.9734,30,1,2
1,-1,2,9.9035,0.0918,46,1,3
0,2,-1,12.2061,0.0091,38,1,1
1,2,2,10.8198,0.9192,36,1,1
1,2,0,13.1224,0.0316,39,1,1
0,1,2,10.309,0.4885,42,1,3
1,-2,-2,12.7939,0.0243,46,1,2
0,0,0,11.7753,1.7971,38,1,2
0,-2,-2,9.9035,-0.1022,45,1,2
0,-2,-2,12.2061,0.0087,34,1,1
0,0,0,12.7367,0.5213,39,1,1
0,0,0,10.8198,0.8101,33,1,1
0,-2,-2,12.7939,0.0022,33,1,1
0,-1,-1,12.2061,0.0056,35,1,2
1,0,0,10.8198,0.9473,33,1,2
0,-2,-2,13.2357,0.0077,36,1,2
1,2,2,11.7753,0.5119,39,1,3
0,0,0,9.9035,0.6124,38,1,3
0,0,-1,12.7939,0.0857,42,1,1
0,0,0,10.8198,0.4651,39,1,3
1,1,2,11.1563,0.6313,35,1,2
0,0,0,12.5425,0.1154,49,1,2
0,-2,-2,12.5425,0.0223,39,1,2
0,0,0,10.8198,0.8864,37,1,3
0,0,0,11.9829,0.6361,40,1,2
0,0,-1,12.3884,0.0372,40,1,3
0,1,-2,12.6115,0.0,48,1,2
1,2,0,12.5425,0.4662,39,1,2
0,0,0,13.1806,0.3884,30,1,1
0,-1,-1,11.6952,0.0593,32,1,2
0,0,0,11.7753,0.9738,33,1,3
0,-1,-1,13.1224,0.0125,35,1,1
0,0,0,11.1563,0.0513,31,1,2
0,-1,-1,9.2103,0.039,31,1,2
0,-1,-1,13.1224,0.0221,41,1,1
0,-2,-2,12.7367,0.0335,41,1,1
1,0,0,9.2103,0.495,37,1,3
0,0,0,11.8494,1.3282,41,1,2
0,-1,-1,10.8198,0.0252,36,1,2
1,2,0,12.5062,0.6939,44,1,2
0,0,0,12.5776,0.2254,30,1,2
0,-1,2,10.8198,0.7273,33,1,1
0,0,0,10.309,0.213,33,1,2
0,0,0,12.5776,0.9495,41,1,1
0,0,-1,12.2061,0.0454,31,1,1
0,2,0,10.8198,1.125,31,1,1
1,-1,3,12.5776,0.0129,32,1,1
0,1,2,11.7753,0.9861,36,1,1
0,-1,-1,12.3014,0.0159,47,1,2
0,0,0,12.4292,0.3056,33,1,1
0,0,0,12.7939,0.4521,44,1,1
1,5,4,11.9184,1.9239,38,1,1
0,0,0,11.9829,0.8767,37,1,2
0,-2,-2,12.7939,0.0068,34,1,1
0,0,0,12.2549,0.9391,42,1,2
0,0,0,11.0021,0.7343,43,1,3
0,0,0,9.9035,0.8268,48,1,2
1,0,-1,10.8198,0.2104,45,1,3
0,0,0,11.0021,0.976,41,1,3
0,0,0,13.039,0.6312,39,1,1
0,-2,-2,12.3884,0.0804,40,1,5
1,2,0,10.309,0.5922,44,1,2
0,0,0,10.8198,0.8721,41,1,2
1,-2,-2,11.6952,0.0,41,1,2
0,0,0,11.6952,0.954,32,1,2
1,-2,-2,12.3458,0.0283,40,1,1
0,0,0,11.2898,0.6061,39,1,1
1,2,2,9.9035,0.8748,34,1,2
0,-1,-1,12.7939,0.0425,33,1,2
0,0,0,13.1224,0.1496,30,1,1
1,1,2,10.309,0.4909,45,1,2
0,-1,2,12.0436,0.0852,29,1,1
0,0,0,12.3884,0.9419,41,1,2
0,-2,-2,12.3458,0.0007,40,1,1
0,1,2,12.1007,0.9584,31,1,1
1,2,2,12.2549,0.5817,38,1,3
1,2,2,13.039,0.6151,44,1,1
1,1,2,12.2061,0.9933,47,1,1
0,0,0,11.2898,0.8947,40,1,2
1,1,2,10.8198,1.0087,49,1,2
0,2,2,12.3458,0.7736,38,1,2
0,0,0,11.2898,0.5044,38,1,2
0,-1,-1,12.2061,0.0004,32,1,2
0,-1,-1,10.8198,0.0252,40,1,3
0,1,-1,10.309,0.0,36,1,2
1,2,0,12.5425,0.6365,40,1,3
0,0,0,12.4684,0.4946,37,1,2
1,2,0,12.2061,0.8005,32,1,2
1,2,0,11.2898,0.9905,32,1,2
0,0,0,12.2061,0.0701,45,1,1
0,0,0,9.9035,0.4639,28,1,5
1,-1,-1,12.2061,0.2106,47,1,2
0,-1,-1,11.0021,0.0144,41,1,3
0,0,0,10.8198,0.9302,38,1,2
0,0,0,10.8198,0.0269,42,1,2
0,0,0,10.8198,1.0103,41,1,2
1,3,2,12.2061,0.0125,43,1,3
1,2,2,11.7753,0.8825,38,1,3
1,0,0,11.7753,1.0136,41,1,2
1,-1,2,10.8198,0.0156,32,1,2
1,2,2,11.9829,0.9133,33,1,1
1,1,2,10.8198,0.9759,32,1,2
0,0,0,9.2103,0.8866,46,1,2
0,0,0,12.2061,0.4388,35,1,2
0,-2,-2,12.7939,0.0342,38,1,1
0,-2,-2,12.3458,0.0064,37,1,1
0,-1,-1,12.2061,0.0163,34,1,1
1,0,0,10.8198,0.5524,43,1,3
0,0,0,11.4076,1.1784,34,1,2
0,-2,-2,12.5062,0.0425,36,1,1
0,0,0,10.8198,1.0,41,1,2
1,2,3,10.8198,0.343,39,1,2
0,0,0,9.9035,0.831,39,1,2
1,0,0,10.8198,1.01,35,1,3
0,-1,2,12.8739,0.0201,39,1,2
0,4,3,10.8198,1.0338,36,1,2
0,1,-2,11.9829,0.0,38,1,3
1,3,2,9.9035,0.875,36,1,2
0,-2,-2,12.3458,0.0141,36,1,2
0,0,0,10.8198,0.9877,46,1,1
0,0,0,10.8198,1.1079,40,1,3
0,0,0,11.2898,0.6491,37,1,3
0,-1,-1,12.3884,0.0033,42,1,2
1,0,0,11.4076,1.0417,39,1,3
0,0,0,12.4684,0.9631,44,1,3
0,0,0,10.8198,0.9603,47,1,2
0,0,0,12.7657,0.0694,41,1,1
0,0,0,9.9035,0.7859,42,1,2
0,0,0,11.6082,0.4863,41,1,3
0,-1,-1,11.2898,0.0647,34,1,3
1,1,-2,12.3458,0.0,34,1,2
0,0,0,12.8213,1.0196,39,1,2
1,-1,-1,11.5129,0.078,38,1,2
1,2,2,13.1022,0.8715,35,1,2
0,2,2,10.8198,0.4518,42,1,2
0,-2,-2,12.2061,0.1048,41,1,3
1,2,2,11.1563,0.8645,37,1,2
0,-1,-1,12.2549,0.0016,38,1,2
0,0,0,10.8198,0.9567,33,1,3
0,0,0,10.8198,0.9891,34,1,3
1,0,0,11.5129,0.1819,34,1,1
1,4,3,11.9829,0.6209,38,1,2
0,-2,-2,10.309,0.1689,32,1,2
1,0,0,12.3014,0.7743,34,1,1
0,-1,-1,11.9184,0.0055,29,1,3
0,0,0,12.6115,0.9394,31,1,2
0,1,-2,12.8739,0.0,36,1,2
0,-1,0,12.1007,0.9479,36,1,1
0,1,-2,12.6115,0.0,40,1,1
0,0,0,11.9184,0.7513,37,1,1
1,0,0,11.2898,0.9734,36,1,2
0,1,-2,12.4292,0.0,31,1,2
0,-2,-2,12.7657,0.0026,37,1,1
0,0,0,12.8479,0.6099,40,1,1
0,-1,-1,13.017,0.0013,34,1,1
0,0,-1,12.7367,0.185,35,1,1
0,0,0,11.1563,0.2029,44,1,2
1,0,0,12.6761,1.149,37,1,2
0,-1,-1,12.1007,0.0018,48,1,1
0,0,-1,12.7939,0.1065,43,1,1
1,1,2,12.3458,0.8249,46,1,1
0,1,2,12.5425,1.1226,36,1,1
0,0,0,10.8198,0.9283,34,1,2
1,0,0,12.4684,0.7161,34,1,2
0,-1,0,12.3458,0.1009,41,1,2
0,-2,-2,12.3884,-0.0013,41,1,1
0,0,0,11.8494,0.6468,44,1,1
0,0,-1,12.7939,0.0855,43,1,1
0,-1,-1,12.6761,0.0042,44,1,1
0,-1,-1,12.6443,0.0275,36,1,1
0,0,0,11.0021,1.3048,42,1,2
0,0,0,12.8479,0.9616,38,1,2
0,0,0,10.5966,0.9178,37,1,5
0,0,0,11.9184,0.4999,40,1,2
0,-1,-1,12.7939,0.0071,40,1,3
0,-1,-1,12.2061,0.0229,36,1,1
0,0,0,12.4684,0.7847,42,1,5
0,-2,-2,12.9715,0.0877,38,1,3
0,0,0,12.2061,0.0272,36,1,2
0,0,0,12.8479,0.2526,40,1,1
0,0,0,11.6082,1.019,37,1,2
0,2,2,12.2061,0.8414,42,1,1
0,1,2,12.5062,0.0777,34,1,1
0,-1,-1,11.6952,0.0101,31,1,1
0,0,0,12.948,0.1305,47,1,1
0,0,0,9.9035,0.3284,34,1,3
1,1,2,12.2061,0.9689,40,1,2
0,0,0,11.2898,0.4363,45,1,2
0,1,-2,12.5062,0.0,45,1,2
1,3,2,10.309,0.425,45,1,2
0,0,0,11.2898,0.6923,45,1,3
1,2,0,10.309,0.6186,39,1,2
1,0,0,9.9035,0.9479,36,1,1
1,2,0,9.9035,0.9,33,1,2
1,0,0,12.6761,0.8581,35,1,2
0,-2,-2,11.6952,0.0027,36,1,3
0,1,2,12.5776,1.0222,38,1,2
0,-2,-2,12.8479,0.0081,39,1,2
0,0,0,13.0815,0.7837,49,1,1
0,0,0,12.7657,0.5435,47,1,2
0,-1,2,12.3014,0.0036,36,1,1
1,-2,-2,12.7939,0.0005,44,1,1
0,-1,0,12.948,0.0529,39,1,2
1,0,0,11.9829,0.0252,40,1,1
0,2,2,10.309,0.8804,47,1,1
0,0,0,12.0436,0.0472,31,1,2
0,0,0,13.473,0.0945,38,1,2
0,-2,-2,12.7657,0.0062,34,1,2
0,0,0,12.3458,0.0207,36,1,2
0,2,0,10.309,0.0974,40,1,2
0,-1,-1,12.7939,0.0013,38,1,1
0,-1,-1,13.1224,0.0008,41,1,1
0,0,0,12.8479,0.3276,34,1,1
0,1,2,12.3884,0.8825,37,1,2
1,0,0,11.5129,0.3145,41,1,1
1,0,0,12.2061,0.8829,38,1,2
0,-2,-2,13.1224,0.0118,35,1,1
1,-2,-2,12.3014,0.0,48,1,3
0,-1,-1,13.3692,0.0331,33,1,1
1,0,0,12.7367,0.9842,34,1,3
0,0,0,12.8992,0.282,48,1,1
0,-2,-2,12.2061,0.0443,39,1,1
0,0,0,9.9035,0.4816,41,1,2
0,-1,-1,12.2549,0.001,35,1,1
0,0,0,12.5425,0.9845,35,1,3
0,0,0,11.9184,0.9995,36,1,2
0,0,0,10.8198,0.9002,36,1,1
1,0,0,11.0021,0.6188,36,1,2
1,1,-2,11.0021,0.0,36,1,3
0,0,0,12.2061,0.988,45,1,2
1,0,0,10.309,0.7236,35,1,2
1,1,-2,11.7753,-0.0004,42,1,2
0,0,0,11.8494,0.9717,39,1,2
0,0,0,12.5425,0.9773,39,1,2
0,0,0,11.6082,0.9298,44,1,3
0,-1,-1,11.7753,0.0064,42,1,1
0,0,0,11.6082,0.8437,48,1,2
0,0,0,12.6761,0.0591,38,1,1
0,0,0,13.1022,0.7042,41,1,1
0,-1,-1,12.7939,0.0008,45,1,1
0,2,-1,12.5425,0.005,37,1,1
0,2,0,12.5776,0.5895,36,1,1
0,0,0,12.1007,0.6637,39,1,2
0,0,0,11.9184,0.2151,36,1,2
0,-1,-1,12.4684,0.0443,44,1,2
0,0,0,11.4076,0.8224,34,1,3
0,0,0,9.9035,0.8479,35,1,3
0,-1,-1,12.1007,0.0244,34,1,1
0,-1,-1,12.3458,0.0008,36,1,2
1,3,2,12.4684,0.0096,38,1,1
1,3,2,11.9184,0.8339,31,1,1
0,-1,-1,13.0815,0.0013,44,1,1
1,0,0,11.6082,1.0272,45,1,2
0,0,0,11.9184,0.1374,49,1,1
0,0,0,12.0436,0.9806,42,1,1
0,0,0,10.8198,0.994,44,1,2
0,0,0,12.8992,0.4452,40,1,5
0,1,-1,12.9715,-0.0,47,1,3
0,-1,-1,12.6115,0.0165,40,1,1
0,0,0,10.5966,0.5277,33,1,1
0,0,0,12.1007,0.7275,45,1,2
0,0,0,12.6115,0.2698,31,1,3
1,0,0,9.9035,0.8168,49,1,2
0,-1,-1,12.3458,0.0014,32,1,3
0,0,0,12.1007,0.9918,46,1,1
1,1,2,10.8198,0.393,36,1,2
0,0,0,11.9829,0.1047,37,1,1
0,-1,0,11.5129,0.0677,43,1,2
0,0,0,11.8494,0.9659,35,1,2
0,0,0,11.1563,0.9676,30,1,3
0,0,0,12.8992,0.1394,32,1,1
0,-1,-1,12.7068,0.0118,35,1,1
1,0,0,11.7753,0.7967,39,1,2
0,-2,-2,12.9239,0.0214,46,1,1
0,0,0,12.7657,0.043,36,1,2
0,0,0,12.7939,0.1148,35,1,1
0,-2,-2,11.4076,0.0021,41,1,2
0,-1,-1,11.5129,0.0039,46,1,2
0,0,0,12.2061,0.9655,36,1,2
1,0,0,9.9035,0.2852,38,1,2
0,0,0,12.3458,0.7409,35,1,2
0,0,0,9.9035,0.9382,31,1,2
1,3,2,11.7753,0.0023,31,1,2
0,0,0,11.9184,1.0013,32,1,3
0,-2,-2,11.9829,0.0183,31,1,1
0,3,2,9.9035,0.7778,30,1,2
0,0,0,11.7753,0.7905,48,1,1
1,2,-1,13.1022,0.0081,43,1,1
0,-1,-1,12.7939,0.0066,45,1,1
0,0,0,11.9184,1.1529,40,1,2
1,1,2,11.1563,0.2137,44,1,1
0,-2,-2,12.7939,0.0294,32,1,2
0,1,-1,13.1224,0.5422,37,1,1
0,-1,-1,12.4292,0.0096,38,1,2
0,0,0,10.8198,0.9201,38,1,2
0,0,0,12.4292,0.568,45,1,2
0,2,2,9.9035,0.7782,40,1,1
0,-2,-2,12.7939,0.0,33,1,3
0,0,0,11.2898,1.0115,41,1,2
0,0,0,11.8494,0.5197,44,1,1
1,0,0,11.8494,0.882,36,1,2
1,2,2,10.8198,1.4407,37,1,2
0,0,0,11.9829,0.906,34,1,2
0,0,0,10.8198,0.8328,49,1,2
0,2,2,12.2061,0.0054,41,1,2
1,1,2,11.2898,0.8381,38,1,1
0,-2,-2,11.8494,0.0,33,1,2
0,0,0,11.4076,0.865,34,1,2
0,0,0,10.5966,0.8666,47,1,2
0,1,2,9.2103,0.4437,38,1,2
0,0,0,13.1224,0.0532,33,1,2
0,0,0,12.9239,0.9682,41,1,1
0,0,0,9.9035,0.9556,49,1,2
0,1,-2,12.2061,0.0,37,1,1
0,0,0,10.8198,0.9914,32,1,1
0,-1,-1,11.9184,0.0322,44,1,1
1,-1,-1,12.1007,0.0061,49,1,1
0,1,-1,11.2898,0.0,33,1,3
0,0,0,12.6115,0.1676,34,1,2
1,2,2,11.9184,1.114,36,1,1
0,1,-2,12.3014,0.0,48,1,3
0,0,0,11.6952,0.7581,35,1,2
0,-1,-1,12.7939,0.0002,43,1,1
1,0,0,13.2177,0.8229,37,1,5
0,3,2,12.4684,0.9069,39,1,1
1,0,0,11.2898,0.1017,45,1,3
0,1,-2,11.9829,0.0,48,1,1
0,0,-1,12.1548,0.0339,48,1,2
0,-1,-1,12.4292,0.0156,44,1,1
0,0,0,10.309,0.7543,37,1,3
1,2,2,11.5129,0.2493,37,1,2
0,0,0,12.7657,0.0434,35,1,1
0,0,0,11.6952,0.2049,45,1,3
0,-2,-2,12.7657,0.0082,43,1,1
0,0,-1,12.7367,0.0294,49,1,2
0,-1,-1,12.7939,0.0077,39,1,1
0,-1,-1,12.9239,0.0985,47,1,2
0,0,0,12.0436,0.9581,42,1,2
0,0,0,11.6082,0.872,38,1,2
0,0,0,10.309,0.8023,51,1,3
0,0,0,12.2061,0.206,54,1,2
0,0,0,12.4292,1.0196,50,1,3
0,-1,-1,12.3884,0.1463,50,1,1
0,1,-2,12.2549,0.0,50,1,1
0,0,0,10.309,0.9514,52,1,3
0,0,0,10.309,0.4462,51,1,3
1,1,-2,10.5966,0.0,56,1,3
0,0,0,10.8198,0.47,55,1,3
1,0,0,10.8198,0.9411,50,1,2
0,0,0,9.9035,0.7062,50,1,2
1,2,2,9.9035,0.4072,52,1,3
1,0,0,12.3884,0.4108,51,1,2
0,0,0,11.6082,0.5121,52,1,3
0,0,0,11.4076,0.9647,52,1,2
0,0,0,11.6082,0.749,52,1,1
0,0,0,13.1224,0.7007,50,1,1
0,0,0,9.9035,0.9199,54,1,2
1,2,2,11.1563,0.587,50,1,3
1,1,-2,10.8198,0.0,51,1,3
1,0,0,11.6952,0.7392,53,1,3
0,0,0,10.8198,0.9269,60,1,2
0,0,0,9.9035,0.2759,50,1,2
0,0,0,10.309,0.9876,51,1,2
0,0,0,12.5776,0.9723,61,1,3
1,0,0,11.2898,1.0206,61,1,2
0,0,0,11.6082,1.0037,50,1,2
0,0,0,12.1548,0.7475,54,1,3
0,0,0,10.8198,1.1334,48,1,1
0,0,0,10.8198,0.766,51,1,3
0,2,0,9.9035,0.8145,52,1,3
0,-1,-1,11.6082,0.0035,57,1,3
0,0,0,12.7657,0.2375,50,1,2
1,0,0,11.0021,0.9578,52,1,3
0,2,2,9.9035,0.3726,59,1,3
0,0,-1,12.9715,0.0109,51,1,1
1,-2,-2,12.4684,0.0,51,1,2
1,1,2,11.8494,0.2251,52,1,2
0,-1,-1,12.7939,0.0052,50,1,1
0,-2,-2,12.5425,0.0201,50,1,2
0,0,0,9.2103,0.3664,50,1,2
0,0,0,12.5425,0.339,49,1,2
0,-1,-1,10.8198,0.0053,63,1,1
0,0,0,10.8198,0.7525,56,1,2
1,0,0,12.5425,0.9933,53,1,2
0,0,0,9.9035,0.9432,50,1,2
1,2,-1,11.2898,0.013,51,1,2
0,0,0,10.8198,0.9219,51,1,2
1,0,0,12.7939,0.9617,51,1,1
0,-2,-2,12.4684,0.0015,50,1,1
0,1,2,9.9035,0.8748,60,1,3
0,0,0,11.6082,0.4092,51,1,2
1,0,0,9.9035,0.9813,52,1,2
1,0,0,9.9035,3.0,55,1,5
0,0,0,11.1563,0.9994,60,1,1
1,1,2,10.309,0.1332,52,1,3
1,2,2,12.3458,0.0109,61,1,3
1,-1,-1,11.9829,0.0047,57,1,3
0,-1,-1,10.309,0.013,50,1,3
1,-2,-2,10.8198,0.0,52,1,3
0,-1,-1,12.2549,0.0084,47,1,3
0,0,0,10.8198,0.9272,60,1,3
1,3,3,11.9184,0.6515,55,1,1
0,-1,0,13.4,0.4308,55,1,1
0,1,2,11.5129,0.9982,47,1,2
0,0,0,13.4588,0.4012,50,1,2
1,2,2,12.6115,0.8173,50,1,1
0,-2,-2,12.6761,0.0588,50,1,1
0,1,-2,12.4292,0.0,50,1,1
0,-1,-1,11.9184,0.0055,50,1,1
1,1,-1,12.2061,-0.0334,50,1,1
1,0,0,10.8198,1.0143,52,1,3
0,0,0,12.6761,0.9171,52,1,1
0,0,0,9.9035,0.7481,51,1,3
0,-1,-1,12.0436,0.0113,64,1,2
1,1,2,10.8198,1.0151,52,1,2
0,-1,2,11.7753,0.0535,52,1,2
0,-2,-2,11.9184,0.0338,59,1,1
0,-2,-2,13.1224,0.0267,53,1,1
0,-1,-1,12.9239,0.0034,54,1,2
0,0,0,10.8198,1.4164,53,1,2
0,0,0,12.2061,0.72,66,1,6
0,0,0,12.3458,0.9055,55,1,3
1,0,0,9.9035,0.9582,53,1,3
0,-2,-2,12.6115,-0.0,53,1,3
0,0,0,9.9035,0.9536,57,1,3
0,0,0,12.8479,0.1576,55,1,1
1,2,2,11.9184,0.0966,57,1,2
0,1,2,9.9035,0.2698,53,1,2
0,0,0,11.7753,0.261,56,1,3
0,0,0,12.7657,0.7506,57,1,1
0,0,0,12.9945,0.9705,64,1,1
0,-1,-1,12.0436,0.0011,54,1,2
0,1,-1,11.1563,0.0039,67,1,1
0,-2,-2,12.5062,0.0341,58,1,1
0,0,0,13.1224,0.3956,59,1,2
0,0,0,12.2061,0.6789,60,1,3
0,0,0,12.5776,0.0737,55,1,3
0,0,0,10.8198,0.9618,54,1,1
1,1,2,9.9035,0.0736,57,1,3
0,0,0,11.2898,0.6237,56,1,3
0,0,0,11.1563,0.444,55,1,2
0,0,0,10.8198,0.9737,53,1,3
0,0,0,11.9829,0.9712,55,1,2
0,0,0,11.1563,1.0007,57,1,1
0,1,-2,12.3458,0.0,59,1,1
0,0,0,12.1007,0.0679,70,1,2
0,5,4,9.9035,0.9988,56,1,2
0,0,0,12.7657,0.3052,70,1,1
0,-1,0,11.1563,0.2958,54,1,2
0,0,0,9.9035,1.886,54,1,2
0,0,0,12.1007,0.4976,56,1,2
0,0,0,12.6761,0.8569,56,1,3
0,2,0,10.8198,0.3589,53,1,2
0,0,0,10.8198,0.9779,56,1,2
1,-1,-1,12.1007,0.0381,55,1,2
0,-1,2,11.7753,0.006,55,1,2
0,-1,-1,9.9035,0.0085,57,1,3
0,0,0,13.1224,0.2162,54,1,2
0,-1,-1,10.8198,0.0076,58,1,2
0,0,0,13.5411,0.589,54,1,3
1,3,2,9.9035,0.657,55,1,2
0,-1,-1,12.2061,0.1121,54,1,1
0,-2,-2,13.1224,-0.0064,59,1,2
0,-1,-1,11.1563,0.018,54,1,1
1,2,2,10.8198,0.9711,54,1,2
0,0,0,13.4298,0.8361,64,1,2
0,-1,0,12.5776,0.0172,53,1,2
0,-1,-1,13.017,0.039,53,1,1
0,0,0,12.8213,0.0222,68,1,1
0,0,-1,11.2898,0.1191,53,1,1
0,0,0,10.5966,2.1828,57,1,1
0,1,2,11.0021,1.0083,54,1,1
0,-1,-1,12.6115,0.0454,58,1,1
0,0,-1,12.9715,0.0085,69,1,1
0,2,2,12.1548,0.9831,67,1,3
0,-1,-1,12.2061,0.0063,65,1,2
1,1,2,11.9184,0.1597,54,1,1
1,-2,-2,12.2061,0.0,58,1,1
0,0,0,10.8198,1.1052,58,1,1
0,-2,-2,12.6115,0.0473,55,1,1
0,1,-1,13.0815,-0.0,53,1,2
0,0,0,12.5776,0.9362,53,1,3
1,1,-1,12.7939,-0.0008,54,1,1
0,0,0,11.6082,0.8544,56,1,2
0,-1,-1,12.3014,0.0017,27,2,1
1,2,2,11.6952,0.6848,59,2,2
1,0,0,10.8198,0.129,26,2,3
0,0,0,11.1563,0.9625,37,2,2
0,0,0,10.309,0.9909,35,2,2
0,0,0,11.0021,0.2178,32,2,2
1,0,0,11.6082,0.3201,28,2,2
0,-1,-1,10.309,0.0494,30,2,3
0,0,0,11.0021,0.8958,34,2,3
0,-1,-1,11.0021,0.016,26,2,1
0,1,2,10.309,0.5568,24,2,2
0,0,0,11.0021,1.0056,49,2,3
0,0,0,12.1007,0.2338,26,2,4
0,0,0,12.3884,0.2745,34,2,2
0,-1,-1,12.3014,0.0406,30,2,1
0,-1,-1,11.5129,0.0039,35,2,3
0,-1,0,12.1007,0.026,27,2,1
0,0,0,11.8494,0.9194,26,2,2
1,1,2,11.0021,0.4258,27,2,2
0,0,0,11.4076,0.6614,56,2,3
1,2,0,10.8198,0.3311,27,2,2
0,0,0,12.5776,0.4334,28,2,1
0,-2,-2,12.8992,0.0164,47,2,1
0,0,0,11.0021,0.7029,35,2,2
0,0,0,11.0021,0.1742,29,2,2
1,-2,-2,12.1007,0.0,29,2,2
0,0,0,11.7753,0.9885,24,2,2
1,2,0,11.6082,0.7738,24,2,1
0,0,0,11.9829,0.1519,35,2,2
0,1,-1,13.1224,-0.0001,25,2,1
0,-1,-1,11.9829,0.0333,26,2,1
0,1,-1,11.2898,0.0,29,2,1
0,0,-1,11.1563,0.1717,28,2,1
0,0,0,11.7753,0.8219,27,2,5
0,0,0,9.9035,0.2686,23,2,3
1,1,2,11.4076,1.0522,27,2,3
0,0,0,10.309,0.1616,24,2,1
1,0,0,12.7939,0.9851,25,2,2
0,0,0,11.9184,0.7127,30,2,2
1,0,0,12.7939,0.9969,26,2,2
0,-1,0,11.9829,0.0216,29,2,1
0,0,0,11.6952,0.2208,51,2,3
0,0,0,11.9829,0.5188,25,2,2
0,0,0,12.1548,0.0772,27,2,1
0,0,0,11.6082,0.5911,28,2,1
0,0,0,12.5776,1.0064,26,2,2
0,1,-1,9.9035,0.0,24,2,1
0,1,-1,12.2061,0.0,28,2,1
0,-1,-1,12.9945,0.0018,30,2,1
1,2,2,11.1563,0.6231,27,2,1
0,0,0,11.9829,0.2475,24,2,2
0,-1,-1,11.6952,0.0012,30,2,2
0,2,0,9.9035,0.8179,22,2,3
0,-2,-2,12.6443,0.0032,27,2,1
0,0,0,11.2898,0.1876,29,2,3
0,1,2,12.1007,0.4305,29,2,2
1,0,0,12.4292,0.7077,28,2,1
1,0,0,12.1007,0.0446,24,2,2
1,2,0,11.7753,0.9296,29,2,2
0,-1,-1,12.7068,0.0215,27,2,3
0,0,0,12.6443,0.4361,29,2,2
0,0,0,11.1563,0.3999,25,2,1
1,2,2,10.309,0.6291,29,2,2
1,2,0,12.5776,0.3885,29,2,2
1,2,0,12.4684,0.0731,29,2,1
0,0,0,12.4292,0.7493,26,2,1
1,1,-2,11.6952,0.0,28,2,2
0,0,0,12.3458,0.724,26,2,1
0,0,0,12.8739,0.9616,27,2,1
0,-2,-2,10.309,0.0145,28,2,2
1,1,2,10.8198,0.9824,26,2,2
0,0,0,12.1007,0.2753,28,2,1
0,0,0,13.1224,0.7349,34,2,2
0,-1,-1,10.8198,0.0493,29,2,1
0,0,-1,11.2898,0.1054,28,2,2
0,0,0,13.039,0.0555,28,2,2
0,0,0,11.9184,0.0237,28,2,3
0,0,0,10.8198,0.9658,27,2,2
0,-1,-1,9.9035,0.2944,27,2,1
0,0,0,12.7657,0.0403,33,2,1
1,-1,4,9.9035,0.9958,24,2,2
0,-1,-1,12.8992,0.0095,29,2,1
0,0,0,13.1022,0.0982,35,2,2
0,-1,-1,12.5425,0.0021,30,2,1
0,-1,0,10.8198,0.9714,23,2,2
1,2,2,9.9035,0.9946,24,2,2
0,0,0,11.4076,0.5176,27,2,1
0,-1,-1,11.9184,0.0109,29,2,1
0,0,0,11.1563,0.5332,28,2,1
0,-1,-1,12.3458,0.0062,30,2,1
0,-1,0,12.2061,0.0167,29,2,2
0,0,0,13.1224,0.3648,28,2,2
0,-2,-2,11.9829,0.006,28,2,2
1,-1,-1,12.4292,0.0016,29,2,2
1,0,0,11.0021,0.9616,27,2,2
0,-1,-1,12.1007,0.0216,25,2,2
0,0,0,13.1224,0.0608,34,2,1
0,1,3,10.8198,1.0441,25,2,2
0,-2,-2,11.8494,0.0,30,2,2
0,0,0,13.039,0.0464,28,2,1
1,0,0,11.9829,0.1915,39,2,2
0,1,-2,10.8198,0.0,29,2,1
0,0,0,11.6082,0.9428,26,2,1
0,0,0,11.5129,0.6574,24,2,2
0,0,0,11.2898,0.2479,29,2,1
0,-2,-2,12.3458,0.0129,27,2,1
0,0,0,12.5425,0.0317,38,2,2
1,3,4,9.9035,1.1176,22,2,2
1,2,0,10.309,1.0108,22,2,2
1,6,5,10.309,1.348,23,2,2
0,0,0,10.309,0.3403,23,2,1
1,2,-1,10.309,0.0243,23,2,2
0,-1,0,11.6082,0.8266,24,2,2
0,2,2,10.309,0.9506,25,2,2
0,0,0,12.3014,0.9774,25,2,2
0,1,-2,9.9035,0.0,26,2,2
0,2,2,11.0021,0.9315,26,2,2
0,-1,-1,11.4076,0.0122,48,2,3
0,0,0,11.5129,0.9291,30,2,1
0,0,0,11.1563,0.7557,33,2,2
0,0,0,12.2549,0.1916,28,2,2
0,0,0,10.8198,1.0283,22,2,2
0,1,2,10.8198,0.0822,22,2,1
1,-1,3,9.9035,0.901,22,2,2
1,2,-1,11.7753,0.0102,23,2,3
0,1,-2,12.7939,0.0,44,2,1
0,0,0,12.2061,0.6739,26,2,1
0,0,0,11.7753,0.1823,35,2,1
0,0,0,11.5129,0.0658,23,2,2
0,0,0,11.2898,0.9676,22,2,2
1,3,2,11.0021,1.026,22,2,2
0,0,0,10.8198,1.0123,23,2,2
1,1,2,9.2103,0.5699,23,2,2
1,2,2,10.309,0.9196,23,2,3
0,0,0,10.8198,0.52,23,2,2
1,2,2,10.8198,0.0907,22,2,1
1,-1,2,10.309,0.3741,22,2,2
0,0,0,10.8198,0.2394,22,2,2
0,0,0,11.1563,0.9853,22,2,2
1,-1,2,9.9035,0.6415,22,2,1
0,0,0,10.309,0.6501,22,2,2
0,0,0,10.309,0.8278,24,2,2
0,0,0,11.2898,0.2152,24,2,2
0,0,0,11.7753,0.0279,24,2,1
0,-1,-1,9.2103,0.9438,23,2,2
0,0,0,11.1563,0.2117,23,2,3
0,0,0,9.9035,0.952,21,2,2
0,1,-1,9.9035,0.0,22,2,2
0,2,2,10.309,0.8291,22,2,2
0,-2,-2,10.8198,0.05,22,2,3
0,-1,-1,9.9035,0.0198,24,2,2
1,2,0,11.0021,0.7734,22,2,2
0,-1,-1,10.8198,0.018,23,2,2
0,0,0,9.9035,0.9729,22,2,1
0,0,0,10.309,0.6586,22,2,2
1,1,2,9.9035,0.7798,23,2,2
0,2,0,9.2103,0.3413,23,2,1
0,0,0,10.8198,1.0163,22,2,1
0,0,0,11.1563,0.9218,22,2,1
0,0,0,9.9035,0.7351,23,2,3
0,1,-1,10.8198,0.2838,23,2,2
0,2,0,10.309,0.9332,23,2,2
0,0,0,10.8198,0.9924,22,2,2
0,3,2,10.309,1.0017,23,2,3
0,1,2,11.2898,0.8574,23,2,2
0,0,0,10.8198,0.6529,23,2,3
0,-1,0,9.9035,0.8291,24,2,1
0,0,0,10.309,0.8792,25,2,1
1,2,0,11.2898,0.8702,25,2,1
0,-1,-1,11.8494,0.2148,25,2,1
0,-1,0,12.2549,0.5679,26,2,2
0,0,0,12.2061,1.0042,26,2,1
0,1,2,9.9035,0.7322,22,2,2
1,2,2,10.309,1.0175,22,2,2
0,0,0,11.9184,0.0755,23,2,3
0,0,0,11.0021,0.5856,24,2,1
0,0,0,9.9035,0.5054,21,2,2
0,0,0,11.9184,0.7986,25,2,1
0,-1,-1,11.1563,0.0184,25,2,1
1,0,0,11.0021,1.091,30,2,2
1,1,2,10.309,1.0127,23,2,3
0,0,0,12.7068,0.0925,31,2,2
1,3,2,9.9035,0.0825,22,2,3
0,-1,-1,12.1007,0.0065,35,2,2
0,0,0,9.9035,1.1904,23,2,1
0,0,0,11.7753,0.1117,24,2,2
1,0,0,10.309,0.957,25,2,2
0,0,0,10.309,0.9254,22,2,2
0,-2,-2,13.1224,0.0006,37,2,1
0,0,0,13.017,0.2409,38,2,1
0,0,0,10.8198,0.8919,22,2,2
0,0,0,11.0021,0.9782,24,2,2
0,1,-2,11.7753,0.0,22,2,2
0,0,0,12.5425,0.4965,25,2,2
0,0,0,11.5129,0.0709,26,2,2
0,0,0,11.0021,0.9634,24,2,1
0,-1,-1,11.2898,0.0022,25,2,1
0,1,-1,11.7753,0.0,27,2,1
0,0,0,10.309,0.3232,21,2,2
0,1,2,10.8198,0.7727,22,2,2
1,0,0,10.8198,0.8727,23,2,2
1,2,2,10.8198,0.1457,23,2,3
1,0,0,11.4076,1.0056,23,2,2
0,-2,-2,11.1563,-0.0003,23,2,1
0,0,0,11.6082,0.7307,25,2,2
0,0,0,11.2898,1.0185,25,2,2
0,0,0,10.8198,0.9994,23,2,3
0,-1,0,11.7753,0.1033,23,2,2
0,-1,-1,11.7753,0.0566,24,2,1
1,0,0,11.0021,0.4713,24,2,2
0,-2,-2,11.8494,0.0,24,2,3
0,1,2,11.6082,0.6562,24,2,2
1,1,2,11.5129,0.0713,24,2,2
0,0,0,9.9035,0.88,24,2,2
0,0,0,11.4076,0.9956,24,2,2
0,0,0,10.8198,0.9287,24,2,2
0,-1,0,10.309,0.0504,24,2,2
1,-1,-1,11.7753,0.0045,23,2,2
0,-1,-1,10.8198,0.0078,26,2,2
0,0,0,11.2898,0.9984,23,2,2
0,0,0,10.8198,0.434,23,2,2
0,0,0,11.7753,0.6057,24,2,1
0,-1,-1,9.9035,0.0195,24,2,1
0,-2,-2,11.6952,0.0,24,2,1
0,1,2,9.9035,0.487,24,2,2
0,0,0,11.2898,0.164,24,2,2
0,0,0,10.8198,0.7174,24,2,1
0,0,0,11.5129,0.7602,24,2,1
0,0,0,11.1563,0.1851,24,2,2
0,-1,-1,11.4076,0.0863,25,2,2
0,1,2,12.5425,0.024,25,2,2
0,-1,0,12.8992,0.0072,26,2,1
0,0,0,11.7753,0.8747,26,2,3
1,0,0,10.309,0.8326,22,2,5
1,2,0,10.8198,0.5009,23,2,3
1,1,2,11.2898,0.2722,23,2,2
0,2,2,10.8198,0.4946,22,2,3
0,1,2,9.2103,0.8356,23,2,1
0,0,0,11.4076,0.9288,24,2,2
1,3,2,10.8198,0.1701,24,2,1
0,-1,-1,11.5129,0.0359,24,2,2
1,2,0,11.4076,1.0041,25,2,2
0,0,0,11.5129,0.4008,25,2,1
0,-2,-2,12.6443,0.001,26,2,1
0,1,2,12.2549,0.0346,26,2,1
0,-2,-2,12.7367,-0.0,25,2,2
1,2,0,10.309,0.9153,25,2,2
1,2,2,11.1563,0.9655,25,2,2
0,-2,-2,13.017,0.0,25,2,1
0,0,0,11.6082,1.0119,26,2,1
0,-1,-1,10.309,0.1254,26,2,2
1,1,2,9.2103,0.622,26,2,2
0,0,0,10.8198,0.9878,26,2,1
0,-1,-1,11.6952,0.1088,27,2,1
0,0,0,12.2549,0.1013,27,2,1
0,-2,-2,12.4684,0.0034,27,2,2
0,0,0,12.6115,0.6116,27,2,1
0,0,0,11.9829,0.6028,27,2,1
0,0,0,10.309,0.2825,27,2,2
0,2,2,11.6952,1.0127,22,2,2
0,0,0,11.1563,0.9773,23,2,2
0,-1,-1,11.4076,0.0337,23,2,1
0,0,0,11.0021,0.9612,24,2,2
0,0,0,11.0021,0.3751,24,2,1
0,0,0,10.8198,0.9954,22,2,1
0,-1,-1,11.5129,0.0436,23,2,1
0,0,0,10.8198,0.6997,24,2,2
1,3,2,9.9035,0.0161,24,2,2
0,0,0,11.2898,0.4263,24,2,1
0,0,0,12.6115,0.9796,26,2,5
0,-1,-1,11.5129,0.0089,23,2,2
1,0,0,11.8494,1.002,25,2,2
1,2,0,11.2898,0.8997,23,2,2
0,0,0,11.0021,0.511,23,2,3
0,1,-1,12.3458,-0.0001,23,2,2
0,0,0,11.6952,0.3913,25,2,2
0,0,0,10.8198,0.9754,23,2,1
0,0,0,11.0021,0.9878,24,2,1
0,-2,-2,10.8198,1.0019,24,2,2
0,0,0,12.2549,0.0371,25,2,2
0,0,0,11.4076,0.1456,23,2,2
0,0,0,9.9035,0.9702,24,2,1
0,0,0,11.7753,0.269,22,2,2
0,0,0,9.9035,0.8326,22,2,2
0,0,0,11.4076,0.1592,24,2,2
0,-1,-1,10.309,0.7742,23,2,1
0,0,0,10.309,0.9074,23,2,2
0,1,-2,11.9184,0.0,24,2,2
1,0,0,9.9035,1.0466,24,2,1
0,0,0,11.2898,0.7902,25,2,3
0,0,0,10.5966,0.8521,25,2,2
0,-2,-1,12.3884,0.0245,27,2,1
0,0,0,11.5129,1.5233,27,2,5
0,1,-2,11.5129,0.0,30,2,1
0,-2,-2,11.9184,0.0,25,2,3
0,0,0,12.5062,0.0836,25,2,2
0,0,0,12.8992,0.0891,24,2,2
0,0,0,10.8198,0.7631,25,2,1
0,-1,2,11.2898,0.0032,25,2,1
0,0,0,9.9035,0.206,25,2,2
0,0,-1,12.3884,0.8282,25,2,3
1,2,0,11.1563,0.273,25,2,2
0,2,0,10.8198,0.9502,26,2,2
0,0,0,11.1563,0.653,23,2,1
0,-2,-2,12.0436,0.5039,24,2,5
0,1,3,11.6082,1.0661,26,2,3
0,0,0,11.5129,0.9853,26,2,1
1,3,2,9.2103,0.7067,23,2,1
0,1,3,12.3458,0.0229,23,2,2
0,-1,-1,12.3458,0.022,23,2,2
0,0,0,11.0021,0.7286,23,2,2
0,0,0,10.8198,0.3595,23,2,3
0,0,0,11.6082,0.4577,23,2,1
0,0,0,12.1007,0.5713,42,2,3
0,-1,-1,11.2898,0.0049,24,2,2
1,1,2,10.309,0.8398,24,2,2
0,1,2,10.8198,1.0032,24,2,3
0,1,-1,12.1548,0.0,26,2,1
0,0,0,11.6952,0.7263,26,2,2
0,0,0,10.309,0.9468,21,2,2
0,0,0,9.9035,0.9691,21,2,2
0,0,0,11.0021,0.9581,22,2,1
0,0,0,9.9035,0.8468,22,2,1
1,0,0,10.8198,1.9452,23,2,2
0,2,3,10.309,0.8804,26,2,3
0,0,0,11.9184,0.3917,27,2,2
1,2,2,10.8198,1.0069,22,2,1
0,0,0,12.2549,0.8452,26,2,2
0,0,0,11.7753,0.1914,25,2,3
0,1,-2,10.8198,0.0,26,2,2
0,-1,0,12.2061,0.1647,26,2,1
0,-1,-1,12.1007,0.0264,26,2,1
1,0,0,12.1548,0.9185,26,2,1
0,0,0,11.9829,0.8329,24,2,3
0,-1,-1,11.7753,0.0343,23,2,1
0,-2,-2,10.8198,0.0061,23,2,1
0,0,0,10.309,0.9628,21,2,3
0,-1,0,9.9035,0.2228,23,2,1
0,0,0,11.6082,0.3375,23,2,2
1,2,0,10.8198,1.1479,24,2,3
1,2,2,10.8198,0.901,24,2,1
0,0,0,11.2898,1.0089,23,2,2
1,0,0,9.9035,0.8252,24,2,2
0,0,0,9.9035,0.8196,24,2,2
0,-2,-2,11.9184,0.0,23,2,1
0,0,0,10.8198,0.9069,23,2,1
0,0,0,9.9035,0.2638,24,2,1
0,1,2,11.7753,0.976,23,2,1
0,-1,-1,11.7753,0.028,25,2,2
0,0,0,11.0021,0.8779,24,2,2
0,0,0,11.6082,0.0552,24,2,2
0,1,2,11.2898,0.0921,22,2,2
0,0,0,10.8198,0.8049,24,2,1
0,0,0,11.2898,0.9391,24,2,2
0,-2,-2,11.9184,0.0283,24,2,1
0,1,2,10.8198,1.0158,24,2,1
0,0,0,12.5062,0.6836,25,2,2
0,0,0,12.1007,0.0379,23,2,1
0,-2,-2,11.2898,0.0,24,2,1
1,0,0,10.8198,0.9679,24,2,2
1,-1,-1,12.2549,0.0051,24,2,2
0,0,0,11.4076,0.1417,24,2,2
0,0,-1,11.7753,0.0763,24,2,1
0,-2,-2,11.0021,0.0941,24,2,2
0,0,0,12.6761,0.2007,24,2,1
0,1,-1,11.7753,0.0,25,2,1
0,0,0,12.1007,0.6057,25,2,2
0,0,0,11.5129,0.98,25,2,3
0,-2,-2,11.2898,0.0,25,2,2
1,-1,-1,11.4076,0.0156,25,2,4
0,0,0,12.6443,0.4532,25,2,1
0,2,2,12.7939,0.0045,25,2,2
0,0,0,12.1007,0.3348,26,2,1
0,-2,-2,10.5966,0.1312,24,2,1
1,2,-1,9.9035,0.0508,24,2,1
0,0,0,11.4076,0.9602,24,2,2
0,-1,-1,12.2549,0.0133,25,2,2
0,0,0,12.1007,0.0633,25,2,2
1,0,0,12.3014,0.2163,25,2,2
0,0,0,11.9184,1.0077,25,2,1
0,0,0,10.8198,0.3747,25,2,2
1,1,-1,9.9035,0.126,25,2,1
0,0,0,11.7753,0.4259,25,2,1
0,0,-1,12.2061,0.6822,25,2,1
0,0,0,12.6761,0.2078,25,2,3
0,1,-2,11.4076,0.0,25,2,2
1,-1,-1,11.9829,0.0502,25,2,2
0,1,2,12.2549,0.0266,26,2,1
0,-2,-2,12.7939,0.0076,26,2,1
1,2,2,12.3014,0.3639,26,2,2
0,1,-2,12.2061,0.012,25,2,1
0,0,0,11.0021,2.8423,27,2,4
0,0,0,10.309,0.923,24,2,2
0,0,0,10.8198,0.9758,24,2,3
0,0,0,11.4076,0.1617,25,2,1
0,0,0,11.6082,0.3468,25,2,2
0,0,0,11.8494,0.9551,25,2,2
0,-1,-1,12.2061,0.0115,25,2,2
0,0,0,10.309,0.8938,25,2,2
0,-1,-1,10.8198,0.0639,25,2,1
1,2,2,10.8198,0.8192,25,2,1
0,0,0,10.8198,0.0941,25,2,1
0,-1,-1,11.2898,0.0094,24,2,3
0,0,0,12.3884,0.1104,25,2,4
1,0,0,11.6952,0.8885,25,2,3
0,-2,-2,12.2061,0.0267,26,2,1
0,0,0,11.8494,0.1549,26,2,1
0,0,0,12.7939,0.0618,26,2,2
0,0,0,11.1563,0.5951,26,2,2
1,2,0,12.0436,0.6539,26,2,2
1,2,0,11.8494,1.0286,26,2,3
1,3,2,9.9035,0.8845,24,2,2
0,0,0,10.8198,0.2597,24,2,1
0,0,0,11.6082,0.8394,25,2,1
0,1,-2,12.1007,0.0,26,2,2
1,2,0,11.4076,0.8628,25,2,2
0,0,0,11.6952,0.9627,26,2,1
0,0,0,11.8494,0.4508,26,2,1
1,0,0,12.5776,0.9052,26,2,2
0,0,0,12.6443,0.0377,26,2,1
0,0,0,10.309,0.1271,27,2,1
0,-1,-1,12.2061,0.0039,25,2,1
0,-1,2,12.1007,0.0096,26,2,3
0,0,0,11.6952,0.4694,24,2,2
0,-1,-1,12.5776,0.0383,25,2,1
0,0,0,11.4076,1.0174,26,2,3
0,0,0,12.4684,0.5583,26,2,1
0,-2,-1,12.3458,0.0038,26,2,1
0,-1,-1,12.5062,0.0337,27,2,1
0,-1,-1,12.5425,0.0412,29,2,2
1,1,-2,11.6082,0.0,27,2,2
0,-1,-1,11.0021,0.0188,27,2,1
0,0,0,11.1563,1.0121,27,2,1
1,2,0,11.5129,1.0143,27,2,2
0,0,0,11.8494,0.8985,27,2,2
1,0,0,10.8198,0.685,22,2,2
0,0,0,11.2898,0.9308,23,2,1
0,0,0,10.5966,1.0212,24,2,5
1,0,0,11.8494,0.9674,24,2,2
0,0,0,12.2061,0.0966,24,2,2
0,1,2,10.8198,0.3291,24,2,2
0,0,0,11.2898,0.518,24,2,2
0,0,0,12.5062,0.0845,26,2,2
1,0,0,11.1563,0.9966,27,2,2
0,0,0,12.2061,0.0587,25,2,1
1,0,0,12.0436,0.1538,25,2,2
0,0,0,12.948,0.0552,25,2,2
1,2,0,10.8198,0.5175,26,2,1
0,0,0,11.8494,0.8911,27,2,2
0,-1,0,11.7753,0.1499,27,2,1
0,-1,-1,12.5062,0.0051,27,2,1
0,0,0,11.2898,1.0223,27,2,5
0,1,2,11.9829,0.2927,26,2,2
1,0,0,11.7753,1.0024,26,2,2
0,0,0,11.9829,0.6288,27,2,2
0,0,0,12.1007,0.9617,27,2,2
0,1,-1,12.1007,0.0,27,2,1
0,0,0,12.2549,0.0224,27,2,3
0,0,0,11.9184,0.1405,26,2,3
0,-2,-2,12.7939,0.0042,26,2,1
0,0,0,13.0605,0.0577,26,2,2
0,0,0,10.5966,0.8391,27,2,1
0,0,0,12.2061,1.006,27,2,1
0,0,-1,11.9184,0.0533,27,2,1
1,0,0,11.4076,0.7325,25,2,2
0,1,2,11.0021,0.7994,26,2,2
0,-1,-1,11.2898,0.0578,26,2,1
0,0,0,11.9829,0.082,26,2,1
0,1,-2,11.7753,0.0,27,2,1
0,0,0,11.1563,1.0036,26,2,3
0,-1,-1,12.0436,0.0087,24,2,2
0,0,0,10.8198,0.0881,25,2,2
0,0,0,11.5129,0.0756,25,2,1
0,1,-2,11.7753,0.0,27,2,1
0,0,0,11.0021,0.94,23,2,2
0,0,0,12.5776,0.4849,25,2,2
0,1,-1,10.8198,0.0,26,2,2
0,0,0,11.8494,0.2062,24,2,1
0,0,0,11.6952,0.0281,24,2,1
0,0,0,12.1548,0.6085,26,2,2
0,2,-1,10.309,0.0058,22,2,2
0,-1,-1,11.9829,0.0024,26,2,3
0,1,-1,12.3458,0.0,26,2,4
0,0,0,11.7753,0.9598,27,2,3
0,0,0,12.7367,0.5751,27,2,1
1,2,0,12.3458,0.4406,28,2,1
0,0,0,11.4076,0.3704,25,2,1
0,0,0,12.6115,0.2114,26,2,2
1,0,0,11.6082,0.4733,25,2,2
0,0,0,11.8494,0.2728,25,2,1
1,0,0,12.1007,0.0208,26,2,2
1,1,2,11.1563,0.7458,26,2,1
0,0,0,12.1007,0.6539,27,2,2
0,-1,-1,11.9184,0.0521,27,2,2
0,0,0,10.309,0.9116,27,2,2
0,0,-1,12.3458,0.0623,25,2,2
0,1,-1,12.1007,0.0,27,2,2
0,0,0,11.9184,0.4077,27,2,2
0,0,0,10.5966,0.7731,27,2,1
1,0,0,10.5966,0.9251,27,2,1
1,2,2,11.6952,0.9446,27,2,2
0,0,0,11.8494,0.1071,27,2,1
0,-1,-1,11.2898,0.0062,27,2,1
0,-1,-1,12.948,0.0372,27,2,1
0,-1,-1,12.1007,0.0199,27,2,3
0,0,0,11.4076,0.8205,27,2,2
0,-2,-2,12.7068,0.0,27,2,2
0,0,0,12.4684,0.2764,27,2,2
0,-1,-1,12.2061,0.0056,27,2,2
0,0,0,10.309,0.659,23,2,2
0,0,0,12.6115,0.0549,24,2,2
0,0,0,11.7753,0.1237,24,2,1
0,-1,0,10.309,0.0764,22,2,2
1,1,2,10.309,0.3725,23,2,2
0,0,0,11.7753,0.7853,23,2,1
0,0,0,12.1548,0.9914,28,2,2
1,3,2,12.3458,0.0047,23,2,2
0,-1,0,10.8198,0.3725,24,2,2
0,0,0,11.1563,0.117,24,2,2
1,0,0,10.8198,1.1802,25,2,2
1,0,-1,11.0021,0.7898,24,2,1
0,-2,-2,11.9184,0.2414,25,2,2
0,0,0,12.3884,1.0018,27,2,2
0,0,0,11.6082,0.4582,25,2,2
0,0,0,11.6082,0.9818,26,2,2
0,0,0,10.8198,0.9572,25,2,2
0,-2,-2,12.2549,0.0509,29,2,1
0,-1,-1,11.9829,0.0241,28,2,1
0,0,0,11.6952,0.0309,29,2,1
0,0,0,11.7753,1.008,27,2,5
0,0,0,12.0436,0.9933,27,2,2
0,0,0,11.6952,0.2936,27,2,1
0,1,-2,12.0436,0.0,27,2,1
0,0,0,12.5776,0.8293,27,2,2
0,-1,-1,11.1563,0.0022,27,2,1
0,0,0,11.8494,0.9734,27,2,2
1,1,2,12.1007,0.0327,27,2,1
0,-1,-1,12.2061,0.0059,27,2,1
1,0,0,11.4076,1.0886,27,2,2
0,0,0,11.2898,0.6617,27,2,2
0,-1,-1,11.7753,0.0259,27,2,1
0,-1,-1,9.9035,0.0096,27,2,2
1,-2,-2,12.2061,0.0213,27,2,1
0,-1,-1,12.2061,0.0664,27,2,2
1,1,-2,11.6952,0.0,27,2,2
0,0,-1,11.0021,0.1201,28,2,3
0,0,0,12.7367,0.0054,28,2,3
1,-1,2,11.9184,0.0069,28,2,1
0,-1,-1,11.9829,0.0026,28,2,3
0,0,0,12.2061,0.2647,28,2,1
1,0,0,10.8198,0.8633,28,2,3
1,-2,-2,12.0436,0.0006,27,2,1
0,0,0,12.5425,0.3907,27,2,2
0,0,0,12.5062,0.7747,26,2,1
0,-1,-1,11.6952,0.0099,27,2,2
0,-1,-1,12.5425,0.0235,27,2,1
0,0,0,10.8198,0.619,27,2,1
0,-2,-2,12.2061,0.0,28,2,1
1,0,0,10.8198,0.9451,27,2,2
0,0,-1,11.9184,0.0408,28,2,1
1,3,2,10.8198,0.047,28,2,3
0,-1,-1,11.9184,0.0101,27,2,2
0,-2,-2,11.9184,-0.0247,27,2,1
0,-1,-1,11.4076,0.2075,27,2,2
0,0,0,13.1224,0.1872,28,2,1
0,0,0,12.6115,1.0924,28,2,2
0,0,0,12.3884,0.9752,28,2,2
0,0,0,11.6952,0.4042,28,2,2
0,-2,-2,11.6952,0.0134,28,2,2
0,0,0,12.8739,0.3227,28,2,1
0,0,0,12.2061,0.0287,28,2,2
0,0,0,11.2898,0.8801,24,2,2
1,2,2,9.9035,0.6246,23,2,2
0,0,0,10.8198,0.5347,24,2,2
1,2,0,11.1563,0.6647,25,2,2
0,0,0,12.0436,0.9965,24,2,2
0,2,2,11.2898,0.9637,25,2,2
0,0,0,12.6443,0.394,27,2,2
0,0,0,12.3458,0.6346,27,2,1
0,0,0,9.9035,0.9416,27,2,2
0,1,2,12.5062,0.9373,27,2,2
1,-1,2,12.3458,0.0268,27,2,3
0,0,0,12.3458,0.0342,28,2,2
0,0,0,12.2061,0.2942,28,2,1
0,-1,-1,10.309,0.2811,28,2,3
1,0,0,12.6115,0.9195,28,2,2
0,-1,-1,13.1224,0.0322,29,2,1
0,1,-1,12.0436,0.0,29,2,1
0,-1,-1,12.2061,0.0928,29,2,2
0,0,0,13.1224,0.0662,29,2,1
0,0,0,10.8198,1.0006,29,2,2
0,-1,2,11.9184,0.0173,29,2,1
0,0,0,11.5129,0.4711,29,2,2
0,0,0,11.9184,0.1657,26,2,1
0,0,0,12.0436,0.1334,26,2,1
0,0,0,11.5129,0.4271,27,2,2
0,-2,-2,11.9829,0.0065,27,2,1
0,0,0,11.4076,0.4114,27,2,1
0,0,0,12.1548,0.5112,27,2,2
0,0,0,12.2061,0.3097,28,2,2
0,0,0,10.8198,1.134,28,2,2
0,-2,-2,12.4684,-0.0001,28,2,1
0,0,-1,12.4292,0.0827,29,2,2
0,-2,-1,12.3458,0.0164,29,2,1
0,-1,0,12.3884,0.1196,26,2,1
1,0,0,11.6082,1.005,27,2,1
0,1,-2,11.0021,0.0,27,2,1
0,0,0,11.2898,0.5297,24,2,1
0,0,0,12.3458,0.4839,28,2,2
0,0,-1,12.2549,0.0355,28,2,1
1,2,2,11.5129,0.7246,28,2,2
1,2,2,10.8198,0.9657,29,2,2
0,0,0,10.8198,0.8478,27,2,2
1,-1,0,10.5966,0.6756,27,2,1
0,0,0,11.4076,0.0376,24,2,2
0,0,0,11.1563,0.5124,25,2,1
0,0,0,10.309,0.6702,26,2,2
0,-1,-1,12.0436,0.0016,27,2,1
0,0,0,11.2898,1.039,27,2,2
0,0,0,11.8494,0.1146,27,2,2
0,0,0,10.309,0.1764,25,2,2
1,0,0,10.5966,0.6533,25,2,2
0,1,-2,10.8198,0.0,26,2,1
0,0,0,12.3458,0.0115,26,2,2
0,1,-1,11.0021,0.0,27,2,1
0,0,0,11.0021,1.0387,27,2,1
0,0,0,12.4292,0.1878,29,2,2
0,0,0,12.3884,0.1747,29,2,1
0,0,0,12.6443,0.5696,28,2,1
0,0,0,12.6761,0.9159,28,2,1
0,0,0,9.9035,0.6016,28,2,1
0,0,0,12.6115,0.0343,28,2,1
0,0,0,10.8198,0.201,28,2,2
0,0,0,13.2534,0.0591,28,2,1
0,0,0,11.9829,0.7418,28,2,1
0,-1,-1,12.3458,0.0328,28,2,2
0,0,0,12.4292,0.1827,28,2,1
0,0,0,11.2898,0.9674,28,2,2
0,-1,-1,11.0021,0.0066,28,2,3
0,0,0,11.4076,0.1954,24,2,5
0,-1,-1,11.9184,0.0555,25,2,1
0,0,0,11.4076,0.2867,25,2,3
0,1,-2,11.9184,0.0,25,2,1
0,0,0,11.9184,0.3522,24,2,1
0,0,-1,12.8992,0.0314,25,2,3
0,0,0,12.2061,0.9944,25,2,1
0,0,0,12.2549,0.3167,25,2,1
1,-1,2,11.8494,0.014,28,2,2
0,-1,-1,12.3014,0.0339,28,2,2
0,0,0,12.4292,0.911,29,2,2
0,-1,-1,11.6952,0.0027,29,2,1
0,1,-1,12.2061,0.0,28,2,2
0,1,2,10.8198,0.4404,29,2,2
0,0,0,10.8198,1.003,29,2,3
0,-2,-2,12.3458,0.0892,29,2,1
0,2,2,11.5129,0.0153,29,2,1
0,1,2,10.8198,0.5259,29,2,2
0,0,0,12.7068,0.1139,27,2,1
0,-1,-1,11.4076,0.0333,27,2,1
0,0,0,11.9184,0.0392,27,2,2
0,2,2,11.1563,0.3543,28,2,3
0,0,0,11.2898,0.8891,28,2,1
0,0,0,11.7753,1.0125,28,2,2
0,0,0,11.7753,0.7819,29,2,1
1,-1,-1,11.8494,0.0028,29,2,2
1,-1,-1,12.3884,0.01,27,2,3
0,-1,-1,11.9829,0.0166,26,2,1
1,-1,-1,10.8198,0.013,26,2,1
0,-1,0,13.1224,0.0351,27,2,1
0,0,0,12.4684,0.9188,28,2,2
0,0,0,11.5129,0.1069,23,2,2
0,0,0,11.7753,0.8568,23,2,2
0,0,0,11.2898,1.5528,26,2,1
0,0,-1,12.8992,0.1322,29,2,2
0,0,0,12.7939,0.1227,27,2,2
0,0,0,12.1548,0.0378,28,2,1
0,0,0,11.4076,0.4571,28,2,2
0,0,0,10.8198,0.1768,29,2,1
0,0,0,11.2898,0.615,29,2,2
0,-1,-1,11.6952,0.0121,29,2,2
1,2,0,11.5129,0.2112,28,2,2
0,1,-1,12.0436,0.0,28,2,1
0,0,0,11.4076,0.4262,28,2,1
1,-2,-2,12.8992,0.0,27,2,1
0,0,0,12.3458,0.3439,27,2,1
0,0,0,12.4684,0.7984,28,2,1
0,0,0,11.6082,0.5098,29,2,2
0,-1,0,13.1224,0.6382,28,2,2
0,-1,-1,11.4076,0.0327,28,2,2
0,0,0,11.0021,0.3455,28,2,1
1,0,0,12.6761,1.002,28,2,2
0,0,0,12.6761,0.1088,29,2,2
0,0,0,12.1548,0.5897,28,2,1
1,1,-2,11.2898,0.0,28,2,1
1,2,2,12.3458,0.1548,28,2,2
0,-2,-2,12.6443,0.0019,29,2,1
0,0,0,12.4684,0.5796,29,2,2
0,1,-1,12.2061,0.0,29,2,1
0,0,0,12.2061,0.326,29,2,1
0,0,0,12.2061,0.2546,28,2,2
0,0,0,10.8198,0.5631,28,2,2
1,0,0,10.8198,1.0555,28,2,3
0,0,0,10.8198,0.89,29,2,1
0,0,0,12.3884,0.781,29,2,2
0,0,0,11.5129,0.0782,29,2,2
0,-1,-1,12.3458,0.0107,28,2,2
0,0,0,12.3458,0.021,29,2,1
1,2,2,12.3884,0.7964,28,2,2
0,-1,-1,11.9184,0.2348,30,2,2
0,0,-1,11.9184,0.01,30,2,2
0,-1,-1,12.2061,0.1393,29,2,1
1,2,0,11.0021,0.975,29,2,2
0,0,0,10.8198,0.3978,31,2,2
0,-1,-1,11.8494,0.002,31,2,2
0,2,2,12.3014,0.6849,30,2,1
0,-2,-2,12.6115,0.0031,28,2,1
0,-2,-2,12.6115,-0.0183,29,2,1
0,0,0,12.2061,0.5915,29,2,1
0,-1,-1,11.2898,0.0805,29,2,2
1,2,0,12.9715,0.175,29,2,2
0,0,0,11.0021,0.0689,29,2,2
0,-1,-1,12.0436,0.0078,29,2,2
0,0,0,10.8198,0.5232,29,2,2
0,0,0,12.948,0.0582,26,2,2
1,3,2,11.2898,0.5636,26,2,2
1,-1,-1,12.3458,0.0742,27,2,1
0,0,0,12.5062,0.2315,29,2,2
0,0,0,13.1224,0.1129,28,2,1
0,0,0,12.3014,0.4287,28,2,2
0,0,0,12.1007,0.5598,24,2,3
0,0,0,10.8198,0.689,23,2,2
0,1,2,9.9035,0.5936,22,2,5
0,1,-1,9.9035,0.0,24,2,1
0,1,2,11.2898,0.0783,22,2,1
0,0,0,11.6952,0.5337,23,2,2
0,0,0,10.5966,0.2597,23,2,1
0,-2,-2,11.5129,0.0281,42,2,2
0,1,2,11.4076,1.0203,25,2,2
0,0,0,11.9829,1.0035,24,2,2
0,0,0,11.5129,0.2775,24,2,1
0,0,0,12.3458,0.2207,25,2,1
0,0,0,11.0021,0.6313,28,2,1
0,2,-1,12.6115,0.0027,26,2,1
0,0,0,11.8494,0.9235,29,2,2
1,-2,-2,12.6115,0.0035,29,2,1
0,0,0,11.0021,0.3884,29,2,1
0,-2,-2,12.7939,0.0,29,2,2
0,1,2,11.5129,0.0379,29,2,1
0,-1,-1,11.5129,0.0326,29,2,2
0,-2,-1,12.6761,0.0,29,2,1
0,-2,-2,13.1224,0.0018,29,2,2
0,-2,-2,12.1007,0.0022,30,2,1
1,2,0,12.5425,0.0676,30,2,2
0,0,0,11.8494,0.099,30,2,2
0,-1,2,12.2061,0.0094,30,2,2
0,0,0,12.5062,0.0949,30,2,1
0,0,0,12.3458,0.0237,30,2,1
0,1,-1,12.2549,-0.0001,29,2,1
0,-1,-1,12.0436,0.0081,29,2,1
0,-2,-2,12.3458,0.0016,29,2,1
0,0,0,12.6115,0.5481,29,2,2
0,-1,-1,11.9184,0.0257,29,2,3
0,1,-2,12.7939,0.0,29,2,1
1,2,0,11.6082,0.908,29,2,2
0,1,-1,11.9184,0.0403,30,2,1
0,0,0,10.8198,0.9992,27,2,1
0,-1,-1,12.0436,0.0021,27,2,1
0,0,0,12.2549,0.1253,27,2,2
1,2,2,10.8198,0.9001,28,2,2
0,0,0,12.2061,0.0232,30,2,2
0,0,0,11.5129,0.2909,28,2,1
0,0,0,12.1007,0.6272,31,2,2
0,0,0,11.2898,0.9446,33,2,2
1,0,-1,11.2898,0.709,27,2,2
0,0,0,10.8198,0.9485,29,2,3
0,-2,-2,13.2357,0.0049,28,2,2
1,2,0,11.9184,0.5956,28,2,2
1,-1,-1,12.6443,0.0041,27,2,2
0,-1,-1,12.2549,0.0088,27,2,2
0,-2,-2,12.2061,0.0247,27,2,1
0,0,0,11.5129,0.1431,28,2,1
0,-2,-2,12.2061,0.1741,28,2,2
0,0,0,10.5966,0.7299,28,2,2
0,-2,-2,11.2898,0.0057,29,2,3
0,-2,-2,12.7939,0.0092,29,2,3
0,0,0,12.5776,0.0519,28,2,2
0,-2,-2,11.4076,0.0216,28,2,1
0,-1,-1,12.5425,0.1186,29,2,1
0,0,0,10.8198,0.4424,29,2,1
0,0,0,12.2061,1.0181,29,2,3
0,0,0,12.8992,1.0964,30,2,2
0,-2,-2,12.2549,0.0,31,2,1
1,0,0,10.8198,0.956,31,2,2
0,-1,-1,11.9184,0.028,30,2,1
0,1,-2,12.3458,0.0,29,2,1
0,0,0,11.1563,1.072,29,2,1
0,0,0,13.017,0.2321,29,2,1
0,0,0,11.2898,0.8851,29,2,2
0,0,0,12.8479,0.8039,30,2,2
0,0,0,11.5129,0.9119,31,2,2
0,0,0,10.309,0.8119,31,2,2
0,0,0,11.8494,0.0278,31,2,1
1,1,2,12.6761,0.1351,27,2,1
0,0,0,9.9035,0.946,24,2,2
1,0,0,12.7657,0.9369,25,2,2
0,0,0,12.1007,0.9726,25,2,2
0,0,0,10.309,0.9449,23,2,2
0,0,0,11.6082,1.0169,24,2,1
0,0,0,10.8198,0.0514,24,2,2
0,-1,-1,12.2061,0.0136,31,2,2
0,0,0,11.5129,0.8702,29,2,2
0,-1,-1,11.5129,0.0483,27,2,1
1,-1,0,11.9184,0.0077,29,2,1
0,0,0,11.0021,1.0152,27,2,2
0,0,-1,11.2898,0.2552,27,2,2
0,0,-1,11.9184,0.0497,26,2,1
1,0,0,10.309,1.0114,27,2,1
0,0,0,11.9184,1.3698,26,2,1
0,0,0,12.4292,0.2005,26,2,1
0,0,0,13.1224,0.0721,29,2,1
0,0,0,12.3458,0.2864,28,2,1
0,-2,-2,11.9829,0.0024,29,2,1
0,-2,-2,12.7939,0.0259,31,2,1
0,0,0,12.8992,0.0767,30,2,2
0,0,0,11.7753,0.7212,29,2,1
0,0,0,11.2898,0.884,28,2,1
0,-2,-2,11.9829,0.002,28,2,1
0,0,0,12.8739,0.1556,28,2,1
1,-1,2,12.2061,0.0185,31,2,2
0,0,0,10.309,0.307,30,2,2
0,-1,3,10.8198,0.0156,31,2,3
0,0,0,12.1007,0.3861,31,2,2
0,0,0,12.2061,0.7448,32,2,3
0,0,0,12.1007,0.8406,32,2,2
0,-1,0,12.4292,0.1458,31,2,1
0,-1,-1,12.1007,0.0217,29,2,1
0,0,0,10.8198,0.9794,32,2,2
0,0,0,12.3014,0.9047,33,2,1
0,-2,-2,12.7939,0.0028,31,2,2
0,0,0,13.1224,0.0665,29,2,1
0,-1,-1,10.8198,0.0206,30,2,3
0,-1,-1,11.9184,0.0004,30,2,2
0,-1,-1,11.9184,0.0913,31,2,2
0,-1,-1,12.6115,0.0024,31,2,1
0,0,0,11.7753,0.5891,24,2,1
0,2,0,10.309,0.5016,22,2,3
0,0,-1,11.4076,0.3073,25,2,2
1,0,0,11.4076,0.9869,25,2,2
0,0,0,11.1563,0.4477,25,2,3
1,0,0,11.2898,0.9158,25,2,2
1,0,0,11.0021,0.1314,25,2,2
0,-1,2,11.0021,0.0806,26,2,3
0,-2,-2,12.948,0.0357,27,2,2
1,-2,-2,12.2061,0.0,27,2,1
0,-2,-2,12.3014,0.0129,29,2,1
0,-1,0,12.0436,0.0059,29,2,1
1,-2,-2,13.1224,0.01,29,2,3
1,1,-1,11.0021,0.0,29,2,1
0,-2,-2,11.8494,0.0008,30,2,2
0,0,0,11.5129,0.9516,31,2,2
0,-2,-2,12.1007,-0.0001,31,2,1
0,1,-2,12.7939,0.0,31,2,1
1,0,0,12.948,0.5557,31,2,1
0,-1,-1,12.2061,0.0039,29,2,2
0,0,0,12.4684,0.316,31,2,2
0,-2,-2,12.6115,0.0644,30,2,2
1,0,0,12.8992,0.1871,29,2,1
0,0,0,12.3014,0.1044,30,2,1
1,-1,-1,11.7753,0.0115,30,2,1
0,-1,-1,11.9184,0.0064,29,2,1
0,0,0,12.5425,0.9501,33,2,1
0,0,0,12.3458,0.7893,33,2,1
0,0,0,12.1007,0.3054,28,2,2
0,0,0,12.5062,0.1445,29,2,2
0,0,0,12.1548,1.0426,30,2,4
0,0,0,11.9184,0.4616,30,2,3
1,-2,-2,12.3458,0.0015,28,2,1
0,0,0,11.1563,0.3205,29,2,3
0,-2,-2,13.1224,0.0043,29,2,2
1,0,0,10.8198,0.936,30,2,2
1,0,0,12.3014,0.9404,29,2,1
0,-1,-1,12.2549,0.0134,30,2,2
0,0,0,12.4684,0.2555,30,2,2
0,-1,-1,12.5425,0.0069,29,2,1
0,-1,-1,12.1007,0.002,30,2,1
1,1,2,10.309,0.9235,29,2,3
1,1,-2,9.9035,0.0,30,2,2
0,1,-1,12.2061,-0.002,32,2,2
1,3,2,11.2898,1.0315,30,2,1
1,0,0,11.4076,0.2473,31,2,2
1,2,0,9.9035,0.7536,32,2,2
0,0,0,10.309,0.9132,32,2,3
0,0,0,11.1563,0.8745,29,2,1
0,0,0,12.2061,0.3728,29,2,2
0,0,0,12.948,0.7768,29,2,2
0,0,0,11.7753,1.0071,29,2,2
0,0,0,11.9829,0.4914,30,2,1
0,-1,0,12.6761,0.0087,29,2,1
0,-1,-1,11.7753,0.0061,29,2,1
1,1,-2,12.2061,0.0,29,2,1
0,-2,-2,12.6761,0.0039,30,2,1
0,0,0,12.8992,0.1721,30,2,2
0,0,0,12.8739,0.0902,30,2,2
0,0,0,11.5129,0.273,29,2,1
0,-1,0,11.5129,0.9805,30,2,2
0,0,0,12.8992,0.0228,31,2,2
1,-1,2,11.5129,0.0067,27,2,2
0,-1,-1,12.6115,0.0063,27,2,3
0,0,0,9.9035,0.7124,27,2,2
0,0,0,10.8198,0.5463,27,2,2
0,2,2,11.5129,0.2967,30,2,1
0,0,0,12.2061,0.9737,30,2,2
0,0,0,12.6115,0.84,30,2,2
0,-1,-1,12.3884,0.0295,30,2,3
0,-1,-1,12.3884,0.071,30,2,2
1,1,2,11.6952,0.9959,30,2,3
0,-1,2,12.7657,0.0012,31,2,1
0,1,-1,13.2879,-0.0003,31,2,1
0,1,-2,12.3884,0.0,30,2,1
0,-2,-2,12.2061,0.0,27,2,4
0,0,0,12.6115,0.4392,27,2,1
0,-1,0,12.3884,0.0239,28,2,2
0,-1,-1,12.0436,0.0206,28,2,1
0,0,0,13.0605,0.0565,30,2,2
0,0,0,11.6082,0.4661,30,2,1
1,0,0,10.309,0.9092,24,2,3
0,1,1,11.2898,0.7819,24,2,2
0,1,-2,11.5129,-0.0008,24,2,1
0,0,0,11.9829,0.2865,25,2,2
0,0,0,11.6082,0.4766,27,2,1
0,2,0,11.9184,0.7174,28,2,3
0,0,0,12.8739,0.0196,30,2,1
1,-2,-2,12.1007,0.0283,30,2,2
0,0,0,12.6115,0.1504,29,2,1
0,0,0,12.8992,0.0127,29,2,1
0,1,2,11.6082,1.0281,29,2,1
0,0,0,11.6952,0.1715,28,2,1
0,-1,-1,12.2061,0.0442,28,2,2
0,0,0,11.6952,0.5857,25,2,2
0,0,0,12.5062,0.6034,25,2,2
0,0,0,12.4292,0.075,25,2,1
0,0,-1,11.7753,0.4709,25,2,2
0,-1,-1,12.5776,0.1108,26,2,1
0,0,0,12.2549,0.3744,26,2,2
0,1,-1,12.2061,-0.0077,26,2,2
0,1,2,12.3884,0.0744,28,2,1
0,-2,-2,12.0436,0.0311,30,2,1
0,-1,-1,12.1007,0.1444,28,2,1
0,-2,-2,12.5425,0.1453,28,2,1
0,0,0,13.1022,0.2629,28,2,2
0,-1,-1,12.3884,0.0309,31,2,2
0,0,0,11.9184,0.4523,31,2,1
0,0,0,12.7657,0.7431,32,2,1
0,0,0,11.2898,0.2764,30,2,2
0,-1,-1,12.7068,0.0104,31,2,1
0,1,-1,9.9035,-0.001,31,2,2
0,0,0,12.2549,0.211,32,2,2
0,-2,-2,12.8992,0.0,32,2,2
0,-2,-2,12.3458,0.0,28,2,2
0,-2,-2,12.2061,0.0435,29,2,1
0,-2,-2,12.1007,0.0,31,2,2
0,0,0,12.2061,0.168,30,2,2
0,0,0,10.8198,0.9611,26,2,2
0,-1,-1,12.5776,0.0006,27,2,1
0,0,0,11.5129,0.7582,31,2,2
1,0,0,11.9184,0.0636,32,2,2
0,-1,-1,9.9035,0.4882,32,2,2
0,0,0,12.2061,0.0618,32,2,1
0,0,0,11.2898,0.9692,32,2,2
0,0,0,12.5776,0.2722,29,2,1
0,0,0,12.2061,0.5936,29,2,2
0,-1,-1,11.9184,0.0062,29,2,2
0,0,0,12.1007,0.5638,27,2,1
0,0,0,12.948,1.3012,32,2,2
1,0,0,10.309,0.3485,29,2,3
0,-1,-1,12.3458,0.0094,31,2,1
0,1,2,11.0021,0.0848,27,2,2
0,0,0,12.3014,0.1974,28,2,2
0,0,0,12.3884,0.779,29,2,1
0,-2,-2,11.8494,0.0037,31,2,2
0,-2,-2,12.2061,0.0344,32,2,1
0,-2,-2,12.9239,0.0,30,2,1
0,0,0,11.8494,0.3423,34,2,2
0,0,0,11.2898,1.5947,30,2,2
0,0,0,12.7367,0.7242,29,2,2
1,-1,-1,11.8494,0.0349,29,2,1
1,2,2,12.0436,0.9171,30,2,1
0,0,0,12.5776,0.9932,30,2,1
0,0,-1,12.7939,0.0094,31,2,2
1,0,-1,12.6443,0.0154,32,2,1
0,-1,-1,13.1224,0.0192,32,2,2
1,2,0,12.4292,0.973,33,2,1
0,-2,-2,13.1224,0.0207,33,2,1
0,0,0,11.2898,0.9372,33,2,2
0,0,0,12.1007,0.13,30,2,2
0,0,0,12.6761,0.1905,30,2,1
0,0,0,11.7753,0.8215,30,2,2
0,-1,-1,12.4292,0.0078,30,2,3
0,-1,0,12.8479,0.3148,27,2,1
0,0,0,12.2061,0.1232,27,2,1
0,0,0,12.4684,0.9124,28,2,5
1,2,2,11.9184,0.9171,28,2,2
0,1,-2,11.5129,-0.0489,28,2,1
0,0,0,12.1007,0.4753,28,2,2
0,0,0,11.9184,0.9116,26,2,1
0,0,0,12.3458,0.7611,27,2,2
0,0,0,11.9829,0.2273,29,2,2
0,0,0,12.7939,0.0583,30,2,2
0,0,0,11.9184,0.9755,28,2,3
1,-2,-2,12.7939,0.0,34,2,1
0,-1,-1,9.2103,0.6993,37,2,2
1,0,0,9.9035,0.7926,35,2,2
0,0,0,10.8198,0.6853,35,2,2
0,1,2,10.8198,0.5261,37,2,2
1,1,2,11.0021,0.8222,37,2,2
0,2,2,9.9035,0.6222,37,2,3
0,2,2,11.7753,0.8375,39,2,2
0,0,0,10.8198,0.9766,36,2,3
0,0,0,12.7657,0.1454,36,2,2
0,0,0,12.2549,0.1992,40,2,2
0,0,0,9.2103,0.8536,23,2,2
0,1,2,9.9035,0.8985,34,2,2
0,0,0,11.2898,0.8186,33,2,1
1,0,0,11.6082,0.7615,33,2,2
0,-2,-2,12.1007,0.0,40,2,1
0,-1,-1,12.7939,0.0018,37,2,3
0,-1,-1,12.4292,0.0019,33,2,2
0,0,-1,12.1007,0.0775,34,2,2
0,0,0,12.1548,0.3519,35,2,2
0,-1,2,11.9184,0.1023,35,2,1
0,0,0,11.4076,0.4111,35,2,2
0,-1,-1,12.3458,0.0201,39,2,1
0,-2,-2,11.6952,0.0,47,2,3
1,2,0,11.5129,0.993,36,2,3
0,0,0,11.0021,0.4392,45,2,3
0,0,0,12.7939,0.7081,38,2,1
0,0,0,12.6443,0.9762,38,2,2
0,-1,-1,12.5425,0.0453,37,2,2
0,2,2,10.309,0.3801,38,2,3
0,0,0,12.4684,0.3144,38,2,2
0,-1,-1,12.1007,0.007,36,2,2
0,0,0,12.7068,0.7793,36,2,2
1,-1,-1,12.8992,0.0006,46,2,3
0,0,0,11.4076,0.9573,36,2,2
1,-2,-2,12.2061,0.0,36,2,1
0,-1,-1,12.5425,0.0232,38,2,3
0,-2,-2,12.7657,0.0033,37,2,1
0,0,0,10.8198,0.9573,42,2,2
0,-1,-1,10.8198,0.0078,44,2,2
0,-1,-1,11.6952,0.0383,41,2,2
0,0,0,11.2898,0.2227,38,2,2
0,0,0,11.4076,1.0172,36,2,2
0,0,0,10.8198,0.8588,44,2,2
0,0,0,12.1007,0.6839,44,2,1
0,0,0,12.2061,1.0107,31,2,3
0,0,0,12.948,0.3508,31,2,2
0,-1,-1,12.5062,0.0255,31,2,2
0,0,0,10.8198,0.9394,49,2,3
0,0,0,10.309,0.8767,41,2,1
0,2,2,12.0436,0.0916,36,2,2
0,0,0,12.0436,0.3074,42,2,2
1,0,0,11.9184,1.0503,40,2,6
0,1,4,9.9035,1.0884,38,2,2
0,0,0,11.6952,0.876,40,2,2
1,2,2,10.8198,0.3406,41,2,2
0,0,0,13.1224,0.4135,44,2,3
1,2,2,10.5966,0.1782,36,2,2
0,-1,-1,11.1563,0.0548,48,2,2
1,0,0,10.309,0.9489,44,2,2
1,1,2,11.1563,0.136,48,2,3
1,0,0,9.9035,0.8772,49,2,3
0,-1,-1,11.8494,0.0097,45,2,3
1,3,2,12.2061,0.5893,39,2,2
0,0,0,11.4076,0.3852,42,2,3
0,1,2,10.309,0.1071,44,2,3
0,-2,-2,12.4684,0.0314,41,2,2
0,1,-2,11.5129,0.0,36,2,2
0,1,-2,11.9184,0.0,36,2,5
1,2,0,10.8198,0.4654,44,2,3
0,-1,2,12.2061,0.0124,31,2,2
0,-1,-1,13.0815,0.0413,34,2,1
0,-2,-2,11.9184,0.0477,36,2,4
0,-1,-1,11.2898,0.0278,38,2,1
0,-1,0,12.6443,0.0381,39,2,3
0,-1,-1,12.2061,0.0731,46,2,3
0,0,0,9.9035,0.5756,43,2,2
0,0,0,13.0815,0.0917,41,2,3
0,0,0,12.2061,0.0326,35,2,2
0,-1,0,9.9035,0.0824,45,2,3
0,-1,-1,12.6115,0.0017,30,2,1
0,1,-2,12.3458,0.0,34,2,2
1,0,0,10.8198,0.1476,35,2,2
0,0,0,10.8198,0.9915,39,2,3
0,0,0,11.6082,0.955,40,2,3
1,2,2,11.1563,0.2304,49,2,3
0,-2,-1,10.8198,-0.0299,46,2,3
1,0,0,10.8198,0.6646,32,2,3
0,0,0,12.9945,0.4032,46,2,2
0,-1,-1,11.9184,0.0083,38,2,2
0,0,0,12.948,0.0858,37,2,2
0,-1,-1,12.1007,0.0194,33,2,2
0,0,0,12.3458,0.168,33,2,1
1,0,0,10.8198,0.3219,44,2,2
1,0,0,12.4684,0.9667,32,2,2
1,-1,-1,12.4684,0.02,33,2,2
1,-2,-2,12.6443,0.0088,33,2,1
1,2,2,11.0021,0.7017,37,2,2
0,-1,-1,11.6952,0.2678,40,2,2
0,0,0,12.8992,0.0273,41,2,2
0,-2,-2,11.2898,0.008,45,2,3
0,0,0,11.0021,0.5195,40,2,2
0,0,0,11.9829,0.8621,40,2,2
0,0,0,12.3014,0.9455,34,2,2
0,0,0,12.6115,0.0176,46,2,2
0,0,0,11.5129,1.0156,32,2,2
0,0,0,11.0021,0.9206,37,2,2
0,0,0,11.2898,0.8888,43,2,2
0,-1,-1,9.2103,0.1593,43,2,3
0,-1,-1,10.309,0.9965,40,2,3
0,-2,-2,13.1224,0.0185,36,2,1
1,1,-1,10.5966,-0.0133,40,2,3
0,0,0,12.6115,0.1631,35,2,2
0,2,2,9.9035,0.6776,34,2,2
1,-1,2,12.5425,0.0091,37,2,1
0,0,0,12.1548,0.2077,38,2,1
0,-1,-1,13.1224,0.019,33,2,2
0,-2,-2,12.4292,-0.0,43,2,4
0,-1,0,11.6952,0.0608,47,2,3
0,-2,-2,9.9035,0.0,35,2,3
0,1,2,12.2549,0.3173,40,2,1
0,0,0,12.3014,0.4755,46,2,5
0,0,0,10.309,0.9602,49,2,3
0,0,0,12.7367,0.8356,45,2,2
0,0,0,12.1007,0.0273,36,2,1
1,-1,-1,10.5966,0.0194,40,2,1
0,0,0,9.9035,0.9984,37,2,2
1,2,2,11.7753,0.8115,48,2,2
1,0,0,10.8198,0.9481,41,2,2
0,-1,-1,12.6115,0.0588,31,2,1
0,0,0,11.8494,0.4433,33,2,2
0,0,0,12.4684,0.0622,46,2,2
0,0,0,11.5129,0.9048,45,2,2
1,2,0,11.7753,0.0657,40,2,2
1,1,-2,12.2061,0.0,47,2,2
1,-1,-1,12.2061,0.0033,48,2,1
0,1,-1,12.2061,0.0,31,2,1
0,0,0,12.1007,0.0963,32,2,1
1,-2,-2,12.7939,0.0,33,2,2
0,-1,-1,12.948,0.0625,34,2,1
0,-1,-1,12.1007,0.0197,35,2,1
0,3,2,10.8198,0.6888,35,2,3
1,-2,-2,11.6952,0.0313,34,2,1
0,0,0,11.2898,0.6873,35,2,3
0,1,-2,12.1007,0.0,38,2,1
1,0,0,9.9035,0.7774,32,2,2
0,0,0,12.1007,0.7559,32,2,4
0,-2,-1,12.3458,0.0142,34,2,2
0,0,0,11.2898,0.9797,43,2,2
0,-1,-1,11.4076,0.0152,42,2,2
0,0,0,12.6115,0.0865,30,2,3
1,1,-2,11.9829,0.0,36,2,1
0,-1,-1,12.1007,0.0231,47,2,2
0,0,0,11.9829,0.0855,30,2,2
0,0,0,12.3458,1.07,30,2,1
0,-2,-2,12.7939,0.0095,31,2,1
0,-2,-2,13.1224,0.0535,31,1,1
0,2,2,11.6952,0.5787,30,1,2
1,-2,-2,12.5425,0.0,31,1,1
0,1,2,12.2061,0.6731,32,1,2
0,0,0,12.1007,0.4995,31,1,1
1,0,-1,12.3884,0.007,34,2,1
0,0,0,13.1224,0.6457,44,2,1
0,-1,-1,12.1007,0.025,48,2,2
0,0,0,12.7068,0.0455,43,2,2
0,0,0,12.948,1.0329,37,2,1
0,0,0,12.3014,0.188,33,2,2
0,-1,-1,12.0436,0.0143,34,2,2
0,-1,-1,11.8494,0.0065,48,2,1
0,0,0,12.2061,0.9393,31,2,3
0,0,0,12.3458,0.2418,32,2,2
0,-2,-2,11.9184,0.0656,31,2,4
0,-2,-2,12.3884,0.0028,37,2,1
0,-2,-2,12.2549,0.103,49,2,2
0,0,0,13.1224,0.2269,35,2,1
0,1,-2,12.1007,0.0,39,2,3
0,0,0,11.0021,0.9904,31,2,2
0,0,0,12.5776,0.953,34,2,1
0,0,0,11.2898,0.454,48,2,3
0,0,0,12.1007,1.0127,46,2,1
0,-1,0,12.7657,0.177,33,2,3
1,0,0,11.9829,0.0535,41,2,2
0,0,0,12.2549,0.2743,36,2,3
0,1,-2,11.9829,0.0,35,2,1
0,-2,-2,12.7657,0.0094,40,2,1
0,0,0,11.7753,0.8069,41,2,2
0,-2,-1,12.3884,0.0,49,2,2
0,0,0,12.7068,0.2457,40,2,3
1,1,-1,13.1224,0.0,45,2,2
0,-1,-1,12.0436,0.0059,41,2,3
0,-2,-2,12.3884,0.0188,43,2,4
1,0,0,12.1007,0.9329,47,2,6
0,-1,-1,12.4684,0.0678,36,2,2
0,-1,-1,11.7753,0.0176,43,2,2
0,-1,0,10.309,0.0166,38,2,2
0,1,-2,12.9945,0.0,42,2,2
0,-1,-1,12.4684,0.0026,43,2,2
0,2,0,10.309,0.836,38,2,1
0,0,0,12.8739,0.5152,37,2,2
0,0,0,12.4684,0.438,45,2,2
0,0,0,11.1563,0.9415,46,2,2
0,2,2,12.2061,0.7016,30,2,3
0,0,0,11.9184,0.1418,32,2,2
0,-2,-2,13.039,0.0291,32,2,1
0,-1,-1,12.1007,0.0027,33,2,3
0,0,0,11.1563,0.9266,37,2,1
0,-2,-2,12.4292,0.0055,40,2,2
0,0,0,12.0436,0.1345,39,2,2
0,-1,-1,11.9829,0.0009,34,2,2
1,2,0,11.2898,0.158,36,2,1
0,1,-1,12.8992,0.0,49,2,3
1,4,4,9.9035,1.4224,43,2,2
0,0,0,11.7753,0.9912,44,2,2
0,0,0,11.0021,0.0729,36,2,1
0,0,0,11.4076,0.9693,41,2,3
0,0,0,12.2549,0.4014,44,2,2
0,2,2,12.8479,0.8313,34,2,1
0,0,0,12.2061,0.1466,35,2,2
1,2,-1,12.1007,0.0018,37,2,1
0,1,3,9.9035,1.05,42,2,2
0,-2,-2,12.7657,0.0038,38,2,3
0,1,-2,12.2061,0.0,41,2,5
0,-2,-2,12.8992,0.0254,34,2,3
0,1,-1,12.3458,0.0036,38,2,1
1,-1,-1,12.3458,0.0017,43,2,1
0,0,0,10.8198,0.5037,38,2,2
0,0,0,12.6115,0.7518,47,2,2
0,0,0,12.3458,0.0659,45,2,3
0,0,0,10.8198,0.9514,44,2,3
0,-1,0,11.9184,0.0483,34,2,1
0,-2,-2,12.4684,0.0098,33,2,1
1,-1,-1,12.6761,0.0096,33,2,2
0,0,0,11.5129,0.5508,49,2,2
0,1,-2,11.0021,0.0,37,2,3
0,-2,-2,12.948,0.2078,42,2,3
0,0,0,13.1224,0.1609,38,2,2
0,0,0,13.017,0.8271,34,2,2
1,0,0,10.309,2.5037,42,2,3
1,2,2,11.0021,0.4464,47,2,2
0,-1,-1,12.1007,0.0018,43,2,2
0,-1,-1,12.6761,0.0041,35,2,2
0,0,0,12.4292,0.4674,37,2,1
0,0,0,10.309,0.7779,34,2,2
0,-1,0,12.7939,0.0135,34,2,2
0,-2,-2,12.7939,0.0123,43,2,3
0,-2,-2,11.9184,0.2163,36,2,1
0,-1,2,12.8992,0.1453,39,2,2
1,2,3,12.7657,0.8836,44,2,1
0,-2,-2,11.2898,0.0434,45,2,3
0,-1,-1,11.8494,0.0086,37,2,3
0,0,0,11.9184,1.1673,48,2,3
0,-2,-2,13.0815,0.0118,40,2,3
0,-2,-2,12.2061,0.0,41,2,3
0,-1,-1,12.1007,0.0548,29,2,1
0,-2,-2,12.4684,0.0,30,2,1
0,1,-1,13.017,0.0014,33,2,1
0,0,0,11.8494,0.9736,33,2,3
1,0,0,12.3014,1.1024,43,2,3
0,-1,-1,11.5129,0.0038,39,2,3
0,-2,-2,11.9829,0.0034,41,2,2
0,0,0,11.8494,0.5321,36,2,2
0,-1,-1,12.2061,0.0051,39,2,2
0,-2,-2,13.039,0.0,30,2,1
0,0,0,10.8198,0.8225,31,2,3
0,-1,-1,11.5129,0.0603,31,2,1
0,0,0,11.9184,0.9224,31,2,2
0,0,0,13.039,0.0111,32,2,1
0,-2,-2,12.7939,0.0005,32,2,2
0,-1,-1,12.1007,0.0223,33,2,1
0,0,0,13.0605,0.022,42,2,1
0,1,-1,12.6761,-0.0,44,2,3
0,-2,-2,12.7939,0.0108,47,2,2
0,-1,-1,11.0021,0.0346,36,2,2
0,-2,-2,12.6443,0.0159,39,2,1
0,0,0,11.8494,0.3619,36,2,2
0,-2,-2,13.017,0.0164,43,2,2
0,-1,2,12.2549,0.0041,30,2,2
1,-1,-1,12.1007,0.0122,33,2,1
0,-1,-1,12.7939,0.0046,38,2,2
1,2,2,10.8198,0.8134,33,2,1
0,0,0,12.7367,0.0484,34,2,2
0,2,2,11.8494,0.8551,38,2,3
0,0,0,11.6952,0.2671,32,2,1
1,1,-2,12.1007,0.0,32,2,2
0,0,0,12.7939,0.5338,32,2,1
0,0,0,12.7367,0.7477,34,2,1
0,0,0,12.2061,0.6813,35,2,2
0,-2,-2,11.2898,0.0496,36,2,2
0,0,0,13.1224,0.5732,35,2,2
0,-2,-2,11.9184,0.0028,31,2,2
1,1,2,9.9035,0.7116,46,2,1
0,0,0,13.1224,0.5519,41,2,2
0,0,0,12.7367,0.4995,47,2,3
0,-1,-1,13.1224,0.0055,34,2,2
0,0,0,12.3884,0.7234,31,2,2
0,0,0,11.2898,0.093,34,2,2
0,1,-2,12.2061,-0.0003,37,2,1
0,-2,-2,12.3458,-0.0001,31,2,2
0,-2,-2,12.6115,0.0134,36,2,3
1,-1,-1,11.8494,0.0012,36,2,2
0,-1,-1,12.6115,0.0128,33,2,1
1,-2,-2,12.7939,0.0,34,2,3
1,0,0,12.6761,0.4914,35,2,3
0,0,0,12.8479,1.0128,30,2,2
0,0,0,12.0436,0.8038,30,2,3
0,-1,-1,12.6115,0.2204,41,2,1
0,-1,-1,11.0021,0.0467,44,2,3
0,0,0,12.3884,0.8922,36,2,2
0,-2,-2,13.1224,0.0,44,2,3
0,-1,-1,12.3458,0.0524,45,2,2
0,0,0,12.5776,0.1148,35,2,5
0,0,0,11.0021,0.9908,35,2,2
0,0,0,11.5129,0.9812,35,2,2
0,-2,-2,12.5062,-0.0001,36,2,2
0,0,0,12.5425,0.9273,35,2,2
0,3,2,11.5129,0.0075,38,2,2
0,-1,-1,11.5129,0.0188,32,2,1
0,1,-2,11.4076,0.0,31,2,1
1,-2,-2,12.5425,0.0192,44,2,4
0,-2,-2,11.9184,0.0,38,2,5
0,-1,-1,11.1563,0.0056,40,2,2
0,-1,-1,12.1007,0.0064,32,2,1
0,0,0,12.1548,0.8103,33,2,1
0,0,0,13.1224,0.0301,38,2,2
0,1,2,12.1548,1.0236,47,2,3
0,-2,-2,12.2549,0.0025,32,2,1
0,-1,-1,11.0021,0.114,38,2,1
0,0,0,12.2061,0.9924,34,2,3
0,1,-2,13.0605,0.0,32,2,1
0,0,0,12.4684,0.9075,30,2,1
0,-1,0,11.8494,0.0973,30,2,1
1,-2,-2,12.1548,-0.0139,33,2,2
0,0,0,11.2898,0.9234,36,2,2
0,0,0,12.6443,0.2207,37,2,2
0,0,0,11.9184,0.1132,40,2,1
1,0,0,12.7367,0.996,30,2,2
0,0,0,12.7939,0.1361,31,2,2
0,2,0,12.4292,0.9462,38,2,2
0,-1,-1,12.3014,0.0155,34,2,2
0,1,-2,10.309,0.0,46,2,3
0,-2,-2,12.2549,0.0785,41,2,3
1,-1,-1,12.7657,0.0875,32,2,1
0,-1,-1,12.5062,0.0055,33,2,2
0,0,0,12.2061,1.0268,34,2,2
1,2,0,11.1563,0.9249,40,2,2
0,-1,-1,12.3014,0.0054,45,2,3
1,0,-1,12.3458,0.0246,39,2,2
0,0,0,11.6952,0.1846,35,2,2
0,0,0,12.7939,0.0489,30,2,2
0,-1,-1,12.2549,0.064,37,2,3
1,3,2,13.039,0.0058,40,2,1
0,-2,-2,13.1224,0.026,34,2,1
0,-2,-2,12.1007,0.0167,35,2,2
0,-2,-2,12.1007,0.0641,36,2,3
0,0,0,12.3014,0.3095,26,2,2
0,0,0,13.3047,0.8358,30,2,2
1,-1,-1,12.1007,0.002,36,2,2
0,-1,-1,12.7939,0.0741,39,2,2
0,-1,-1,13.3375,0.0032,38,2,1
1,-1,0,11.0021,1.0539,44,2,3
0,0,-1,11.5129,0.1127,32,2,1
0,-1,-1,12.2061,0.0389,31,2,1
0,0,0,10.8198,0.9978,36,2,3
1,1,-2,12.2061,0.0,29,2,2
1,0,0,9.2103,0.4834,43,2,2
0,0,0,12.5425,0.3356,36,2,2
0,-2,-2,13.017,0.0679,46,2,2
1,0,0,12.4684,1.0282,29,2,1
0,0,0,11.8494,0.8878,30,2,2
0,0,0,12.8739,0.2156,33,2,1
0,-2,-2,12.7657,0.0144,41,2,1
0,0,0,10.8198,0.9499,44,2,3
0,0,0,11.6952,0.5681,46,2,2
0,0,0,11.2898,0.2202,45,2,2
0,-1,-1,11.9829,0.0583,36,2,3
0,-2,-2,11.4076,0.0035,46,2,3
1,0,0,12.1548,0.9484,39,2,2
1,2,2,11.5129,0.1328,40,2,3
0,0,0,12.2549,0.7039,35,2,2
0,2,2,11.9829,1.0111,33,2,2
1,0,0,12.3884,0.9924,35,2,3
0,-2,-2,9.9035,0.0112,36,2,1
1,2,2,12.3014,0.8757,36,2,2
0,0,0,12.4684,1.0757,44,2,1
0,0,0,13.1224,0.5005,34,2,1
0,-2,-2,12.2061,0.0,34,2,2
1,0,0,12.4684,0.5812,33,2,2
0,0,0,12.0436,1.0117,30,2,1
0,-1,-1,11.9184,0.0372,38,2,2
0,-2,-2,12.7939,-0.0,37,2,2
0,0,0,12.4684,1.1398,44,2,1
0,0,-1,12.0436,0.0895,30,2,1
0,0,0,12.3458,0.0468,33,2,1
0,-1,-1,13.3375,0.0196,38,2,1
0,0,0,12.1007,0.3805,35,2,1
0,-1,-1,12.1007,0.039,33,2,1
1,-1,2,10.309,0.1746,45,2,2
0,0,0,12.6115,0.1061,31,2,1
0,0,0,12.8213,0.6385,35,2,2
0,0,0,11.2898,0.3598,31,2,2
0,0,0,12.2061,1.008,40,2,4
0,-1,-1,11.9184,0.0738,42,2,3
0,0,0,12.2549,0.7605,33,2,2
0,1,2,11.1563,0.5961,35,2,1
0,-1,-1,11.2898,0.055,38,2,2
0,-1,-1,10.8198,0.0078,44,2,2
1,0,0,12.2549,0.0699,33,2,1
0,0,0,12.4684,0.4327,33,2,2
0,-2,-2,12.0436,0.0432,36,2,1
0,-1,2,12.7939,0.0069,35,2,3
0,0,0,13.1224,0.0873,37,2,1
0,0,0,12.5776,0.3918,46,2,1
0,0,0,12.2061,1.0754,35,2,3
0,0,0,11.4076,0.3138,47,2,2
0,-1,-1,11.5129,0.0102,41,2,2
0,0,0,12.5776,0.286,31,2,1
1,1,-2,10.8198,0.0,31,2,1
0,0,0,11.9184,0.5061,32,2,1
0,-1,-1,12.8992,0.1105,42,2,3
0,0,0,10.8198,0.9816,37,2,3
0,-1,2,12.8992,0.0002,42,2,1
1,2,2,10.8198,0.3814,37,2,2
1,3,3,10.8198,0.9925,29,2,1
0,0,0,11.5129,0.6619,34,2,1
0,0,0,12.0436,0.5932,39,2,2
0,-2,-2,11.9184,0.352,30,2,1
0,0,-1,12.7939,0.1028,30,2,1
1,0,0,10.8198,0.9399,31,2,2
0,-1,-1,12.1007,0.2094,35,2,1
0,0,0,12.7657,0.898,35,2,2
0,0,0,11.6952,0.9258,38,2,3
0,-1,-1,11.8494,0.0125,33,2,2
0,0,0,11.9184,0.1881,34,2,3
1,-1,-1,12.4684,0.0261,42,2,3
1,0,0,10.8198,0.9159,28,2,2
0,-1,-1,12.1007,0.0056,36,2,2
0,-1,-1,12.5776,0.009,44,2,3
0,0,0,10.5966,0.904,49,2,2
0,0,0,12.6443,0.2192,36,2,1
1,0,0,11.1563,1.2417,46,2,2
0,-2,-2,12.1007,0.0,39,2,1
0,0,0,13.2534,0.9893,46,2,2
1,2,0,11.9184,0.6842,41,2,3
0,1,2,9.9035,0.828,30,2,2
0,-1,-1,12.1007,0.0009,32,2,3
0,0,0,11.5129,0.0973,34,2,3
1,0,0,11.4076,0.8586,31,2,1
0,0,0,11.9184,1.0227,47,2,3
0,0,0,13.1022,0.5012,31,2,2
1,0,0,10.309,1.3192,33,2,3
0,-1,-1,12.6115,0.0033,33,2,2
1,-1,2,11.8494,0.0053,32,2,2
0,0,0,10.8198,0.2503,32,2,2
1,2,2,11.9184,0.1193,31,2,1
0,0,0,12.7657,0.2503,32,2,1
0,-1,0,11.8494,0.1107,32,2,2
0,-1,-1,11.2898,0.019,43,2,3
0,-1,-1,11.2898,0.0049,40,2,2
0,-2,-2,12.2549,0.0564,34,2,3
0,0,0,11.6082,0.4118,34,2,2
0,1,-2,11.6952,0.0,29,2,2
0,-1,-1,12.1007,0.0213,28,2,2
1,3,3,12.7367,0.4723,44,2,3
0,-2,-2,12.3014,-0.0001,29,2,1
0,-1,-1,12.3458,0.0325,39,2,5
0,0,0,12.0436,0.0623,27,2,1
0,0,0,11.1563,0.6342,28,2,1
0,0,0,10.8198,0.2037,31,2,3
0,0,0,12.2061,0.9637,30,2,3
1,2,2,12.5776,0.7578,34,2,2
0,-1,-1,11.2898,0.0374,30,2,5
0,1,2,10.309,0.8525,39,2,3
1,0,0,12.5425,1.0012,37,2,1
0,0,0,11.5129,0.8527,29,2,1
0,-1,0,10.8198,1.004,35,2,1
1,-1,2,12.3884,0.0087,43,2,2
0,0,0,12.3884,0.014,31,2,1
0,1,-2,11.5129,0.0,31,2,1
0,-2,-2,12.2549,0.0691,36,2,1
0,0,0,12.8992,0.1236,37,2,1
0,-2,-2,12.5425,0.0014,42,2,2
0,-1,-1,12.1007,0.0045,36,2,2
0,0,0,13.1224,0.4777,36,2,1
0,0,0,12.2061,0.7216,45,2,2
1,0,-1,13.1224,0.0167,27,2,1
0,-2,-1,12.2061,0.0019,30,2,2
0,1,2,11.6082,1.0054,27,2,2
0,0,0,12.5425,0.0767,30,2,2
1,2,2,11.5129,0.4105,31,2,2
0,0,0,11.1563,0.4447,33,2,2
0,-1,2,11.7753,0.0387,47,2,3
1,2,2,10.309,0.596,35,2,2
0,0,0,10.309,0.4378,43,2,2
0,-1,-1,12.1007,0.0132,27,2,1
0,0,0,11.5129,0.4805,27,2,2
0,1,-2,11.9184,0.0,30,2,2
0,0,0,11.8494,1.0168,32,2,2
0,-2,-2,12.3884,0.4306,45,2,1
0,-2,-2,12.1007,0.0462,48,2,1
0,-2,-2,12.7367,0.0212,37,2,2
0,0,0,12.2061,0.5724,37,2,2
1,-2,-2,12.7939,0.0117,39,2,2
0,1,-1,13.1224,0.0,37,2,1
0,-2,-2,12.5062,0.0,33,2,4
0,-1,-1,11.8494,0.0089,33,2,3
0,-2,-2,11.6952,0.0,33,2,2
0,0,0,12.2549,0.9785,34,2,2
0,-1,-1,12.6115,0.0178,35,2,1
0,0,0,12.7939,0.0126,41,2,2
0,-1,-1,11.6952,0.0097,27,2,2
0,0,0,12.9715,0.098,29,2,1
0,0,0,12.4292,0.0195,27,2,2
1,-1,-1,12.1007,0.0018,29,2,1
0,0,0,12.0436,0.3352,29,2,2
0,0,0,13.1224,0.1285,36,2,1
0,-1,-1,9.9035,0.0213,37,2,2
0,0,0,12.2061,0.6641,43,2,5
0,0,0,10.8198,0.9318,48,2,2
0,-1,-1,11.6952,0.0043,34,2,1
0,0,0,12.7367,0.5672,31,2,2
0,-1,-1,11.2898,0.0696,32,2,1
0,0,0,11.4076,0.0424,33,2,2
0,0,0,11.4076,0.4407,32,2,2
0,-1,-1,11.2898,0.0223,32,2,1
0,0,0,12.0436,0.9536,46,2,2
0,-1,-1,12.3458,0.1441,29,2,1
0,-2,-2,12.5776,0.0159,30,2,2
0,1,2,12.7939,0.1336,44,2,2
0,-1,-1,12.5062,0.3486,43,2,2
0,0,0,11.0021,0.8223,43,2,3
0,0,0,12.7939,0.0199,33,2,2
0,0,0,11.5129,0.2007,28,2,1
0,0,0,12.1007,0.1162,44,2,5
0,-2,-2,11.2898,0.0438,31,2,2
0,-2,-2,11.2898,0.0,34,2,2
0,0,0,12.3014,0.2079,35,2,2
0,1,-2,12.3884,0.0,43,2,2
1,0,0,12.2549,1.4684,44,2,2
0,0,0,12.5062,0.3948,34,2,2
1,0,-1,12.0436,0.014,44,2,2
0,0,0,12.1548,0.6983,29,2,3
1,-1,2,12.2061,0.0125,31,2,1
0,0,0,12.3884,0.9782,32,2,2
0,0,0,11.9184,0.1593,34,2,2
0,-1,-1,11.4076,0.0047,44,2,3
0,0,0,12.8992,0.0888,44,2,3
0,0,0,12.948,0.8275,46,2,2
0,0,0,11.8494,0.3728,25,2,1
0,0,0,10.8198,1.0082,48,2,3
0,0,0,12.2549,0.6414,46,2,2
0,0,0,12.2549,0.4157,30,2,1
0,-1,-1,12.1007,0.0242,41,2,2
0,-1,-1,11.5129,0.0043,30,2,1
0,-1,-1,12.6115,0.0002,34,2,1
0,-1,-1,12.4292,0.0016,36,2,2
0,0,0,12.2061,0.0979,33,2,1
0,0,0,12.8479,0.9814,33,2,1
0,0,0,10.309,0.8806,25,2,1
1,0,0,11.2898,0.8812,31,2,2
0,1,2,12.6115,1.04,27,2,2
0,1,-1,12.3884,-0.0001,38,2,1
0,0,0,11.2898,0.3136,23,2,1
0,0,0,12.5425,0.9732,27,2,2
1,0,0,10.8198,0.4674,36,2,2
1,2,0,12.2061,0.989,36,2,2
0,-2,-2,12.2549,0.0017,32,2,2
0,0,0,11.9829,0.7055,31,2,2
0,-2,-2,11.7753,0.0215,43,2,1
0,0,0,12.6115,1.0065,39,2,2
1,1,3,10.8198,0.4328,41,2,2
0,-1,-1,11.9184,0.1068,40,2,2
0,-2,-2,13.1224,0.0207,43,2,2
0,0,0,12.5062,0.7543,34,2,2
0,-2,-2,13.1224,0.0005,43,2,1
0,0,0,12.2061,0.1073,40,2,2
0,-1,-1,12.6115,0.0463,33,2,1
0,0,0,12.3458,0.7139,40,2,2
0,-1,-1,13.1224,0.0119,37,2,1
0,-2,-2,11.2898,0.0304,38,2,1
0,0,0,13.1224,0.4741,42,2,1
0,0,0,10.309,0.9754,44,2,3
0,-2,-2,12.0436,0.0043,41,2,2
0,0,0,11.1563,0.9871,37,2,2
0,-1,-1,12.6443,0.0403,46,2,2
0,1,2,10.8198,0.9063,41,2,1
0,0,0,12.1007,0.1428,44,2,2
0,0,0,12.6443,0.6208,35,2,1
0,-2,-2,13.1224,0.0088,39,2,1
0,0,0,12.7068,0.2311,41,2,2
0,1,-2,11.9184,-0.0017,49,2,4
0,0,0,11.6082,0.968,42,2,2
1,-1,-1,12.3458,0.0034,46,2,2
0,1,-2,10.8198,0.2074,46,2,1
0,-1,-1,11.0021,0.0121,40,2,3
0,1,-1,12.4292,-0.6199,32,2,1
0,-2,-2,13.017,0.0059,46,2,1
1,2,2,12.4684,0.9929,33,2,2
0,0,0,12.8479,0.5795,45,2,2
0,-2,-2,12.3884,0.0159,38,2,1
1,-2,-1,10.309,0.4947,34,2,3
0,-2,-2,11.4076,0.0,43,2,2
1,0,0,12.3458,0.984,43,2,2
0,0,0,11.0021,0.9661,45,2,2
0,0,0,12.0436,0.0562,38,2,2
0,-1,-1,12.9945,0.0091,41,2,1
0,-1,-1,11.6952,0.1299,37,2,2
0,0,0,12.3884,0.7522,37,2,1
0,-1,-1,12.4684,0.0107,42,2,1
0,0,0,12.6115,0.1202,43,2,2
0,-1,-1,12.1548,0.0382,34,2,4
1,0,0,11.6082,0.3072,43,2,1
0,0,0,12.5425,0.8674,38,2,2
0,-1,-1,12.3014,0.0051,40,2,2
0,-1,-1,12.5425,0.0147,36,2,1
1,3,2,11.1563,0.2913,39,2,2
0,0,0,13.1224,0.706,36,2,2
0,0,0,11.7753,0.9108,36,2,2
0,0,0,13.3212,0.6616,43,2,1
0,-2,-2,12.2549,0.031,35,2,1
0,0,0,12.2549,0.968,45,2,2
0,-2,-2,11.2898,0.0075,37,2,3
1,2,2,11.9184,0.7041,33,2,1
0,1,-2,11.9829,0.0,33,2,1
0,0,0,11.9184,0.0998,34,2,5
0,-1,-1,11.7753,0.006,45,2,3
0,-2,-2,12.2549,0.0107,40,2,2
0,-1,0,12.7939,0.1785,42,2,2
0,-2,-2,13.1224,0.8862,45,2,2
0,-1,2,12.3014,0.003,33,2,1
0,-2,-2,12.6761,0.0474,46,2,2
1,8,7,12.3014,1.1223,41,2,1
0,0,0,11.2898,0.6274,32,2,2
0,-2,-2,12.2549,0.0,32,2,5
0,0,0,11.9829,0.6994,32,2,1
1,-1,-1,11.9829,0.0044,33,2,1
0,0,-1,12.9945,0.0323,36,2,1
0,1,-1,11.4076,0.0,36,2,2
0,0,0,12.3458,0.9817,37,2,3
0,1,-1,12.1007,0.0,33,2,1
0,2,0,12.9945,0.7714,32,2,2
1,1,-1,12.2061,0.0111,41,2,1
0,-2,-2,12.3014,0.1111,41,2,2
0,-1,2,12.7939,0.0034,39,2,2
1,-1,-1,11.6952,0.0078,27,2,1
0,0,0,9.9035,0.2818,27,2,1
0,-1,2,12.3458,0.0103,28,2,1
0,-2,-2,10.309,0.0216,29,2,2
1,0,0,11.9829,0.9817,29,2,1
0,0,0,12.0436,0.4077,29,2,2
0,1,-1,11.8494,0.0,29,2,1
1,-1,2,11.9829,0.049,33,2,1
0,0,-1,13.1224,0.0266,36,2,1
1,0,0,11.2898,0.783,31,2,3
0,0,0,11.9184,0.1558,32,2,1
0,0,0,10.309,0.6303,46,2,1
0,-1,-1,12.1007,0.0661,47,2,2
1,2,2,11.9184,0.4571,41,2,2
0,-1,0,12.6761,0.041,32,2,1
0,0,0,12.9945,0.3733,33,2,1
0,-2,-2,12.2061,0.0072,38,2,2
0,-1,2,12.2061,0.0447,45,2,2
1,0,0,12.3458,0.0261,35,2,1
0,-2,-2,12.7657,0.0296,38,2,1
0,-2,-2,11.5129,0.015,31,2,1
1,-2,-2,12.7939,0.0,45,2,3
0,0,0,12.2549,0.9622,31,2,1
0,0,0,12.7939,0.8806,32,2,1
0,-1,-1,12.2061,0.0714,32,2,1
0,-2,-2,12.3458,0.0031,34,2,1
0,-1,-1,12.1007,0.1265,41,2,5
0,0,0,12.0436,0.2047,47,2,2
0,0,0,10.8198,0.1346,40,2,2
0,1,2,12.1007,0.2061,37,2,2
1,1,-2,11.5129,-0.0008,47,2,1
0,0,0,11.9184,0.5504,28,2,1
0,-2,-2,12.1007,0.0472,33,2,1
0,0,0,12.5425,0.199,33,2,2
0,-2,-2,11.9184,0.0565,40,2,2
1,2,2,11.5129,0.7806,36,2,2
1,0,0,11.1563,0.9492,37,2,2
0,2,0,12.3014,0.7569,38,2,2
1,-2,-2,12.3884,0.0,41,2,2
0,0,0,13.473,0.5313,32,2,4
1,-2,-2,13.0605,0.0,33,2,2
1,-1,-1,11.2898,0.0049,46,2,2
1,0,0,12.1007,0.9032,49,2,3
0,0,0,12.4292,0.7802,32,2,2
0,0,0,13.4444,0.5663,34,2,3
0,0,0,12.7367,0.2008,45,2,1
0,0,0,12.3014,0.4685,47,2,2
1,2,2,11.0021,0.1974,44,2,3
0,-1,-1,11.2898,0.074,30,2,2
0,-2,-2,12.5776,0.0124,36,2,1
0,0,0,12.0436,0.4512,41,2,3
1,0,0,11.4076,0.1353,42,2,3
0,0,0,11.7753,1.0296,31,2,1
0,-2,-2,12.2061,0.0069,32,2,3
0,0,0,12.7939,0.0981,35,2,2
0,0,0,12.3884,0.657,37,2,1
0,0,0,11.0021,0.7706,28,2,1
0,1,2,11.7753,0.903,42,2,2
0,0,0,12.6443,1.0486,32,2,2
1,2,2,11.2898,0.0032,28,2,2
0,0,0,11.1563,0.1529,30,2,2
0,0,0,12.1007,0.6411,31,2,2
0,0,0,11.6082,0.3297,45,2,2
0,0,0,10.309,0.995,47,2,3
0,0,0,12.2061,0.6293,27,2,2
0,0,0,10.309,0.8361,33,2,5
1,-1,2,12.2549,0.0037,27,2,1
0,-2,-2,11.2898,0.0,30,2,5
0,0,0,11.6952,0.8157,40,2,3
0,-1,-1,10.309,0.3481,43,2,2
0,0,0,13.1022,0.119,33,2,2
0,-1,-1,12.4684,0.0092,41,2,5
1,-1,-1,12.3458,0.0172,30,2,2
1,0,-1,11.6082,0.0214,46,2,2
0,0,0,11.9184,0.5085,40,2,2
0,0,0,12.0436,0.4652,29,2,2
0,0,0,11.4076,0.3915,35,2,2
0,0,0,11.1563,0.2128,40,2,3
0,1,2,11.5129,1.0212,28,2,1
0,0,0,10.8198,0.4841,34,2,3
0,0,0,10.309,1.0157,35,2,2
1,0,0,12.5425,0.9029,37,2,2
0,0,0,12.2549,0.2813,41,2,3
0,0,-1,9.9035,0.1988,35,2,3
0,0,0,12.4292,0.8443,33,2,5
1,0,0,11.1563,0.6237,34,2,2
0,0,0,11.6952,0.0676,34,2,1
0,-2,-2,12.6115,0.0008,36,2,1
0,-2,-2,12.6443,0.0012,39,2,2
1,-2,-2,9.9035,0.0,34,2,3
0,0,-1,10.8198,0.3218,37,2,2
0,0,0,11.5129,0.9891,32,2,2
0,-1,-1,12.5425,0.0347,44,2,2
0,-2,-2,12.2549,0.0142,37,2,2
0,-1,-1,12.5776,0.004,47,2,3
0,-2,-2,11.9829,0.1587,36,2,1
1,2,-1,11.5129,1.5535,41,2,2
0,-1,-1,12.5425,0.0067,37,2,2
0,-2,-2,12.2061,0.0045,32,2,2
0,-1,-1,12.1007,0.0184,33,2,2
0,1,-2,12.3884,-0.0001,34,2,1
0,0,0,12.1007,0.967,35,2,2
0,-2,-2,12.1007,0.0,36,2,2
0,1,2,10.8198,0.3709,35,2,2
1,2,0,10.309,0.8175,38,2,3
0,0,-1,12.1007,0.8027,40,2,2
0,2,3,10.8198,1.2952,38,2,1
0,0,0,12.3458,0.7947,47,2,3
0,0,0,11.0021,0.8264,31,2,2
0,0,0,10.8198,0.9647,32,2,3
0,0,0,12.5425,0.4915,32,2,1
0,-1,-1,12.0436,0.0756,45,2,2
1,-1,-1,11.6082,0.0182,36,2,2
1,2,-1,11.1563,0.0169,35,2,3
1,2,2,11.4076,1.0273,47,2,3
0,0,0,12.4684,0.0421,36,2,1
0,0,0,11.0021,0.9635,33,2,2
0,2,2,12.6761,0.9039,37,2,2
0,-1,-1,11.9829,0.0177,39,2,2
0,1,-1,12.3458,-0.0,33,2,1
0,-1,0,10.8198,0.0262,48,2,2
0,-1,-1,12.1007,0.1409,36,2,2
0,0,0,12.8739,0.1541,45,2,2
0,0,0,12.5776,0.9876,41,2,2
0,0,0,12.5776,0.112,35,2,2
0,0,0,10.309,0.9668,46,2,3
0,1,-2,11.5129,0.0,38,2,1
0,1,-2,12.1548,-0.0001,34,2,2
0,-2,-2,12.2061,0.0022,35,2,1
0,0,0,12.1007,0.0249,32,2,3
0,-1,0,12.4292,0.0129,45,2,2
0,0,0,11.2898,0.5219,39,2,2
0,0,0,11.8494,0.9825,37,2,2
0,0,0,12.4684,0.1354,40,2,2
1,-1,-1,12.7939,0.003,39,2,1
0,-2,-2,12.4292,0.0089,45,2,2
0,-1,-1,12.6761,0.0226,36,2,1
0,0,0,11.5129,0.6398,42,2,2
0,0,0,12.7367,0.5409,36,2,1
0,-2,-2,12.3458,0.1064,41,2,2
1,0,0,11.9184,0.1221,43,2,3
0,0,0,11.0021,0.8315,48,2,3
0,-2,-2,13.1224,0.1679,48,2,3
0,1,2,9.2103,0.3133,48,2,2
0,0,0,11.8494,0.5226,39,2,3
0,0,0,11.4076,0.9903,33,2,2
0,0,0,12.8739,0.1369,39,2,2
0,-1,-1,11.9184,0.0632,38,2,1
0,0,0,12.0436,0.1468,48,2,2
0,-1,-1,12.8992,0.1033,34,2,2
0,0,0,12.1007,0.8391,38,2,2
0,0,0,12.9945,0.1603,44,2,2
0,-1,-1,12.7367,0.0102,36,2,1
1,1,2,12.0436,0.6528,45,2,2
0,-1,-1,12.5425,0.0088,46,2,1
0,-2,-2,12.6761,0.0558,46,2,5
0,0,0,12.1548,0.3094,40,2,5
0,-1,-1,12.2549,0.0081,42,2,2
0,1,2,11.6082,0.9181,43,2,2
0,0,0,11.4076,0.3336,34,2,2
0,-1,-1,13.1224,0.0584,44,2,1
1,0,0,10.8198,0.5929,36,2,2
0,-1,-1,12.2549,0.0244,39,2,1
1,2,2,11.2898,0.0208,37,2,2
0,-1,-1,12.6761,0.0089,42,2,2
0,0,0,10.8198,0.9634,45,2,3
0,-2,-2,12.5062,0.4764,34,2,2
0,0,0,10.309,0.9489,39,2,3
0,-1,2,11.9184,0.0125,35,2,3
0,0,0,11.8494,0.4027,41,2,2
0,-1,-1,11.6952,0.0199,42,2,3
0,0,0,12.6115,0.4909,31,2,1
0,0,0,13.0815,0.5764,43,2,1
1,1,2,13.039,0.5843,37,2,1
0,0,0,12.5425,0.9624,39,2,2
0,0,0,10.8198,0.8823,31,2,3
0,-2,-2,12.7657,0.0011,32,2,1
0,0,0,12.6115,0.3823,32,2,2
0,-2,-2,12.8479,0.0314,33,2,1
0,-2,-2,12.1548,0.0011,33,2,1
1,-2,-2,12.3458,0.0,35,2,2
0,2,2,12.8739,0.1602,35,2,2
0,-2,-2,12.3014,0.0,35,2,0
1,0,0,11.6952,0.9844,41,2,2
0,1,-2,12.6115,0.0,49,2,2
0,-1,-1,12.2549,0.0197,42,2,1
0,0,0,10.8198,1.0133,37,2,2
1,2,0,12.7068,0.7236,44,2,1
0,0,0,11.6082,1.0017,42,2,3
0,1,-2,9.9035,0.0,37,2,1
0,0,-1,11.9184,0.0425,40,2,2
0,0,0,11.8494,0.9135,39,2,3
0,-1,-1,11.9829,0.0041,40,2,1
0,-1,-1,12.4684,0.0076,38,2,3
0,1,-2,11.9184,0.0,45,2,3
0,0,0,10.8198,0.6813,33,2,2
0,0,0,11.2898,0.8151,36,2,3
0,-1,-1,12.5062,0.0011,37,2,2
0,0,0,11.0021,0.9688,40,2,2
0,0,0,10.8198,0.3048,45,2,2
1,2,0,12.5776,0.3041,33,2,1
1,-1,-1,12.1007,0.0037,39,2,2
0,-1,0,12.7939,0.0484,43,2,1
0,0,-1,12.4684,0.001,40,2,3
0,-2,-2,12.2061,0.0022,46,2,2
0,-2,-2,12.5776,0.0,38,2,2
0,1,3,10.8198,0.3458,36,2,2
0,-1,-1,9.2103,0.505,37,2,2
1,2,-1,12.1007,0.0075,39,2,1
0,0,0,11.9184,0.1515,39,2,2
0,-1,-1,12.4292,0.0036,44,2,1
1,2,2,11.7753,0.6357,37,2,2
0,0,0,13.1993,0.0087,37,2,1
0,0,0,12.6761,0.6653,42,2,1
0,0,0,12.9945,0.1333,39,2,2
0,0,0,11.2898,0.9924,40,2,2
1,1,-2,11.6952,0.0,36,2,2
0,0,0,12.3458,0.2989,35,2,2
0,0,0,11.0021,0.8978,37,2,3
0,-1,-1,12.5776,0.0136,49,2,4
0,1,-2,11.7753,0.0,49,2,2
0,-2,-2,12.1007,0.0106,46,2,2
1,0,0,11.8494,0.9885,42,2,3
0,0,0,13.1224,0.2409,44,2,1
0,0,0,12.6115,0.5627,42,2,2
0,-2,-2,12.2549,0.0,42,2,2
0,-1,-1,11.9184,0.0038,49,2,2
0,-2,-2,12.7939,0.028,37,2,2
0,0,0,12.4292,0.4299,36,2,2
0,0,0,10.309,0.7002,44,2,3
0,-1,-1,12.2061,0.004,42,2,1
0,0,0,11.7753,0.9896,35,2,2
0,0,0,12.5776,0.1824,49,2,3
0,-1,0,11.5129,0.5033,35,2,3
0,-1,-1,10.5966,0.0195,43,2,3
1,0,0,11.7753,0.7076,39,2,3
0,-2,-2,11.9829,0.0045,34,2,3
0,-2,-2,11.9184,0.0,35,2,1
0,-1,0,11.7753,1.0094,45,2,2
1,-2,-2,12.1007,0.0,39,2,2
0,0,0,11.9184,0.4119,30,2,2
1,-2,-2,11.5129,0.0458,31,2,2
0,0,0,10.309,0.8943,31,2,2
0,-1,0,11.9829,0.038,25,2,1
1,-1,3,10.8198,0.0375,28,2,2
0,0,0,11.7753,0.5174,29,2,2
0,0,0,11.8494,0.9804,31,2,3
0,0,-1,12.7367,0.0325,32,2,3
0,-2,-1,12.7367,0.0048,33,2,2
0,2,2,11.4076,0.992,35,2,2
0,0,0,12.6115,0.9367,42,2,2
0,0,0,10.8198,0.7407,25,2,2
0,0,0,10.8198,0.9778,37,2,2
0,-2,-2,11.5129,0.0,42,2,2
0,3,3,9.9035,0.9122,40,2,3
1,0,0,11.9829,0.5403,30,2,1
0,-1,-1,12.8739,0.0053,32,2,2
1,-1,2,10.309,0.0646,39,2,3
1,1,2,9.9035,0.1549,46,2,2
0,0,0,12.2549,0.8008,31,2,2
0,-2,-2,12.6115,0.0,31,2,4
0,-1,-1,12.3014,0.0011,31,2,1
0,0,0,12.5062,0.254,33,2,1
1,2,2,11.4076,0.0546,40,2,2
0,0,0,12.7939,0.5964,27,2,2
0,1,-2,12.6115,0.0,29,2,1
1,0,0,12.6443,1.0128,31,2,2
0,0,0,11.7753,0.733,31,2,2
0,-1,-1,11.2898,0.0272,29,2,1
0,-2,-2,12.5425,0.0228,34,2,2
1,0,0,11.2898,0.5676,44,2,3
0,1,2,11.7753,0.0374,39,2,3
0,-1,-1,12.5062,0.0069,42,2,1
0,-1,-1,9.9035,0.0479,41,2,2
0,0,0,12.4684,0.4724,36,2,1
0,0,0,12.0436,0.3702,47,2,2
0,-1,-1,11.9829,0.1193,35,2,1
0,-2,-2,12.3884,0.024,35,2,1
0,-2,-2,12.0436,0.0168,36,2,2
0,0,0,13.1224,0.431,40,2,2
1,-2,-2,12.4684,0.0024,38,2,1
0,0,0,11.9184,0.2903,36,2,1
1,-2,-2,13.1224,0.0171,36,2,1
0,0,0,12.6761,0.0056,34,2,2
0,0,0,11.4076,0.204,34,2,2
0,-2,-2,12.6115,0.0098,43,2,2
0,1,2,12.2061,0.3673,36,2,2
1,2,2,11.9829,0.0094,44,2,3
0,-2,-2,11.6952,0.0,29,2,1
1,2,-1,11.6952,0.0035,30,2,1
1,1,2,11.4076,0.9788,30,2,2
1,-2,-2,12.0436,0.0354,31,2,2
0,0,0,12.0436,0.8472,33,2,1
0,-2,-2,13.1224,0.021,33,2,1
0,0,0,12.3884,0.997,33,2,1
0,0,-1,12.3458,0.0215,30,2,2
0,-2,-2,12.2549,0.0,32,2,2
0,-1,-1,12.8992,0.0271,33,2,1
1,0,0,11.9184,0.5921,41,2,3
0,-1,-1,10.8198,0.1204,27,2,1
1,0,-1,11.9184,0.0852,28,2,2
1,-2,-2,12.3458,0.0,28,2,2
0,0,0,13.0605,0.3793,28,2,1
1,3,2,10.309,0.04,28,2,2
0,1,-2,11.5129,0.0,29,2,3
1,0,0,10.309,0.2697,34,2,3
0,0,0,11.6082,0.8814,40,2,2
0,2,0,12.6115,0.1222,39,2,3
0,-1,-1,12.3884,0.0016,37,2,3
1,1,2,12.7657,1.0254,28,2,2
0,-2,-2,12.3014,0.0134,28,2,1
0,-2,-2,12.8992,0.0673,35,2,1
0,0,0,13.1224,0.0522,40,2,2
0,0,0,12.5425,0.5945,48,2,3
0,-2,-2,10.309,0.0036,37,2,2
0,0,0,9.9035,0.8358,49,2,1
0,1,-1,12.5062,-0.0,29,2,4
0,0,0,12.5062,0.469,34,2,1
0,0,0,12.8992,0.1138,34,2,2
0,0,0,12.6761,0.2851,39,2,1
0,0,0,12.9715,0.146,30,2,1
1,1,-2,11.8494,0.0,31,2,2
0,0,-1,11.1563,0.1331,31,2,2
0,0,0,11.6082,0.0673,31,2,2
0,0,0,10.309,0.9577,31,2,5
1,2,0,13.2177,0.9974,32,2,2
0,-1,0,12.6443,0.0073,47,2,1
0,0,0,11.7753,0.9705,32,2,1
0,0,0,11.7753,0.9209,32,2,2
0,0,0,12.3014,0.7001,34,2,2
0,-2,-2,12.6115,0.0,35,2,1
0,-1,-1,11.6082,0.0113,35,2,2
1,1,2,10.8198,0.4924,44,2,2
1,-1,3,12.6115,0.0171,40,2,1
0,-2,-2,12.2061,0.0157,36,2,2
1,-1,-1,12.7939,0.0192,38,2,3
0,0,0,13.1224,0.1613,34,2,1
0,0,0,12.5776,0.0665,42,2,2
1,-2,-2,12.9715,0.0024,37,2,1
0,1,-2,12.1007,0.0206,34,2,3
0,0,0,11.4076,0.3986,35,2,3
0,-2,-2,12.5425,0.0523,43,2,2
0,0,0,12.3458,0.1265,37,2,2
0,0,0,11.1563,0.7829,39,2,2
0,-2,-2,11.6082,0.0452,38,2,2
0,0,0,11.1563,1.0017,32,2,3
0,-1,2,12.1007,0.0184,32,2,2
1,-2,-2,12.3884,0.0,35,2,3
0,-2,-2,12.2549,0.0,40,2,1
1,-1,-1,9.9035,0.0195,46,2,2
0,0,-1,11.2898,0.0398,48,2,3
0,0,0,10.8198,0.269,33,2,1
0,-1,-1,11.2898,0.0826,33,2,3
0,-1,-1,11.2898,0.4353,34,2,1
0,1,-1,11.0021,0.0,34,2,2
0,1,-2,12.7939,0.0,35,2,2
0,1,4,10.8198,0.2005,48,2,2
0,0,0,12.2061,0.993,43,2,6
0,1,-2,11.8494,0.0,42,2,2
0,0,0,12.1007,0.9672,30,2,2
0,0,0,11.9829,0.115,32,2,2
1,-2,-2,12.2061,0.0,34,2,2
0,1,2,13.3047,0.0851,38,2,2
1,4,3,9.9035,0.7916,46,2,2
0,0,0,12.3014,0.9781,44,2,1
1,2,2,11.8494,0.2454,40,2,1
1,1,-2,12.3884,0.0,38,2,2
0,1,-1,11.9184,-0.0098,32,2,2
1,-1,-1,9.9035,0.1048,32,2,1
0,0,0,12.6443,0.2254,32,2,2
0,1,2,12.3458,0.0283,39,2,3
0,-2,-2,11.7753,0.0,34,2,1
0,-1,-1,12.6115,0.0554,31,2,1
0,-1,-1,12.6115,0.125,34,2,2
0,2,2,9.9035,0.9549,29,2,2
0,1,2,12.2061,0.0901,33,2,3
0,-2,-2,12.2061,0.0027,40,2,2
0,-2,-2,13.1224,0.0089,28,2,1
0,0,0,11.2898,0.132,37,2,2
1,-2,-2,12.7939,0.0,29,2,1
0,0,0,10.309,0.9646,33,2,2
0,0,0,12.1548,0.8529,44,2,2
0,-2,-2,12.7657,0.0032,36,2,1
0,-1,-1,12.4684,0.0086,31,2,2
0,0,0,12.1548,0.5562,37,2,2
0,-2,-2,12.3458,0.0,34,2,2
0,0,0,13.3847,0.009,39,2,3
0,-1,-1,12.4292,0.042,32,2,1
0,-2,-2,13.4588,0.0027,34,2,2
0,-1,-1,12.5062,0.0358,40,2,1
0,0,0,11.5129,0.9471,43,2,2
0,0,0,12.4684,0.629,38,2,2
0,-2,-2,12.9239,0.0115,33,2,2
0,-2,-2,13.1616,0.1476,47,2,2
1,0,0,11.2898,0.9628,39,2,2
0,-2,-2,13.017,0.0,36,2,3
0,0,0,10.309,0.8433,45,2,6
0,0,0,13.3047,0.2336,44,2,3
0,-1,-1,12.2061,0.0035,34,2,1
0,2,0,11.0021,1.0118,34,2,2
0,-2,-2,12.5425,0.0325,34,2,2
0,-1,-1,12.3458,0.0054,36,2,1
1,-1,-1,12.2549,0.0055,31,2,2
0,1,-2,11.0021,0.0207,33,2,1
0,-2,-2,12.5062,0.029,37,2,1
0,-1,-1,11.2898,0.0441,41,2,3
0,-2,-2,11.2898,0.0,44,2,2
0,-1,-1,12.7939,0.0121,40,2,2
1,0,0,12.6115,0.05,38,2,1
0,-2,-2,12.5062,-0.0004,44,2,1
0,-2,-2,12.2061,0.0113,46,2,1
1,-1,-1,9.9035,0.0094,46,2,2
1,0,0,9.9035,0.4108,32,2,2
1,2,2,10.309,0.9833,33,2,2
0,0,0,10.8198,0.9164,35,2,1
0,0,0,12.3458,0.7335,30,2,4
1,1,2,10.8198,0.3397,39,2,2
0,0,0,11.1563,0.1376,31,2,3
0,1,2,11.5129,0.0931,31,2,1
0,1,2,11.5129,0.4681,30,2,3
0,-1,-1,12.2549,0.0601,31,2,1
0,-1,-1,13.017,0.0058,31,2,1
0,0,0,12.6115,0.3074,31,2,3
0,-2,-2,11.8494,0.01,31,2,1
0,-2,-2,13.0815,0.0247,32,2,1
1,1,2,11.5129,0.3171,30,2,2
0,-1,0,11.6082,0.0328,32,2,1
1,0,0,11.5129,0.9134,31,2,2
0,-2,-2,12.2061,0.0,31,2,1
0,0,0,11.5129,0.0738,30,2,1
1,-1,-1,10.8198,0.03,30,2,2
0,0,0,9.9035,0.654,31,2,2
0,0,0,13.1022,0.9604,31,2,2
0,-1,-1,11.4076,0.084,32,2,1
0,0,0,12.6443,0.4555,32,2,1
0,-2,-2,12.3884,0.0208,33,2,1
0,0,0,12.8739,0.0425,32,2,1
0,0,0,11.8494,0.4221,33,2,2
1,-1,-1,11.6952,0.0028,33,2,1
0,0,0,10.309,0.9889,33,2,3
0,-1,-1,12.3458,0.0017,32,2,2
0,0,0,12.6761,0.0429,32,2,1
0,0,0,11.6082,0.5505,32,2,1
1,0,0,11.0021,0.6072,31,2,2
0,-2,-2,12.1007,-0.0002,32,2,1
0,0,0,12.9715,0.8024,33,2,1
0,0,-1,12.3458,0.0347,33,2,1
0,1,-1,11.8494,-0.0002,33,2,2
0,-1,-1,12.1007,0.0043,31,2,1
0,1,2,11.0021,0.3424,31,2,2
0,0,0,12.6443,0.2777,31,2,2
0,0,0,12.6761,1.013,33,2,2
0,-2,-2,11.5129,0.0342,33,2,1
1,1,2,11.6952,0.5708,33,2,2
1,-2,-2,12.4684,0.0711,33,2,1
0,-1,-1,12.0436,0.0816,32,2,1
0,-1,2,12.2061,0.0022,31,2,1
0,1,2,11.6082,0.6983,31,2,1
0,0,0,10.8198,0.1092,32,2,1
0,-1,-1,12.7657,0.0296,32,2,2
0,0,-1,11.6082,0.1297,31,2,1
0,0,0,12.3884,0.9868,30,2,1
0,2,-1,11.6952,0.0104,30,2,2
0,0,0,11.9184,0.1235,32,2,1
1,-2,-2,12.1007,0.0582,34,2,2
0,0,-1,12.2061,0.0656,34,2,2
0,-1,-1,12.4292,0.0653,33,2,1
0,-1,-1,12.7657,0.0009,36,2,1
0,-2,-2,12.2061,0.0,36,2,2
0,0,0,10.309,0.8413,35,2,2
0,0,0,11.9184,0.9419,45,2,2
0,1,-2,12.8479,0.0,46,2,3
0,0,0,12.1007,0.9801,47,2,2
1,1,2,9.9035,0.8168,35,2,2
1,1,2,11.5129,1.0331,49,2,1
0,-1,-1,12.6115,0.0277,36,2,2
0,1,-2,13.017,0.0131,36,2,1
1,2,2,12.3014,0.1327,35,2,2
0,0,0,13.1224,0.1169,37,2,2
0,-2,-2,12.2061,0.0,45,2,3
1,1,2,11.2898,0.987,35,2,2
0,-2,-2,12.9715,0.0216,46,2,1
0,-2,-2,12.2061,0.0076,40,2,2
0,-1,-1,11.4076,0.0429,36,2,1
0,-1,-1,12.2061,0.0245,38,2,1
0,0,0,11.0021,0.1542,47,2,2
0,-2,-2,12.4292,0.0088,36,2,1
0,0,0,12.2061,0.0457,40,2,1
0,-2,-1,12.7939,0.0,45,2,2
0,0,0,12.2061,0.9815,33,2,1
0,-2,-2,13.1224,0.0126,41,2,2
0,0,0,12.2061,0.9258,38,2,1
0,0,0,12.3458,1.0004,44,2,1
0,-1,-1,10.8198,0.0078,37,2,3
0,0,0,12.4684,0.0654,38,2,1
0,0,0,11.8494,0.1996,39,2,1
0,0,0,12.6761,0.3924,35,2,2
0,0,0,10.8198,0.973,39,2,2
1,-2,-2,11.9184,-0.0001,35,2,2
0,-1,-1,11.9829,0.0107,36,2,1
0,0,0,13.1224,0.7496,43,2,2
0,-2,-2,12.7657,0.0244,44,2,1
1,-1,-1,12.3458,0.0135,48,2,3
0,-1,-1,12.2061,0.0124,39,2,2
0,0,0,13.1224,0.4587,39,2,2
0,0,0,11.7753,0.5891,34,2,1
0,0,0,12.5776,0.088,34,2,2
0,0,0,12.2549,0.3496,34,2,2
0,-1,-1,12.3884,0.0014,36,2,1
0,-2,-2,11.2898,0.0843,36,2,2
1,0,0,11.9184,0.848,36,2,1
0,-2,-2,12.2061,0.0025,39,2,5
1,2,2,11.6082,1.0264,36,2,2
0,0,0,12.6761,0.222,33,2,3
0,-1,0,12.7367,0.0607,37,2,1
0,1,-2,12.8479,0.0,43,2,2
0,-1,-1,11.9184,0.0463,43,2,1
0,-2,-2,13.1224,0.0015,37,2,1
0,-2,-2,13.1224,0.0257,49,2,2
0,-2,-2,12.8213,0.0,44,2,2
0,-2,-2,12.7939,0.0243,40,2,2
0,-2,-2,12.6115,0.0067,39,2,2
0,-2,-2,11.9184,0.0,37,2,2
0,-2,-2,12.2549,-0.0004,38,2,1
0,-2,-2,12.5425,0.005,39,2,1
0,-2,-2,12.3458,0.061,44,2,2
0,0,0,12.7939,0.8131,37,2,2
0,-1,-1,12.3458,0.0053,40,2,2
0,-2,-2,13.017,0.0189,44,2,2
1,2,0,12.3884,0.0229,34,2,1
0,-1,-1,12.6115,0.0192,41,2,1
0,0,0,12.3884,0.8218,38,2,2
1,-1,0,12.3458,0.0046,37,2,2
0,-1,-1,12.3458,0.0554,41,2,1
1,-1,-1,12.3884,0.0134,40,2,2
0,-2,-2,11.9829,0.0,39,2,1
0,-1,-1,12.7939,0.0086,39,2,5
0,0,0,11.9829,1.0617,41,2,1
0,0,0,9.2103,0.871,42,2,2
0,-1,-1,12.9715,0.0014,38,2,1
0,1,2,11.2898,0.2668,39,2,1
0,-1,-1,12.6443,0.0123,39,2,1
0,0,0,11.9184,0.1396,41,2,3
0,0,0,12.2061,0.0145,43,2,2
0,-1,-1,12.2549,0.0017,44,2,1
0,-2,-2,12.8992,0.0375,43,2,2
0,-1,-1,11.2898,0.0333,40,2,2
0,-1,0,11.9829,0.2137,42,2,2
0,-1,-1,12.0436,0.1054,40,2,2
0,-2,-2,12.3884,0.0224,41,2,2
1,2,2,12.6115,0.9302,33,2,2
0,2,2,11.4076,0.0184,44,2,2
0,-1,-1,12.1007,0.0627,35,2,2
0,-1,-1,12.2549,0.0067,48,2,2
0,1,-2,12.6115,-0.0023,42,2,1
1,3,2,12.3884,0.6862,37,2,1
0,-2,-2,12.0436,0.0,44,2,1
0,0,0,10.8198,0.8777,37,2,1
0,0,0,10.8198,0.9198,39,2,2
0,-1,-1,12.3458,0.0039,39,2,1
0,0,0,12.6443,0.8735,34,2,1
0,1,-1,11.9184,0.0,35,2,3
0,-2,-1,12.2061,0.0,35,2,1
1,2,2,11.2898,1.6246,39,2,2
0,-2,-2,13.1224,0.0135,37,2,1
1,0,0,9.9035,0.769,42,2,2
1,0,0,9.9035,0.5846,46,2,3
1,-2,-2,11.9184,0.0,34,2,1
0,0,0,11.5129,0.9167,34,2,5
1,-2,-2,12.2549,0.0561,44,2,3
0,1,-2,12.6115,0.0,40,2,2
1,1,2,11.2898,0.095,32,2,2
0,0,0,12.9239,0.327,31,2,1
0,0,0,11.4076,0.8849,36,2,3
0,0,0,12.5062,0.5003,43,2,2
0,0,0,12.7939,0.7515,41,2,2
0,0,0,12.3458,0.2948,38,2,3
0,0,0,11.9184,0.6471,42,2,2
1,2,2,11.9184,1.1212,44,2,2
0,-2,-2,12.7657,0.0061,43,2,2
0,-1,-1,12.2549,0.0362,43,2,3
0,0,0,11.7753,0.3102,44,2,3
0,-2,-2,13.1224,0.0559,49,2,1
1,2,-1,12.5425,0.034,48,2,2
0,-2,-2,13.017,0.0189,39,2,1
0,0,0,12.2061,0.6017,46,2,2
0,0,0,12.5776,0.1843,34,2,2
0,1,-2,12.0436,0.0,35,2,2
0,0,0,12.8479,0.8089,39,2,2
1,1,-2,12.1007,-0.0001,35,2,1
0,-1,-1,12.5425,0.0232,35,2,1
0,-2,-2,12.2061,0.0108,31,2,2
0,1,-2,12.3014,0.038,40,2,2
1,2,2,12.3884,0.4476,38,2,1
0,-2,-2,13.0605,0.012,43,2,2
0,0,-1,12.5425,0.036,35,2,1
1,-2,-2,12.2061,-0.0005,43,2,1
0,1,2,9.9035,0.4066,46,2,3
0,0,0,9.9035,0.9324,34,2,2
0,-1,-1,12.5776,0.0066,34,2,1
1,1,-2,9.9035,-0.0056,37,2,1
0,-2,-2,11.9184,0.0103,38,2,1
1,-2,-2,11.9829,-0.0001,36,2,2
1,-2,-2,12.7939,0.0,36,2,1
0,1,2,11.9829,0.6218,41,2,2
0,0,0,12.8992,0.5743,37,2,1
0,0,0,12.1007,0.079,36,2,2
0,0,0,11.6952,0.9287,32,2,2
0,-2,-2,12.2061,0.0075,33,2,2
0,-1,-1,12.2549,0.0281,39,2,1
1,2,2,11.1563,0.8968,48,2,3
1,0,0,11.6082,1.7767,38,2,2
1,2,2,10.309,0.3884,47,2,3
0,-1,-1,10.5966,0.0012,46,2,3
0,-1,2,12.6443,0.0117,41,2,1
0,-1,-1,12.2061,0.028,41,2,2
0,0,0,12.3458,0.1066,39,2,2
0,-2,-2,13.017,0.0077,33,2,1
0,0,0,11.2898,0.5071,34,2,2
0,0,0,12.2549,0.999,43,2,2
0,-1,-1,11.7753,0.0137,48,2,2
0,-2,-1,13.1224,0.0022,49,2,1
1,-1,2,12.1007,0.0394,38,2,2
0,1,-1,12.7367,0.0,36,2,1
0,0,-1,13.017,0.0824,37,2,1
0,0,0,11.2898,0.7658,49,2,3
0,-1,-1,11.9184,0.0196,47,2,3
0,1,-2,12.2549,0.0,43,2,1
0,0,0,12.8479,0.6599,38,2,2
0,0,0,12.8992,0.1085,46,2,2
0,-2,-2,11.2898,0.0026,52,2,3
0,-2,-2,12.3884,0.0115,44,2,1
0,0,0,11.6952,0.9874,50,2,2
0,0,0,11.0021,0.9912,63,2,3
0,0,-1,12.7939,0.3677,54,2,1
1,2,2,10.8198,0.5505,50,2,2
1,-1,-1,12.7939,0.0024,50,2,3
0,0,0,10.309,0.7458,51,2,3
0,-2,-2,13.1224,0.0024,53,2,1
1,3,2,9.9035,0.3164,54,2,2
0,-1,-1,11.4076,0.0129,56,2,2
0,0,0,11.2898,0.748,55,2,3
0,1,2,11.5129,0.6621,54,2,3
0,0,0,11.6952,0.6905,51,2,1
1,1,-2,11.5129,0.0,51,2,3
0,0,0,11.9184,0.9735,51,2,2
0,1,2,9.2103,0.9151,51,2,2
0,1,-2,10.8198,0.0,52,2,3
0,-2,-2,13.1022,0.0035,53,2,1
0,0,0,10.8198,0.9534,52,2,3
0,-1,-1,12.7367,0.0492,57,2,2
0,0,0,12.3884,0.9401,51,2,3
1,2,2,10.8198,0.8185,53,2,3
0,0,0,13.1224,0.5806,50,2,2
0,0,0,12.9239,0.6077,50,2,2
0,0,0,12.5425,0.0811,64,2,2
0,0,0,12.3884,0.9584,59,2,2
0,0,0,9.9035,0.8508,54,2,1
1,2,2,11.5129,0.444,55,2,2
0,0,0,12.5776,0.953,52,2,2
0,0,0,11.5129,0.824,50,2,3
0,-1,-1,12.5062,0.0006,65,2,2
0,0,0,11.2898,0.9789,57,2,3
1,4,3,12.5425,0.4569,47,2,1
0,1,-2,10.309,-0.0063,52,2,3
1,0,0,11.4076,0.9818,53,2,3
0,-2,-2,13.3047,0.1405,53,2,1
0,0,0,11.1563,0.5388,54,2,3
0,-2,-2,12.5062,0.0035,58,2,3
0,0,0,12.4684,0.9957,59,2,3
0,0,0,10.8198,0.5155,59,2,3
1,0,0,10.8198,0.971,53,2,3
0,0,0,11.1563,1.4796,52,2,3
0,-1,-1,12.2549,0.0184,55,2,3
0,-1,-1,12.7068,0.0063,50,2,3
0,0,0,12.2061,1.4401,51,2,2
0,-2,-2,12.3014,0.0151,51,2,1
0,0,0,10.8198,0.2293,52,2,3
0,0,0,9.9035,0.9797,53,2,2
1,-1,-1,10.309,0.0119,53,2,2
1,2,0,12.5425,1.0147,56,2,2
0,0,0,11.0021,0.9662,60,2,3
0,0,0,12.2061,0.0421,50,2,3
0,0,0,12.3458,0.9281,51,2,2
1,-2,-2,12.3458,0.0,51,2,1
0,0,0,11.5129,0.6205,49,2,3
0,0,0,11.2898,1.0486,49,2,2
1,0,0,11.2898,1.0013,51,2,2
0,0,0,11.1563,0.2626,57,2,2
1,-2,-2,12.2061,0.0,54,2,1
0,2,2,9.9035,0.8806,51,2,2
0,-2,-1,12.2061,0.0171,50,2,2
0,0,0,10.8198,0.4721,55,2,2
0,1,-2,12.7939,0.0,52,2,2
0,-1,-1,12.2061,0.009,49,2,3
1,2,2,11.4076,0.9227,55,2,2
0,0,0,10.8198,1.0152,59,2,3
0,0,0,12.8992,0.8818,48,2,2
0,0,0,11.6082,0.9589,51,2,3
1,1,2,10.8198,0.4827,58,2,3
1,1,-1,13.1224,-0.0,58,2,1
0,-2,-2,11.9184,0.0,65,2,3
0,1,-2,12.6115,0.0,54,2,4
0,0,0,10.8198,0.9741,56,2,2
0,-1,-1,12.6115,0.0433,59,2,1
1,0,0,12.5776,0.9743,49,2,2
0,0,0,13.1224,1.176,52,2,2
1,-1,2,11.8494,0.006,50,2,3
0,1,-2,12.7657,0.0,49,2,5
0,0,0,12.1007,0.3149,49,2,2
0,1,-1,12.8739,0.0,48,2,1
0,-1,0,10.8198,0.5719,52,2,1
0,0,0,10.8198,0.8655,51,2,1
0,0,0,11.9184,0.8454,52,2,1
0,-1,-1,12.2061,0.0021,49,2,1
0,-2,-2,12.1007,-0.0088,53,2,1
0,0,0,10.8198,0.254,50,2,2
0,0,0,11.6082,0.9427,51,2,1
0,0,0,12.6443,0.3662,62,2,2
0,0,0,11.2898,0.4662,60,2,3
0,0,0,11.2898,0.6937,54,2,3
0,-2,-2,12.3884,0.0,53,2,1
0,-2,-2,12.2549,0.0,54,2,2
0,0,0,10.309,0.8472,50,2,2
0,0,0,11.2898,0.428,52,2,1
1,2,2,11.1563,0.2851,49,2,3
1,1,-2,10.8198,0.0,50,2,3
0,-2,-2,12.1007,0.1005,64,2,3
0,-2,-2,11.9829,0.1004,60,2,2
1,2,0,9.9035,0.7944,50,2,3
0,1,-2,12.1007,0.0,53,2,1
0,0,0,10.309,0.8767,54,2,2
0,-1,-1,12.2549,0.1214,56,2,2
0,1,-2,11.6952,-0.0012,55,2,3
1,1,2,9.9035,0.77,51,2,3
0,1,2,10.309,0.348,49,2,2
0,1,2,10.8198,1.0251,53,2,3
0,1,-1,9.9035,0.0,51,2,3
0,-2,-2,11.6952,0.0,57,2,2
1,2,2,11.1563,1.0065,62,2,2
0,0,0,10.8198,1.0036,58,2,2
0,1,2,9.9035,0.9564,49,2,2
0,-2,-2,12.6443,0.0036,53,2,3
0,0,0,11.6952,1.0272,40,2,2
0,0,0,12.7939,1.018,47,2,3
0,-1,0,12.3884,0.0053,49,2,3
1,-2,-2,13.1224,0.0,53,2,3
0,-1,-1,13.1224,0.0216,53,2,2
0,-1,0,12.3884,0.3342,55,2,1
0,-2,-2,12.2061,0.0108,56,2,2
1,2,2,10.309,0.8863,67,2,3
0,0,0,11.7753,0.8362,49,2,3
0,0,0,11.2898,0.6884,50,2,3
0,0,0,11.9184,0.4785,51,2,2
0,-2,-2,13.1806,0.0122,54,2,1
0,0,0,12.2549,0.8582,53,2,1
0,1,-2,10.309,0.0,54,2,2
0,0,0,12.9239,0.8754,50,2,2
0,-2,-2,12.3884,0.0028,50,2,2
1,3,2,10.8198,1.2092,61,2,1
0,0,0,12.2061,0.938,67,2,3
0,0,0,11.1563,0.8267,55,2,2
0,0,0,11.8494,0.4921,53,2,3
0,-1,-1,12.6761,0.1708,54,2,3
0,0,0,10.8198,0.9228,53,2,3
1,-1,-1,13.1224,0.0012,50,2,2
1,-2,-2,12.6115,0.0,51,2,2
0,1,-2,12.8992,-0.0,51,2,1
0,0,-1,12.0436,0.0094,51,2,2
1,2,0,11.0021,1.0225,50,2,3
1,-1,-1,11.6952,0.0053,47,2,1
0,-1,-1,12.2549,0.0074,50,2,1
0,0,0,10.8198,0.9019,51,2,3
0,0,0,10.309,0.7491,51,2,2
0,0,0,11.7753,0.9586,51,2,2
1,2,2,12.5425,0.3798,50,2,2
0,-2,-2,12.3884,0.0179,51,2,1
0,0,0,12.3884,1.009,50,2,3
0,-1,-1,12.5062,0.0281,51,2,2
0,-2,-2,13.1224,0.0191,52,2,1
0,0,0,12.0436,0.9521,53,2,3
0,2,3,11.2898,0.0336,50,2,3
0,0,0,12.5425,0.0174,53,2,3
0,-1,-1,11.6082,0.017,52,2,1
0,-1,-1,12.4292,0.0016,54,2,1
0,0,0,12.7939,0.6054,54,2,2
1,0,0,10.8198,0.9865,53,2,3
0,-1,-1,12.5425,0.0273,57,2,2
0,0,0,13.1224,0.912,54,2,2
0,0,0,12.4684,0.8655,65,2,3
1,-2,-2,12.4292,0.0055,52,2,2
0,0,0,11.8494,1.0096,56,2,3
0,1,-2,12.1007,0.0,55,2,1
0,-2,-2,12.1548,0.0009,52,2,2
0,0,0,12.5776,0.2949,52,2,1
0,-2,-2,12.3458,0.0,53,2,1
0,-1,-1,12.3014,0.0012,54,2,2
0,1,-2,10.309,0.0,60,2,2
0,-1,-1,12.6115,0.0096,57,2,2
0,-1,2,12.4684,0.0044,57,2,3
1,2,2,11.8494,0.4918,58,2,2
0,-2,-2,12.7657,0.0218,57,2,1
0,0,0,11.1563,0.4335,40,1,2
0,0,0,12.2061,0.9173,30,1,2
1,2,0,11.4076,1.0025,31,1,1
0,1,2,10.309,0.8199,49,1,2
0,0,0,11.2898,0.8469,25,1,1
0,-1,0,11.9184,0.2,26,1,1
0,1,-1,12.7939,-0.012,29,1,1
0,-1,0,12.8992,0.0291,30,1,2
0,-1,-1,12.6115,0.0004,30,1,1
1,2,2,10.8198,0.4368,30,1,2
0,1,2,9.9035,0.7839,27,1,1
1,2,2,11.4076,0.9186,28,1,2
0,0,0,12.1007,0.8263,28,1,2
0,-1,-1,12.3458,0.0025,29,1,2
0,1,-2,11.9829,0.0,28,1,2
0,1,2,12.2061,0.6233,25,1,2
0,0,0,12.6115,0.0058,27,1,2
0,-2,-2,12.7939,0.0,29,1,1
0,-1,0,12.3458,0.0397,30,1,2
0,0,0,11.2898,0.9302,27,1,1
1,2,0,11.4076,0.0282,27,1,2
0,0,0,11.2898,0.4666,25,1,1
0,1,-1,11.9829,0.0,29,1,1
0,-2,-2,12.2061,0.0,30,1,1
0,0,0,11.0021,0.2602,25,1,2
0,-2,-2,12.7939,0.0078,27,1,1
0,-2,-2,12.7939,0.0,30,1,3
0,-1,-1,12.3014,0.0008,28,1,1
0,0,0,11.6952,0.1818,27,1,1
0,-1,-1,10.8198,0.9142,23,1,2
1,-2,-2,12.6115,0.0,29,1,2
1,-2,-2,12.8992,0.0,36,1,1
0,0,0,12.4684,0.1272,35,1,3
0,0,0,11.2898,0.7347,27,1,2
0,0,0,10.8198,1.0091,30,1,1
0,-1,-1,9.9035,0.06,27,1,2
0,0,0,10.8198,0.9511,29,1,2
0,1,2,9.9035,0.995,23,1,3
0,0,0,11.9184,0.5652,30,1,1
0,0,0,13.3375,0.8455,29,1,2
0,0,0,12.5062,1.0229,36,1,3
1,1,2,11.7753,0.6828,29,1,2
0,-1,0,11.9184,0.5519,22,1,2
0,0,0,10.8198,0.7638,26,1,2
1,1,4,10.8198,0.2659,26,1,2
1,2,0,9.9035,0.751,23,1,2
0,-1,-1,10.8198,0.0491,22,1,2
0,0,0,12.0436,0.661,25,1,1
0,0,0,10.8198,1.0246,29,1,2
0,0,0,9.9035,0.9153,22,1,3
1,1,2,9.9035,0.7271,22,1,2
0,0,0,9.9035,1.1838,21,1,2
0,0,0,9.9035,0.9336,21,1,2
1,0,0,9.9035,0.9616,22,1,1
0,0,0,11.4076,0.8882,25,1,2
0,-1,3,11.2898,0.0062,26,1,2
1,0,0,10.8198,0.5745,22,1,1
0,0,0,11.0021,0.5225,23,1,1
0,0,0,10.8198,0.9944,22,1,2
0,0,0,9.9035,0.8938,22,1,1
0,0,0,9.9035,0.9906,23,1,3
0,-1,-1,10.8198,0.0018,24,1,2
0,0,0,11.2898,0.6348,24,1,1
0,0,0,10.8198,0.765,22,1,1
1,1,4,9.9035,0.8728,22,1,2
0,2,3,9.9035,0.7831,22,1,2
1,0,0,10.8198,0.9092,22,1,3
0,0,0,10.8198,0.0866,23,1,3
0,0,0,10.8198,0.7035,23,1,2
0,1,2,9.9035,0.8415,23,1,2
0,0,0,12.948,0.9349,24,1,2
0,0,0,10.8198,0.3565,25,1,2
0,1,2,11.6082,0.7618,26,1,2
0,0,0,9.9035,0.6602,21,1,6
0,0,0,9.9035,0.822,22,1,2
0,0,0,10.8198,0.1834,23,1,3
0,0,0,12.1007,0.5373,23,1,2
0,0,0,9.9035,0.9345,22,1,2
0,0,0,9.9035,1.1146,21,1,2
0,0,0,9.9035,1.0035,21,1,2
1,2,3,9.9035,0.9146,22,1,2
0,0,0,10.8198,0.7662,22,1,2
0,2,0,10.8198,0.6342,26,1,3
0,-1,-1,11.9184,0.0231,27,1,4
1,2,2,11.1563,0.417,27,1,2
1,1,2,10.8198,0.9514,27,1,2
0,0,0,11.9184,0.1,32,1,1
0,0,-1,11.5129,0.4405,26,1,2
0,0,0,9.9035,0.7865,24,1,2
0,0,0,9.9035,0.7034,24,1,2
0,0,0,9.9035,0.1862,24,1,3
0,0,0,9.9035,1.0406,22,1,2
0,0,0,11.5129,0.7607,25,1,3
0,0,0,12.1548,0.9749,29,1,2
0,0,0,10.8198,0.9574,22,1,2
1,1,3,9.9035,0.7332,24,1,3
0,1,2,11.1563,0.1227,26,1,2
0,0,0,10.8198,1.0472,24,1,2
1,1,2,9.9035,1.0436,25,1,2
1,-1,-1,9.9035,0.036,24,1,1
0,0,0,9.9035,0.5384,24,1,2
0,-1,0,10.8198,0.9769,24,1,2
0,0,0,9.9035,0.5121,23,1,1
0,1,-2,10.8198,0.0,23,1,2
0,1,2,10.8198,0.1157,24,1,2
0,1,-1,9.9035,0.0127,24,1,1
0,1,2,9.9035,0.6294,25,1,2
1,0,0,10.8198,0.9396,25,1,2
0,0,-1,11.1563,0.34,25,1,1
1,0,0,9.9035,0.6273,27,1,2
0,1,4,9.9035,0.8806,24,1,2
0,0,0,9.9035,1.0216,23,1,2
1,0,0,9.9035,0.8643,25,1,2
0,0,0,12.3014,0.202,26,1,1
1,1,2,11.6952,0.526,25,1,2
0,0,0,11.8494,0.1241,26,1,1
0,0,0,10.8198,0.9643,27,1,1
0,0,0,10.8198,0.9407,25,1,2
0,1,-1,9.2103,0.714,26,1,2
0,0,0,10.8198,0.3633,25,1,1
0,0,0,10.8198,0.5025,26,1,2
0,0,0,9.9035,1.3347,25,1,1
0,-2,-2,12.2061,-0.0,26,1,1
0,0,0,10.5966,0.5413,26,1,1
0,0,0,10.309,0.4801,23,1,2
1,2,0,9.9035,0.7894,23,1,2
0,0,0,10.8198,1.0255,23,1,2
0,-1,2,9.9035,0.0273,24,1,3
0,0,0,11.7753,0.5604,25,1,2
0,0,0,11.9829,0.0254,25,1,2
0,0,-1,11.6082,0.4924,25,1,2
1,0,0,10.8198,0.3206,37,1,2
0,0,0,10.8198,0.5841,25,1,2
0,0,0,12.3884,0.1165,26,1,2
0,0,0,9.9035,0.1002,27,1,2
0,-1,0,13.1224,0.0022,30,1,3
0,0,0,11.0021,0.9914,26,1,2
0,0,0,10.8198,0.9545,25,1,3
0,0,0,10.8198,0.9304,24,1,2
0,-1,-1,9.9035,0.0195,25,1,2
0,0,0,10.309,1.0091,25,1,2
0,1,2,11.2898,1.0113,25,1,2
0,0,0,9.9035,0.7224,25,1,2
0,0,0,9.2103,0.8882,26,1,2
0,0,0,9.9035,1.0282,26,1,5
1,0,-1,11.5129,0.0154,26,1,1
0,2,2,10.8198,1.0249,23,1,2
1,0,0,11.0021,0.9679,26,1,2
0,0,0,12.8992,0.0383,27,1,2
0,5,4,9.9035,1.0836,27,1,5
0,0,0,10.8198,0.6518,27,1,3
0,0,0,11.6082,0.9323,27,1,2
0,0,0,10.309,0.1481,23,1,3
0,0,0,12.3458,0.1504,27,1,2
0,0,0,9.9035,0.9228,23,1,3
0,0,0,10.309,0.2001,24,1,1
0,0,0,11.4076,1.0128,25,1,2
1,2,0,10.309,0.8093,25,1,2
1,4,3,9.9035,1.0284,24,1,3
1,2,2,9.9035,0.8998,24,1,2
0,0,0,10.8198,0.2447,24,1,2
0,-1,-1,11.2898,0.0052,25,1,2
0,-1,-1,11.6952,0.0019,28,1,1
0,-1,-1,10.8198,0.1163,25,1,2
0,0,0,12.2061,0.2506,26,1,1
0,0,0,11.9184,0.9377,25,1,2
1,2,0,12.7939,0.0033,24,1,1
0,0,0,11.0021,0.9486,25,1,1
0,3,2,11.2898,0.9997,25,1,2
0,0,0,12.6761,0.4568,25,1,1
1,2,0,11.8494,1.0193,25,1,2
1,3,2,9.9035,0.0525,26,1,2
0,0,-1,11.6082,0.5528,26,1,2
0,0,0,12.1548,0.2405,26,1,2
0,0,0,11.7753,0.8715,25,1,2
1,0,0,11.9829,0.8677,26,1,1
0,0,0,12.4684,0.9627,26,1,1
0,-1,-1,11.2898,0.0926,26,1,1
1,0,0,10.8198,0.573,25,1,2
0,0,0,11.5129,0.9119,26,1,1
1,1,2,9.9035,0.3663,27,1,2
0,1,-1,12.2549,0.0,27,1,2
0,0,0,11.9829,0.5305,28,1,2
0,0,0,12.7367,0.7109,26,1,1
1,2,2,11.1563,0.8287,27,1,3
1,2,2,10.8198,1.0208,27,1,1
0,-1,-1,11.0021,0.0312,26,1,1
1,3,2,9.9035,0.06,27,1,3
0,0,0,10.8198,0.7043,27,1,1
0,-1,-1,12.3884,0.0209,26,1,1
0,0,0,9.9035,0.4775,23,1,2
0,0,0,10.8198,0.5965,25,1,2
0,0,0,11.7753,0.3006,25,1,2
0,0,0,10.8198,0.998,25,1,2
0,-1,-1,11.7753,0.0472,27,1,2
0,0,0,9.9035,0.9742,27,1,1
0,0,-1,12.8213,0.1737,28,1,6
0,0,0,11.6082,0.9858,27,1,3
0,0,0,12.2061,1.0168,28,1,3
0,0,0,11.9829,0.3683,26,1,3
0,0,0,12.6443,0.9809,26,1,2
0,1,-2,11.4076,0.0,27,1,1
1,4,3,9.9035,0.8113,22,1,2
0,0,0,10.309,1.0277,23,1,5
0,0,0,11.4076,0.3985,24,1,4
0,0,0,12.3884,0.1875,28,1,2
0,0,0,12.4684,0.233,32,1,2
0,0,0,11.6952,0.2445,27,1,2
0,1,2,11.2898,1.0383,27,1,2
0,-1,-1,11.9829,0.0348,27,1,1
0,0,0,11.7753,0.0546,27,1,2
0,-1,-1,9.9035,0.7348,23,1,1
0,0,0,12.0436,0.1811,26,1,2
0,0,0,11.6082,0.4131,27,1,3
0,0,0,10.8198,0.5268,25,1,2
0,0,0,11.1563,0.9333,26,1,2
0,0,0,11.2898,0.9738,25,1,2
0,0,0,10.8198,0.2777,25,1,1
0,0,0,11.0021,0.3428,27,1,1
0,0,0,11.5129,0.7427,28,1,2
0,0,0,10.8198,0.3494,27,1,1
0,2,3,12.1007,1.04,28,1,1
0,-1,-1,12.4292,0.0003,27,1,1
0,0,-1,11.8494,0.1718,27,1,2
0,-2,-2,12.2061,0.0345,28,1,1
0,0,0,11.1563,0.4705,29,1,1
0,0,0,11.9829,0.0448,28,1,2
0,1,-2,10.8198,0.0,28,1,1
0,1,2,10.309,0.8675,28,1,2
0,0,0,11.6082,0.9298,28,1,1
0,0,0,12.1007,0.1155,27,1,1
0,0,0,11.9184,0.1663,28,1,1
0,0,0,11.6082,1.013,28,1,2
0,0,0,11.4076,0.9378,27,1,1
0,0,0,11.6082,0.98,28,1,1
0,-1,-1,10.5966,0.0833,28,1,2
0,-1,-1,11.7753,0.0107,37,1,6
0,0,0,10.5966,0.9735,28,1,1
0,2,0,12.1007,0.0559,27,1,1
1,2,0,12.2549,0.9975,28,1,2
0,-1,-1,12.2061,0.0085,28,1,4
0,0,0,12.4684,0.9686,28,1,2
0,-1,-1,9.9035,0.0384,25,1,2
0,0,0,11.9184,0.0938,29,1,2
0,0,0,12.4292,0.4926,26,1,2
0,0,0,11.2898,0.933,27,1,1
1,0,0,10.309,0.4866,24,1,2
0,-2,-2,9.9035,-0.1,27,1,3
1,1,2,10.8198,0.469,29,1,2
0,0,0,13.039,0.9312,29,1,1
0,-2,-1,12.7367,0.001,30,1,2
0,0,0,9.2103,0.4304,23,1,2
0,0,0,10.8198,0.2354,24,1,2
0,0,0,11.6082,0.6759,24,1,2
0,2,2,10.8198,0.9123,22,1,2
1,-1,-1,11.5129,0.0019,27,1,1
0,-1,-1,11.2898,0.005,27,1,1
0,0,0,13.1224,0.0675,28,1,2
0,-2,-2,12.7939,0.0,28,1,1
0,-2,-2,12.5425,-0.0023,29,1,2
0,0,0,12.6115,0.0295,29,1,2
0,-1,-1,9.9035,0.0195,27,1,3
0,-1,-1,13.039,0.003,28,1,4
0,0,0,13.1224,0.1849,28,1,1
0,0,0,13.1224,0.5058,27,1,1
0,-1,-1,12.7939,0.0255,28,1,1
0,-2,-2,10.8198,0.0609,27,1,2
0,0,0,10.309,0.924,29,1,1
0,1,-2,11.8494,0.0,29,1,1
0,-1,-1,10.8198,0.0152,29,1,1
0,0,0,9.9035,1.1409,29,1,1
0,0,0,9.9035,0.7086,29,1,3
1,2,2,11.2898,0.729,27,1,2
0,0,0,12.3458,1.0059,28,1,2
0,0,0,11.6082,0.9758,27,1,2
0,0,0,11.4076,0.7166,27,1,2
0,2,-1,12.2061,0.0042,28,1,1
0,0,0,11.0021,0.9276,25,1,1
1,1,2,10.8198,0.7783,29,1,2
0,0,0,11.7753,0.6026,29,1,1
0,-1,0,12.4684,0.1189,29,1,2
1,-2,-2,12.1007,0.0,29,2,4
0,0,0,12.3884,0.3768,29,1,2
0,0,0,11.9184,0.1057,28,1,0
0,-2,-2,12.4684,0.0032,28,1,1
1,-1,0,11.5129,0.0071,29,1,1
0,0,0,10.8198,0.2756,29,1,2
0,0,0,11.9184,0.9956,27,1,1
0,0,0,10.5966,0.8269,27,1,1
0,0,0,9.9035,0.8586,24,1,2
0,0,0,10.309,0.9745,28,1,1
0,-2,-2,12.5425,0.0368,28,1,1
0,0,0,12.9715,0.9358,29,1,1
1,0,0,11.1563,0.2443,29,1,2
0,0,0,10.309,0.9301,29,1,3
0,0,0,10.309,0.2652,27,1,2
0,-1,-1,11.2898,0.0271,29,1,1
0,0,0,10.8198,0.9438,27,1,1
0,0,0,12.3458,0.1081,27,1,1
0,0,0,12.3458,0.1789,29,1,1
1,2,2,11.6082,0.5064,29,1,2
1,3,2,12.2061,0.0125,29,1,2
0,0,0,10.8198,0.8924,28,1,1
0,0,0,11.0021,0.5094,28,1,1
0,-1,-1,9.9035,0.039,28,1,5
0,2,0,12.6761,0.5395,29,1,2
0,0,0,12.3014,0.6843,28,1,1
0,-1,0,13.0605,0.4589,29,1,1
0,0,0,11.0021,0.1996,29,1,1
0,0,0,12.7068,0.0762,29,1,2
1,2,2,11.6082,0.9931,28,1,2
1,4,3,11.2898,0.153,29,1,2
0,0,0,12.5776,0.8414,30,1,1
1,3,2,9.9035,0.12,22,1,2
0,2,2,10.309,0.3266,28,1,1
0,0,0,11.2898,0.729,27,1,3
1,0,0,10.8198,0.565,28,1,2
0,-2,-1,11.9184,0.5907,28,1,2
0,1,2,9.9035,0.9267,28,1,3
0,0,0,11.8494,0.742,24,1,2
0,-1,0,12.4684,0.7013,30,1,1
0,-1,-1,11.6952,0.0208,30,1,2
0,0,0,11.6082,0.3208,30,1,2
0,0,0,11.8494,0.9498,30,1,1
0,1,2,11.5129,1.0876,27,1,1
0,-1,-1,12.7939,0.0276,30,1,1
0,0,0,11.1563,0.981,30,1,2
0,0,0,12.2549,0.6185,30,1,1
0,-1,-1,12.2061,0.0757,30,1,2
0,0,0,12.2061,0.8122,28,1,2
0,0,0,11.9829,0.987,28,1,1
1,1,-2,11.6952,-0.0016,31,1,1
0,1,2,12.1007,0.9621,32,1,2
0,0,0,12.3884,0.8772,29,1,2
1,0,0,11.6952,0.9463,27,1,2
0,0,0,12.2061,0.4961,28,1,2
0,0,0,12.5425,0.593,30,1,1
1,0,0,9.9035,0.8462,30,1,3
1,1,2,9.9035,0.8502,30,1,2
1,-1,2,12.4684,0.034,29,1,2
0,-1,-1,12.3014,0.0015,29,1,2
0,-2,-1,10.309,0.1893,30,1,2
0,0,0,11.2898,1.0104,29,1,2
1,2,2,11.2898,0.8374,30,1,2
0,-1,-1,11.8494,0.0129,30,1,1
1,2,-1,12.3014,0.0035,30,1,3
0,0,0,11.6082,0.5185,30,1,1
0,0,0,12.3884,0.7016,31,1,2
0,0,0,12.0436,0.8564,28,1,1
0,0,0,12.2549,0.6714,31,1,1
1,-2,-2,12.6115,0.0063,29,1,1
0,0,0,12.1548,0.6573,26,1,3
0,-1,-1,12.2061,0.0224,27,1,3
0,0,0,11.9184,0.9416,25,1,2
0,0,0,10.8198,0.325,23,1,2
0,-2,-2,9.2103,-0.0002,24,1,1
0,-2,-2,11.1563,0.3694,31,1,1
0,-2,-2,13.0605,0.021,30,1,1
0,-2,-1,12.4292,0.016,28,1,1
0,0,0,11.1563,1.0171,28,1,3
0,1,-1,11.2898,0.0,28,1,1
0,-1,-1,12.5062,0.0058,29,1,1
1,-2,-2,12.1007,0.0019,27,1,3
0,2,-1,12.3458,0.0021,29,1,1
1,2,0,11.2898,0.9954,30,1,3
0,-1,-1,12.5776,0.0027,30,1,2
0,0,-1,12.3458,0.1452,30,1,1
0,0,0,11.7753,1.0172,31,1,2
0,0,0,13.1224,0.6635,32,1,2
0,-1,0,13.2708,0.0848,32,1,1
0,0,0,12.1007,0.2344,30,1,2
0,0,0,13.039,0.0099,31,1,1
1,1,2,11.1563,1.0368,30,1,2
0,0,0,12.6443,0.7015,32,1,1
1,1,2,10.8198,0.9847,30,1,1
1,2,2,12.2061,0.444,32,1,2
0,-1,-1,12.6115,0.0146,31,1,1
0,-1,-1,11.6082,0.0664,31,1,1
1,1,-1,10.8198,-0.0009,27,1,1
0,-2,-2,12.7939,0.0,31,1,3
0,0,0,12.3014,0.1745,31,1,2
0,0,0,12.1548,0.55,31,1,1
1,2,0,9.9035,0.9168,23,1,3
0,-1,-1,11.2898,0.0861,31,1,1
0,0,0,10.8198,1.0247,29,1,1
0,1,1,10.8198,0.2749,30,1,2
0,0,0,12.7939,0.0968,31,1,2
0,0,0,11.4076,0.453,30,1,1
0,-2,-2,12.2061,0.0,30,1,3
0,-2,-2,12.9239,0.0171,30,1,2
0,0,0,12.7068,0.5001,31,1,1
0,0,0,11.5129,0.9685,30,1,1
0,-1,-1,12.2061,0.0348,31,1,2
0,0,0,11.6082,0.4341,30,1,2
1,1,2,11.4076,0.3763,31,1,1
0,0,0,12.6761,0.0822,30,1,2
0,-1,2,11.1563,0.0119,30,1,1
0,0,0,12.3014,0.4146,30,1,2
1,2,2,12.1007,1.2272,32,1,1
0,0,0,12.1007,0.0711,31,1,1
1,0,0,12.3884,0.9644,31,1,2
1,0,0,11.8494,0.5041,30,1,2
0,2,2,12.5425,0.3818,30,1,2
1,1,2,10.309,0.4702,31,1,1
0,-1,-1,9.9035,0.269,31,1,2
0,0,0,11.2898,0.7281,29,1,1
0,0,0,12.3458,0.7472,30,1,2
1,0,0,12.2061,0.7163,30,1,2
0,0,0,13.1616,0.8933,29,1,1
1,0,0,12.8992,0.5936,29,1,2
0,-2,-2,10.309,0.0279,25,1,2
0,0,0,12.8213,0.0962,31,1,1
0,-2,-2,11.9184,0.0033,31,1,2
1,1,2,11.2898,0.3487,26,1,2
0,0,0,12.9715,1.0205,26,1,3
1,0,0,9.9035,0.9749,24,1,2
0,0,0,10.8198,0.9864,27,1,2
1,2,2,11.0021,0.8158,24,1,2
0,-2,-2,12.7939,0.0083,28,1,1
0,-2,-2,12.5425,-0.0,31,1,1
0,0,0,12.7939,0.0513,29,1,2
0,0,0,12.948,0.1448,32,1,1
0,-2,-2,12.6761,0.0139,31,1,1
0,0,0,11.4076,0.0587,31,1,2
1,-1,-1,12.7939,0.0152,33,1,1
0,0,0,11.1563,0.981,30,1,2
0,0,0,10.8198,0.9202,26,1,2
0,0,0,12.2061,0.7089,30,1,3
0,-2,-2,12.4292,0.0,31,1,1
0,-1,-1,11.9184,0.0089,33,1,1
0,-1,-1,12.7657,0.002,33,1,2
0,0,0,10.309,0.9576,32,1,2
0,2,4,12.2061,0.8682,30,1,1
0,0,0,12.2061,0.3914,32,1,1
0,0,0,11.9184,0.6853,29,1,2
0,0,0,12.1548,0.7286,30,1,1
0,0,0,12.7367,0.0614,30,1,2
0,1,-1,12.7939,0.0,31,1,1
0,-1,-1,12.5425,0.064,30,1,1
0,0,0,10.309,0.9706,47,1,2
0,-2,-2,12.6115,0.0,35,1,3
0,2,0,12.3014,0.9893,37,1,5
0,0,0,11.2898,1.0134,41,1,3
1,2,2,10.309,0.6934,40,1,2
0,0,0,10.5966,0.2402,37,1,2
0,0,0,12.2061,0.7254,29,1,2
0,0,0,12.2061,0.4157,30,1,2
0,-1,-1,11.6082,0.0068,29,1,1
1,2,2,11.5129,0.9398,31,1,1
1,2,-1,9.9035,0.0195,34,1,2
0,0,0,11.6952,0.8679,46,1,3
0,0,0,12.5425,0.3037,37,1,2
0,0,0,12.5425,0.1041,30,1,2
0,1,-1,12.6115,0.0,42,1,2
0,-2,-2,12.948,0.0084,43,1,1
0,-1,-1,11.2898,0.1461,41,1,1
1,-1,-1,12.7939,0.0029,49,1,1
0,0,0,12.4684,0.0377,37,1,5
0,-1,0,12.4684,0.0201,32,1,2
0,0,0,11.6082,0.5877,32,1,2
0,0,0,12.8992,0.6799,32,1,2
1,1,3,9.9035,0.7799,32,1,3
0,0,0,12.0436,0.8027,35,1,1
0,0,0,11.1563,0.3988,35,1,3
0,-1,-1,12.2549,0.004,39,1,1
1,0,0,9.2103,0.6798,38,1,2
0,0,0,13.567,0.2198,48,1,1
0,0,0,12.948,0.9835,35,1,1
0,0,0,12.5425,1.0564,44,1,3
0,-1,-1,10.8198,0.0078,46,1,3
1,1,2,10.8198,0.9841,49,1,3
0,0,0,11.0021,0.5494,33,1,2
0,0,0,9.9035,0.9165,33,1,2
1,2,2,12.0436,0.8744,35,1,2
0,-2,-2,12.7068,0.0183,48,1,2
1,1,2,10.309,0.6943,37,1,1
1,2,-1,12.7657,0.0019,42,1,1
0,0,0,12.5776,0.6678,49,1,2
1,2,2,10.8198,0.9989,49,1,2
0,1,-1,9.9035,0.0,45,1,3
1,0,0,10.309,0.6175,38,1,2
0,0,0,10.8198,1.0048,37,1,2
0,0,0,11.1563,0.9047,39,1,3
0,1,2,12.6443,0.7492,33,1,1
0,0,0,12.3014,0.013,48,1,2
0,-1,-1,12.7939,0.0019,34,1,3
0,-1,-1,11.8494,0.0079,38,1,1
1,2,2,12.2061,0.5114,38,1,2
1,0,0,9.9035,0.7155,42,1,2
0,0,0,12.5776,0.5342,36,1,2
0,0,0,12.6115,0.2546,36,1,2
1,3,2,12.2061,0.0125,45,1,2
0,0,0,11.9184,0.5081,32,1,1
0,0,0,12.3884,0.7408,39,1,2
0,0,0,13.017,0.3695,32,1,2
0,0,0,9.9035,0.756,32,1,2
1,4,3,10.8198,1.0084,45,1,3
1,0,0,12.1548,0.5201,33,1,2
0,0,0,12.8739,0.6423,41,1,1
0,-1,0,11.4076,1.0123,36,1,1
0,0,0,11.6952,0.7806,39,1,2
0,-1,-1,12.2549,0.0019,33,1,1
0,0,0,13.1224,0.9572,41,1,2
0,-1,-1,12.6761,0.0692,40,1,1
0,-1,-1,12.2549,0.1089,39,1,1
1,2,0,11.4076,0.9899,38,1,2
0,1,-2,11.5129,-0.0034,34,1,2
0,1,-2,12.7939,0.0,37,1,2
0,0,0,10.5966,0.5194,37,1,2
0,1,-2,11.2898,0.0,41,1,1
0,1,-1,12.6115,0.0097,34,1,1
0,-1,-1,11.7753,0.0097,43,1,3
0,1,-2,13.0815,0.0,41,1,1
0,0,0,12.6761,0.9695,39,1,2
0,-2,-2,12.7068,0.0,37,1,3
0,0,0,11.1563,0.9065,38,2,1
1,0,0,12.3884,1.0925,46,1,2
0,0,0,12.2549,0.9722,32,1,3
0,-1,-1,10.8198,0.0078,47,1,2
0,-1,-1,10.8198,0.1617,39,1,1
0,0,0,10.309,0.5695,38,1,2
0,-1,-1,12.6443,0.0751,38,1,2
0,2,2,12.3458,0.5206,40,1,5
0,0,0,12.0436,0.537,39,1,2
0,1,-2,12.1007,0.0,39,1,2
0,-2,-2,12.7068,0.0176,49,1,1
0,0,0,12.0436,0.3126,34,1,1
0,2,2,11.9829,0.6339,33,1,1
1,0,0,10.8198,0.3055,32,1,2
0,0,0,11.0021,0.937,33,1,2
0,-1,-1,13.1224,0.0251,49,1,3
0,1,-1,12.3458,-0.0009,44,1,1
0,1,-2,12.1007,-0.0003,38,1,1
0,-1,-1,12.6761,0.0258,40,1,1
0,0,0,13.1022,0.3867,39,1,1
0,0,0,12.2549,0.9416,43,1,5
1,0,0,10.8198,0.4477,33,1,2
0,0,0,11.9829,0.1566,33,1,3
1,0,0,11.2898,2.0697,41,1,6
0,-1,-1,12.3014,0.0064,49,1,1
1,-1,2,9.9035,0.3772,46,1,2
0,2,-1,12.2061,0.0021,49,1,1
1,1,-2,12.6115,0.0,31,1,3
1,3,2,9.9035,0.0525,36,1,3
0,1,-1,12.1007,0.0,32,1,1
0,-2,-2,12.2061,0.014,33,1,3
1,2,2,11.8494,0.3843,38,1,2
0,-1,-1,11.9184,0.039,36,1,1
0,0,0,11.9829,0.1249,40,1,4
0,0,0,11.9829,1.0231,32,1,2
0,-2,-2,12.2061,0.0023,34,1,1
1,1,2,9.9035,0.974,49,1,3
0,1,-2,12.4684,0.0138,32,1,2
1,-1,-1,12.4684,0.0046,32,1,2
0,0,0,13.3375,0.1218,42,1,2
1,0,0,10.8198,0.7521,37,1,1
0,-1,-1,9.9035,0.0195,32,1,2
0,0,0,12.1548,0.0338,32,1,2
1,1,2,10.309,0.8102,38,1,2
0,-1,-1,11.9829,0.0423,38,1,3
0,-1,-1,12.7939,0.0352,40,1,2
0,0,0,9.9035,0.9578,44,1,2
0,0,0,11.9184,0.3315,42,1,3
0,-1,-1,12.8992,0.0044,38,1,1
0,1,-2,11.2898,0.0,43,1,3
0,-2,-2,12.4684,-0.0002,34,1,1
0,-1,-1,13.1224,0.0124,38,1,2
0,0,0,12.3884,1.0117,34,1,2
0,2,0,10.8198,0.9889,37,1,2
0,2,0,9.2103,0.9075,36,1,2
0,1,-2,10.8198,0.0,47,1,1
0,0,0,11.9184,0.9345,41,1,2
0,-2,-1,11.9184,0.0,40,1,1
0,0,0,11.7753,0.2257,30,1,3
0,1,2,11.6952,0.1816,37,1,2
1,0,0,10.8198,0.7951,39,1,3
0,1,2,11.9829,0.3965,41,1,1
1,0,0,11.1563,1.7252,39,1,2
0,0,0,12.8479,0.6449,40,1,1
0,-2,-2,12.5425,0.0078,47,1,1
1,0,0,10.8198,1.028,39,1,3
1,0,0,10.309,0.2783,35,1,2
0,-2,-2,12.4684,0.001,37,1,1
0,0,0,12.2549,0.6284,35,1,2
0,-1,-1,12.6761,0.0033,32,1,1
0,0,0,13.0815,0.1599,41,1,1
0,1,2,11.2898,0.5702,42,1,1
0,0,0,11.5129,0.4253,43,1,2
0,0,0,11.1563,0.6839,31,1,1
0,-1,-1,12.6115,0.001,37,1,1
0,0,0,11.9184,0.6955,48,1,1
1,0,0,11.8494,0.9296,41,1,1
0,-1,-1,12.7939,0.086,39,1,1
0,-1,-1,13.1224,0.0361,47,1,3
1,2,0,12.6761,0.8867,36,1,2
0,-1,-1,12.1548,0.0012,44,1,1
1,0,0,10.8198,0.3628,49,1,3
1,0,0,10.8198,1.0542,38,1,2
0,0,0,12.5776,0.4297,31,1,1
0,0,0,11.6082,0.5359,36,1,5
0,0,0,12.2549,0.9031,31,1,2
1,1,2,9.9035,1.0225,32,1,3
0,0,0,11.4076,0.9647,35,1,3
0,-1,-1,11.6952,0.0006,36,1,2
1,3,2,9.9035,0.3641,46,1,2
0,0,0,12.5062,0.0783,31,1,2
0,0,0,12.1548,0.1779,41,1,2
0,-2,-2,12.2061,0.0033,33,1,3
0,0,0,12.7367,0.1124,35,1,2
0,-1,-1,12.6443,0.0351,33,1,1
0,-1,0,12.1007,0.3164,30,1,3
1,0,0,11.2898,0.978,32,1,2
1,1,-1,13.1422,0.0,31,1,3
0,0,0,12.2061,0.3791,44,1,1
0,0,0,11.5129,0.1558,36,1,1
1,0,0,11.9184,0.0287,35,1,2
0,0,0,12.8992,0.5316,35,1,2
1,1,2,11.7753,0.0402,44,1,2
0,-1,-1,12.948,0.0221,35,1,2
0,-1,-1,12.7367,0.0035,49,1,1
0,-1,-1,12.2061,0.01,36,1,1
0,0,0,12.948,0.4853,32,1,2
0,-1,-1,10.8198,0.5493,34,1,1
0,0,0,12.5425,0.5292,31,1,1
1,2,0,12.5425,0.9947,31,1,1
0,0,0,11.0021,0.9478,46,1,3
0,-1,-1,12.7939,0.0057,33,1,1
1,1,2,12.3014,1.0193,31,1,2
0,0,0,9.9035,0.8232,38,1,2
1,1,-2,11.9829,0.0,41,1,1
0,-1,-1,9.9035,0.0085,48,1,3
0,-2,-2,12.1007,0.0177,33,1,2
0,0,0,13.1224,0.057,33,1,1
1,0,0,9.9035,0.4831,34,1,2
0,-2,-2,9.9035,0.1108,34,1,2
0,-1,0,12.4292,0.3921,45,1,3
0,0,0,12.6761,0.6506,38,1,2
0,-1,-1,13.0605,0.0413,32,1,2
0,0,0,12.1007,0.2861,39,1,3
0,1,-2,12.0436,-0.0059,32,1,2
0,0,-1,9.9035,0.427,45,1,3
0,0,0,12.5425,0.4558,48,1,2
0,0,0,12.5776,0.1466,36,1,2
1,-1,2,11.0021,0.013,36,1,1
0,-1,-1,11.7753,0.0222,27,1,1
0,7,6,11.5129,0.3382,42,1,3
0,1,2,11.0021,1.7415,36,1,1
0,-1,2,11.5129,0.0408,32,1,2
0,1,2,10.8198,0.9642,34,1,1
0,-2,-2,13.2177,0.0396,44,1,1
1,1,2,11.5129,0.2265,46,1,2
0,-1,-1,12.5425,0.0118,38,1,2
0,-1,2,10.309,0.5859,32,1,2
0,-2,-2,12.3458,0.2196,45,1,1
0,-1,-1,11.2898,0.0225,44,1,2
0,0,0,11.2898,0.7499,33,1,1
0,0,0,10.8198,1.0055,31,1,2
0,-1,0,10.8198,0.0371,46,1,2
0,-2,-2,12.5425,0.0007,36,1,1
0,0,0,12.5776,0.3351,40,1,1
0,0,0,10.8198,0.8936,47,1,3
0,-2,-2,11.8494,-0.0001,41,1,2
0,-1,-1,11.2898,0.0054,43,1,2
0,0,0,12.5425,0.0162,32,1,1
0,0,0,9.9035,0.3895,46,1,3
0,-1,-1,13.0605,0.0439,40,1,2
0,0,0,12.7657,0.0729,33,1,2
0,0,0,12.0436,0.2113,34,1,2
0,-1,-1,12.2061,0.005,31,1,1
0,1,-1,12.7939,0.0,35,1,3
1,0,0,11.8494,1.035,41,1,2
1,0,0,12.3884,0.9954,41,1,2
0,0,0,13.1224,0.6112,32,1,1
1,2,2,12.1548,0.8119,34,1,1
0,0,0,12.2061,0.3708,32,1,2
1,-1,-1,12.2549,0.0016,41,1,1
0,-1,-1,10.309,0.0591,36,1,1
1,0,0,10.8198,0.952,36,1,2
0,-1,-1,12.7939,0.0006,47,1,1
0,0,0,12.5425,0.535,43,1,2
1,-2,-2,12.7939,0.0,38,1,1
0,0,0,10.8198,0.9598,39,1,2
0,0,0,12.5062,0.6,47,1,3
0,0,0,9.9035,0.8811,37,1,2
0,0,0,12.2061,0.0238,37,1,2
0,0,0,12.6761,0.3247,39,1,2
0,0,0,12.3458,0.0929,37,1,2
0,0,0,12.7657,0.6246,35,1,3
1,-2,-2,12.3014,0.0053,33,1,1
0,0,0,10.8198,0.4438,35,1,2
1,0,0,9.9035,0.6772,48,1,3
0,-1,-1,12.8739,0.0917,32,1,1
0,-1,-1,11.6952,0.25,39,1,2
0,0,0,13.1022,0.1627,41,1,1
0,0,0,12.1548,0.4202,37,1,2
0,-1,-1,11.9184,0.0019,40,1,5
0,2,0,11.9184,0.9596,42,1,5
1,0,0,12.5062,0.6464,37,1,1
0,0,0,11.9184,0.8158,34,1,2
0,0,0,13.3047,0.6207,36,1,1
0,0,0,12.3884,0.8895,30,1,1
0,0,0,11.5129,0.9118,31,1,1
1,-1,-1,12.4684,0.0019,31,1,1
0,0,0,11.2898,0.087,42,1,3
1,2,3,9.9035,0.4708,46,1,3
0,0,0,12.4684,0.8686,42,1,2
0,1,-2,12.8213,0.0,41,1,1
0,0,0,11.1563,1.4469,31,1,2
0,0,0,12.5062,0.6997,31,1,3
0,0,0,12.4292,0.7003,44,1,2
0,0,0,11.1563,0.2603,39,1,3
0,1,-2,11.9829,0.0,42,1,2
0,0,0,12.6115,0.0599,35,1,1
0,-1,-1,12.5425,0.0052,39,1,3
0,-1,-1,12.2549,0.0016,34,1,1
0,2,2,12.2061,1.1703,33,1,1
1,3,2,10.8198,0.021,31,1,1
0,0,0,11.0021,0.1078,45,1,2
0,0,0,10.8198,1.0409,36,1,2
1,1,2,10.8198,0.9609,35,1,2
0,0,0,11.8494,0.6633,39,1,2
0,-1,-1,11.9184,0.1,31,1,1
0,0,0,12.3458,0.2468,33,1,1
0,-2,-2,12.6443,-0.0005,40,1,1
0,1,-1,13.1224,0.0,47,1,1
0,-2,-2,12.0436,0.0322,36,1,1
1,1,-1,12.3458,0.0,41,1,1
0,0,0,10.8198,0.399,47,1,2
0,-1,2,12.0436,0.0054,33,1,2
1,-1,0,12.7367,0.9853,34,1,2
0,0,0,12.3014,1.0817,35,1,2
0,0,0,11.0021,0.4252,45,1,2
0,-1,-1,12.2061,0.006,33,1,1
0,0,0,12.7657,0.1086,34,1,2
0,0,0,11.0021,1.6519,42,1,2
0,-2,-2,11.5129,0.0,28,1,2
1,1,2,11.1563,0.9581,32,1,1
0,-1,-1,12.7939,0.0104,35,1,1
1,-1,-1,11.5129,0.012,29,1,2
0,-2,-2,12.5776,0.0028,47,1,1
1,1,-2,12.8479,0.0,47,1,2
0,0,0,12.8479,0.2052,33,1,1
1,0,0,11.0021,1.0006,45,1,2
0,-1,0,12.6761,0.2102,28,1,3
1,2,2,11.2898,0.4396,45,1,2
0,-1,0,12.5425,0.1203,37,1,1
1,2,2,11.6082,0.9382,38,1,2
1,2,0,12.6443,0.3292,46,1,2
0,0,0,12.3458,0.1241,28,1,1
1,1,-1,12.2061,0.0,28,1,3
0,0,0,11.1563,0.8329,29,1,2
0,0,0,12.2549,0.2991,35,1,2
0,-1,-1,12.5776,0.0258,41,1,3
0,2,0,13.039,0.0155,37,1,1
0,-1,-1,12.7939,0.0007,39,1,1
0,-2,-2,12.2061,0.0055,32,1,1
0,0,0,12.3458,0.1338,37,1,1
0,-1,-1,11.2898,0.0372,32,1,2
0,0,0,11.2898,1.0133,36,1,3
0,0,0,11.9184,0.1815,33,1,1
0,0,0,12.5776,0.2509,36,1,2
0,0,0,11.4076,0.7531,31,1,3
1,-1,-1,12.7939,0.0007,40,1,2
1,1,2,12.1548,0.5548,36,1,1
0,0,0,9.9035,0.3736,41,1,2
0,0,0,11.9184,1.6698,47,1,3
0,0,0,10.8198,0.2206,32,1,2
0,-2,-2,12.6443,0.0032,38,1,1
0,0,0,12.4684,0.3621,38,1,1
0,0,0,12.1548,0.1649,42,1,2
1,-1,-1,10.309,0.2152,31,1,1
0,-2,-2,12.5425,0.0702,32,1,1
1,0,0,11.0021,0.9687,40,1,2
0,2,0,9.9035,0.9498,32,1,2
0,0,0,11.8494,0.9474,29,1,2
1,-1,-1,11.2898,0.025,47,1,1
0,0,-1,12.2061,0.0062,43,1,3
0,-1,-1,12.0436,0.0036,42,1,1
0,-1,-1,12.2549,0.0132,48,1,2
0,0,0,13.1224,0.3141,46,1,2
0,-1,-1,11.0021,0.6535,36,1,2
1,0,0,12.9239,0.0875,32,1,1
1,0,0,12.3014,0.9555,35,1,2
0,0,0,12.948,0.2915,30,1,2
0,0,0,12.4292,0.5987,28,1,2
0,0,0,11.2898,1.0561,26,1,1
0,0,0,11.2898,0.5077,27,1,2
0,0,0,9.9035,0.1804,28,1,1
0,-1,-1,12.6115,0.0616,30,1,2
1,0,0,10.8198,1.0866,44,1,1
0,-2,-2,12.7939,0.0,46,1,3
0,0,0,11.8494,0.9107,36,1,1
1,0,0,11.1563,0.874,31,1,2
0,0,0,11.1563,0.991,34,1,2
0,0,0,12.9715,0.0963,39,1,1
0,-2,-2,12.0436,0.0,39,1,2
0,1,-2,12.2549,0.0,44,1,2
0,-2,-2,11.9184,0.0183,36,1,1
0,0,0,12.4684,0.9696,42,1,2
0,-2,-2,13.1224,0.045,40,1,2
0,-2,-2,11.9829,0.0259,39,1,1
1,0,0,12.2549,0.2668,45,1,2
0,1,2,12.3458,0.8836,33,1,2
0,-1,-1,12.1007,0.0152,43,1,2
0,0,0,9.9035,0.372,37,1,2
0,0,0,12.6443,0.7974,41,1,1
0,-2,-2,12.1007,0.0,39,1,1
0,0,0,11.2898,0.6121,46,1,1
0,0,0,12.3458,0.6221,47,1,1
1,0,0,12.2549,0.5474,41,1,2
1,1,2,11.4076,0.6843,37,1,2
0,1,2,10.309,0.861,45,1,1
0,2,2,12.9715,0.001,34,1,1
0,-2,-2,12.2061,0.054,41,1,1
1,-2,-2,12.3014,0.0019,34,1,1
0,1,-1,13.0815,0.0126,37,1,1
0,0,0,12.7939,0.0918,36,1,2
0,-2,-2,12.8739,-0.0018,34,1,2
1,0,0,9.9035,0.6908,43,1,2
0,0,0,12.2061,0.3296,37,1,3
1,2,2,10.309,0.1154,35,1,2
0,-1,-1,12.9239,0.0839,40,1,1
0,2,0,10.5966,0.9685,47,1,1
1,1,2,10.8198,1.0115,47,2,3
0,-1,0,12.3458,0.2093,28,2,1
1,2,2,11.7753,0.0079,33,2,1
0,-1,-1,11.5129,0.0707,33,2,2
0,0,0,12.8992,0.0673,34,1,1
0,0,0,12.7068,0.2219,42,1,1
0,-2,-2,13.2879,0.001,41,1,1
1,2,0,10.8198,0.2746,34,1,1
1,0,0,11.8494,0.4155,36,1,2
0,0,0,13.5008,0.0963,37,1,2
1,0,0,11.6082,0.9766,34,1,2
0,-1,-1,13.1224,0.0081,46,1,3
0,-1,-1,12.2061,0.0308,40,1,3
0,0,0,12.1007,1.0169,41,1,3
0,0,0,11.1563,0.958,45,1,2
0,0,0,12.0436,0.0154,45,1,1
0,0,0,12.948,0.0324,44,1,2
0,0,0,11.0021,0.9772,29,1,2
0,0,0,12.5425,0.9518,31,1,2
0,0,0,10.309,0.7206,40,1,2
1,2,0,11.4076,0.9882,38,1,1
0,-2,-1,12.2061,0.0012,36,1,1
0,0,0,12.3014,0.2853,33,1,3
0,0,0,12.5425,0.3296,47,1,2
0,0,0,12.5425,0.4964,38,1,1
0,-2,-2,12.9715,0.0049,40,1,1
0,1,-2,12.1007,0.0,37,1,1
1,1,2,10.8198,0.5446,49,1,1
0,-2,-2,13.1224,0.0373,46,1,1
0,0,0,10.8198,0.7707,35,1,3
0,-2,-2,12.2061,0.015,43,1,1
0,2,0,11.5129,0.9593,42,1,1
0,0,0,11.0021,0.9305,31,1,2
1,0,0,10.309,1.0128,33,1,3
0,2,0,12.1007,0.621,41,1,3
1,1,2,9.9035,0.41,40,1,2
0,0,0,12.7657,0.512,39,1,2
0,0,0,9.9035,0.2954,43,1,2
0,0,0,11.5129,1.006,38,1,2
1,2,0,9.9035,0.5786,43,1,2
0,0,0,10.309,0.3435,29,1,3
0,-1,-1,10.309,0.2377,31,1,2
0,0,0,12.1007,0.4343,40,1,5
0,0,0,12.6115,0.1664,29,1,2
0,-1,-1,12.7939,0.0005,38,1,2
0,-1,-1,12.2549,0.0044,36,1,1
1,1,2,10.309,0.6276,35,1,1
0,0,0,11.9184,0.9787,31,1,2
0,-2,-1,11.9184,0.0,31,1,2
1,-2,-2,11.9184,0.0,42,1,3
0,1,2,13.0605,0.5891,40,1,1
0,0,0,12.2061,0.5286,38,1,2
0,0,0,11.2898,0.9748,49,1,3
0,1,2,12.4292,0.8257,37,1,1
0,-2,-2,13.1224,0.0487,30,1,1
0,1,2,12.2061,0.0723,36,1,1
0,0,0,11.4076,1.1815,34,1,1
0,0,0,12.8992,0.264,47,1,1
0,-1,-1,12.1007,0.0523,38,1,2
0,-1,-1,11.9829,0.0062,47,1,2
0,0,0,11.7753,0.9465,38,1,2
0,0,0,11.0021,1.1286,45,1,2
0,0,0,12.3884,0.8959,39,1,2
1,0,0,11.9829,0.5158,33,1,2
0,0,0,10.8198,0.9784,43,1,2
0,0,0,12.5425,0.8974,34,1,1
0,0,0,10.309,0.8443,40,1,2
0,0,0,11.7753,0.3604,46,1,2
0,-1,-1,11.9829,0.0015,43,1,1
0,1,-2,12.948,0.0022,36,1,4
1,1,-1,12.2549,0.0,37,1,2
0,0,0,11.1563,0.863,39,1,1
0,0,0,10.8198,0.9535,44,1,2
1,2,0,10.8198,0.75,38,1,3
0,-1,-1,12.7068,0.0032,38,1,1
1,2,2,11.1563,0.9881,40,1,2
0,-2,-2,12.0436,0.0035,36,1,2
1,0,0,10.8198,1.029,41,1,2
0,-1,-1,12.4292,0.0074,39,1,1
0,0,0,12.2061,0.2572,49,1,3
0,0,0,13.039,0.1455,37,1,2
0,2,0,11.5129,0.7762,40,1,3
1,1,2,12.3014,0.8641,35,1,1
1,-1,2,10.309,0.026,35,1,2
0,0,0,11.2898,0.9177,34,1,2
0,0,0,12.6761,0.3687,34,1,2
0,-1,0,11.6082,0.0308,36,1,5
0,0,0,9.9035,0.8904,35,1,2
1,2,2,10.8198,2.5502,44,1,2
0,-2,-2,12.9715,0.0431,38,1,2
1,2,0,11.2898,0.75,39,1,2
1,1,2,10.5966,0.2768,35,1,1
0,0,0,11.9184,0.6598,42,1,2
0,0,0,12.7068,0.0806,33,1,4
0,0,0,9.9035,1.4518,40,1,2
0,0,0,9.9035,0.8684,45,1,2
0,0,0,13.1224,0.0362,40,1,1
1,0,0,12.2061,0.8076,42,1,1
0,0,0,9.9035,0.5514,46,1,2
0,0,0,12.2549,0.6005,44,1,1
0,1,2,13.1224,0.3382,41,1,2
0,-2,-2,12.6115,0.5392,42,1,1
0,0,0,11.6082,0.9432,35,1,2
0,0,0,13.1224,0.1484,39,1,1
1,1,2,11.6952,0.6274,44,1,1
0,-2,-2,12.7939,0.0051,44,1,2
0,-1,-1,12.7657,0.0263,36,1,3
1,1,-1,11.2898,0.0,35,1,1
0,-2,-2,12.6761,0.0087,46,1,1
0,-1,-1,12.3458,0.0047,38,1,1
0,0,0,11.6082,0.75,44,1,2
0,0,0,11.0021,0.3726,32,1,2
0,0,0,9.9035,0.7708,34,1,1
0,0,0,12.6761,0.0316,35,1,2
0,0,0,11.4076,0.9867,41,1,1
0,-2,-2,12.2061,0.002,49,1,2
1,1,2,12.3884,0.4263,46,1,1
1,0,0,12.3884,0.9298,43,1,1
0,-1,-1,11.6952,0.1129,48,1,2
0,0,0,11.1563,0.3478,46,1,3
0,1,2,9.9035,0.224,33,1,2
0,1,2,11.8494,1.0568,35,1,2
0,1,2,12.3884,0.4211,41,1,3
0,0,0,10.8198,0.9664,44,1,3
0,2,2,11.5129,0.898,26,1,2
0,0,0,11.8494,0.1537,26,1,2
0,-1,2,12.4684,0.0291,31,1,2
0,-2,-2,12.3458,0.0,35,1,1
0,-1,-1,9.9035,0.0208,36,1,3
0,0,0,11.6082,0.9647,38,1,2
0,0,0,13.039,0.5117,40,1,1
0,0,0,11.6952,0.2208,36,1,2
1,0,-1,11.0021,0.3703,31,1,2
1,0,-1,10.8198,0.0295,31,1,3
0,0,0,10.8198,0.9724,41,1,3
0,0,0,10.309,0.0649,42,1,3
0,0,0,9.9035,0.9006,45,1,3
0,0,0,9.9035,0.853,47,1,2
0,0,0,12.7657,0.7502,32,1,2
0,0,0,12.3884,0.9958,36,1,2
1,2,2,11.6952,0.3825,37,1,2
0,-2,-2,12.2061,0.0,47,1,3
0,-1,-1,11.9184,0.0204,31,1,1
0,-2,-2,12.1007,0.0,37,1,2
0,-1,-1,12.4684,0.0009,30,1,1
0,-2,-2,12.1007,0.0199,31,1,1
0,0,0,11.7753,0.2041,31,1,1
0,0,0,12.4292,0.4772,34,1,1
0,-2,-1,13.039,0.0,35,1,4
0,0,0,10.5966,0.7732,35,1,1
1,2,2,9.9035,0.4868,36,1,2
0,-2,-2,12.6443,0.1119,41,1,2
0,0,0,11.4076,0.9688,40,1,2
0,0,0,9.9035,0.6324,43,1,3
0,0,0,12.5062,0.0674,39,1,2
0,0,0,12.0436,0.6743,45,1,3
0,0,0,12.6115,0.2204,41,1,2
1,2,2,12.7657,0.0024,30,1,1
0,-1,-1,12.7939,0.0011,39,1,1
0,0,0,12.4684,0.5057,37,1,2
0,0,0,11.5129,0.1233,28,1,1
0,0,0,12.2061,0.2111,28,1,1
0,0,0,10.309,0.7232,38,1,2
0,-1,-1,11.9829,0.0084,46,1,1
0,0,0,12.8213,0.1278,36,1,2
0,0,-1,12.8479,0.295,43,1,2
0,-1,-1,12.2549,0.2559,37,1,3
0,1,2,11.4076,0.4093,44,1,2
0,-1,-1,12.2549,0.0147,42,1,2
1,1,-2,11.6952,0.0,30,1,1
0,-1,-1,13.1224,0.0924,46,1,1
0,0,0,12.8739,0.0839,48,1,2
0,-2,-2,12.6443,0.0266,32,1,1
0,0,0,12.5425,1.0163,32,1,1
0,-1,-1,12.2061,0.0099,41,1,1
0,0,0,10.8198,0.6534,38,1,2
0,-1,-1,13.1224,0.0347,42,1,2
0,0,0,10.309,0.9964,49,1,2
1,0,0,10.8198,0.9997,35,1,2
1,-2,-2,12.2549,-0.0008,47,1,2
0,-2,-2,11.9184,0.0,41,1,1
0,0,0,12.3458,0.9487,36,1,2
0,-1,-1,12.2061,0.0074,38,1,1
0,-1,-1,12.2061,0.019,38,1,1
1,0,0,12.7068,0.5453,38,1,2
0,0,0,11.1563,0.9735,37,1,2
1,-1,-1,11.5129,0.0009,41,1,2
0,0,0,11.7753,1.0,34,1,2
1,-1,-1,11.4076,0.0105,35,1,2
0,1,-2,11.9184,0.0,36,1,1
0,0,0,12.3458,0.0977,35,1,2
0,-1,0,11.2898,0.2724,38,1,1
0,0,0,11.5129,0.6647,36,1,2
1,0,0,12.0436,1.1009,37,1,1
0,-1,2,12.6443,0.0078,43,1,1
0,-1,-1,11.9829,0.0046,36,1,2
1,2,2,11.1563,0.4401,36,1,2
0,0,0,13.1224,0.1241,37,1,1
0,0,0,10.8198,1.028,46,1,2
1,2,2,12.9239,0.1745,46,1,2
0,0,0,11.6952,1.0066,32,1,1
1,-1,-1,9.9035,0.0162,30,1,1
0,-1,0,12.6443,0.0397,40,1,2
0,0,0,11.4076,0.2721,36,1,2
0,0,0,12.2061,0.7295,43,1,1
0,-1,-1,12.7939,0.0301,30,1,1
0,0,0,12.7657,0.0471,29,1,1
0,0,0,9.9035,0.7475,34,1,2
0,-2,-2,12.4684,0.0203,37,1,1
1,0,0,11.6082,0.9839,42,1,2
0,0,0,11.8494,0.6471,32,1,1
0,0,0,12.6443,0.8506,34,1,3
0,0,0,12.0436,0.8718,40,1,2
0,0,0,11.2898,0.9567,30,1,1
0,-1,-1,12.9239,0.0125,46,1,2
0,0,0,11.7753,0.1281,38,1,2
0,0,0,12.4684,0.023,39,1,1
0,-1,-1,13.1224,0.0052,40,1,1
0,-2,-2,11.9829,0.0024,43,1,2
0,0,0,12.1007,0.2087,33,1,2
0,0,0,11.1563,0.771,34,1,3
0,-1,-1,10.8198,0.02,35,1,2
1,2,0,11.4076,0.707,32,1,1
1,0,0,12.2549,0.6536,32,1,2
0,2,0,12.2549,0.9315,31,1,5
0,-1,-1,12.7939,0.0026,32,1,2
0,0,0,12.5425,0.3598,30,1,1
0,0,0,11.9829,0.6761,31,1,1
0,-1,-1,12.2061,0.0163,32,1,2
0,5,4,10.8198,0.935,32,1,2
1,0,0,12.8992,0.0062,33,1,3
0,-2,-2,12.2549,0.0044,32,1,1
0,-2,-2,12.9945,0.0054,33,1,1
0,-1,-1,12.8479,0.0119,34,1,3
0,0,0,11.6952,0.0715,33,1,1
1,0,0,11.6082,0.4315,33,1,1
1,1,2,11.6082,0.4866,34,1,2
0,-1,-1,12.7939,0.0191,34,1,1
1,0,0,12.2061,1.0148,47,1,1
1,0,0,12.2061,0.8768,36,1,2
0,0,0,10.8198,1.0094,35,1,2
0,-2,-2,12.8992,0.0576,38,1,1
0,-1,2,11.9184,0.0132,41,1,1
0,-1,-1,12.9715,0.1023,39,1,1
0,-2,-2,12.0436,-0.0001,35,1,1
0,0,0,12.6115,0.0791,42,1,1
0,0,0,13.1224,0.0693,36,1,1
0,0,0,12.3458,0.7178,34,1,2
0,0,0,10.8198,1.0119,47,1,2
1,1,2,10.8198,0.3065,44,1,2
0,1,-2,12.3014,0.0,35,1,1
0,-2,-2,13.1224,0.0042,39,1,2
0,1,2,12.7657,0.2024,38,1,2
0,-1,-1,12.2061,0.0199,44,1,1
0,0,0,10.309,0.9075,35,1,3
0,-1,-1,12.1007,0.0073,36,1,3
0,2,2,10.8198,0.1794,42,1,2
0,-1,-1,11.2898,0.0131,44,1,1
0,0,0,12.5062,0.0675,39,1,1
0,-1,-1,12.6443,0.0535,39,1,1
1,1,2,13.017,0.8604,37,1,1
1,2,2,12.2549,0.7203,40,1,1
0,0,0,12.6115,0.4241,39,1,2
0,0,0,11.0021,1.2155,38,1,2
0,-1,-1,12.7939,0.0012,36,1,1
0,1,-2,12.5425,0.0,34,1,1
1,0,0,11.9184,0.8868,40,1,1
0,-2,-2,12.4684,0.0009,42,1,2
0,-2,-1,11.9184,0.0584,39,1,1
0,0,0,12.1007,0.3452,37,1,2
0,-1,-1,11.6952,0.0014,43,1,1
0,0,0,12.2061,0.6286,42,1,1
0,0,0,11.7753,0.937,43,1,1
0,1,2,10.8198,0.9088,35,1,2
0,-2,-2,12.9715,0.0,35,1,1
1,0,-1,10.309,1.007,30,1,2
1,0,0,11.0021,0.0736,30,1,2
0,-1,-1,12.1007,0.0079,29,1,1
0,1,-1,12.7939,0.0,31,1,3
0,0,0,11.0021,0.8992,31,1,2
0,-1,-1,11.5129,0.0375,31,1,1
0,0,0,11.2898,0.9294,48,1,2
0,0,0,12.3884,0.1285,34,1,1
0,-2,-2,10.5966,0.0,35,1,1
0,0,0,11.2898,0.9662,35,1,2
1,2,-1,11.6952,0.003,48,1,1
0,-1,-1,12.5425,0.0423,42,1,4
0,-2,-2,12.2549,0.0112,41,1,1
0,0,0,11.1563,0.6917,38,1,2
1,2,2,11.9829,0.394,37,1,1
0,-1,-1,12.4684,0.0133,47,1,5
1,2,2,11.5129,0.386,37,1,1
1,2,2,11.2898,0.6094,36,1,2
0,1,-1,11.8494,0.0,44,1,2
0,-2,-2,11.5129,0.0885,40,1,2
0,0,0,10.8198,0.5859,37,1,1
0,2,2,9.9035,0.7544,35,1,2
0,0,0,12.3884,0.7874,35,1,1
0,0,0,11.4076,0.1824,44,1,2
0,0,0,12.948,0.6986,38,1,2
0,0,0,13.1224,0.2691,33,1,2
0,-2,-2,12.7657,0.0172,33,1,1
0,0,0,10.8198,0.7944,43,1,2
0,-1,-1,11.2898,0.0134,40,1,1
0,1,-2,12.2061,0.0,42,1,1
0,0,0,12.3884,0.2797,43,1,1
0,1,-2,10.309,0.0,44,1,2
0,0,0,10.8198,0.6303,39,1,3
0,0,0,12.5776,0.1097,46,1,2
0,0,0,9.9035,0.893,38,1,3
0,0,0,12.7068,0.2634,45,1,2
1,1,2,9.2103,0.8803,36,1,1
0,0,0,12.8213,0.3337,45,1,1
0,0,0,11.2898,1.0555,43,1,1
0,0,0,12.7367,0.4351,40,1,2
1,1,-2,13.1224,0.0,31,1,1
0,0,0,13.039,0.6379,49,1,1
1,0,0,10.8198,0.9319,43,1,2
0,0,0,11.9829,0.9462,44,1,6
1,2,2,11.2898,0.8531,47,1,2
0,0,0,12.2549,0.9563,48,1,3
0,0,0,10.309,0.9495,35,1,3
1,0,0,10.309,1.0468,37,1,2
0,-1,-1,12.9239,0.0012,38,1,1
1,0,0,12.4684,1.8977,35,1,2
0,0,0,10.8198,1.0107,40,1,2
0,-1,-1,12.7939,0.003,37,1,3
0,0,0,10.8198,0.9717,49,1,3
0,-1,2,12.3014,0.0055,40,1,1
1,2,2,10.309,1.7746,50,1,3
1,1,2,12.3458,0.1029,50,1,2
0,1,5,9.9035,0.9189,50,1,3
0,-1,-1,13.1224,0.2054,45,1,2
0,0,0,10.8198,0.67,34,1,1
0,-2,-2,12.9945,0.0021,49,1,2
0,0,0,11.8494,0.5997,50,1,1
0,-2,-2,13.0815,0.1327,49,1,1
1,0,0,9.9035,0.8526,53,1,2
0,3,2,12.0436,0.0128,52,1,2
0,0,0,12.4684,0.8161,54,1,2
1,-1,2,11.8494,0.0056,50,1,1
0,0,0,11.5129,0.3333,49,1,3
0,-1,-1,12.3014,0.0054,65,1,3
0,-1,-1,11.9829,0.0024,61,1,3
0,0,0,9.9035,0.851,50,1,2
1,-1,-1,12.2549,0.0197,50,1,3
0,-2,-2,11.0021,0.0233,50,1,3
1,2,2,12.1548,0.1902,50,1,1
0,0,0,13.1224,0.1589,51,1,1
0,0,0,9.9035,0.432,50,1,2
0,1,2,13.039,0.3901,51,1,1
0,0,-1,13.039,0.0231,61,1,3
0,0,0,12.6115,0.9417,56,1,3
0,0,0,13.1022,0.1205,57,1,2
0,0,0,11.4076,1.0415,58,1,2
1,2,2,11.1563,0.2886,55,1,3
1,0,0,9.9035,0.8367,55,1,2
0,-1,2,9.9035,0.074,61,1,2
1,0,0,9.2103,0.77,61,1,3
0,-1,-1,12.948,0.0046,53,1,1
0,-1,-1,12.2061,0.0538,54,1,2
0,0,0,13.1224,0.402,58,1,1
0,0,0,11.9184,0.9527,55,1,1
0,0,0,10.8198,0.9238,58,1,3
0,0,0,12.1007,0.2663,63,1,2
0,0,0,9.9035,0.6937,52,1,2
1,2,2,11.9184,0.8797,52,1,2
0,1,2,10.8198,1.044,60,1,3
0,0,0,11.7753,0.9927,54,1,2
0,0,0,12.8213,0.6544,52,1,1
1,-1,-1,12.7939,0.0838,58,1,2
1,0,0,11.5129,0.3708,54,1,3
0,0,0,10.8198,1.5161,54,1,3
1,0,0,12.2061,0.0152,61,1,3
0,0,0,12.8992,0.0377,53,1,3
0,0,0,9.9035,0.8884,56,1,2
1,3,2,13.1224,0.0099,55,1,1
1,0,0,9.9035,0.913,49,1,2
0,0,0,12.3884,0.9853,50,1,5
0,-2,-2,12.2549,0.0269,52,1,2
0,0,0,11.7753,0.6916,54,1,2
0,0,0,11.7753,0.1591,49,1,3
1,-1,-1,12.7939,0.013,49,1,1
0,0,-1,10.8198,0.2209,55,1,1
0,-1,-1,13.1224,0.0206,54,1,1
0,2,0,11.7753,0.756,54,1,3
1,0,0,9.9035,0.9989,55,1,3
0,-2,-2,13.0815,0.0,50,1,1
0,0,0,12.3884,0.5843,50,1,3
0,0,0,11.0021,1.0019,51,1,2
1,-1,0,13.017,0.3486,61,1,1
0,-1,-1,12.7657,0.0005,65,1,3
1,2,0,11.7753,0.9339,48,1,2
0,0,0,12.3884,0.9791,48,1,1
0,2,0,10.8198,0.9286,54,1,2
0,0,0,11.0021,1.034,53,1,2
0,0,0,9.9035,0.891,50,1,1
0,0,0,10.309,0.8949,48,1,2
0,-2,-2,12.8992,0.0079,48,1,1
0,0,0,12.8992,0.0406,50,1,1
0,-1,-1,12.2061,0.0021,48,1,1
0,0,0,12.4684,0.5123,50,1,2
0,-1,-1,10.309,0.013,59,1,1
1,0,0,10.309,0.4825,52,1,1
0,-1,-1,12.5062,0.0034,54,1,1
0,0,0,12.4684,0.5959,48,1,3
0,1,-1,12.2549,0.0,47,1,2
0,1,2,13.1224,0.4626,51,1,1
1,0,0,10.8198,0.9664,49,1,2
0,0,0,11.9829,1.2821,53,1,1
0,0,0,13.2177,0.3662,53,1,1
0,-2,-2,12.7068,0.0,54,1,1
1,-1,2,12.5425,0.0018,60,1,1
0,0,0,12.8992,0.6989,66,1,1
0,0,0,12.6115,0.4249,55,1,1
0,0,0,9.9035,1.009,56,1,2
0,-1,-1,12.5425,0.0057,39,1,1
0,-1,-1,12.8992,0.1308,63,1,3
0,-2,-2,12.3458,-0.0,58,1,3
1,-1,0,9.9035,0.678,53,1,3
1,0,0,10.8198,0.618,55,1,3
0,-1,-1,13.0815,0.008,66,1,1
0,1,-2,12.7939,0.0132,50,1,5
0,-1,-1,11.6082,0.0194,51,1,3
0,0,0,11.9184,0.9976,51,1,1
1,2,2,10.8198,0.9853,54,1,2
0,0,0,12.2061,1.0258,54,1,1
0,0,0,11.6082,0.966,49,1,2
0,0,0,11.5129,0.1071,55,1,1
0,0,0,9.9035,0.5731,50,1,1
0,0,0,10.309,0.9599,50,1,2
0,0,0,12.3458,0.572,60,1,2
1,2,0,10.8198,0.1783,50,1,3
0,0,0,10.309,0.806,53,1,3
0,-1,-1,10.8198,0.0269,55,1,3
0,0,0,11.7753,0.9587,51,1,3
0,0,0,10.8198,0.9308,57,1,2
1,-1,-1,12.7939,0.0,58,1,1
0,0,0,10.8198,0.5672,56,1,2
1,-2,-1,11.9184,0.0268,54,1,1
0,-1,-1,12.3884,0.0016,56,1,2
0,-1,-1,13.1224,0.0161,51,1,1
0,0,0,12.0436,0.9855,61,1,3
0,0,0,12.7657,0.2676,50,1,1
1,2,0,11.9829,0.0009,51,1,1
0,-2,-2,12.3014,0.0,50,1,2
0,0,0,13.1224,0.8625,53,1,5
0,-1,-1,13.039,0.0036,51,1,1
0,-1,2,10.8198,0.0156,50,1,1
0,0,0,13.5144,0.4342,50,1,1
0,-1,-1,10.8198,0.1411,50,1,3
0,0,0,12.5776,0.7775,51,1,1
0,0,0,12.6761,0.7335,57,1,1
0,-1,-1,12.948,0.0264,52,1,1
0,-1,-1,13.1224,0.0007,50,1,3
0,0,0,13.017,0.8622,52,1,1
0,-2,-2,11.6952,0.0,54,1,1
0,0,0,11.2898,0.8148,56,1,2
0,-1,-1,12.4292,0.0252,56,1,3
1,1,-2,12.1007,0.0,75,1,1
0,1,-2,12.4684,0.0,52,1,3
0,0,-1,9.9035,0.0956,52,1,2
0,-2,-2,12.3014,0.0059,63,1,3
0,0,0,11.4076,0.516,61,1,1
0,0,0,12.2549,0.9791,75,1,2
0,-1,-1,12.6115,0.0166,72,1,3
1,1,7,10.309,1.0275,56,1,3
0,0,0,11.4076,0.1669,55,1,2
1,-2,-2,12.6115,0.0,56,1,3
1,2,2,13.1224,1.0379,54,1,1
0,-1,-1,12.0436,0.0088,37,2,2
0,0,0,11.9184,0.6708,28,2,3
0,-1,-1,12.7939,0.0582,25,2,2
0,0,0,11.1563,1.005,46,2,2
0,-2,-2,12.7657,0.0172,33,2,1
0,0,0,10.8198,0.5975,27,2,3
1,1,2,10.8198,0.4059,27,2,2
1,2,2,11.1563,1.0266,26,2,2
0,1,2,10.309,0.9885,24,2,2
0,0,0,10.309,0.8706,23,2,3
0,1,-1,12.4684,0.0,37,2,2
1,1,2,10.309,0.7541,22,2,2
0,-2,-1,12.3884,0.0,34,2,2
1,2,2,11.2898,0.5169,29,2,1
0,0,0,10.5966,0.2416,27,2,1
1,2,3,11.7753,0.0702,30,2,1
0,0,0,11.0021,0.9385,41,2,3
0,-1,-1,12.4292,0.002,28,2,2
0,0,0,11.0021,0.8465,25,2,2
0,1,-2,12.8739,0.0,27,2,1
0,1,2,11.6082,0.2114,29,2,3
0,0,0,10.309,0.9073,22,2,2
0,0,0,10.8198,0.8805,23,2,3
0,-1,-1,9.2103,0.8126,21,2,2
0,0,0,10.8198,0.16,22,2,1
0,1,-1,11.2898,0.0,22,2,2
0,0,0,10.309,0.9547,21,2,2
1,1,2,10.309,1.11,21,2,1
0,1,1,10.8198,0.8906,22,2,2
0,2,2,10.8198,1.0117,22,2,2
0,1,4,10.8198,0.4013,22,2,3
0,0,0,9.2103,0.7302,22,2,1
0,0,0,10.8198,0.6558,23,2,3
0,1,3,10.8198,0.1436,23,2,2
0,0,0,9.2103,0.7828,22,2,2
1,2,0,9.2103,0.9917,21,2,2
0,0,0,11.1563,0.943,22,2,2
0,0,0,9.9035,0.8688,22,2,2
0,2,2,10.309,0.8748,22,2,2
0,0,0,10.309,0.7424,22,2,1
0,0,0,10.8198,0.5899,23,2,3
0,0,0,11.5129,1.0019,22,2,2
0,0,0,10.309,0.7585,23,2,2
1,0,0,9.9035,0.22,22,2,2
1,2,2,10.8198,0.8922,23,2,1
0,4,3,10.309,1.2565,25,2,2
1,2,0,10.309,0.9072,23,2,2
0,0,0,10.309,0.7746,23,2,2
0,1,-1,9.9035,0.8337,23,2,2
1,2,2,10.309,0.4125,23,2,2
0,0,0,10.8198,0.7957,23,2,1
0,0,0,11.2898,0.6825,23,2,2
0,1,-1,10.309,-0.0002,24,2,2
0,2,0,9.2103,0.7568,22,2,2
1,0,0,10.309,0.6686,23,2,2
0,-1,-1,9.9035,0.0954,24,2,1
0,0,-1,10.309,0.1039,22,2,2
0,0,0,11.6952,0.9753,23,2,1
0,0,0,10.309,0.678,23,2,1
0,-1,-1,11.6082,0.0049,23,2,2
0,0,0,10.309,0.3761,23,2,2
0,0,0,11.2898,0.6498,23,2,2
0,0,0,9.9035,0.8924,23,2,1
0,0,0,12.0436,0.1683,23,2,3
0,0,0,11.6952,0.0937,24,2,1
0,-1,-1,10.309,0.0478,23,2,2
0,0,0,10.8198,0.9942,23,2,1
0,1,-2,12.2061,0.0,29,2,2
1,0,0,10.309,0.4848,23,2,1
0,0,0,11.4076,0.1259,23,2,2
0,0,0,10.8198,1.0632,24,2,2
0,0,0,10.8198,0.8022,23,2,1
0,1,2,11.9184,0.4369,24,2,2
0,1,2,9.2103,0.6779,24,2,1
1,0,0,11.7753,0.8805,24,2,3
0,-1,-1,11.1563,0.0045,23,2,2
0,-1,2,10.5966,0.3578,23,2,1
0,0,0,12.2061,0.2607,24,2,2
0,1,2,11.6082,1.0308,25,2,2
0,0,0,11.2898,0.3357,25,2,2
0,0,0,11.4076,0.5908,24,2,1
0,0,0,10.309,0.9057,24,2,2
0,0,0,9.9035,0.8032,22,2,3
0,0,0,10.309,0.718,24,2,1
1,-1,-1,12.3458,0.0087,24,2,2
0,-1,-1,10.8198,0.0314,24,2,2
1,0,0,11.2898,0.4605,25,2,2
0,0,0,11.7753,0.9921,25,2,2
1,-1,-1,11.9184,0.0186,25,2,1
0,-2,-2,11.2898,0.0422,25,2,3
0,0,0,11.8494,0.9381,26,2,2
0,0,0,11.9184,0.2572,26,2,1
0,0,0,10.8198,1.0174,24,2,2
0,0,0,11.2898,0.7817,26,2,1
0,0,0,11.7753,0.3472,25,2,2
0,-1,-1,10.5966,0.0304,26,2,1
1,2,2,11.8494,0.2762,24,2,2
0,-1,-1,10.309,0.0213,25,2,1
0,0,0,13.1224,0.0756,25,2,2
0,0,0,12.5062,0.1427,25,2,2
0,1,2,11.0021,0.9978,23,2,2
0,3,2,11.6952,0.0104,23,2,2
0,0,0,11.7753,0.2759,24,2,2
0,1,2,10.309,1.0312,25,2,2
0,0,0,12.5776,0.1981,25,2,2
1,2,2,10.309,0.7968,24,2,1
0,0,0,10.8198,1.019,26,2,2
1,0,0,12.2549,0.5638,25,2,3
1,2,0,10.309,0.8455,23,2,1
0,0,0,11.0021,0.3707,23,2,2
1,2,0,10.8198,0.6569,23,2,3
0,-1,-1,11.2898,0.0092,23,2,1
1,2,2,10.8198,0.83,24,2,2
0,1,3,11.4076,0.4419,23,2,2
1,1,-1,10.8198,-0.0014,23,2,1
1,2,0,10.8198,0.9863,23,2,1
0,0,0,9.9035,0.6646,23,2,2
0,0,0,11.9184,1.1154,23,2,2
0,0,0,11.6082,0.8986,24,2,2
0,-1,-1,11.8494,0.1624,24,2,2
0,0,0,10.309,1.0174,25,2,2
0,0,0,11.6952,0.4342,25,2,2
0,0,0,11.2898,0.968,25,2,2
0,0,0,11.2898,0.5367,26,2,2
0,0,0,11.2898,1.0014,25,2,2
0,0,-1,10.8198,0.1489,25,2,2
0,0,0,10.309,0.9816,22,2,2
0,0,0,11.2898,0.2878,22,2,3
1,0,0,10.309,0.9589,23,2,2
0,0,0,10.8198,0.2677,23,2,3
0,-1,0,12.0436,0.2469,27,2,1
1,0,0,11.2898,0.6773,27,2,3
0,0,0,12.2549,0.0743,26,2,2
0,1,2,11.9829,0.6273,26,2,1
0,-1,-1,11.9184,0.0016,26,2,2
0,0,0,11.1563,0.9863,24,2,3
0,2,0,11.0021,1.0068,23,2,3
0,0,0,10.8198,0.9083,22,2,2
1,2,2,11.8494,0.8459,26,2,2
0,2,0,11.2898,0.9846,26,2,2
0,0,0,11.2898,0.5027,26,2,2
0,0,0,11.0021,0.6101,26,2,1
0,0,0,12.2061,0.431,27,2,1
0,0,0,11.5129,0.1916,27,2,1
0,0,0,11.5129,0.8146,26,2,1
1,0,0,11.2898,0.972,26,2,2
0,0,0,11.1563,1.0353,22,2,2
0,0,0,11.2898,0.2396,24,2,2
0,0,0,11.0021,0.8473,24,2,2
0,0,0,11.2898,0.9048,24,2,2
0,0,0,10.8198,0.974,24,2,2
1,2,0,11.2898,0.9929,24,2,1
0,0,0,10.309,0.8202,23,2,2
0,0,0,10.8198,0.1832,25,2,1
0,0,0,11.2898,1.1098,25,2,3
0,0,0,9.9035,0.7163,21,2,2
0,0,0,11.2898,0.9879,25,2,2
0,0,0,11.5129,0.9098,25,2,1
1,1,3,10.309,0.4906,25,2,1
0,0,0,12.2061,0.9176,25,2,1
1,0,0,11.0021,0.5832,25,2,2
0,-1,0,12.0436,0.262,24,2,2
1,0,0,9.9035,0.7726,24,2,1
0,0,0,12.3458,0.1526,25,2,1
0,3,2,10.8198,1.3376,25,2,2
1,0,0,11.4076,1.1505,25,2,2
0,0,-1,11.1563,0.0761,25,2,1
0,0,0,10.8198,0.8997,25,2,1
0,0,0,11.6952,0.2849,26,2,2
1,2,2,10.8198,0.6691,26,2,3
0,-2,-2,12.8479,0.0,27,2,1
1,1,-1,11.8494,0.0,27,2,1
0,0,0,12.2061,0.7888,27,2,2
0,0,0,11.0021,0.3985,26,2,2
0,0,0,11.2898,1.01,25,2,3
0,0,0,12.5062,0.2614,28,2,1
0,0,0,11.9184,0.1709,28,2,2
0,0,0,12.4684,0.4083,27,2,3
0,0,0,12.2061,0.9257,27,2,5
0,0,0,11.4076,0.6867,27,2,1
0,1,2,12.2061,0.2899,29,2,2
0,-1,-1,12.2061,0.0016,29,2,3
1,0,0,10.309,0.7886,25,2,2
0,0,0,12.1007,0.5633,27,2,1
0,0,0,10.309,0.2901,28,2,2
0,-1,0,13.1616,0.0657,28,2,1
0,-1,-1,11.2898,0.0206,28,2,3
0,0,0,11.6952,0.4822,28,2,3
0,-1,-1,12.7939,0.0018,27,2,1
0,0,0,10.8198,0.888,27,2,1
0,0,0,12.2061,0.5421,27,2,2
1,0,0,10.309,0.791,24,2,2
0,0,0,10.8198,0.3338,24,2,2
0,-2,-2,11.2898,0.0616,25,2,1
0,0,0,10.8198,0.8023,25,2,2
0,-1,-1,11.6952,0.014,26,2,2
0,1,-2,12.2549,0.0,27,2,5
0,0,0,11.2898,0.9551,22,2,2
0,0,0,10.8198,0.9682,25,2,1
0,-2,-2,12.6115,0.006,25,2,2
0,0,0,11.5129,0.024,26,2,1
1,-1,-1,11.2898,0.0049,26,2,2
0,-1,-1,11.7753,0.0084,26,2,1
0,0,0,11.2898,0.2568,27,2,2
1,1,-1,11.9829,0.0,27,2,1
0,0,0,11.7753,0.9857,27,2,1
0,-1,-1,10.309,0.221,23,2,1
0,0,0,10.8198,0.1972,23,2,1
0,0,0,9.9035,0.9792,22,2,2
0,0,0,11.8494,0.15,23,2,2
0,-1,0,12.1007,0.3489,25,2,1
0,0,0,12.8992,0.0456,26,2,3
0,-1,-1,12.4684,0.0001,26,2,2
0,0,0,12.4684,1.0163,26,2,2
0,-1,-1,12.1007,0.0134,26,2,2
0,1,-2,11.9829,0.0,27,2,1
0,2,2,9.9035,0.8748,25,2,2
0,0,0,10.309,0.9616,25,2,2
0,0,0,12.4292,0.0534,25,2,2
0,0,0,11.2898,0.5095,25,2,1
0,0,0,11.4076,0.8651,24,2,1
0,-2,-2,10.8198,0.0,28,2,1
0,-1,0,12.2549,0.1876,27,2,1
0,0,0,12.2061,0.0433,27,2,1
0,0,-1,12.6761,0.0333,28,2,2
0,-2,-2,12.2061,0.071,32,2,1
1,1,2,11.2898,0.0496,27,2,2
0,0,0,11.8494,0.2374,26,2,3
0,0,0,11.2898,0.9772,27,2,1
0,0,0,12.2061,0.0567,29,2,1
1,-1,2,12.3458,0.0103,30,2,2
0,0,0,12.3458,1.0069,28,2,1
0,0,0,9.9035,0.6774,26,2,3
0,0,0,11.4076,1.0152,27,2,2
1,2,2,11.7753,0.0398,26,2,2
0,-2,-2,12.6761,0.016,29,2,2
0,2,2,10.309,1.2109,29,2,2
1,2,0,12.3884,0.137,29,2,1
0,-1,-1,12.7939,0.0025,29,2,1
0,0,-1,10.309,0.4523,28,2,1
1,2,2,12.3884,1.0118,28,2,3
0,-2,-2,12.6761,0.0,28,2,1
0,0,0,12.9239,0.5143,28,2,1
0,0,0,12.3014,0.1982,29,2,2
0,-2,-2,12.3884,0.0,26,2,1
0,-2,-2,12.2061,0.0112,26,2,1
0,0,0,11.2898,0.9092,25,2,5
0,0,0,9.9035,0.8988,25,2,1
0,-1,-1,9.9035,0.2344,24,2,1
0,-1,-1,12.6115,0.0037,26,2,2
0,1,2,12.7367,0.0506,26,2,1
0,0,0,12.6115,0.0501,27,2,2
0,-2,-2,12.7657,0.0,26,2,1
1,2,0,9.9035,0.9233,24,2,1
0,0,0,11.4076,0.7727,24,2,1
1,0,0,11.2898,0.963,27,2,2
0,0,0,9.9035,0.3032,28,2,2
0,0,0,12.3884,0.8494,28,2,1
1,-1,3,11.9184,0.0063,27,2,1
1,0,0,11.5129,0.4058,27,2,1
0,1,-1,11.9184,-0.0008,24,2,2
0,0,0,10.8198,0.9038,27,2,1
0,0,0,12.4684,0.4215,27,2,1
0,0,0,11.8494,0.919,27,2,1
0,-1,-1,10.309,0.8539,24,2,1
0,0,0,11.4076,0.1332,23,2,2
1,0,0,10.8198,0.1043,23,2,2
0,-1,-1,12.3458,0.0443,31,2,2
1,2,2,11.1563,0.7907,30,2,3
0,0,0,12.6115,0.1779,30,2,1
0,-1,-1,12.6115,0.0162,27,2,1
1,0,0,11.6082,0.9555,29,2,1
0,0,0,10.309,0.1504,27,2,2
1,2,2,9.9035,0.8656,27,2,2
0,-1,-1,10.309,0.0282,22,2,1
0,0,-1,12.7657,0.1405,31,2,1
0,-1,-1,12.2061,0.0511,30,2,1
0,-2,-2,12.2061,0.0537,31,2,1
0,0,0,10.8198,0.8378,26,2,2
1,2,2,11.5129,0.8873,26,2,2
0,0,0,11.8494,0.1632,26,2,2
0,0,0,10.8198,0.9295,22,2,3
0,0,0,10.8198,0.7679,22,2,1
0,0,0,11.9829,0.6086,27,2,1
0,0,-1,12.0436,0.1815,28,2,2
0,0,0,11.9829,0.2553,28,2,1
0,3,2,11.5129,0.0125,28,2,3
0,0,0,11.5129,0.9438,29,2,1
1,0,0,12.2061,0.3083,23,2,2
0,0,0,12.7939,0.8258,27,2,1
0,0,0,11.9829,0.9966,27,2,1
0,0,0,13.1224,0.2745,30,2,1
0,0,0,10.8198,0.9195,30,2,1
0,0,0,11.4076,0.9648,25,2,2
0,-2,-2,12.6115,0.0026,25,2,2
1,0,0,11.6952,0.4206,28,2,1
1,-1,-1,12.6115,0.0468,28,2,1
0,0,0,13.1224,0.0391,28,2,1
0,0,0,10.8198,0.3063,28,2,2
0,0,0,9.9035,0.907,26,2,2
0,0,0,12.3884,0.4924,27,2,1
0,0,0,12.2549,0.2194,27,2,2
0,1,-2,10.8198,-0.0207,24,2,3
0,0,0,10.8198,0.8537,25,2,2
0,-1,-1,11.0021,0.0251,25,2,1
0,0,0,12.6443,1.0045,28,2,2
1,0,0,11.8494,0.3396,28,2,1
0,-2,-2,12.6761,0.0037,27,2,2
0,0,0,11.4076,0.2273,27,2,2
0,0,0,12.5425,1.0033,27,2,2
1,0,-1,11.2898,0.0441,25,2,3
0,0,0,12.0436,1.0056,25,2,1
1,1,-2,12.3884,0.0,30,2,2
1,2,0,10.309,0.8555,23,2,1
0,0,0,11.6952,0.581,24,2,2
0,0,0,10.8198,0.9685,23,2,2
0,0,0,9.2103,0.6969,23,2,2
0,0,0,11.2898,0.7028,24,2,1
0,0,0,12.0436,0.2474,28,2,1
1,-2,-2,12.7939,-0.0009,28,2,2
1,2,2,11.6082,0.2198,33,2,1
0,0,0,12.2549,0.0701,34,2,2
0,0,0,11.9184,0.5533,34,2,5
0,-2,-2,12.2061,0.0891,34,2,2
1,0,0,11.8494,1.9421,26,2,2
1,-1,0,11.2898,0.565,27,2,2
0,0,0,12.3884,0.5698,24,2,3
0,0,0,10.8198,0.9706,29,2,2
0,0,0,11.2898,0.4958,28,2,1
0,0,0,11.1563,0.6809,24,2,4
0,-1,-1,10.8198,0.0652,24,2,1
0,0,0,12.1007,0.0355,28,2,1
0,0,0,11.6082,0.9758,29,2,1
1,0,0,12.6115,1.0705,29,2,2
0,0,0,12.2549,0.2092,29,2,5
0,0,0,12.2061,0.0365,29,2,1
1,1,-2,11.5129,0.0,28,2,2
1,2,0,11.1563,0.9739,31,2,3
0,0,0,12.4292,0.27,31,2,1
0,-2,-2,13.3047,-0.0001,31,2,1
0,0,0,12.6761,0.0076,31,2,2
0,0,0,12.1007,1.0042,31,2,2
0,0,0,11.6082,0.6361,27,2,1
0,1,2,9.9035,0.938,22,2,1
0,-1,-1,11.0021,0.0675,22,2,3
0,-1,-1,12.6761,0.0115,30,2,2
0,0,0,12.6761,0.1331,29,2,1
0,0,0,11.6082,1.0273,29,2,2
0,0,0,11.2898,0.8979,28,2,3
0,0,0,13.1224,0.2213,29,2,3
0,-1,-1,12.1548,0.0083,31,2,3
0,0,0,11.2898,0.2928,27,2,2
0,0,0,11.4076,0.0448,29,2,1
0,0,0,11.8494,1.2681,29,2,3
0,1,-1,12.2061,0.0,31,2,1
0,-1,-1,12.4292,0.0088,31,2,1
0,1,-2,12.4684,0.0,32,2,1
1,-1,-1,12.3014,0.0168,28,2,2
0,0,0,11.6082,0.457,29,2,2
0,0,0,12.2549,0.3971,27,2,2
0,0,0,12.8479,0.7779,30,2,2
0,1,-1,11.6952,-0.0008,26,2,1
0,0,0,11.0021,0.9356,25,2,1
1,3,2,11.5129,0.816,24,2,2
0,0,0,9.9035,0.9584,24,2,1
1,0,0,10.309,0.6436,25,2,2
0,0,0,10.8198,0.9668,26,2,1
1,0,0,12.2061,0.3579,26,2,1
0,-1,-1,12.2549,0.0019,25,2,1
0,-2,-2,12.3884,0.0,25,2,2
0,0,0,11.9184,0.0634,33,2,3
0,-2,-2,12.7068,0.0139,34,2,1
0,-1,-1,12.5425,0.0001,34,2,2
0,1,-2,12.2549,0.0,33,2,1
0,-2,-2,12.8992,0.025,34,2,1
0,0,0,12.2061,0.7359,33,2,1
0,0,0,11.0021,0.9956,32,2,2
0,0,0,10.8198,0.0558,34,2,2
0,-2,-2,12.7939,0.0008,31,2,1
0,-2,-2,12.6115,0.0052,31,2,1
0,-2,-1,9.2103,-0.0216,33,2,2
0,-1,-1,12.948,0.0211,32,2,1
0,0,0,12.3014,0.9512,32,2,3
1,2,2,11.7753,0.2228,34,2,2
0,-2,-2,12.2061,0.0,34,2,1
0,2,2,10.8198,0.633,33,2,1
0,0,0,12.6115,0.8294,33,2,2
1,-1,-1,11.6952,0.0032,44,2,2
0,-1,-1,12.7939,0.0041,35,2,1
0,1,-2,10.8198,0.0,35,2,3
0,1,-2,12.3458,-0.0007,37,2,1
0,0,0,10.8198,0.9719,37,2,2
0,0,0,10.309,0.9584,38,2,2
1,2,2,11.9184,1.1963,45,2,3
0,0,0,11.1563,0.1314,44,2,3
0,0,0,12.6761,0.1393,35,2,1
1,1,-2,12.7068,0.0,41,2,1
0,0,0,11.6952,0.8872,37,2,2
0,-2,-2,12.7939,0.038,36,2,1
0,1,2,10.309,0.9667,40,2,2
0,0,0,11.9184,0.4008,39,2,3
1,2,2,10.309,0.5889,49,2,2
0,0,0,11.9184,0.5138,46,2,2
0,-1,0,13.0605,0.0267,37,2,1
0,0,0,12.9239,0.9948,42,2,2
1,1,-2,12.8739,0.0,43,2,3
0,0,0,12.6761,0.6326,37,2,2
0,-1,0,13.017,0.024,40,2,3
0,1,2,11.1563,1.0115,42,2,2
0,0,0,10.8198,0.1072,44,2,2
0,0,0,11.5129,0.804,46,2,3
0,0,0,11.6082,0.8299,28,2,1
0,0,0,12.5425,0.4271,28,2,2
0,0,0,13.1224,0.6042,28,2,1
0,0,0,12.7939,0.4063,30,2,1
0,-1,2,12.1007,0.0153,30,2,2
0,0,0,13.0815,0.5041,31,2,2
0,-1,-1,13.017,0.0081,39,2,1
0,0,0,11.2898,0.952,26,2,1
0,0,0,12.5776,0.2714,25,2,2
0,0,0,13.1224,0.3903,27,2,2
0,-1,-1,12.2061,0.0461,37,2,1
1,2,3,11.7753,0.1515,43,2,3
0,0,0,12.7939,0.7852,34,2,2
0,0,0,12.6115,0.1997,34,2,2
1,0,0,11.1563,1.037,41,2,2
0,-1,-1,11.2898,0.0102,44,2,3
1,2,2,10.309,0.7779,36,2,1
0,0,0,12.5425,0.8477,30,2,2
0,0,0,12.2549,0.2226,46,1,3
0,0,0,11.2898,0.7398,41,2,3
0,-2,-1,12.4684,0.0147,37,2,1
1,0,0,11.6952,0.0819,36,2,3
0,2,0,11.9184,0.234,32,2,1
0,1,-1,12.1007,0.0,31,2,2
0,-1,0,11.8494,0.405,34,2,2
0,0,0,12.8213,0.2814,34,2,3
1,2,3,10.309,0.9074,35,2,2
0,0,0,11.9829,0.8758,33,2,2
1,-1,-1,11.0021,0.071,33,2,2
1,2,2,12.3458,0.8094,34,2,1
0,0,0,11.2898,0.8721,37,2,2
0,-1,2,12.7939,0.016,37,2,2
1,2,2,11.7753,1.0048,42,2,2
0,-1,-1,13.1224,0.0048,35,2,1
0,0,0,12.7939,0.2595,47,2,2
0,0,0,11.6952,0.9835,38,2,3
0,0,0,11.9184,0.5355,36,2,2
0,-1,-1,11.6952,0.154,37,2,2
0,0,0,12.1548,0.5883,35,2,1
0,-2,-2,12.3458,0.0018,43,2,3
0,0,0,10.8198,0.9161,43,2,3
0,-1,-1,9.9035,0.0195,45,2,3
0,0,0,11.5129,0.1662,38,2,3
0,0,0,12.2061,1.1274,40,2,5
0,0,0,11.9829,0.8314,38,2,2
0,-2,-2,11.9829,0.001,32,2,1
1,2,2,10.8198,0.6213,39,2,3
0,1,-1,11.5129,0.0,26,2,1
0,1,2,12.948,0.0846,44,2,1
0,-1,-1,13.1224,0.0005,38,2,2
1,-2,-2,12.7939,0.0,41,2,1
0,-2,-2,12.1548,0.0,28,2,1
0,0,0,11.6952,0.3368,32,2,2
0,0,0,12.6115,0.0542,33,2,2
0,0,0,10.8198,0.8865,31,2,2
0,0,0,12.5776,0.3404,29,2,1
0,0,0,12.3884,0.3836,29,2,2
0,0,0,11.6952,0.864,28,2,2
0,-1,0,11.9184,0.9762,30,2,2
0,-1,-1,12.5062,0.0006,31,2,1
0,-2,-2,12.6443,0.0294,31,2,1
1,0,0,9.9035,0.3168,42,2,2
0,0,0,11.1563,0.9476,29,2,1
0,0,0,12.5776,0.071,29,2,2
0,-1,2,11.6952,0.0054,38,2,2
0,0,0,11.8494,1.0261,48,2,3
0,0,0,12.3014,0.2945,43,2,1
0,0,0,12.3884,0.8023,28,2,1
0,0,0,12.6761,0.2845,30,2,2
1,0,0,10.8198,0.5084,30,2,2
0,0,0,11.5129,0.4372,30,2,1
1,2,2,11.1563,0.2033,30,2,2
0,0,0,12.3458,0.2785,30,2,1
0,-1,2,11.6952,0.0476,30,2,2
0,0,0,12.7657,0.8993,31,2,1
1,2,2,11.1563,0.6194,34,2,1
0,0,0,10.8198,0.7814,31,2,3
0,-2,-2,11.9184,0.0133,32,2,1
0,-2,-2,12.9239,0.0057,34,2,3
0,0,0,12.9239,0.1066,34,2,1
0,-2,-2,12.8992,0.0106,35,2,1
0,0,0,10.8198,0.523,34,2,2
0,0,0,12.8739,0.1037,39,2,1
0,-1,-1,12.7939,0.0119,36,2,1
0,-1,-1,10.309,0.0109,36,2,2
0,-2,-2,12.6115,-0.003,42,2,2
0,-2,-2,12.0436,0.0044,44,2,1
1,2,2,10.5966,0.8879,44,2,2
0,0,0,12.9715,0.0956,38,2,1
1,-1,-1,11.7753,0.0178,47,2,2
0,0,0,13.017,0.017,42,2,2
0,0,0,11.4076,1.0183,29,2,1
0,-2,-2,12.1548,0.0088,43,2,1
0,0,0,12.2549,0.0654,38,2,1
1,0,0,9.9035,0.8255,43,2,2
0,1,-2,12.2061,0.0,36,2,1
0,-2,-2,11.9829,0.0,29,2,1
0,0,0,12.3014,0.6932,30,2,2
0,-1,-1,12.3458,0.0099,31,2,1
0,-2,-2,12.5776,0.0051,32,2,1
0,0,0,12.7939,0.0566,33,2,1
0,0,-1,11.9829,0.061,33,2,2
0,-2,-2,12.3884,0.0,34,2,2
0,-2,-2,12.4684,0.0175,35,2,2
0,0,0,11.5129,0.1482,34,2,2
0,0,0,11.1563,0.3153,42,2,3
0,0,0,12.0436,0.3365,25,2,2
0,-1,0,10.5966,0.7248,26,2,2
0,0,0,11.2898,0.9856,47,2,2
0,0,0,10.309,0.9889,25,2,1
1,1,-2,11.8494,-0.0005,25,2,1
0,0,0,12.3458,0.1076,27,2,2
0,0,0,12.2061,0.1773,39,2,2
0,-2,-2,12.8992,0.0117,35,2,1
0,0,0,12.0436,0.8045,38,2,2
0,-1,-1,12.5062,0.0103,43,2,3
0,-1,-1,10.309,0.1347,39,2,2
0,-2,-2,12.2061,0.0,46,2,2
0,2,-1,12.5425,0.0004,31,2,1
0,0,0,12.948,1.1343,32,2,2
1,2,0,10.309,1.0115,43,2,3
0,0,0,12.1007,0.6159,41,2,2
0,0,0,12.5776,0.9813,31,2,2
0,0,0,9.9035,0.5694,32,2,2
0,-2,-2,13.1224,-0.0001,38,2,3
0,0,0,12.7367,0.6666,42,2,2
0,0,0,12.5062,0.3179,39,2,2
0,1,-1,11.9184,-0.008,41,2,3
0,-1,-1,10.5966,0.0465,33,2,2
0,-2,-2,12.7939,0.0174,34,2,1
0,0,0,13.1224,0.2895,34,2,2
0,-2,-2,12.5425,0.0446,47,2,2
0,0,0,10.8198,0.861,43,2,2
1,-2,-2,12.7068,0.0017,42,2,1
0,-1,-1,12.7939,0.0423,46,2,3
0,0,0,12.7367,0.5717,40,2,3
0,-1,-1,13.1224,0.0028,26,2,1
0,0,0,12.5062,0.2502,34,2,1
0,0,0,11.6952,0.8533,40,2,3
0,-1,-1,11.8494,0.004,39,2,2
0,-1,-1,12.2061,0.0318,27,2,2
0,0,0,10.8198,0.4016,45,2,3
0,0,0,12.3014,0.2522,28,2,1
0,0,0,11.2898,1.012,43,2,1
0,-2,-2,12.2061,0.002,45,2,3
0,1,-1,9.9035,0.0,29,2,1
1,2,2,12.4684,0.003,29,2,1
0,0,0,12.9715,0.2591,29,2,1
0,-1,-1,12.7939,0.0595,39,2,1
0,-1,-1,13.1224,0.0331,30,2,1
0,1,2,10.8198,0.9954,45,2,3
0,0,0,10.8198,0.9234,47,2,2
0,-2,-2,12.7939,-0.0,35,2,1
0,-1,0,9.2103,0.3671,36,2,3
0,1,-1,12.3014,0.0,32,2,1
1,0,0,11.6082,0.9381,33,2,2
0,0,0,12.5776,0.9798,34,2,2
0,0,0,11.6082,0.2634,35,2,2
0,1,-2,11.6952,-0.0017,40,2,2
0,0,0,11.8494,0.5893,46,2,2
0,0,0,13.1224,0.4851,38,2,2
0,-2,-2,12.7939,0.0094,45,2,1
1,0,0,12.5425,0.0014,44,2,2
1,-1,-1,12.3014,0.1007,38,2,2
0,0,0,12.2549,0.7562,30,2,2
0,-1,-1,12.0436,0.0048,38,2,1
0,0,0,10.8198,0.3043,23,2,1
1,2,0,12.6115,0.2497,34,2,1
1,-2,-2,11.9829,0.0125,30,2,1
1,1,3,12.6761,0.9498,26,2,2
0,0,0,12.5425,0.7109,37,2,3
0,0,0,12.5776,0.1444,31,2,1
0,0,0,9.9035,0.954,41,2,3
0,0,0,11.2898,0.5969,37,2,3
0,1,-2,12.2061,0.0,47,2,3
0,-2,-2,12.5062,0.0037,29,2,1
0,-1,-1,12.2061,0.0534,46,2,1
0,0,0,11.7753,0.9678,39,2,2
1,2,2,10.309,0.8456,35,2,2
0,-1,-1,11.0021,0.0172,29,2,2
1,0,0,12.1007,0.4729,34,2,1
1,2,2,11.4076,0.5091,45,2,2
0,0,-1,12.9715,0.0698,43,2,1
1,3,3,10.309,0.9224,37,2,2
1,0,0,12.1548,0.9628,40,2,2
1,2,0,12.3884,0.7478,31,2,1
0,-1,-1,12.3884,0.0091,33,2,1
0,0,0,12.3884,0.1374,38,2,2
0,1,-1,11.9829,0.0,41,2,2
0,0,0,11.6082,0.8739,28,2,2
0,-1,-1,12.7939,0.0385,30,2,1
1,0,0,11.7753,0.9767,43,2,3
1,0,0,10.309,0.0811,38,2,2
0,-1,-1,12.8213,0.046,30,2,1
0,1,2,11.6952,1.0234,31,2,3
0,1,-2,11.5129,0.0,31,2,2
0,-2,-2,11.2898,0.0729,33,2,5
0,0,0,11.6952,0.8466,30,2,2
0,0,0,12.5776,0.5155,33,2,2
0,0,0,11.9184,0.9671,35,2,3
0,0,0,12.5062,1.1935,28,2,2
0,0,0,9.9035,0.8824,29,2,2
1,-2,-1,12.7939,-0.0,31,2,1
0,-2,-2,12.6761,0.002,30,2,1
0,0,0,12.4684,0.1275,31,2,1
1,2,2,12.6761,0.0078,38,2,1
0,0,0,12.7939,0.7559,32,2,1
0,-1,-1,12.1548,0.0052,40,2,1
0,0,0,12.7068,0.4016,31,2,1
1,0,0,11.4076,0.302,33,2,2
0,0,0,12.3884,0.427,41,2,1
0,-1,-1,12.5425,0.0286,30,2,1
0,-2,-2,12.7939,0.0551,31,2,1
1,0,-1,12.7657,0.237,33,2,1
0,0,0,12.948,0.1239,33,2,2
0,0,0,12.5425,0.9721,42,2,2
0,0,0,11.1563,1.1335,44,2,2
0,0,0,11.8494,0.9396,32,2,1
0,0,0,11.0021,0.9515,31,2,2
0,0,0,11.6082,0.7716,33,2,2
0,1,-2,12.6115,0.0,46,2,2
0,0,0,11.2898,0.9759,41,2,3
0,0,0,12.2061,0.0535,32,2,2
0,-1,-1,13.017,0.0004,42,2,2
0,0,0,11.8494,1.0074,43,2,3
0,-1,-1,11.9184,0.1348,37,2,1
0,0,0,11.2898,1.4412,31,2,2
0,-2,-2,12.2061,0.0151,35,2,2
1,1,-2,12.7939,0.0,44,2,2
0,0,0,11.9829,0.2873,37,2,2
0,-2,-2,12.2061,0.0455,33,2,1
0,-1,-1,11.9184,0.02,35,2,1
0,-1,-1,10.8198,0.0078,38,2,2
0,0,0,12.7939,0.6181,45,2,2
0,-1,-1,13.1224,0.1863,32,2,1
0,0,0,12.3014,0.9945,31,2,1
0,-2,-2,12.3014,0.0121,37,2,2
0,0,0,11.2898,0.9749,45,2,2
0,-2,-2,12.2061,0.015,38,2,2
1,2,2,11.5129,0.3757,38,2,1
1,-2,-2,12.4684,0.0,32,2,1
0,-2,-2,12.6115,-0.0041,37,2,5
0,-2,-2,11.9829,0.0024,44,2,3
0,0,0,10.8198,1.0104,35,2,2
0,0,0,11.9184,0.0204,38,2,3
0,0,0,11.1563,1.0318,27,2,1
0,0,0,11.2898,0.8275,27,2,2
0,-2,-2,11.5129,-0.0018,28,2,1
0,0,0,11.9184,0.4664,30,2,2
0,-2,-2,12.7367,0.0004,35,2,2
0,1,2,12.2549,0.1268,39,2,3
0,-2,-2,12.3884,0.0234,28,2,1
0,-1,-1,12.4292,0.0039,35,2,1
0,-2,-2,12.2061,0.0755,38,2,1
0,0,0,10.8198,0.9463,36,2,1
0,-1,-1,13.017,0.0161,35,2,1
0,0,0,12.2061,0.0666,38,2,1
1,0,0,12.7657,0.2786,47,2,2
0,-1,-1,12.2061,0.0119,45,2,1
1,0,0,13.1806,1.061,44,2,2
0,0,0,11.0021,1.0399,45,2,3
0,-2,-2,12.5425,0.0105,30,2,1
0,0,0,12.2549,0.7519,34,2,1
1,1,2,12.2549,0.0182,34,2,1
0,0,0,12.948,0.6054,46,2,2
0,-1,-1,11.2898,0.0322,45,2,2
0,0,0,12.0436,0.0402,31,2,1
0,0,0,11.2898,0.6091,35,2,2
0,0,0,13.1422,0.1874,38,2,2
0,0,0,11.6082,0.9983,31,2,2
1,0,0,9.2103,1.0154,31,2,2
0,-2,-2,12.6115,-0.0,32,2,1
1,1,2,11.0021,1.0215,32,2,2
0,0,0,12.2061,0.9714,33,2,2
0,-1,-1,12.3458,0.0306,35,2,2
0,-2,-2,13.1224,0.0,45,2,1
1,2,2,10.8198,0.8688,47,2,2
0,0,0,12.5425,0.5701,45,2,2
0,0,0,12.0436,0.6028,31,2,2
1,2,2,11.0021,0.9647,31,2,2
1,1,-1,12.2549,0.0,32,2,1
1,0,0,11.1563,0.9909,42,2,3
0,1,-2,12.6115,0.1449,37,2,3
0,0,0,12.7068,0.1134,31,2,1
0,0,0,12.2061,0.4026,49,2,2
0,0,0,12.0436,0.8459,33,2,5
1,1,-2,9.9035,0.0,48,2,2
1,-1,-1,12.3458,0.0018,45,2,2
0,0,0,11.2898,1.0082,27,2,2
0,-1,-1,12.6761,0.0036,32,2,4
0,0,0,12.3458,0.6981,35,2,2
0,-1,-1,11.2898,0.0049,38,2,2
1,-2,-2,12.6115,0.0,32,2,3
1,2,2,11.5129,1.003,43,2,3
0,-2,-2,12.8213,0.0035,47,2,2
0,-1,-1,12.2061,0.0202,37,2,2
0,-1,-1,11.7753,0.0385,30,2,1
0,0,0,10.8198,0.7703,42,2,2
0,0,0,12.6115,0.2886,35,2,2
0,0,0,13.1224,0.2239,44,2,1
1,-1,-1,11.8494,0.0023,37,2,2
0,0,0,9.9035,0.8116,44,2,2
0,-2,-2,12.5062,-0.0052,44,2,1
0,0,0,11.9184,1.4453,35,2,2
0,1,1,11.1563,1.6661,45,2,1
0,0,0,11.6952,0.239,46,2,1
0,0,0,9.9035,1.0442,39,2,2
0,0,0,12.4684,0.5266,34,2,1
0,1,-2,11.9829,0.0,35,2,1
0,0,0,10.8198,0.9631,45,2,2
0,1,-2,12.7657,0.0,39,2,2
1,8,7,13.1422,0.9355,40,2,1
0,-1,-1,12.4292,0.0254,38,2,1
0,1,-2,11.2898,0.0529,36,2,2
0,-1,-1,12.1007,0.0231,33,2,2
1,1,1,11.0021,0.9762,39,2,2
1,2,2,12.0436,0.7759,35,2,1
0,-1,-1,12.2061,0.5012,39,2,1
1,-2,-2,12.2549,0.1515,31,2,1
0,-1,-1,12.2061,0.1509,47,2,1
1,2,2,12.2061,0.3591,34,2,2
0,-1,0,12.2061,0.056,32,2,2
0,0,0,12.3884,0.0913,29,2,2
0,-2,-2,13.017,0.0083,34,2,2
0,0,0,11.2898,0.9859,26,2,2
0,0,0,12.9715,0.4454,33,2,2
1,2,2,10.309,0.5486,40,2,3
0,0,0,12.5776,0.9795,30,2,2
1,1,2,10.5966,0.1903,37,2,2
0,0,0,12.0436,0.914,37,2,3
0,0,0,11.7753,0.1054,26,2,1
0,0,-1,12.7939,0.0364,27,2,2
0,1,-1,12.7939,-0.0,30,2,3
0,-2,-2,12.1007,0.0022,45,2,3
0,0,0,12.2549,0.1275,28,2,2
0,-2,-2,12.4684,-0.0,35,2,2
0,1,-1,12.2061,-0.0354,33,2,2
0,0,0,12.7367,0.3298,31,2,1
0,-1,-1,12.2061,0.0157,37,2,1
1,2,2,12.7939,1.0028,35,2,2
0,0,0,11.4076,0.9564,32,2,2
0,0,0,10.5966,0.8013,34,2,3
0,0,0,13.1224,0.4699,28,2,2
0,0,0,12.3884,0.9668,36,2,2
0,-1,-1,12.9945,0.0007,33,2,1
0,0,0,10.8198,0.881,33,2,2
1,1,2,12.1007,0.9603,28,2,2
0,0,0,10.309,0.8495,35,2,2
0,0,0,11.0021,0.6592,29,2,1
0,0,0,11.9184,0.0593,29,2,3
0,0,0,11.2898,0.0748,32,2,2
0,-2,-2,12.5776,0.0,34,2,1
0,0,0,12.3014,0.0996,40,2,2
0,-1,-1,10.8198,0.0377,34,2,1
0,2,2,11.2898,0.829,48,2,3
0,1,-1,12.8992,0.0173,37,2,1
0,-2,-2,11.9184,-0.0,33,2,1
0,2,0,12.4292,0.8507,34,2,1
0,-1,-1,11.6952,0.015,34,2,2
0,-1,-1,12.6115,0.0536,28,2,1
0,0,0,13.1224,0.0498,39,2,2
0,-1,-1,12.3884,0.0042,36,2,2
0,0,0,12.3884,0.0732,29,2,2
1,-2,-2,10.309,0.0805,39,2,2
0,-2,-2,11.4076,-0.0027,29,2,1
1,-1,0,11.0021,0.0438,31,2,1
0,0,0,11.0021,0.2699,41,2,2
0,-1,-1,12.3458,0.0008,41,2,1
0,0,0,12.5776,0.6636,40,2,1
0,-2,-2,12.9715,0.0227,42,2,1
1,-2,-2,12.3458,0.0,39,2,2
0,1,-2,11.8494,0.0,48,2,3
0,0,0,12.2549,1.0278,30,2,2
0,0,0,12.8739,0.2885,36,2,2
0,-1,2,12.6761,0.0212,35,2,1
1,2,2,10.8198,0.5317,44,2,2
0,0,0,11.5129,0.4115,30,2,1
0,-2,-2,12.4684,-0.0,40,2,3
0,1,-2,12.4684,0.0,30,2,1
0,0,0,11.5129,0.7739,30,2,1
0,0,0,12.7367,0.1059,37,2,2
0,0,0,11.9184,0.7558,36,2,2
0,0,0,12.7939,0.0206,30,2,2
0,-1,-1,12.2549,0.1221,34,2,2
0,2,-1,12.2061,0.0054,33,2,1
0,0,0,12.6443,0.0673,41,2,1
0,-2,-2,12.4684,0.0039,32,2,1
0,-2,-2,12.2549,0.0,41,2,2
0,-1,0,12.7068,0.0269,39,2,2
0,-2,-2,12.9715,0.0059,29,2,2
0,0,-1,13.017,0.1032,32,2,1
0,-1,0,11.9184,0.02,32,2,2
0,-2,-2,12.9239,0.0009,32,2,3
0,0,0,11.4076,0.4868,48,2,2
0,-1,0,12.5425,0.0641,36,2,1
0,-2,-2,11.9184,0.0362,45,2,1
0,-1,-1,12.2061,0.0119,42,2,1
0,0,0,11.9184,0.1059,42,2,2
0,1,2,11.8494,1.0248,40,2,1
0,0,0,12.4684,0.2764,29,2,1
0,0,0,11.9829,0.9476,30,2,2
0,0,0,12.6443,0.2953,45,2,1
1,-1,-1,11.2898,0.0049,47,2,3
0,2,0,11.9184,0.9737,38,2,3
0,0,0,12.7068,0.0675,31,2,1
0,-2,-2,12.1007,0.0083,30,2,1
1,0,0,11.6952,0.0532,29,2,1
0,-1,-1,11.9184,0.0255,30,2,4
0,0,0,12.2061,0.3275,35,2,1
0,1,-1,12.0436,0.0,37,2,2
0,0,0,10.8198,0.8959,45,2,2
0,-1,-1,11.2898,0.0033,41,2,2
0,-1,-1,9.9035,0.0775,31,2,3
0,0,0,12.7939,0.9743,31,2,2
1,1,-2,12.2061,0.0,31,2,1
0,0,0,10.8198,0.7911,33,2,2
0,0,0,11.1563,0.8111,33,2,2
0,0,0,12.6115,0.993,34,2,2
1,0,0,9.9035,0.719,45,2,3
1,-2,-2,12.0436,0.0,40,2,1
0,0,0,12.1007,0.8419,44,2,4
0,-2,-2,12.2061,0.0,38,2,1
0,-2,-2,12.6761,-0.0,44,2,2
0,0,0,12.1007,0.4275,45,2,3
0,2,0,11.0021,1.0035,40,2,2
0,0,0,12.7939,0.1237,40,2,3
1,0,0,10.309,0.6498,46,2,2
0,0,0,11.7753,0.8152,35,2,2
0,1,-1,11.2898,0.0,35,2,2
0,0,0,12.3458,0.1954,40,2,2
0,0,0,12.2549,0.0232,36,2,2
0,0,0,12.5062,0.2231,35,2,3
0,0,0,12.5425,0.7628,37,2,2
0,0,0,10.8198,0.6161,36,2,2
0,-2,-1,12.7939,0.0,38,2,2
0,-2,-2,13.0605,0.0,37,2,1
0,1,-2,12.3458,0.0265,42,2,1
1,2,0,11.2898,1.0002,47,2,2
0,-1,-1,12.2061,0.0161,29,2,1
0,0,0,12.2061,0.8321,32,2,2
0,0,0,10.8198,0.9627,30,2,3
0,0,0,9.9035,0.5,33,2,2
0,0,0,10.8198,0.4565,41,2,2
1,-1,2,11.6082,0.0076,31,2,2
0,0,0,12.5425,0.1054,46,2,2
0,-1,-1,11.9829,0.059,32,2,1
1,-1,-1,12.6761,0.0071,35,2,2
1,-1,-1,12.6115,0.0015,30,2,1
1,0,0,12.6115,0.4437,30,2,2
0,0,0,11.5129,0.9926,31,2,2
0,-2,-2,11.5129,0.0188,39,2,2
0,0,0,11.6082,0.1419,33,2,2
0,-2,-2,12.8992,0.1308,39,2,2
0,0,0,9.9035,0.7642,35,2,2
1,2,3,10.8198,0.245,27,2,1
0,0,0,12.6443,0.8704,28,2,1
0,0,0,11.2898,0.9488,44,2,2
0,0,0,11.6952,0.9669,43,2,3
0,-1,-1,12.2061,0.057,39,2,1
0,-1,-1,11.5129,0.0924,44,2,2
0,0,0,12.2549,0.9817,37,2,2
0,-1,0,11.0021,0.2489,33,2,1
0,-1,-1,11.7753,0.0071,38,2,2
0,-2,-1,11.9184,0.0125,33,2,3
0,2,2,12.3014,0.8881,44,2,2
0,0,0,11.8494,0.7016,40,2,2
0,0,0,10.8198,1.5592,31,2,2
0,0,0,11.4076,0.0315,41,2,3
0,0,0,13.1224,0.0404,37,2,1
1,-1,-1,12.6115,0.0013,28,2,3
0,-1,-1,12.4684,0.2434,40,2,1
1,-1,-1,11.7753,0.0196,42,2,3
0,-1,-1,12.2061,0.0301,28,2,1
0,0,0,12.5776,0.0253,29,2,2
0,1,-1,13.3847,0.0328,29,2,1
0,0,0,12.3458,0.0496,27,2,1
1,2,0,12.3458,0.2742,30,2,1
0,0,0,12.2061,1.0163,31,2,2
0,0,0,12.8992,0.5869,32,2,2
0,0,0,13.1022,0.3986,30,2,2
0,-2,-2,12.7939,0.0,30,2,1
0,-2,-2,12.3458,0.0255,33,2,1
0,0,0,12.5776,0.9844,34,2,2
0,1,-2,12.2061,0.0,34,2,1
0,-1,0,12.7939,0.1187,34,2,2
1,2,2,9.2103,0.7587,42,2,3
0,-2,-2,12.1007,0.0627,33,2,2
0,-1,-1,12.3458,0.027,47,2,3
0,-2,-2,12.7367,0.0022,35,2,1
0,0,0,12.0436,0.8864,44,2,3
0,0,0,10.8198,0.9785,42,2,3
0,-1,0,12.0436,0.9925,37,2,2
0,-1,-1,11.9829,0.1061,49,2,2
0,0,0,12.5425,0.3602,46,2,3
0,0,0,11.8494,0.9645,38,2,2
0,0,0,13.1616,0.281,43,2,1
0,0,0,11.8494,0.1855,29,2,2
0,-2,-2,11.7753,0.0078,26,2,1
0,0,0,11.5129,0.5813,27,2,1
1,2,0,10.8198,0.2255,27,2,3
1,1,-2,11.7753,0.0,27,2,2
0,-1,-1,12.2061,0.1257,39,2,1
0,-1,2,12.5425,0.0194,28,2,1
0,-2,-2,12.3884,0.1185,29,2,1
0,2,2,11.4076,0.4757,29,2,1
0,0,0,12.4292,0.3957,29,2,1
0,-1,-1,12.2549,0.0066,29,2,1
0,-2,-2,11.4076,0.0,30,2,2
0,-2,-2,12.1007,0.0,30,2,5
0,0,0,13.1224,0.2785,32,2,5
0,-2,-2,12.3884,0.0254,32,2,1
0,0,0,10.8198,0.4341,31,2,2
0,0,0,12.8992,0.117,32,2,1
1,1,2,12.3458,0.0183,33,2,1
0,1,2,12.8992,0.1985,31,2,3
0,1,-2,11.2898,0.0,35,2,2
0,-2,-1,11.9829,0.0475,37,2,2
0,1,-1,12.9715,-0.0011,38,2,1
0,1,2,11.4076,0.0891,34,2,2
0,0,0,11.2898,0.793,35,2,3
0,1,-2,12.2549,0.0,36,2,2
0,-2,-2,12.6443,0.1725,46,2,2
0,0,-1,13.1224,0.0234,39,2,2
0,0,0,11.1563,0.4891,38,2,3
0,1,2,9.9035,0.8081,36,2,2
1,-2,-2,12.2549,0.0,44,2,2
0,0,0,12.0436,0.9783,40,2,3
0,-1,-1,12.8739,0.0128,38,2,1
1,2,0,12.6761,1.627,43,2,2
0,0,0,10.8198,0.7684,37,2,2
0,2,0,11.5129,1.0028,36,2,3
0,-1,-1,12.3014,0.0106,39,2,1
0,-1,0,12.6115,0.0508,38,2,1
0,-1,-1,11.9829,0.0381,40,2,2
0,0,0,12.2061,0.2736,45,2,3
0,-1,-1,12.3884,0.0333,43,2,1
1,2,2,11.4076,0.3134,27,2,1
0,-2,-1,10.8198,0.0928,46,2,2
0,-2,-2,12.2549,0.0,46,2,1
0,-2,-1,12.5776,0.039,33,2,2
0,2,2,11.9829,0.9016,37,2,2
0,-1,-1,12.2061,0.0586,31,2,1
0,0,0,12.4684,0.701,37,2,2
0,2,0,10.309,0.9127,47,2,3
0,-2,-2,12.3458,0.0006,36,2,2
0,0,0,12.3014,0.9527,39,2,3
0,-1,-1,11.8494,0.0151,27,2,1
0,0,0,11.2898,0.5396,38,2,2
0,1,-1,13.017,0.0,49,2,1
0,0,0,11.9829,0.6665,45,2,2
1,1,2,11.5129,0.7735,27,2,1
0,-1,-1,12.4292,0.0388,39,2,2
0,-2,-2,11.2898,0.0,38,2,2
0,-2,-2,12.1007,0.0401,35,2,1
0,1,-2,13.487,0.007,38,2,2
0,0,0,12.1007,0.017,27,2,2
0,-2,-2,12.3458,0.0121,32,2,1
0,1,-2,12.2061,0.0,32,2,2
0,0,0,11.2898,0.975,36,2,2
0,-1,0,11.5129,1.0004,30,2,2
0,0,0,12.2061,0.1927,30,2,1
1,0,0,12.2061,0.6622,32,2,3
0,0,0,10.8198,0.8465,30,2,2
1,-2,-1,12.8479,0.0099,36,2,1
0,0,0,12.4292,0.8572,41,2,2
0,-2,-2,12.3014,0.0069,47,2,2
0,0,0,11.1563,0.8887,33,2,2
0,0,0,9.2103,0.9135,40,2,2
0,0,0,11.0021,0.3628,35,2,2
1,1,-2,12.2061,0.0,44,2,3
0,0,0,12.2061,0.1294,30,2,2
0,-2,-2,12.6115,0.0,48,2,1
0,0,0,12.4684,0.5617,36,2,3
0,-1,-1,11.7753,0.0076,44,2,3
0,2,2,10.309,0.8948,29,2,2
1,0,0,12.0436,0.9743,30,2,1
0,-2,-2,12.2549,0.0182,29,2,2
0,0,0,10.8198,0.8766,44,2,3
0,-2,-2,13.3047,0.0897,36,2,1
0,0,0,12.1007,0.9187,37,2,3
1,2,2,11.5129,0.5721,29,2,1
0,-2,-2,12.2549,0.0194,46,2,1
0,-1,-1,11.9184,0.0193,37,2,2
0,-1,0,12.7939,0.0328,30,2,3
0,0,0,12.7068,0.4725,32,2,1
0,1,-2,12.6115,0.0017,43,2,2
0,-1,-1,12.4292,0.1219,42,2,1
0,0,0,12.3458,1.4976,48,2,2
0,1,2,9.9035,0.1567,47,2,3
0,-2,-2,12.2549,0.0096,35,2,1
1,2,2,11.2898,1.0272,36,2,2
0,-1,-1,12.4292,0.0495,39,2,1
1,3,3,10.8198,0.9581,34,2,2
0,0,0,12.2061,0.7468,42,2,5
0,0,0,12.5776,0.5488,35,2,3
0,0,0,12.6443,0.0225,43,2,3
0,1,2,12.5062,0.4378,28,2,1
0,-2,-2,12.2061,0.0014,33,2,1
0,0,0,12.5776,0.5831,32,2,2
0,0,0,12.3014,0.5982,29,2,2
1,-1,-1,13.1224,0.0066,35,2,1
0,-1,-1,12.8213,0.0076,31,2,3
0,1,-2,11.5129,-0.0165,44,2,2
0,0,0,12.2549,0.5372,44,2,1
0,-2,-2,12.6443,-0.0001,38,2,3
0,0,0,12.2061,0.7861,27,2,2
1,0,0,11.6082,0.9194,28,2,1
0,0,0,11.7753,0.2997,30,2,2
0,0,0,11.7753,0.5139,34,2,1
1,3,2,11.2898,0.979,35,2,2
1,0,0,10.309,0.8298,47,2,1
0,1,-1,10.8198,0.0,39,2,1
1,2,2,11.9829,1.0255,30,2,2
0,0,0,11.2898,0.8393,45,2,2
0,-1,-1,11.5129,0.0039,37,2,2
1,2,0,9.2103,0.1526,46,2,2
0,-1,-1,11.4076,0.0046,30,2,2
0,0,0,12.7939,0.1164,38,2,2
0,0,0,13.415,0.0834,43,2,1
0,-2,-2,11.9184,0.0,28,2,3
0,0,0,11.9184,0.0853,28,2,1
0,0,0,12.3458,0.0996,35,2,1
0,-1,-1,12.3458,0.0274,30,2,2
0,0,0,11.6952,1.1314,33,2,2
0,-1,-1,12.0436,0.0091,33,2,1
0,1,-1,12.2061,0.2973,35,2,2
1,-2,-2,13.017,0.0009,38,2,2
0,-1,-1,12.2061,0.0232,32,2,1
0,0,0,12.6443,0.2358,33,2,2
0,-2,-2,10.8198,0.0,30,2,1
1,-1,-1,11.8494,0.0031,36,2,2
0,-1,-1,12.4292,0.0052,37,2,1
0,0,0,12.6443,0.5657,31,2,1
0,0,0,11.2898,0.8577,31,2,1
1,-2,-2,12.2061,0.0418,29,2,2
0,0,0,11.4076,0.9355,47,2,3
0,-2,-2,11.9829,0.0179,45,2,3
0,1,-1,12.1007,0.0,27,2,1
0,0,0,12.6443,0.2791,33,2,2
0,0,0,12.5425,0.0163,29,2,4
0,0,0,11.4076,0.1945,43,2,2
0,0,0,12.2549,0.9237,39,2,2
0,-1,-1,12.2061,0.0007,27,2,1
0,0,0,11.1563,0.2963,48,2,2
0,-2,-2,12.6761,0.0113,31,2,2
0,-2,-2,12.2549,0.0082,33,2,1
0,0,0,11.7753,0.2807,27,2,1
0,-1,-1,11.2898,0.0049,27,2,2
0,-2,-2,12.8213,0.005,47,2,2
0,0,0,12.1007,0.0495,36,2,3
0,0,0,12.6443,0.2134,43,2,1
0,1,-2,12.5425,0.0,27,2,2
0,-1,-1,11.9184,0.0074,27,2,2
0,1,2,12.1007,0.203,29,2,1
0,-1,-1,11.8494,0.055,31,2,1
0,-1,-1,12.9715,0.0004,34,2,1
0,-2,-2,12.7939,0.0007,37,2,1
0,-1,2,12.3884,0.0088,42,2,1
1,3,2,11.8494,0.0217,30,2,2
0,-1,2,12.2061,0.0043,34,2,1
1,0,0,11.2898,1.0152,37,2,2
0,0,0,11.5129,0.9671,38,2,2
0,-1,-1,12.2549,0.0015,40,2,1
0,1,-2,12.4292,0.0,37,2,2
0,0,0,10.8198,1.0062,38,2,3
0,-1,-1,12.8992,0.0218,28,2,1
0,0,0,11.9184,0.0403,37,2,2
0,0,0,12.5425,0.4428,39,2,2
0,-2,-2,11.5129,0.0,29,2,2
0,0,0,13.3212,0.9977,38,2,1
0,0,0,11.6952,1.0107,30,2,2
0,0,0,12.1007,0.1312,44,2,2
1,-1,-1,12.5062,0.0005,47,2,3
0,0,0,11.6082,1.0372,36,2,3
0,0,0,11.4076,1.0054,40,2,3
0,0,0,11.6952,0.8015,48,2,1
1,2,2,10.8198,0.9623,35,2,3
1,-1,-1,11.9829,0.0086,32,2,3
0,0,0,13.1224,0.1593,48,2,2
0,0,0,12.9945,0.9386,28,2,2
0,-1,0,12.7068,0.0052,31,2,2
0,0,0,12.2061,0.3247,33,2,2
0,0,0,12.4292,0.5917,33,2,2
0,0,0,11.8494,0.4149,37,2,2
0,0,0,12.4684,0.7837,36,2,1
1,1,2,11.0021,0.9727,45,2,1
0,0,0,13.1224,1.0027,37,2,1
0,0,0,11.7753,0.8834,30,2,2
1,1,2,11.2898,0.8743,30,2,2
0,0,0,11.9184,0.247,44,2,2
0,-1,-1,11.6952,0.014,31,2,1
0,1,-2,11.4076,0.0,31,2,1
0,-1,-1,12.2549,0.0063,31,2,1
0,-2,-2,12.5425,0.0949,45,2,1
0,-2,-2,12.3884,0.0083,28,2,1
0,-2,-1,12.3458,0.0,29,2,2
0,0,0,10.309,0.954,29,2,2
0,0,0,11.0021,1.0596,29,2,2
0,-1,0,12.7939,0.0372,30,2,1
0,0,0,11.4076,0.6215,33,2,1
0,-1,-1,12.1007,0.0251,33,2,1
0,1,-2,9.2103,0.0,33,2,3
1,-1,-1,12.2549,0.0119,34,2,1
0,-2,-2,10.309,0.1092,34,2,1
0,-1,-1,12.2061,0.0409,34,2,1
0,0,0,11.4076,0.9859,32,2,2
0,0,0,10.8198,0.9172,44,2,3
0,1,2,10.309,0.8947,46,2,2
0,-1,-1,12.3014,0.0253,35,2,1
0,0,0,13.1224,0.0328,46,2,2
0,0,0,11.0021,0.5644,47,2,3
0,0,0,11.6082,0.9522,41,2,2
1,-2,-2,12.7939,0.0122,43,2,3
0,0,0,10.309,0.8767,42,2,3
0,-2,-2,12.6115,0.0,38,2,2
0,-2,-2,13.1022,0.0038,36,2,1
0,-1,-1,12.2549,0.0078,36,2,1
0,-1,-1,12.5425,0.0026,37,2,1
0,-1,2,11.0021,0.0263,36,2,2
0,-2,-2,13.1022,0.0,38,2,2
1,0,0,10.8198,0.083,45,2,3
0,1,-2,12.2061,0.0,35,2,2
0,3,2,11.1563,0.8142,43,2,1
0,0,0,12.4684,0.0634,29,2,2
0,0,0,13.039,0.2894,40,2,2
0,-1,-1,12.2061,0.015,41,2,3
1,-1,-1,12.6761,0.0254,42,2,2
0,0,0,12.3458,0.1788,48,2,3
0,0,0,12.7657,0.1244,30,2,1
0,0,0,12.3458,0.0683,31,2,1
1,1,2,9.9035,0.8144,47,2,3
0,0,0,12.3458,0.1802,43,2,2
0,0,0,11.2898,0.1904,35,2,2
0,0,0,11.6082,0.8497,40,2,2
0,-2,-2,12.7939,0.0009,30,2,1
0,1,-2,11.2898,-0.0,34,2,2
1,-1,-1,12.7657,0.0013,35,2,2
0,0,0,11.1563,1.9544,47,2,2
0,-1,-1,12.7939,0.0136,29,2,3
1,2,2,12.3884,0.8724,32,2,1
0,0,0,11.2898,0.8069,34,2,2
0,0,0,11.8494,0.443,29,2,2
1,2,2,10.8198,1.2136,33,2,1
0,0,0,11.7753,0.0302,35,2,3
0,0,0,11.9829,0.7426,44,2,2
0,2,2,11.9829,0.0022,42,2,2
0,0,0,11.4076,0.0992,29,2,1
0,0,0,10.8198,0.8215,42,2,2
0,-1,-1,12.2549,0.0041,29,2,1
1,2,0,9.9035,0.7518,29,2,1
0,-1,-1,12.2061,0.0177,29,2,1
0,-1,-1,12.3458,0.0027,31,2,1
0,-2,-2,11.9184,0.0,43,2,3
0,-2,-2,12.2549,0.0,28,2,2
1,-2,-2,12.5776,0.0,33,2,1
1,2,2,12.4684,0.4566,34,2,3
1,0,0,9.9035,0.4832,29,2,2
1,-1,-1,12.1007,0.0208,47,2,3
0,0,0,11.5129,0.993,29,2,6
0,0,0,12.5425,0.8449,38,2,2
1,-2,-2,11.5129,0.0,41,2,2
0,-2,-2,11.5129,0.0384,35,2,2
0,0,0,10.309,0.1493,30,2,1
1,-1,-1,11.9829,0.0076,44,2,2
0,0,0,12.7939,0.8575,36,2,1
0,-1,-1,13.017,0.0041,36,2,1
1,0,-1,12.8479,0.0115,40,2,1
0,-2,-2,11.6952,0.0,42,2,2
1,1,2,11.9829,0.5563,47,2,1
1,0,0,10.8198,0.5025,33,2,1
0,0,0,12.0436,0.5014,34,2,2
0,1,-1,12.7657,-0.0001,34,2,2
0,-2,-1,12.1007,-0.0001,48,2,2
0,0,0,11.5129,0.6892,38,2,1
0,0,0,10.8198,0.0808,26,2,1
0,-2,-2,12.1007,0.2781,30,2,1
0,1,-2,11.9184,-0.0034,31,2,1
1,-2,-2,12.6115,0.0029,32,2,1
0,0,0,12.7657,0.8684,33,2,1
0,0,0,12.4684,0.1354,42,2,2
0,0,0,12.2061,0.0394,27,2,2
1,0,0,12.3884,0.5556,27,2,2
0,0,0,11.9184,0.4361,26,2,1
0,0,0,12.5776,0.0625,26,2,2
0,0,0,11.8494,0.9105,27,2,2
0,-2,-2,11.7753,0.0,29,2,1
0,-2,-1,12.1007,0.0,29,2,1
0,-1,-1,12.2061,0.0106,29,2,1
1,1,2,12.3458,0.9006,28,2,1
0,2,2,12.3884,1.2257,28,2,2
0,-2,-2,12.0436,0.0045,31,2,1
0,-1,-1,11.6952,0.0033,31,2,3
0,-2,-2,12.3884,0.0287,31,2,1
0,0,0,11.4076,0.1338,31,2,2
1,-2,-2,12.6115,0.0028,30,2,2
0,-1,2,11.1563,1.0217,30,2,3
0,0,0,11.5129,0.0242,30,2,2
0,0,0,11.6082,0.2036,31,2,3
0,0,0,12.1007,0.9213,33,2,2
0,0,0,13.1224,0.8454,32,2,1
0,2,0,11.2898,0.3357,32,2,3
0,-2,-2,12.5425,0.0209,32,2,1
0,-2,-2,12.5425,0.009,33,2,1
0,-1,-1,11.6952,0.0044,35,2,1
0,-1,0,11.4076,0.061,35,2,2
0,-1,-1,12.0436,0.0183,34,2,2
0,0,0,10.8198,0.6335,34,2,2
0,-1,-1,10.8198,0.0078,34,2,3
0,0,0,12.3458,0.946,38,2,1
1,-1,-1,12.1007,0.0048,48,2,2
0,0,0,10.5966,0.6612,43,2,3
0,-1,0,12.7939,0.0669,42,2,2
1,-2,-2,12.7939,0.0,47,2,2
0,0,0,12.0436,0.9788,45,2,1
0,-1,2,9.9035,0.8528,35,2,3
0,-1,-1,12.3884,0.0002,43,2,2
1,0,0,11.5129,0.03,39,2,1
0,1,-2,11.5129,0.0,43,2,1
1,0,0,11.6082,1.0156,40,2,2
0,0,0,12.948,0.2428,37,2,2
1,2,2,12.1007,0.5175,34,2,2
0,1,-2,12.3884,0.0,37,2,2
0,-1,0,12.2549,0.0635,41,2,2
0,-1,3,10.309,0.3443,43,2,3
0,0,0,12.2549,0.1743,44,2,2
0,-1,-1,12.6761,0.0321,30,2,1
0,0,0,12.3014,0.5483,38,2,3
0,-1,-1,12.3884,0.0064,29,2,1
0,1,2,13.017,0.2919,35,2,1
0,0,0,13.1224,0.523,36,2,2
0,0,0,12.1007,0.9713,44,2,2
0,-2,-2,11.2898,0.0,38,2,1
1,2,-1,10.8198,0.0078,41,2,2
0,0,-1,13.017,0.2325,41,2,2
0,-1,-1,12.8479,0.0496,43,2,1
0,-2,-2,10.8198,-0.002,29,2,1
0,3,2,10.309,0.9836,30,2,3
0,-1,-1,12.6115,0.0192,37,2,1
0,-2,-2,12.7367,0.0169,45,2,2
0,0,0,12.1548,0.7231,44,2,2
0,0,0,11.6952,0.9022,41,2,3
0,0,0,12.2549,0.7627,40,2,1
0,0,0,12.7939,0.1622,46,2,1
0,-1,-1,12.7068,0.0004,35,2,1
0,0,0,11.5129,0.6876,37,2,1
0,-1,-1,12.4292,0.0591,38,2,1
1,-2,-2,11.6952,0.0,46,2,2
0,1,-1,12.2061,0.0,43,2,1
0,1,2,12.5425,0.0925,30,2,1
0,-1,-1,13.0815,0.0021,46,2,2
1,-1,-1,12.3884,0.0163,36,2,2
0,-2,-2,11.6952,0.0023,39,2,2
0,0,0,11.6082,0.8741,40,2,2
0,0,0,12.8739,0.124,41,2,1
0,1,2,9.9035,0.5342,38,2,2
0,0,0,11.8494,0.7996,35,2,1
0,0,0,11.9829,0.2498,41,2,2
0,1,-1,12.2549,0.0,30,2,1
0,0,0,12.2549,0.9643,47,2,1
0,0,-1,12.3884,0.2191,39,2,1
0,-2,-2,11.9184,0.0739,36,2,2
0,0,0,11.0021,0.9483,48,2,2
1,-1,-1,12.1007,0.0086,40,2,2
0,0,-1,11.6952,0.0251,37,2,2
0,0,0,12.2549,0.2614,40,2,1
0,0,0,12.948,0.0484,36,2,1
0,0,0,11.6082,0.8386,43,2,2
0,0,0,12.1007,0.6231,31,2,2
1,-2,-2,12.2061,0.0,42,2,1
0,0,0,12.3014,0.9893,32,2,1
0,-2,-2,12.4292,0.01,36,2,1
0,-2,-2,12.4292,0.0,39,2,1
0,-2,-2,12.8992,0.0042,47,2,3
0,0,0,10.8198,0.7789,38,2,2
0,-2,-2,13.0815,0.0023,48,2,1
0,-1,0,13.0605,0.501,39,2,1
0,0,0,12.6115,0.1005,36,2,1
0,1,-2,11.9829,-0.0,44,2,2
0,-1,-1,11.9829,0.0209,42,2,1
0,-1,-1,12.3458,0.0097,33,2,1
0,0,0,10.8198,0.7961,49,2,3
0,0,0,11.9184,0.2448,48,2,3
0,2,2,11.7753,0.5663,50,2,2
1,1,-2,12.7939,0.0,49,2,1
1,0,0,11.9184,0.9685,50,2,2
0,0,0,11.1563,0.1837,50,2,2
0,-2,-2,13.017,0.0,49,2,1
1,1,-2,12.2061,-0.0,49,2,2
1,2,0,11.2898,1.1238,50,2,2
0,0,0,12.7367,0.9143,48,2,2
1,0,0,10.8198,0.6749,52,2,2
0,-1,-1,12.2061,0.0106,50,2,1
0,0,0,12.2549,0.5692,48,2,3
0,-1,-1,12.7939,0.0022,49,2,2
0,-2,-2,12.3458,0.0121,50,2,3
1,0,0,10.8198,1.466,48,2,3
1,2,0,11.6952,0.6832,50,2,2
0,1,-2,12.7367,0.008,50,2,1
1,0,0,10.8198,0.9839,49,2,3
0,1,2,11.1563,0.1416,49,2,3
0,0,0,11.5129,0.9474,50,2,2
1,0,0,9.9035,0.678,49,2,2
0,0,0,11.2898,0.9668,49,2,2
0,-2,-2,12.5425,0.0028,49,2,3
0,-2,-2,12.6115,0.0029,50,2,2
1,-1,-1,13.1224,0.0008,49,2,3
0,0,0,10.8198,0.9376,51,2,3
1,0,0,11.8494,0.9211,50,2,2
1,-1,-1,12.2549,0.0047,49,2,2
0,0,0,11.5129,0.4109,49,2,3
0,0,0,10.8198,0.2918,50,2,2
0,0,0,9.9035,0.6592,51,2,3
0,0,0,12.2061,0.0235,50,2,2
0,-1,-1,11.5129,0.002,51,2,3
1,0,0,10.8198,0.723,50,2,3
0,0,0,12.3458,0.1684,53,2,3
0,0,0,12.4684,1.0128,50,2,2
1,1,2,11.6952,1.0265,52,2,2
0,-1,-1,12.8479,0.115,51,2,3
0,0,0,11.2898,1.0259,65,2,3
0,-2,-2,12.3884,0.0021,50,2,1
1,0,0,10.309,1.1165,54,2,2
0,0,0,10.309,0.9207,59,2,2
0,1,-1,11.2898,0.9864,55,2,3
0,0,0,10.8198,1.0113,54,2,2
0,1,2,9.2103,1.2006,56,2,1
1,2,2,11.5129,1.1752,50,2,3
0,-2,-2,12.5425,0.0,50,2,3
1,1,2,10.309,1.0241,55,2,3
0,-1,-1,11.2898,0.0938,50,2,3
0,0,0,10.309,0.4806,51,2,3
0,0,0,12.0436,0.9075,51,2,2
0,1,2,11.0021,0.4822,52,2,2
0,0,0,11.5129,0.9296,50,2,3
1,-2,-2,11.9829,0.0047,58,2,1
0,0,0,10.8198,0.8125,55,2,2
1,1,-2,12.7939,0.0,59,2,1
0,-1,-1,12.2549,0.0012,52,2,1
0,-1,-1,12.1548,0.0349,55,2,2
0,0,0,11.4076,0.473,52,2,3
0,0,0,10.8198,0.9639,52,2,3
0,-2,-2,10.309,-0.011,55,2,3
1,2,2,10.309,0.806,54,2,3
1,0,0,12.1007,0.1142,61,2,3
1,1,2,11.6952,0.6617,58,2,3
0,0,0,11.2898,0.9058,55,2,3
0,-2,-2,12.8992,0.001,49,2,2
0,0,0,11.6952,0.989,53,2,3
1,2,2,11.5129,0.4094,52,2,1
0,-1,-1,12.6115,0.0019,52,2,1
0,0,0,11.2898,0.9983,69,2,3
0,-1,-1,13.1224,0.0029,53,2,3
0,0,0,9.2103,0.4416,51,2,3
0,2,3,11.5129,0.0152,55,2,3
0,0,0,12.3884,0.5638,53,2,2
1,-2,-2,12.5425,-0.0007,63,2,1
0,0,0,9.9035,0.8252,55,2,2
0,0,0,11.6082,0.9164,59,2,2
0,1,-2,12.5776,0.0,60,2,2
1,-1,-1,11.2898,0.015,48,2,1
0,1,2,10.309,1.0043,51,2,3
0,-1,2,10.309,0.1581,52,2,1
1,0,0,11.0021,0.734,57,2,2
0,-1,-1,11.1563,0.0143,52,2,3
0,0,0,11.8494,0.5493,52,2,3
0,0,-1,11.9184,0.0764,53,2,2
1,1,2,11.4076,0.2882,58,2,2
0,0,0,10.309,0.3953,51,2,2
0,0,0,11.0021,1.0042,52,2,3
0,-1,-1,13.1022,0.015,52,2,2
1,-2,-2,12.3458,0.0457,56,2,2
0,0,0,11.1563,1.0174,53,2,2
1,3,2,11.0021,1.2464,55,2,3
0,0,0,10.309,1.014,59,2,6
0,0,0,11.1563,0.8182,62,2,2
1,1,-1,13.017,-0.0,56,2,3
1,0,0,9.9035,0.806,54,2,3
1,1,2,10.309,0.5497,51,2,2
0,0,0,11.2898,0.9866,54,2,3
0,-2,-2,12.8739,0.0012,53,2,1
0,0,0,10.309,0.358,50,2,2
0,1,-1,12.2061,0.0,51,2,3
0,1,2,11.8494,0.4547,59,2,3
1,-2,-2,10.309,0.0575,51,2,2
0,-2,-2,12.5776,0.0237,51,2,2
0,-1,-1,12.2061,0.0122,51,2,2
0,0,0,12.1007,0.6671,64,2,3
0,-2,-2,12.2061,0.0021,50,2,2
0,0,0,13.1224,0.7105,54,2,5
0,0,0,13.1616,1.2559,54,2,3
0,-2,-2,11.4076,0.0092,53,2,3
0,-1,-1,12.4684,0.0637,54,2,2
1,0,0,10.8198,0.44,51,2,3
1,0,0,11.2898,1.0112,59,2,2
0,0,0,12.2549,0.9396,54,2,2
0,0,0,12.6115,0.4771,51,2,1
0,1,2,9.9035,0.4496,53,2,1
0,0,0,10.8198,0.5087,51,2,3
1,2,2,9.9035,0.2841,52,2,3
0,-1,-1,11.9184,0.058,53,2,1
1,0,0,10.8198,0.8958,51,2,3
0,0,0,10.8198,1.0113,51,2,2
0,2,2,10.8198,0.6443,51,2,3
0,1,-1,12.2061,-0.0009,51,2,3
0,0,0,11.2898,0.5329,52,2,3
0,0,0,10.8198,0.9631,56,2,3
0,2,2,12.2061,0.7951,55,2,3
0,0,0,12.2549,0.4493,54,2,3
0,0,0,11.2898,0.9822,55,2,3
0,-1,-1,12.2061,0.002,50,2,3
0,0,0,12.2061,0.4952,51,2,3
1,2,0,12.3014,1.0002,52,2,3
0,-2,-1,12.5425,-0.0,56,2,1
0,1,-1,12.4292,-0.0001,53,2,3
0,0,0,11.4076,0.4415,55,2,3
0,-2,-2,12.6761,0.0034,58,2,1
0,0,0,11.7753,1.6202,53,2,2
0,-1,-1,10.8198,0.0078,51,2,3
0,0,0,11.2898,0.0775,51,2,3
0,0,0,12.9715,0.9677,51,2,2
0,1,-1,12.4292,0.0,51,2,1
0,2,2,10.8198,0.318,51,2,2
0,0,0,12.7939,0.0991,58,2,3
0,-2,-2,13.017,0.0,53,2,2
1,0,0,11.6082,0.9019,22,1,2
0,0,0,12.7939,0.0089,34,1,1
1,0,0,9.2103,0.9035,24,1,2
1,0,0,12.2061,0.9339,27,1,1
1,0,0,9.9035,0.3108,24,1,2
1,1,-1,11.1563,-0.0007,28,1,1
1,2,2,11.2898,0.8988,55,2,3
0,-2,-2,12.4292,0.0024,55,2,2
0,0,0,11.4076,0.9586,34,1,2
0,0,0,11.5129,0.9843,42,1,2
0,0,0,12.3458,0.2334,39,1,3
0,0,0,12.8479,1.0207,32,1,1
0,-1,-1,12.8739,0.0032,29,1,2
0,-2,-2,11.6952,0.0,30,1,1
0,0,0,9.9035,0.967,27,1,2
0,1,-1,9.9035,0.0,41,1,2
1,1,-1,11.9829,0.0,25,1,1
0,-1,-1,12.3884,0.0463,35,1,3
0,0,0,10.309,1.3767,23,1,2
0,0,0,10.8198,0.112,24,1,2
0,1,2,10.309,0.9924,23,1,2
0,0,0,9.9035,0.9624,23,1,1
0,-1,-1,11.2898,0.1148,23,1,1
1,3,2,9.9035,0.12,23,1,2
0,0,0,10.8198,0.814,23,1,2
0,0,0,11.4076,1.0099,23,1,1
0,-1,-1,10.8198,0.02,24,1,2
1,0,0,9.9035,0.5104,23,1,2
0,-2,-2,10.309,0.0,24,1,2
0,1,2,10.8198,1.0464,23,1,2
0,0,0,9.9035,0.9589,23,1,2
0,1,2,9.9035,0.9756,22,1,2
0,3,2,9.9035,0.939,23,1,2
1,2,0,10.8198,0.9404,22,1,3
0,0,0,9.9035,0.9778,22,1,2
0,0,0,9.9035,0.7392,23,1,2
1,0,0,10.8198,0.9648,23,1,2
1,2,0,9.2103,0.5232,23,1,2
1,-2,-1,9.2103,0.0998,23,1,2
0,0,0,9.9035,0.831,22,1,1
0,0,0,9.2103,0.878,22,1,2
0,0,0,10.8198,0.2334,25,1,2
1,0,0,10.309,0.2551,25,1,2
0,0,0,12.0436,0.6946,26,1,1
1,0,0,10.8198,1.031,23,1,2
1,2,0,11.0021,0.4503,24,1,2
0,0,0,10.8198,1.0063,26,1,3
0,0,0,10.8198,0.9366,22,1,2
0,0,0,10.8198,0.9981,24,1,2
0,1,2,11.5129,1.0036,24,1,3
0,0,0,9.2103,0.5642,25,1,1
1,1,-2,11.2898,0.0,26,1,1
0,-2,-2,12.6115,0.0,26,1,2
1,1,2,9.2103,0.902,23,1,1
0,-1,-1,10.309,0.1952,24,1,1
0,0,0,10.8198,0.4094,24,1,1
0,-1,0,10.309,0.0475,24,1,1
0,1,-2,11.4076,0.0,26,1,1
1,2,2,9.9035,0.2998,23,1,1
0,-1,-1,11.2898,0.0056,23,1,1
0,0,0,11.4076,0.9636,24,1,2
1,2,0,9.9035,0.4148,24,1,3
1,-1,-1,10.309,0.0491,24,1,2
1,0,0,9.2103,0.9984,23,1,2
0,0,0,11.1563,0.443,25,1,1
1,2,0,10.5966,0.9115,26,1,1
1,0,0,12.0436,0.855,26,1,2
0,1,2,9.2103,0.9774,24,1,2
0,2,0,10.309,0.9869,25,1,2
1,1,2,9.2103,0.6496,24,1,2
0,0,0,10.8198,0.9612,24,1,1
0,0,0,10.309,0.7217,24,1,5
0,0,0,10.8198,0.6002,24,1,1
0,1,2,9.9035,1.0232,24,1,3
1,0,0,9.2103,0.3684,25,1,2
0,1,-2,10.8198,-0.02,24,1,2
1,1,2,10.8198,1.1839,24,1,2
0,0,0,10.8198,0.9415,25,1,2
0,0,0,11.9829,0.3807,25,1,2
0,0,0,10.8198,1.0028,24,1,2
0,0,0,10.309,0.4952,24,1,1
1,5,4,11.0021,1.1323,27,1,2
0,0,0,11.9184,1.0262,25,1,2
0,0,0,10.309,0.8512,26,1,3
0,-1,-1,9.9035,0.0294,26,1,1
0,0,0,9.9035,0.9419,26,1,2
0,0,0,10.8198,0.3466,24,1,2
0,0,0,12.2061,0.3324,33,1,1
0,0,0,11.1563,0.8674,25,1,2
0,0,0,11.9184,0.9715,28,1,1
0,1,2,11.7753,1.0491,27,1,5
0,0,0,9.9035,0.681,27,1,3
0,-1,-1,11.0021,0.0361,27,1,1
0,0,0,10.8198,1.0121,24,1,2
0,0,0,12.2549,0.3133,27,1,2
0,-2,-2,11.9184,0.0914,26,1,1
0,0,0,10.8198,0.9407,25,1,2
0,1,-2,10.5966,0.0,26,1,1
1,2,2,11.4076,0.9786,27,1,3
0,0,0,11.1563,0.9188,27,1,1
0,0,0,9.9035,1.9814,27,1,1
0,0,0,10.309,0.9479,24,1,1
0,1,2,9.9035,0.955,25,1,2
1,2,0,11.0021,1.0127,25,1,2
0,1,2,10.8198,0.3282,26,1,2
0,2,0,10.8198,0.9793,25,1,1
1,0,0,9.2103,0.7806,25,1,2
1,1,4,9.9035,1.0712,22,1,3
0,0,0,11.6082,0.53,26,1,1
0,1,2,10.309,0.729,26,1,2
1,-1,-1,12.2061,0.018,27,1,1
0,0,0,11.1563,0.2437,27,1,2
0,0,0,11.2898,0.1262,27,1,3
0,0,0,11.2898,1.0137,28,1,2
0,0,0,9.9035,0.2046,24,1,2
0,0,0,9.2103,0.8579,23,1,2
0,0,0,11.0021,0.9459,25,1,3
1,0,0,10.8198,0.949,27,1,2
1,0,0,11.6082,0.9778,28,1,1
0,1,2,12.2549,0.1278,29,1,1
0,1,2,10.5966,0.942,29,1,1
0,-2,-2,12.7939,0.0167,29,1,1
0,0,0,12.6761,0.1531,29,1,2
0,-1,-1,11.7753,0.0111,27,1,1
1,2,2,11.7753,1.0554,26,1,2
0,0,0,10.8198,0.9532,26,1,2
0,-1,0,10.8198,0.9125,25,1,1
0,-2,-2,12.7939,0.003,27,1,3
1,2,2,11.9829,0.4398,27,1,3
0,0,-1,12.2061,0.1312,26,1,1
0,2,2,10.309,0.4866,26,1,3
0,0,0,12.7939,0.1404,26,1,1
0,0,0,9.9035,0.9631,28,1,1
1,1,2,11.2898,0.7933,27,1,2
0,0,0,13.1022,0.6646,28,1,1
0,0,-1,9.2103,0.1483,22,1,1
0,0,0,9.9035,0.6711,23,1,2
1,1,2,10.309,0.4308,25,1,2
0,0,0,10.8198,0.941,26,1,2
0,0,0,12.7367,0.5021,25,1,2
0,-1,-1,12.1007,0.001,26,1,1
0,0,0,10.5966,0.9533,26,1,1
0,-1,0,11.8494,0.1757,27,1,1
0,0,0,12.2549,0.1715,27,1,1
0,-2,-1,11.9184,0.004,26,1,1
0,0,0,11.9829,0.4865,24,1,2
1,1,2,10.8198,1.0471,24,1,3
0,0,0,10.8198,0.6258,24,1,1
0,0,0,10.5966,0.9967,24,1,1
0,0,0,11.1563,0.2409,24,1,1
0,0,0,12.6443,0.074,27,1,2
1,2,-1,10.5966,0.0473,28,1,1
0,-1,-1,10.8198,0.0132,27,1,1
0,0,0,11.8494,0.935,27,1,1
1,1,2,11.2898,0.6697,27,1,2
0,-1,-1,12.3458,0.0075,27,1,1
1,1,2,10.8198,0.1257,23,1,2
1,-1,-1,11.9829,0.0044,27,1,1
1,2,0,12.2061,0.3638,26,1,3
0,2,-1,11.7753,0.0153,27,1,3
0,0,0,11.7753,0.5066,29,1,3
0,1,2,11.5129,0.9647,28,1,2
0,-1,-1,11.9829,0.02,30,1,2
0,0,0,11.0021,0.5206,29,1,1
1,1,2,12.3014,0.141,29,1,1
1,-1,-1,10.8198,0.0432,29,1,1
0,-2,-2,11.9829,0.0135,27,1,2
1,2,0,11.0021,0.9766,27,1,2
0,-2,-2,12.2549,0.0745,28,1,1
0,0,0,12.7939,1.0428,27,1,1
0,0,0,11.6952,0.4974,28,1,1
0,0,0,12.4292,0.598,28,1,3
0,-1,0,12.2549,0.0211,28,1,2
0,-2,-2,12.8479,0.0034,28,1,1
0,0,0,12.3884,0.3411,27,1,2
0,1,2,9.9035,1.0039,27,1,3
0,0,0,10.8198,0.3931,27,1,2
1,-1,0,12.2061,0.0527,29,1,2
0,0,0,13.0605,0.2126,31,1,1
0,0,0,10.8198,0.3779,25,1,2
0,1,-2,12.1007,-0.002,29,1,1
0,0,0,12.1007,0.7314,26,1,1
1,2,2,12.1548,0.6019,27,1,1
1,-1,-1,12.1007,0.0042,26,1,1
0,0,0,10.8198,0.9613,25,1,2
0,0,0,9.9035,0.9034,25,1,1
1,0,0,11.2898,0.1106,25,1,2
0,-1,-1,11.9829,0.0031,28,1,1
0,-1,-1,12.2061,0.0189,29,1,1
0,1,1,12.1007,0.7994,30,1,1
0,0,0,12.7939,0.784,30,1,2
1,2,2,10.8198,1.2229,25,1,2
0,2,3,10.309,1.0901,32,1,2
0,-1,0,10.309,0.0527,25,1,1
0,0,0,11.5129,0.8224,28,1,2
1,-1,-1,12.4684,0.0015,29,1,1
0,0,-1,12.3884,0.0582,29,1,1
0,1,2,10.8198,0.2492,29,1,2
0,0,0,12.8992,0.032,30,1,1
1,0,0,11.1563,0.7418,27,1,1
0,0,0,12.5425,0.3723,30,1,3
0,-1,0,11.2898,0.5034,30,1,1
1,4,3,11.9829,0.9558,26,1,2
0,2,2,11.7753,1.0228,28,1,2
0,-1,-1,12.1007,0.0212,29,1,1
0,-2,-2,12.7939,0.0246,28,1,1
1,0,0,12.4684,0.9866,29,1,1
0,1,-1,10.8198,0.0,29,1,3
0,-1,0,11.2898,0.9961,27,1,2
0,0,0,12.3458,0.184,26,1,1
0,1,2,11.1563,1.0166,26,1,2
0,0,0,12.5062,0.0914,27,1,2
0,0,0,12.3014,0.1577,27,1,1
0,0,0,12.4684,0.8702,28,1,2
0,-2,-2,11.9829,0.014,28,1,1
0,-1,-1,12.5425,0.0016,34,1,1
0,0,0,12.3458,0.0382,27,1,1
0,0,0,10.5966,0.2092,31,1,1
0,0,0,12.0436,0.9806,31,1,1
1,3,2,12.2061,0.0125,30,1,1
0,0,0,12.3458,0.0493,28,1,2
1,2,2,10.8198,0.0379,27,1,1
0,-1,0,11.9184,0.2804,27,1,2
0,-2,-2,12.6115,0.0,27,1,1
0,0,0,12.7939,0.2271,31,1,1
0,0,0,12.8739,0.1385,31,1,1
1,0,0,10.8198,0.9828,31,1,1
0,0,0,12.3014,0.4556,32,1,1
0,0,0,11.0021,0.8051,27,1,2
0,-1,-1,11.5129,0.0094,28,1,2
0,0,0,12.5776,0.0373,30,1,2
1,0,0,11.7753,0.9422,31,1,2
0,1,-1,12.8992,0.0,31,1,1
0,0,0,10.309,0.7501,32,1,2
0,-1,-1,12.4684,0.009,29,1,1
0,0,0,11.1563,0.7671,29,1,2
1,1,-2,11.9829,0.0,29,1,1
0,-2,-2,12.5425,0.0118,30,1,1
0,-1,0,13.1224,0.0665,30,1,1
0,0,0,11.6082,0.97,29,1,1
0,-1,-1,11.6952,0.0048,29,1,2
0,0,0,10.8198,0.3748,32,1,1
0,0,0,11.5129,1.0075,27,1,1
0,-2,-2,12.7939,0.0192,29,1,1
1,1,2,9.9035,0.2236,27,1,1
0,0,0,10.8198,0.9361,29,1,3
0,0,0,13.1224,0.6191,30,1,1
1,0,0,10.8198,0.5082,32,1,1
1,-2,-2,12.4292,0.0,34,1,3
0,0,0,12.4684,0.2094,34,1,2
0,0,0,11.9184,0.419,34,1,1
0,0,0,11.2898,0.7474,33,1,1
0,-2,-2,12.1007,0.053,34,1,3
0,0,0,12.0436,0.9313,40,1,1
0,-2,-2,12.6115,0.0188,40,1,1
0,1,-1,12.3458,-0.0001,39,1,1
0,0,0,13.0605,0.5595,35,1,2
0,0,-1,9.9035,0.9314,37,1,3
0,2,-1,11.1563,0.0386,38,1,1
0,0,0,12.6761,0.9681,41,1,1
0,-2,-2,13.1224,0.005,39,1,1
0,-2,-2,12.7939,0.0048,47,1,2
0,-1,-1,12.1007,0.0018,42,1,1
1,2,2,11.5129,0.27,40,1,1
1,2,-1,9.2103,0.3567,40,1,1
0,0,0,9.9035,0.8404,41,1,2
0,1,2,11.1563,0.4291,46,1,3
1,2,0,9.9035,0.3039,26,1,2
0,-2,-2,13.1224,0.0222,46,1,1
0,0,0,11.8494,0.2334,32,1,1
0,-1,-1,12.7939,0.0035,39,1,2
1,1,2,11.9829,0.0345,32,1,2
0,-1,-1,12.2061,0.0008,34,1,1
0,0,0,12.3458,0.0881,48,1,3
1,-2,-2,12.7939,0.0,38,1,1
0,0,0,12.4684,0.0859,40,1,1
1,2,2,10.8198,1.1635,35,1,2
0,0,0,13.1224,0.0832,39,1,3
0,-2,-2,12.3458,0.0344,38,1,1
0,0,0,12.7367,0.4371,39,1,2
0,0,0,11.7753,0.0489,38,1,3
0,0,0,11.2898,0.8758,47,1,3
0,-1,-1,12.4292,0.0016,40,1,1
1,1,2,11.8494,0.6151,48,1,2
1,-2,-2,12.8739,0.0002,37,1,1
0,0,0,12.4684,0.9902,37,1,1
0,0,0,11.9829,0.4347,43,1,2
0,0,0,12.2549,0.4846,38,1,2
1,2,2,11.4076,0.7989,48,1,2
0,-2,-2,12.5776,0.008,45,1,1
0,0,0,13.2357,0.8711,40,1,1
0,0,0,11.6082,1.0169,37,1,2
0,0,0,12.7657,0.2007,37,1,3
0,0,0,12.5425,0.7517,35,1,1
0,0,0,12.4684,0.1326,40,1,1
0,0,0,12.9945,0.6079,34,1,2
0,0,0,12.2061,0.2461,49,1,4
0,1,2,11.9184,0.8893,32,1,2
0,3,3,10.8198,1.3153,39,1,1
0,-1,-1,13.1224,0.0586,29,1,1
0,0,0,12.6761,0.1258,29,1,1
1,1,-1,13.1224,0.0,34,1,1
1,-1,-1,13.1224,0.0026,45,1,1
0,0,0,12.4684,0.534,35,1,5
0,-2,-2,12.7068,0.0066,39,1,3
0,0,0,12.7939,0.9416,36,1,2
0,0,0,12.7939,0.5739,33,1,1
1,2,2,11.7753,0.1545,33,1,2
0,0,0,12.6761,0.8782,32,1,2
1,0,0,12.7657,0.9937,42,1,2
0,1,3,9.9035,1.3144,38,1,2
0,0,0,12.2061,0.0461,29,1,1
0,0,0,12.3884,0.1915,33,1,3
0,0,0,10.8198,0.7825,29,1,2
1,0,0,9.2103,0.7536,35,1,3
0,1,-1,12.7939,0.0,31,1,1
0,0,0,9.9035,0.9761,30,1,3
1,-2,-2,13.039,0.0,47,1,1
0,0,0,12.1007,0.3449,49,1,1
0,0,0,10.8198,0.9758,35,1,2
0,0,0,11.1563,0.9989,32,1,2
0,1,-1,11.8494,0.0721,39,1,2
0,0,0,13.1224,0.3116,41,1,2
0,0,0,12.5425,0.5713,44,1,2
0,0,0,11.6082,0.6252,37,1,2
0,0,0,11.4076,1.0182,37,1,1
0,-1,-1,12.0436,0.0143,38,1,1
0,0,0,12.5776,0.4673,40,1,1
0,1,2,11.2898,0.0194,46,1,2
0,0,0,11.9184,0.5921,43,1,2
0,0,0,11.2898,0.9892,38,1,3
1,0,0,9.9035,0.9046,44,1,1
1,2,2,11.9184,0.3169,36,1,2
0,-1,-1,12.6115,0.0168,48,1,1
0,3,2,11.7753,1.0063,39,1,2
0,1,2,13.1022,0.4696,41,1,1
0,0,0,11.6952,0.41,34,1,2
1,0,0,10.8198,0.315,34,1,3
0,0,0,11.9184,0.59,28,1,1
1,0,0,13.487,0.4282,40,1,1
0,-1,0,9.9035,0.5111,48,1,2
0,0,0,12.4684,0.6282,35,1,1
0,0,0,12.3884,0.6993,33,1,1
1,2,2,11.7753,0.975,34,1,2
0,0,0,12.2061,0.5063,38,1,3
0,0,0,11.8494,0.4598,37,1,2
0,0,0,9.2103,0.627,41,1,3
1,1,2,11.8494,0.925,38,1,2
1,0,0,9.9035,0.2625,45,1,3
0,-2,-2,12.2061,0.0176,38,1,1
1,0,0,11.7753,1.0761,44,1,2
0,0,0,12.7939,0.029,35,1,1
1,2,0,12.2549,0.9354,38,1,2
0,-2,-2,12.3458,0.0,38,1,1
1,1,2,12.2549,0.4265,44,1,2
0,-1,-1,12.2061,0.0401,35,1,2
1,0,0,9.9035,0.5924,27,1,3
0,0,0,12.9239,0.2018,28,1,1
0,0,0,12.5425,0.8129,39,1,5
0,0,0,12.7939,0.0828,39,1,2
1,1,2,9.2103,0.3717,28,1,2
1,1,2,9.9035,0.722,37,1,2
0,0,0,12.8213,0.9025,30,1,1
0,0,0,12.1007,0.9081,48,1,1
0,1,-2,11.0021,0.0,38,1,1
1,2,2,11.2898,0.7185,46,1,1
0,0,0,11.1563,0.7606,47,1,2
0,-1,-1,12.8992,0.0098,32,1,1
0,-2,-2,11.9184,0.0925,31,1,1
0,1,2,10.8198,1.0036,42,1,2
0,0,0,12.6443,1.0472,41,1,2
0,0,0,12.2061,0.3583,44,1,2
0,-1,-1,12.9715,0.0276,34,1,1
0,0,0,12.3884,0.0486,40,1,2
0,0,0,12.7939,0.525,44,1,2
0,0,0,12.8479,0.0718,35,1,2
0,0,0,12.1548,0.1601,41,1,3
0,0,0,12.7657,0.3434,34,1,1
0,0,0,11.6082,0.9799,37,1,3
0,-2,-2,12.1007,0.0122,32,1,2
0,-2,-2,12.8992,0.0056,35,1,1
0,-1,-1,13.1224,0.0079,35,1,1
0,-1,-1,12.0436,0.0023,48,1,2
1,-2,-2,12.7939,0.0,41,1,3
0,0,0,11.0021,0.9703,44,1,2
0,0,0,12.7657,0.1239,32,1,1
0,0,0,13.1224,0.026,31,1,2
0,0,0,12.3458,0.2105,32,1,1
1,0,0,9.9035,0.5522,35,1,2
0,0,0,12.3884,0.047,37,1,2
0,0,0,12.9945,0.1472,42,1,2
0,0,0,12.4292,0.2929,31,1,3
1,-1,-1,12.6115,0.0024,38,1,1
0,1,1,12.1007,0.1313,28,1,2
0,0,-1,12.7939,0.4658,39,1,1
0,0,0,12.4684,0.6262,38,1,1
0,5,4,11.2898,0.931,42,1,1
0,-1,-1,12.8739,0.0148,47,1,1
0,0,0,12.4292,0.1652,42,1,3
0,0,0,11.5129,1.0403,43,1,2
0,0,0,12.0436,0.9358,44,1,3
0,-1,-1,13.1224,0.0027,45,1,1
0,0,0,12.9239,1.0274,36,1,2
0,-1,-1,12.7939,0.0069,32,1,1
0,-2,-2,12.5776,0.0852,38,1,2
0,0,-1,11.2898,0.0156,44,1,2
0,-2,-2,12.5425,0.0299,31,1,1
0,0,0,12.7939,0.193,40,1,2
0,-1,-1,11.5129,0.0039,44,1,2
0,0,0,11.2898,0.5274,31,1,2
0,0,0,11.2898,0.6584,46,1,1
0,1,-2,12.1007,0.0,45,1,1
0,-1,-1,12.8992,0.1093,34,1,1
0,-2,-2,13.017,0.0415,48,1,2
1,2,2,11.2898,0.7654,34,1,1
0,0,0,12.2549,0.1954,37,1,2
0,-1,-1,12.6115,0.0012,45,1,2
0,-2,-2,12.7367,0.0005,41,1,2
0,0,0,11.6082,0.5481,30,1,1
0,0,0,10.8198,0.1798,41,1,2
0,0,0,9.9035,0.5144,40,1,2
0,0,0,9.6803,1.3786,46,1,5
0,0,0,11.0021,0.9656,31,1,1
1,1,2,11.1563,0.3376,31,1,1
0,0,0,11.1563,0.3886,34,1,2
0,-1,-1,12.9715,0.0127,35,1,1
0,0,0,11.0021,0.9756,39,1,2
0,-1,-1,12.2061,0.1446,46,1,1
0,1,3,11.9829,0.298,39,1,2
0,0,0,12.2061,1.0264,40,1,3
0,0,0,13.1224,0.2487,43,1,1
1,-1,2,10.8198,0.0156,43,1,2
0,0,0,12.3014,0.9502,38,1,1
0,0,0,12.1007,0.9913,48,1,2
0,0,0,12.6443,0.402,35,1,2
0,0,0,11.2898,0.4456,41,1,3
0,0,0,10.8198,0.8951,37,1,2
0,-2,-2,12.8992,-0.0,43,1,1
1,1,-2,12.5425,0.0,32,1,1
0,0,0,11.5129,0.9957,32,1,1
0,0,0,12.7657,0.559,42,1,2
0,0,0,9.2103,0.452,41,1,3
0,2,0,11.5129,0.9259,35,1,2
0,-1,-1,12.3884,0.016,38,1,1
0,-2,-2,13.1224,0.0,46,1,1
1,3,2,10.8198,0.003,36,1,3
1,0,0,10.309,1.9956,33,1,2
0,-2,-2,12.7939,0.0083,41,1,1
0,0,0,12.4292,0.9457,49,1,1
0,0,0,12.4684,0.7311,29,1,2
0,0,0,10.8198,0.937,40,1,3
0,-2,-2,13.2177,-0.0009,33,1,2
1,2,2,12.948,1.0153,46,1,1
0,0,0,11.7753,0.9992,35,1,2
0,0,0,12.6761,1.0794,46,1,2
0,0,0,10.8198,0.3004,47,1,3
0,-2,-2,12.6443,0.0288,45,1,1
1,-2,-2,12.7367,0.005,49,1,1
0,-1,-1,12.5425,0.08,37,1,1
0,-1,-1,12.4292,0.0008,32,1,1
0,0,0,11.2898,0.9023,40,1,2
1,1,-1,12.3458,-0.0,29,1,3
0,0,-1,12.7068,0.0493,37,1,2
0,-2,-2,12.7657,-0.0009,41,1,3
0,1,-1,12.5425,0.0,35,1,1
1,2,0,11.8494,0.5385,36,1,1
0,2,2,11.7753,0.4273,43,1,3
1,0,0,12.2061,0.9374,35,1,2
0,-1,-1,12.5425,0.0061,37,1,1
0,-1,0,9.9035,0.8421,36,1,3
0,0,0,10.8198,0.2595,47,1,3
1,2,2,10.309,0.7676,28,1,3
0,0,0,11.0021,0.9584,32,1,5
0,0,0,10.8198,0.9568,32,1,2
0,1,2,9.9035,0.9725,46,1,3
1,0,0,11.5129,0.4672,38,1,1
0,0,0,11.5129,0.1914,34,1,2
1,-1,-1,12.2549,0.0029,39,1,2
0,0,0,9.9035,1.32,45,1,3
0,1,-1,11.7753,0.0,33,1,2
0,0,0,12.5776,1.0113,41,1,3
0,-1,-1,10.5966,0.2642,45,1,1
0,0,0,9.2103,1.0146,33,1,2
0,-1,-1,12.7939,0.0279,39,1,2
1,1,-2,12.2549,0.0,44,1,3
0,-1,-1,12.3458,0.0011,39,1,1
1,2,0,11.0021,0.1584,35,1,2
0,0,0,11.9184,1.0024,35,1,1
0,0,0,12.3458,0.1128,44,1,1
1,3,2,11.6082,0.0041,35,1,1
0,-2,-2,11.9184,0.0105,39,1,3
0,-1,-1,12.7657,0.0514,38,1,1
1,0,0,11.5129,0.9013,44,1,3
0,0,0,12.2061,0.3267,30,1,2
0,-2,-2,12.2061,0.0027,34,1,2
0,2,0,9.2103,0.9242,35,1,2
0,0,0,12.2061,0.2314,30,1,1
0,0,0,12.3884,0.8106,34,1,2
0,-2,-2,12.5776,0.008,38,1,1
0,0,0,11.2898,0.9177,31,1,2
1,2,2,11.2898,0.6399,39,1,2
0,0,0,12.6761,0.1461,29,1,1
1,1,2,11.8494,0.6399,39,1,3
0,-1,2,11.0021,0.0363,32,1,2
0,0,0,11.9184,0.6133,34,1,5
0,-1,2,9.9035,0.039,39,1,3
1,0,0,10.8198,0.064,44,1,2
0,0,0,11.9184,0.4444,35,1,2
0,0,0,9.9035,0.821,36,1,2
1,2,0,11.2898,0.9643,46,1,3
0,-1,-1,10.8198,0.0126,36,1,2
0,0,0,12.1548,0.9956,48,1,1
0,0,0,12.1548,0.8996,35,1,3
0,-1,-1,11.8494,0.3164,30,1,2
0,0,0,11.9829,0.4929,33,1,2
0,-2,-2,13.2708,0.0159,35,1,1
0,1,-2,13.1224,0.0,43,1,1
0,0,0,11.7753,0.47,38,1,2
0,-1,-1,12.6115,0.0018,44,1,3
1,1,-1,12.6115,0.3811,45,1,2
0,-1,-1,11.6952,0.0103,34,1,2
0,-2,-2,12.3014,0.0132,30,1,1
0,-1,-1,9.2103,0.039,44,1,2
1,0,0,11.0021,0.4887,47,1,2
0,-1,-1,11.9184,0.0096,32,1,3
0,0,0,11.7753,0.9569,41,1,2
0,0,0,12.2549,0.1333,49,1,3
0,0,0,11.1563,0.298,36,1,2
1,0,0,11.7753,0.1999,37,1,2
1,1,2,11.1563,0.1614,46,1,3
1,0,0,12.4684,0.5209,48,1,6
0,0,0,11.0021,0.8484,29,1,2
0,0,0,11.6082,0.0863,33,1,1
0,1,-1,12.3458,0.0,33,1,2
0,1,-2,11.5129,0.0,33,1,3
0,0,0,12.7939,0.6305,42,1,3
0,-1,-1,11.6952,0.0261,43,1,1
1,0,0,12.3458,0.0415,41,1,3
0,0,0,11.9184,0.127,31,1,2
1,1,2,13.017,0.3405,31,1,1
1,2,2,11.9184,0.3834,31,1,1
0,0,0,12.0436,0.4136,41,1,1
0,0,0,12.5062,0.0137,40,1,1
0,-2,-2,13.1224,0.0,38,1,1
0,-1,-1,12.6115,0.0042,35,1,1
0,-1,-1,11.9184,0.1252,35,1,1
0,0,0,12.7939,0.9727,34,1,1
1,0,0,11.6082,0.6388,42,1,2
0,0,0,12.7939,0.1306,38,1,1
1,-2,-2,12.3014,0.0,37,1,1
0,0,0,12.3458,0.4006,45,1,1
0,-1,-1,13.1224,0.0033,47,1,3
0,0,0,12.2549,0.2311,43,1,2
0,-1,-1,13.1224,0.0369,47,1,2
1,3,2,10.309,0.6644,33,1,3
0,0,0,13.1022,0.1149,45,1,3
0,0,0,12.3884,0.9865,48,1,2
1,2,2,12.2061,0.3208,46,1,1
0,0,0,13.1022,0.9296,42,1,2
0,0,0,12.3884,0.8562,47,1,2
0,-1,-1,11.9829,0.0307,29,1,1
0,-1,-1,11.0021,0.0154,30,1,2
0,0,0,11.9829,0.9515,40,1,5
1,0,0,12.8992,0.2375,42,1,3
0,0,0,12.6761,0.794,33,1,2
0,-1,-1,12.7367,0.0266,38,1,1
0,0,0,12.3884,0.564,45,1,3
1,2,2,11.5129,0.3322,30,1,1
0,0,0,10.8198,0.2635,46,1,1
0,1,-2,12.2061,-0.0005,36,1,1
0,0,0,12.5425,0.1366,44,1,3
0,-2,-2,12.7939,0.001,37,1,2
1,2,2,9.9035,0.715,43,1,2
0,-1,-1,11.9829,0.0024,47,1,0
1,7,6,10.309,1.1222,29,1,2
1,2,2,11.4076,0.1279,29,1,1
1,0,0,9.9035,0.636,43,1,2
1,0,0,11.5129,0.3771,30,1,3
1,3,2,9.9035,0.015,40,1,3
0,0,0,12.6115,0.1329,40,1,3
0,0,0,11.1563,0.9708,31,1,2
0,4,3,9.2103,0.6744,42,1,1
0,0,0,10.8198,0.1443,42,1,2
0,1,2,12.5425,0.8503,40,1,2
0,1,2,9.2103,0.7816,44,1,3
1,0,0,9.2103,0.8275,29,1,2
0,0,0,9.9035,0.6918,29,1,1
0,0,0,12.2061,0.3509,30,1,1
0,0,0,11.8494,0.5046,34,1,2
0,0,0,11.5129,0.8384,32,1,1
0,-1,-1,12.0436,0.0139,33,1,1
0,-1,-1,11.9829,0.002,33,1,3
0,0,0,12.1548,0.0201,38,1,2
0,0,0,12.1007,0.7472,36,1,2
0,1,-2,13.1224,-0.0001,36,1,1
0,-2,-2,12.7367,0.0203,42,1,1
1,2,2,11.6952,0.5138,42,1,3
0,0,0,12.1007,0.1185,38,1,1
0,-2,-2,12.2061,0.0139,48,1,3
0,0,0,12.3458,0.1083,45,1,1
0,0,0,11.6952,0.3781,27,1,1
0,0,0,11.9184,0.4642,46,1,1
1,1,2,11.2898,0.0469,27,1,2
0,0,0,11.4076,0.5475,27,1,2
0,-1,-1,12.2061,0.0292,28,1,1
0,0,0,12.3884,0.0931,28,1,3
0,0,0,11.6952,1.0078,28,1,1
1,1,-1,11.6952,0.0,29,1,2
0,2,0,12.3458,1.3341,29,1,1
0,-1,-1,12.3458,0.0021,34,1,1
1,3,2,12.4292,0.01,32,1,1
1,0,0,12.7068,0.0496,32,1,1
0,0,0,13.0605,0.3763,32,1,2
1,2,2,12.6443,0.0081,33,1,1
1,-1,0,9.9035,0.0761,48,1,3
0,-1,-1,11.9184,0.0409,45,1,3
1,1,-1,10.309,0.0,35,1,2
0,-1,-1,12.7068,0.0021,37,1,1
0,-1,-1,12.1007,0.0087,42,1,1
0,-2,-2,12.7939,0.0036,38,1,2
0,0,0,11.9184,0.8139,43,1,2
0,1,-2,12.5425,-0.0007,42,1,3
0,0,-1,11.7753,0.3984,39,1,3
0,0,0,12.3884,0.5211,47,1,2
0,0,0,11.4076,0.0335,41,1,2
0,0,0,12.1548,0.35,41,1,2
0,0,0,9.9035,0.9898,41,1,1
1,0,0,10.8198,0.8502,40,1,2
0,-1,-1,11.9829,0.0069,27,1,1
1,2,2,11.0021,0.5275,31,1,3
0,0,0,11.9184,0.3795,27,1,1
1,2,0,11.5129,0.3469,27,1,1
0,2,2,11.0021,0.3366,35,1,2
0,-1,-1,12.3014,0.0401,37,1,1
1,2,2,11.7753,0.5288,49,1,1
1,1,2,9.2103,0.809,42,1,3
0,0,0,12.2061,0.0325,31,1,3
0,0,0,11.9184,0.9922,42,1,3
0,0,0,11.5129,0.2665,32,1,1
1,2,2,12.6115,0.9506,36,1,2
1,1,-1,11.9829,0.0,30,1,1
0,0,0,13.1224,0.0601,31,1,1
1,0,0,11.2898,0.9058,34,1,3
0,0,0,11.4076,0.8567,31,1,2
0,-2,-2,12.6761,0.0059,33,1,1
0,-1,-1,12.8739,0.0376,35,1,1
1,1,4,10.309,0.4852,40,1,2
0,1,-2,12.0436,-0.0,34,1,2
1,2,2,12.2061,0.4454,36,1,1
0,-1,-1,12.8479,0.0465,48,1,5
0,-1,-1,12.4684,0.0052,43,1,1
0,-1,-1,12.7939,0.0207,32,1,1
0,-1,-1,12.3884,0.0084,35,1,1
0,1,2,11.5129,0.205,31,1,1
1,0,0,11.4076,0.9787,39,1,2
0,-1,-1,12.5776,0.2504,38,1,2
0,0,0,11.2898,0.14,42,1,3
0,-1,-1,12.3884,0.0613,39,1,1
0,0,0,10.309,0.5987,29,1,1
0,2,0,10.309,0.9831,42,1,2
1,0,0,10.8198,0.3769,33,1,2
1,-1,-1,12.1007,0.0065,37,1,3
0,0,0,12.6443,0.0368,32,1,2
0,0,0,11.2898,0.6516,35,1,1
0,1,2,10.8198,0.9912,42,1,2
0,0,0,12.8739,0.1416,35,1,3
0,0,0,12.9945,0.2737,39,1,1
0,1,-1,10.8198,0.0,30,1,2
0,0,0,12.2549,0.7367,33,1,1
0,0,0,12.3458,0.5962,34,1,3
0,0,0,10.8198,0.5536,43,1,2
1,-1,-1,11.5129,0.0039,48,1,3
0,2,2,11.2898,0.5064,46,1,1
0,0,0,12.4292,0.9993,28,1,3
0,-2,-2,11.9184,0.0026,45,1,3
0,0,0,11.8494,0.9854,42,1,3
0,0,0,13.1806,0.6413,35,1,1
1,2,2,9.9035,0.8428,30,1,1
0,0,0,11.7753,0.5465,29,1,1
0,1,4,9.9035,0.7763,34,1,3
1,3,2,10.8198,0.6752,38,1,2
1,2,2,13.0605,1.1062,37,1,3
0,0,0,12.6443,1.1916,41,1,2
0,-2,-2,12.1007,0.0,49,1,2
0,-2,-2,12.6443,0.0289,45,1,1
1,2,2,11.9829,0.0884,42,1,1
0,0,0,13.1224,0.2532,32,1,2
0,0,0,12.8479,0.7603,37,1,2
0,-2,-2,12.4292,0.0914,35,1,0
0,-1,-1,13.1224,0.0444,39,1,1
0,-1,-1,12.2549,0.0506,33,1,1
1,-2,-2,12.4292,0.0,46,1,1
0,0,0,11.0021,0.9852,28,1,1
0,-1,-1,12.2061,0.0237,44,1,2
1,2,2,12.2061,0.2221,30,1,1
0,1,2,9.9035,0.9165,44,1,2
1,-2,-2,12.7939,0.0009,41,1,1
0,0,0,11.5129,0.913,39,1,2
0,0,0,12.1007,0.5719,37,1,2
0,1,-2,12.8479,0.0,46,1,1
0,0,0,10.8198,0.9894,28,1,3
0,0,0,12.2061,0.7082,32,1,1
1,-1,-1,12.2061,0.0029,41,1,1
0,0,0,12.5425,0.7778,32,1,1
0,1,-2,12.2061,0.0,34,1,1
0,0,0,11.9184,1.3458,30,1,1
1,0,0,12.7939,0.9986,31,1,2
0,-2,-2,12.3458,0.0017,35,1,1
0,0,0,12.3884,0.0766,35,1,2
0,-1,-1,12.948,0.0098,40,1,1
0,-2,-2,13.017,0.037,37,1,1
0,0,0,9.2103,0.882,34,1,3
0,0,0,11.5129,0.3722,30,1,2
1,1,-2,12.1007,0.0,45,1,1
0,0,0,9.2103,0.9545,43,1,3
1,0,0,9.9035,0.796,43,1,3
1,0,0,10.8198,0.3014,32,1,1
0,-1,-1,12.4292,0.223,32,1,1
0,0,0,11.9184,0.7907,48,1,2
0,0,0,10.309,0.9998,30,1,2
0,0,0,13.1224,0.8016,31,1,1
0,0,0,11.6952,0.5389,31,1,1
0,-2,-2,12.2061,0.0766,31,1,1
0,0,0,12.7367,0.3218,44,1,3
0,0,-1,9.9035,0.9848,44,1,2
0,0,0,9.9035,0.5776,37,1,2
0,1,2,9.9035,0.8124,33,1,3
0,0,0,12.3014,0.0663,34,1,1
0,0,0,9.9035,0.14,34,1,2
0,-1,3,12.5425,0.0023,30,1,2
0,-1,-1,12.8992,0.097,49,1,1
0,0,0,12.6443,1.0105,45,1,1
1,0,0,10.309,0.9701,37,1,1
0,0,0,11.2898,0.9146,38,1,2
0,0,0,9.2103,0.8958,44,1,5
0,0,0,11.1563,0.9705,47,1,3
0,-2,-2,12.8739,0.0,37,1,1
0,0,0,12.7367,0.7386,43,1,3
1,1,2,12.1007,0.6386,41,1,1
1,0,0,11.5129,0.305,31,1,1
0,-2,-2,12.7939,0.0024,37,1,2
0,0,0,10.8198,0.9982,44,1,3
0,0,0,12.7939,0.1673,33,1,2
0,0,0,10.8198,0.5368,39,1,2
0,0,0,11.9184,0.8638,35,1,2
0,0,0,9.9035,0.9566,30,1,3
1,0,0,11.9184,1.0158,44,1,1
0,0,0,10.8198,0.9044,42,1,3
0,-1,-1,13.1224,0.002,40,1,2
0,-2,-2,12.5425,0.0054,39,1,2
0,0,0,12.5062,0.5841,49,1,2
0,0,0,11.6082,0.4828,42,1,2
0,0,0,12.5425,0.4886,31,1,2
0,-1,-1,12.2061,0.0105,33,1,2
1,2,2,10.309,0.8604,37,1,2
0,0,0,11.7753,0.9594,44,1,3
0,-1,-1,12.9945,0.0068,33,1,1
0,1,2,12.0436,0.4586,37,1,2
0,0,0,10.8198,1.0124,38,1,1
0,-1,-1,11.6952,0.268,40,1,3
0,0,0,13.1224,0.1003,37,1,1
0,-1,-1,11.6952,0.1305,31,1,1
0,0,0,12.1007,0.3624,33,1,2
1,-2,-2,12.7657,0.0068,33,1,1
0,0,0,9.9035,0.3767,30,1,2
1,0,0,11.9829,0.0916,39,1,2
0,-2,-2,12.5776,-0.0001,37,1,1
0,-1,-1,12.1007,0.0179,30,1,2
1,-1,-1,12.2061,0.0056,32,1,1
0,-1,-1,12.2549,0.0069,39,1,2
0,1,-1,11.1563,0.0,30,1,2
1,2,2,12.5425,0.5846,38,1,2
1,1,-2,11.6952,-0.0008,31,1,3
0,-1,-1,12.4684,0.0233,45,1,1
0,0,0,12.7367,1.0068,31,1,1
0,0,0,12.4684,0.2156,29,1,1
0,0,0,11.8494,0.2432,29,1,1
0,1,-1,11.8494,0.852,36,1,2
0,1,2,12.2061,0.9274,38,1,2
1,0,0,10.8198,0.5862,43,1,2
0,0,0,11.7753,0.1686,27,1,2
0,0,0,11.7753,0.5513,27,1,1
0,0,0,10.8198,0.5308,28,1,2
0,0,0,9.9035,0.9897,28,1,3
0,0,0,12.8739,0.0484,28,1,1
0,2,2,10.8198,0.9154,28,1,2
0,1,2,10.309,0.806,29,1,2
0,-2,-1,12.3884,0.0634,33,1,2
0,-1,-1,12.1007,0.0355,31,1,1
0,-2,-2,12.948,0.0184,31,1,1
1,2,0,11.6952,0.4338,33,1,1
0,-1,-1,13.017,0.0282,34,1,1
1,0,0,9.9035,0.9784,34,1,1
1,-2,-2,12.7939,-0.0,35,1,2
0,0,0,12.7657,0.0806,40,1,2
0,0,0,12.1007,0.9559,44,1,3
0,0,0,12.9239,0.9583,41,1,2
0,0,0,10.8198,0.8983,36,1,3
0,0,0,12.9715,0.0825,36,1,3
0,-1,-1,12.2061,0.0367,48,1,3
0,0,0,12.1007,0.2898,35,1,1
0,0,0,12.2061,0.1484,35,1,1
1,2,2,11.9829,0.9708,35,1,2
0,0,0,11.5129,0.727,47,1,2
1,2,0,11.8494,0.6026,44,1,2
0,-1,-1,11.6952,0.0331,43,1,2
0,1,-1,12.7939,-0.0,37,1,1
1,0,0,11.6952,0.9622,41,1,1
0,-1,-1,12.6443,0.1513,37,1,1
0,-2,-2,12.1007,0.0822,44,1,1
0,0,0,11.9829,0.7312,46,1,2
1,2,0,10.8198,1.5852,48,1,2
0,0,0,12.6115,0.085,40,1,2
0,0,0,13.1224,0.1146,43,1,3
0,1,-1,12.3458,-0.0019,39,1,2
0,-1,-1,12.6115,0.0028,45,1,3
0,-2,-2,12.1007,0.0,41,1,2
0,-1,-1,12.5425,0.0043,45,1,2
0,-1,0,9.9035,0.1948,47,1,3
0,-1,-1,12.7939,0.0145,37,1,1
0,0,0,9.9035,0.985,37,1,2
0,0,0,12.4292,0.2831,35,1,1
0,0,0,11.6952,0.9857,45,1,1
0,2,2,11.5129,0.402,44,1,5
0,0,0,10.8198,0.235,47,1,3
0,-1,-1,13.0605,0.0186,31,1,3
0,-1,-1,11.2898,0.1286,45,1,2
0,0,0,11.6082,0.2848,29,1,2
0,0,0,12.5425,0.9343,30,1,2
0,-2,-2,12.2061,0.0175,37,1,1
0,-1,0,12.0436,0.2046,45,1,3
0,1,-1,11.0021,-0.0264,41,1,2
0,0,0,12.1007,1.0259,36,1,2
1,-2,-2,12.6115,0.0,43,1,2
1,0,0,11.9184,0.9488,40,1,2
0,-2,-2,12.2549,0.1354,39,1,1
0,-1,0,10.8198,0.405,37,1,3
1,-1,-1,10.8198,0.0078,45,1,1
0,-2,-2,12.6115,0.0,35,1,2
0,0,0,11.2898,0.9841,43,1,2
0,0,-1,12.0436,1.0118,31,1,2
0,0,0,10.8198,0.399,44,1,3
1,0,0,11.8494,0.9949,40,1,2
1,0,0,12.7657,0.0931,36,1,2
0,-1,-1,9.9035,0.0418,45,1,2
1,2,2,12.0436,0.0123,32,1,1
1,0,0,9.9035,0.8806,40,1,3
0,0,0,12.3884,0.0996,44,1,2
1,0,0,10.8198,0.637,40,1,2
1,0,0,12.3458,1.3089,41,1,2
0,1,2,11.5129,0.0352,35,1,1
0,-1,-1,12.6115,0.0101,45,1,1
1,0,0,11.4076,0.9678,42,1,2
0,0,0,12.2549,1.0416,32,1,1
0,0,0,10.8198,0.202,44,1,2
0,0,0,12.8992,0.2828,46,1,2
0,-2,-2,12.6115,0.0665,37,1,1
0,2,2,11.9184,0.8408,32,1,1
1,2,0,13.1224,1.0207,35,1,1
1,1,-1,12.6115,0.0,38,1,2
0,1,-2,12.6115,0.0,45,1,1
0,-1,2,11.9184,0.041,33,1,1
0,0,0,12.9239,0.4853,32,1,1
0,0,0,11.2898,0.9656,33,1,1
0,0,0,10.8198,0.179,33,1,3
0,-2,-2,11.8494,0.0036,33,1,3
1,2,-1,11.9184,0.0069,33,1,2
0,0,0,9.9035,1.0138,33,1,1
0,-1,-1,12.2061,0.061,33,1,1
0,0,0,11.6082,0.7303,42,1,2
1,2,0,12.3458,0.9784,41,1,2
1,1,2,10.8198,0.3474,49,1,2
0,1,2,10.8198,0.9472,49,1,2
0,-1,-1,10.8198,0.516,49,1,1
0,-1,-1,12.6443,0.0013,50,1,1
1,1,-1,9.2103,-0.002,49,1,2
0,2,3,11.5129,0.662,50,1,3
0,-2,-2,13.4588,0.005,50,1,2
0,-2,-2,12.7068,-0.0001,50,1,1
0,-1,-1,12.6115,0.0047,46,1,2
0,0,0,13.1224,0.522,49,1,3
0,1,-1,9.2103,0.0,51,1,3
0,0,0,11.1563,0.9818,50,1,3
0,1,-1,11.6082,-0.0971,50,1,2
0,0,0,12.4292,0.9529,50,1,2
1,2,2,13.2177,0.8942,50,1,3
0,-1,-1,12.8739,0.0023,47,1,1
0,2,2,11.5129,1.0426,51,1,6
1,2,0,9.9035,0.8652,47,1,2
0,0,0,12.7939,0.6163,50,1,2
0,-1,-1,11.0021,0.1315,50,1,2
1,2,2,11.9184,0.1154,51,1,2
0,0,0,12.7939,0.4744,49,1,3
0,0,0,10.8198,0.9792,49,1,1
0,1,2,12.0436,0.897,50,1,1
0,1,2,12.6115,0.6608,51,1,2
0,-1,-1,11.9184,0.0264,51,1,3
0,-2,-2,12.6115,0.0041,51,1,3
0,-2,-2,13.1224,0.0375,57,1,1
1,-2,-2,11.9829,-0.0,57,1,2
0,2,0,10.8198,0.1832,54,1,1
0,2,2,9.2103,1.0156,56,1,3
1,2,2,11.5129,0.8151,54,1,3
1,2,2,12.6115,0.4942,58,1,1
1,0,0,10.309,0.8304,57,1,2
0,0,0,11.4076,1.0186,52,1,1
0,0,0,10.309,0.9894,53,1,3
0,0,0,11.8494,0.9512,53,1,3
0,0,0,10.8198,0.9902,53,1,1
0,0,0,11.5129,1.8444,53,1,5
0,0,0,10.309,0.9902,49,1,2
1,0,0,11.9829,0.0253,51,1,3
0,0,0,9.2103,0.7525,57,1,3
1,-1,-1,12.0436,0.0047,57,1,2
0,0,0,10.8198,0.9619,48,1,1
0,-1,2,13.1224,0.01,53,1,3
1,2,0,13.1224,1.2277,55,1,3
1,3,2,9.9035,0.3008,59,1,2
0,0,0,9.9035,0.8181,52,1,2
1,0,0,11.2898,0.7682,54,1,6
0,1,2,13.1224,0.13,58,1,1
0,0,0,9.9035,0.8152,62,1,3
0,0,0,12.1548,0.5529,56,1,2
0,0,0,11.9829,0.5391,59,1,2
1,0,0,12.0436,1.1874,51,1,1
1,0,0,11.2898,1.0056,54,1,2
0,0,0,12.1007,1.0129,57,1,2
1,2,2,10.8198,1.0253,51,1,3
0,6,5,11.1563,1.6029,62,1,2
1,0,0,9.9035,0.515,55,1,2
0,-1,-1,12.7068,0.0028,48,1,2
0,-2,-2,12.7068,0.0107,57,1,3
0,-2,-2,12.6761,0.0057,51,1,1
0,-1,-1,11.8494,0.0204,59,1,3
0,0,0,9.9035,0.7896,55,1,2
0,-1,-1,11.1563,0.0102,53,1,3
0,0,0,12.3884,2.2618,67,1,2
0,0,0,13.039,0.3859,52,1,2
1,0,0,11.2898,1.1136,56,1,1
0,0,0,9.9035,0.7698,56,1,2
1,0,0,12.2061,0.0087,54,1,3
1,2,-1,12.2061,0.001,51,1,2
0,-1,-1,12.948,0.0088,53,1,3
0,0,0,11.7753,0.2322,54,1,2
1,1,-2,10.309,0.0,53,1,2
1,0,0,11.6082,0.4914,51,1,2
0,-1,-1,12.7939,0.0391,51,1,2
0,1,2,10.8198,0.9628,56,1,2
0,0,0,11.1563,0.9218,54,1,3
0,0,0,12.948,0.0581,59,1,3
0,0,0,10.8198,0.9909,57,1,3
1,2,2,13.017,0.0056,55,1,2
0,0,0,10.8198,0.7622,56,1,2
1,3,4,9.9035,0.7754,53,1,3
1,3,2,12.4292,0.0099,51,1,1
0,0,0,9.9035,0.9428,53,1,2
0,0,0,12.3884,0.9364,57,1,3
1,0,0,10.8198,0.9519,52,1,3
1,0,-1,12.1007,1.0628,65,1,3
0,0,0,12.4292,0.6956,71,1,1
0,0,0,10.309,0.8562,52,1,3
1,0,0,10.8198,0.8049,55,1,3
0,1,2,9.9035,0.877,62,1,2
1,0,0,12.4684,0.7215,52,1,3
0,-1,-1,11.7753,0.0015,54,1,3
1,1,-2,13.1022,-0.0,51,1,2
1,2,2,11.9184,0.9527,52,1,3
1,1,2,10.309,0.612,53,1,3
1,1,-2,10.8198,0.0,54,1,2
0,0,0,12.7068,0.4275,53,1,3
0,0,0,12.7068,0.5182,52,1,2
1,2,0,11.8494,0.6462,56,1,3
1,1,-2,10.5966,-0.0038,55,1,2
0,-2,-2,12.7939,0.0011,54,1,3
1,2,2,11.2898,0.3094,59,1,2
0,0,0,13.5008,1.023,56,1,3
0,0,0,12.1007,0.8774,63,1,1
0,0,0,12.1548,0.3456,64,1,3
0,-1,-1,10.8198,0.0078,57,1,3
0,0,0,12.3458,0.1667,56,1,1
0,0,0,9.9035,0.9542,53,1,3
0,0,0,11.7753,0.932,56,1,2
1,-2,-2,10.309,0.0593,53,1,6
0,1,-2,12.7939,0.0,57,1,1
0,1,2,11.5129,0.1542,52,1,2
0,0,0,12.1007,1.0728,55,1,3
0,1,-1,12.2549,-0.0009,53,1,2
1,0,0,12.7367,1.0077,53,1,2
0,0,0,9.9035,1.0596,52,1,1
0,-2,-2,9.9035,0.0495,52,1,2
0,0,0,13.1224,0.9865,54,1,1
0,-2,-2,12.7939,0.0023,53,1,1
0,0,0,10.8198,0.9544,54,1,3
0,-2,-2,13.1806,-0.0001,54,1,2
0,-1,-1,12.4684,0.0074,59,1,1
1,1,2,10.5966,0.897,50,1,3
0,0,0,10.309,0.7858,60,1,2
1,1,4,12.3884,0.4136,55,1,1
1,2,2,12.6761,0.6267,55,1,1
0,3,2,11.1563,0.1273,61,1,3
0,-1,2,12.2061,0.0094,58,1,2
0,-1,-1,12.7939,0.0077,51,1,1
1,0,0,11.6082,0.2337,51,1,2
1,1,2,11.2898,0.9648,52,1,3
0,1,-2,12.2061,-0.0038,52,1,1
1,-1,-1,11.5129,0.0039,56,1,3
0,-1,-1,11.9829,0.0049,53,1,3
1,1,-2,11.8494,0.0,55,1,1
0,0,0,12.6115,0.2333,55,1,2
0,1,2,10.8198,0.9701,59,1,3
1,0,0,10.8198,0.9979,29,2,2
0,0,0,10.8198,1.0147,29,2,1
0,0,0,10.8198,0.2268,34,2,2
1,0,0,10.8198,1.028,38,2,2
0,-1,-1,12.2549,0.0133,29,2,1
0,0,0,11.9184,0.1616,26,2,1
0,-2,-2,12.1548,0.0,29,2,2
1,2,0,11.2898,0.4637,26,2,1
0,0,0,11.5129,0.0486,28,2,1
0,0,0,9.9035,0.9427,27,2,2
0,-2,-2,12.8992,0.0191,29,2,1
0,0,0,11.5129,0.507,28,2,2
0,0,0,10.309,1.0009,22,2,2
0,0,0,11.9184,0.5443,26,2,2
1,0,0,11.0021,1.0464,24,2,2
0,0,0,11.8494,0.667,26,2,3
0,0,0,11.2898,0.6711,25,2,1
0,0,0,12.2061,0.7695,26,2,2
0,-2,-2,12.9239,0.0126,28,2,1
0,0,0,10.8198,0.876,26,2,2
1,2,2,10.8198,0.6799,25,2,2
1,1,2,11.5129,0.0606,26,2,2
0,0,-1,12.1548,0.0828,24,2,2
1,2,2,11.6952,1.0054,27,2,2
0,0,0,9.9035,0.8458,22,2,1
0,1,2,10.309,0.5516,22,2,2
1,2,2,9.9035,0.819,22,2,3
1,0,0,9.9035,0.7624,22,2,2
0,0,0,11.2898,0.0218,22,2,2
0,-1,0,11.2898,0.9797,23,2,2
0,-1,-1,10.8198,0.0686,23,2,1
1,2,2,11.2898,1.0506,23,2,1
0,0,0,10.8198,0.9919,23,2,1
0,-1,-1,10.8198,0.0119,24,2,2
0,-1,-1,11.2898,0.0048,24,2,2
1,1,2,9.9035,0.9621,24,2,2
0,0,0,11.1563,0.1199,24,2,3
0,0,0,11.7753,0.0668,23,2,2
1,2,2,9.2103,0.6795,21,2,2
1,2,2,10.8198,1.0973,23,2,2
0,0,0,10.8198,0.1996,23,2,1
0,0,0,9.9035,0.7545,22,2,2
0,-1,-1,11.2898,0.0226,22,2,1
1,0,0,11.1563,0.9993,23,2,2
0,1,-2,9.2103,0.0,22,2,2
0,0,0,11.6952,0.3293,23,2,2
0,0,0,9.9035,0.7536,23,2,2
0,-1,0,10.8198,0.0173,23,2,2
0,0,0,9.9035,0.7136,24,2,1
0,0,0,10.5966,0.985,23,2,2
0,0,0,11.2898,0.9796,23,2,1
1,1,2,9.9035,0.2348,24,2,2
0,0,0,11.7753,0.5082,24,2,2
0,-1,-1,11.5129,0.5331,24,2,2
0,0,0,11.6952,0.7778,24,2,2
0,0,0,10.8198,0.9732,24,2,3
0,0,0,12.1548,0.9675,24,2,2
0,0,0,10.8198,0.4183,25,2,1
0,2,0,9.9035,0.719,54,2,3
0,1,-1,10.8198,-0.0139,23,2,1
0,0,0,10.8198,0.305,23,2,1
1,2,2,11.2898,0.6628,22,2,2
1,2,0,9.2103,0.772,22,2,3
0,0,0,10.8198,0.3659,22,2,2
1,0,0,10.8198,1.0127,22,2,2
0,2,0,10.8198,0.9888,23,2,2
0,1,-2,9.9035,0.0,22,2,2
1,2,2,11.0021,0.3224,27,2,1
0,-1,0,10.8198,0.182,23,2,2
1,0,0,10.8198,0.9512,23,2,2
0,-1,-1,9.9035,0.0195,21,2,2
1,0,0,9.9035,0.7209,23,2,2
1,2,2,11.2898,0.2856,23,2,3
1,0,-1,10.8198,0.218,24,2,3
0,0,0,11.6952,0.2291,24,2,2
0,0,0,10.8198,0.8644,24,2,1
1,1,2,11.6082,1.0502,24,2,1
0,1,2,10.309,0.8897,24,2,2
1,2,0,11.6082,0.0144,23,2,2
0,0,0,9.9035,0.7837,23,2,2
0,0,0,10.8198,0.9531,23,2,2
1,0,0,10.8198,0.9697,24,2,1
0,0,0,10.8198,0.8728,24,2,2
0,2,0,9.9035,1.0274,22,2,2
0,0,0,12.2061,0.9235,36,2,2
0,-1,0,10.309,0.0664,24,2,1
0,0,0,11.7753,0.843,23,2,3
0,0,-1,9.9035,0.213,24,2,2
0,-1,0,9.9035,0.9682,23,2,1
0,0,0,11.0021,0.9901,23,2,2
0,0,0,10.309,0.922,24,2,1
1,2,0,10.309,0.9329,22,2,2
0,0,0,11.6952,0.4652,24,2,2
0,0,0,10.309,0.6789,24,2,2
0,0,0,10.309,0.8698,24,2,1
1,0,0,11.0021,0.3975,24,2,2
1,0,0,10.8198,0.9138,25,2,2
0,0,0,10.309,0.2978,25,2,2
0,-1,-1,12.5062,0.0185,25,2,1
0,0,0,12.7939,0.4456,25,2,1
0,0,0,13.017,0.0639,26,2,3
0,-1,2,10.8198,0.1808,25,2,1
0,0,0,10.8198,0.5446,25,2,3
0,0,0,11.6952,0.4842,25,2,1
1,1,2,10.5966,0.1976,26,2,1
0,0,0,11.8494,0.4482,24,2,2
0,-2,-2,12.2061,0.0,25,2,2
0,-1,-1,10.309,0.0138,25,2,2
0,0,0,10.309,0.5164,25,2,2
1,2,2,10.309,0.9778,25,2,1
0,0,0,10.309,0.851,25,2,2
1,2,2,11.6082,0.0248,25,2,1
0,1,2,10.8198,0.6677,24,2,1
0,0,0,11.7753,1.042,24,2,2
1,0,0,10.8198,0.9486,25,2,2
0,0,0,11.9184,0.5855,25,2,1
1,0,0,10.309,0.7007,25,2,2
0,0,0,10.8198,0.3033,23,2,2
0,0,0,9.9035,0.8524,23,2,2
0,0,0,12.3458,0.2823,24,2,2
0,-2,-2,12.5425,0.0035,25,2,1
0,0,0,10.8198,0.1164,24,2,2
0,0,0,11.7753,0.3456,23,2,2
0,1,-1,9.9035,0.0,25,2,1
0,0,0,11.2898,0.8686,26,2,3
0,0,0,11.5129,0.849,24,2,1
1,2,0,11.4076,0.9927,24,2,2
0,-1,-1,9.9035,0.022,24,2,1
1,2,-1,11.8494,0.011,24,2,2
1,-1,-1,11.9184,0.0019,24,2,1
0,2,0,11.8494,0.0056,24,2,1
0,2,0,10.8198,0.4699,24,2,2
0,1,-2,10.309,0.0,24,2,3
0,-2,-2,11.6082,0.0,22,2,2
0,-1,-1,11.2898,0.0041,23,2,1
1,0,0,10.309,0.7237,23,2,2
0,0,0,11.4076,0.3124,23,2,2
0,0,0,11.2898,0.598,25,2,2
1,3,2,10.309,0.3032,25,2,2
0,0,0,9.9035,0.9668,24,2,1
0,0,0,10.309,0.1247,24,2,2
0,1,2,11.2898,0.0282,24,2,1
0,0,0,11.4076,0.9779,23,2,2
0,0,0,10.8198,0.9379,25,2,2
1,2,0,9.9035,0.6859,22,2,1
0,0,0,9.2103,0.6488,22,2,2
0,0,0,11.2898,0.8364,23,2,3
1,0,0,11.0021,1.2655,25,2,2
0,0,0,10.8198,1.001,25,2,1
0,0,0,10.309,1.0045,22,2,3
0,2,2,10.309,1.1349,23,2,2
0,0,0,9.2103,0.6632,24,2,1
0,-1,-1,10.8198,0.101,26,2,1
0,0,0,12.5776,0.0385,24,2,1
0,0,0,11.5129,0.1038,24,2,1
1,2,2,10.5966,0.8453,26,2,3
1,2,0,11.7753,1.0041,26,2,2
0,0,0,11.5129,0.0196,26,2,2
0,-2,-2,12.7939,0.0,27,2,1
0,0,0,11.6082,0.7163,23,2,1
0,0,0,11.9184,0.3917,23,2,2
0,-1,-1,11.5129,0.048,23,2,1
1,1,2,10.8198,1.0128,23,2,1
0,0,0,10.8198,1.0036,22,2,2
0,0,0,10.8198,0.9544,22,2,2
1,0,0,11.0021,0.8069,23,2,2
0,0,0,10.5966,0.4663,23,2,2
1,2,2,10.8198,1.0249,25,2,3
0,0,0,11.2898,0.9998,25,2,3
0,0,0,10.8198,0.4035,24,2,2
0,-1,-1,9.2103,0.3646,22,2,2
0,0,0,10.8198,0.6069,24,2,2
0,0,0,12.1007,0.0348,24,2,2
0,-2,-2,11.2898,0.0,25,2,2
1,1,-2,10.8198,0.0,25,2,1
0,-1,-1,10.8198,0.1746,25,2,2
0,-2,-2,10.309,0.2689,22,2,1
0,0,0,10.8198,0.9695,23,2,5
0,0,0,11.2898,0.9735,24,2,2
0,0,0,11.9184,0.4611,26,2,2
1,-1,-1,11.6952,0.0246,24,2,1
1,2,2,11.2898,0.0397,24,2,2
0,0,0,12.3884,0.316,24,2,2
0,0,0,10.309,0.9155,24,2,2
0,0,0,11.9184,0.202,25,2,1
0,0,0,10.8198,0.8378,25,2,1
0,0,0,10.8198,0.5112,24,2,2
0,-1,0,12.3458,0.0256,24,2,1
0,0,0,11.4076,0.9349,24,2,2
0,-2,-2,12.3458,0.0011,25,2,1
0,0,0,11.4076,0.0677,25,2,1
0,0,0,12.3458,0.0399,25,2,2
0,0,0,12.3458,0.4154,25,2,2
0,0,-1,12.948,0.0421,25,2,2
0,0,0,10.8198,0.6117,25,2,1
0,0,0,11.1563,0.97,24,2,2
0,-2,-2,12.2061,0.0165,25,2,4
0,0,0,10.309,0.9132,25,2,1
1,2,2,11.0021,0.7868,24,2,2
0,-2,-2,12.3458,0.0011,25,2,1
0,0,0,11.5129,1.0078,25,2,2
0,2,2,12.948,0.1628,25,2,3
0,-2,-2,11.5129,0.0088,25,2,2
0,0,0,11.9829,0.1221,26,2,3
0,0,0,12.4684,0.9158,26,2,1
0,0,-1,12.5425,0.0216,26,2,2
0,0,0,11.1563,0.5168,24,2,2
1,2,2,10.8198,0.9414,26,2,1
1,2,2,11.5129,0.3007,26,2,2
0,1,2,11.5129,0.1106,28,2,1
0,-1,0,12.5776,0.1923,26,2,1
0,-1,-1,12.1007,0.0167,26,2,1
1,1,2,12.6115,0.7905,25,2,2
0,0,0,11.2898,0.4373,25,2,2
0,0,0,11.4076,0.65,25,2,2
1,0,0,13.1224,0.8676,29,2,2
0,-1,-1,10.5966,0.5054,25,2,1
0,2,2,12.0436,0.3763,26,2,3
0,0,0,10.309,0.4682,25,2,2
0,-2,-2,11.6952,0.0036,23,2,2
1,0,-1,11.5129,0.0151,28,2,2
0,1,-2,10.8198,0.0,28,2,2
0,-1,-1,12.7939,0.0116,26,2,2
0,0,0,12.3014,0.1339,26,2,1
0,-2,-2,11.6082,-0.0239,25,2,2
0,0,0,11.6082,1.0299,26,2,1
0,0,0,12.6443,0.707,26,2,2
0,-1,-1,10.8198,0.915,27,2,2
0,1,-2,10.8198,-0.0004,26,2,1
0,0,0,12.2061,0.1467,26,2,1
0,0,0,11.6952,0.4218,27,2,2
1,1,2,11.2898,1.023,27,2,2
0,0,0,12.6761,0.7129,27,2,2
0,-1,-1,12.2549,0.0211,27,2,1
1,2,2,11.4076,0.9789,26,2,2
0,0,0,12.0436,1.0148,26,2,1
0,-2,-2,12.6443,0.0082,25,2,2
0,2,0,12.7939,0.006,26,2,2
0,-2,-2,12.2061,0.0118,26,2,1
0,0,0,13.1224,0.0323,26,2,3
0,0,0,12.6115,0.7077,26,2,2
1,1,2,11.7753,0.7638,26,2,2
0,0,0,12.4684,0.5543,26,2,1
0,0,0,11.5129,0.8931,27,2,3
0,0,0,11.1563,0.9318,26,2,2
1,0,0,11.5129,0.9509,26,2,2
0,0,-1,11.2898,0.0155,26,2,1
1,2,0,11.5129,0.9757,25,2,1
0,0,0,11.1563,0.6746,24,2,1
0,2,2,12.0436,0.9945,27,2,1
0,-1,2,10.309,0.32,26,2,1
0,1,2,9.9035,0.9012,26,2,3
0,-1,-1,12.1007,0.0973,26,2,1
1,2,0,10.309,0.686,27,2,2
0,0,0,11.2898,1.0269,27,2,1
0,0,0,11.0021,0.4654,27,2,2
0,0,0,11.9184,1.0121,26,2,1
0,2,0,10.8198,0.9383,23,2,3
0,1,-2,12.7939,0.0,27,2,1
0,2,0,11.1563,1.0262,26,2,3
1,2,0,10.8198,0.9613,27,2,1
1,1,2,11.4076,0.5785,28,2,1
0,0,0,11.0021,0.6554,27,2,3
0,-2,-2,12.7939,0.0068,27,2,1
0,0,0,11.1563,0.9535,22,2,2
1,3,2,9.9035,0.6254,23,2,2
1,2,0,11.6082,0.2734,25,2,2
0,0,0,10.309,0.5256,25,2,2
0,0,0,11.4076,0.8313,25,2,3
0,0,0,12.2549,0.6802,25,2,2
0,0,0,12.5062,0.7266,27,2,1
0,2,-1,11.0021,0.0054,27,2,1
0,-1,-1,12.5425,0.0011,24,2,2
0,0,0,10.8198,0.166,25,2,3
0,0,0,11.1563,0.9905,25,2,1
0,-1,-1,11.8494,0.0719,26,2,2
1,0,0,10.309,0.9273,26,2,3
0,0,0,11.1563,0.9965,26,2,1
0,-2,-2,11.8494,0.0,27,2,1
0,-1,-1,12.6115,0.0364,30,2,4
0,1,-2,11.2898,0.0,26,2,2
0,0,0,12.7367,0.1745,27,2,2
0,0,0,12.6443,0.434,27,2,1
1,1,2,11.6082,0.5416,27,2,2
0,0,0,11.7753,0.525,27,2,1
0,-2,-2,12.5425,0.6807,29,2,2
0,1,2,11.5129,0.0627,29,2,1
0,0,0,11.9184,0.6271,29,2,1
0,0,0,11.7753,0.9333,26,2,3
0,0,0,12.4292,0.341,27,2,1
0,0,0,12.2061,0.0374,28,2,1
0,2,2,11.6082,0.9547,28,2,2
0,0,0,11.9829,0.0715,27,2,2
1,0,0,11.2898,0.3,27,2,3
0,0,0,12.3014,0.3028,27,2,1
0,0,0,9.9035,0.834,27,2,2
0,1,2,11.9829,0.0353,26,2,2
0,-1,-1,12.0436,0.022,26,2,1
0,0,0,12.7939,0.0475,26,2,2
0,0,0,10.8198,0.9876,26,2,2
0,0,0,11.5129,0.436,27,2,1
0,0,0,11.9184,0.9764,29,2,1
0,0,-1,11.9184,0.0543,29,2,2
0,0,0,11.5129,1.6741,29,2,1
0,-1,-1,12.2061,0.0298,29,2,1
0,0,0,12.6115,0.0579,27,2,3
0,1,-1,11.7753,0.0,28,2,3
0,0,0,11.9184,0.6471,28,2,2
0,0,0,11.6082,0.4832,28,2,1
0,-1,-1,12.7367,0.0199,28,2,3
0,0,0,11.0021,0.9871,25,2,1
0,0,0,11.4076,1.0534,23,2,3
0,1,2,12.3458,0.4923,29,2,2
0,-1,-1,12.2061,0.0183,29,2,1
0,-1,-1,12.6443,0.0609,28,2,1
0,0,0,11.9184,0.5375,29,2,2
0,-2,-2,12.8739,0.0272,29,2,2
1,1,-2,12.2549,0.0,29,2,1
0,1,2,12.5776,0.8147,27,2,1
0,-1,0,12.1007,0.1752,26,2,2
1,0,0,11.8494,0.9842,26,2,1
0,2,2,9.2103,0.2742,26,2,2
0,0,0,11.2898,0.462,27,2,1
1,3,2,10.8198,0.006,27,2,1
0,0,0,11.6082,0.479,28,2,1
1,-2,-2,12.1007,0.0,29,2,1
0,0,0,12.3458,0.294,27,2,3
0,-1,3,11.2898,0.0266,27,2,1
0,1,2,10.8198,0.3806,27,2,1
0,0,0,12.3014,0.9808,28,2,1
1,1,2,10.309,0.8102,28,2,1
0,0,0,12.2061,0.9808,26,2,1
0,0,0,11.7753,0.3505,26,2,2
0,2,2,12.7939,0.0069,26,2,1
0,0,0,11.8494,0.1982,27,2,1
0,-2,-2,11.7753,0.0654,27,2,1
0,1,-2,11.9184,0.0,28,2,1
1,2,2,9.9035,0.8512,28,2,2
0,2,0,11.7753,0.0613,28,2,2
0,0,0,12.1548,0.1479,29,2,1
1,2,0,11.8494,0.1902,25,2,1
0,0,0,12.1007,0.9867,25,2,2
0,-1,-1,12.1007,0.0133,28,2,1
0,0,0,10.8198,0.4664,28,2,2
0,-1,-1,11.2898,0.0351,27,2,2
1,1,1,11.6952,0.0936,27,2,2
0,0,0,12.948,0.2139,28,2,2
0,1,-1,11.4076,0.0,27,2,2
0,0,0,11.1563,0.6118,27,2,1
0,0,0,12.2061,0.1854,27,2,2
0,0,0,12.3884,0.1257,28,2,1
0,-1,-1,12.7939,0.0008,28,2,1
0,0,0,12.1007,0.1117,28,2,1
0,-1,-1,11.9829,0.0018,27,2,1
0,0,0,9.9035,0.6371,29,2,2
0,2,0,10.309,0.0649,28,2,3
0,0,0,12.3458,0.1974,28,2,1
0,0,-1,12.3884,0.0448,29,2,1
1,0,0,12.2061,0.7961,27,2,1
0,-2,-2,12.5425,0.0,28,2,2
0,0,0,12.7367,0.0612,29,2,2
0,0,0,10.8198,0.8928,25,2,1
1,0,0,12.2061,1.0082,26,2,3
0,2,-1,11.8494,0.0055,27,2,2
0,-1,-1,11.9829,0.1262,29,2,1
0,2,2,10.8198,0.5833,26,2,1
1,2,2,9.9035,0.7761,28,2,1
0,-2,-2,12.0436,-0.0047,29,2,2
0,-1,-1,11.8494,0.0085,27,2,2
0,1,-1,11.9184,0.0,29,2,1
0,1,2,11.1563,1.0452,25,2,2
1,0,0,10.8198,1.0284,28,2,3
0,0,0,11.2898,1.8831,28,2,2
0,-2,-2,12.7939,0.0,29,2,2
0,1,-2,12.7939,0.0,27,2,1
0,0,0,11.7753,0.2871,27,2,1
0,-1,-1,11.6952,0.0208,28,2,1
0,0,0,11.6082,0.7234,28,2,2
0,0,0,12.3458,0.1283,28,2,2
1,0,0,11.6082,0.1711,29,2,2
0,-1,-1,12.2061,0.0093,28,2,1
0,-1,-1,11.0021,0.0475,28,2,1
0,0,0,12.6443,0.7769,28,2,3
0,1,-1,11.9829,-0.0001,27,2,3
0,0,0,12.1007,0.8453,27,2,1
0,-1,-1,12.0436,0.0021,30,2,1
0,-1,-1,12.3884,0.0152,29,2,1
0,-1,-1,11.9829,0.001,28,2,1
0,-2,-2,12.2061,0.0381,28,2,1
0,0,0,11.0021,0.9942,28,2,3
0,0,0,11.5129,0.9424,28,2,2
1,0,0,11.0021,0.1066,28,2,1
0,-1,0,10.8198,0.2545,31,2,1
0,0,0,11.6952,0.8028,29,2,2
0,-1,0,12.4292,0.075,30,2,1
1,-1,-1,12.1007,0.0104,30,2,1
0,0,0,12.2549,0.5121,30,2,2
0,0,0,12.7939,0.0553,30,2,2
0,0,0,12.2549,0.6329,26,2,1
0,0,0,11.6082,0.2485,29,2,2
0,-1,-1,12.5062,0.3296,29,2,2
0,0,0,10.8198,0.1232,29,2,1
0,0,0,12.3014,0.6492,29,2,2
0,-1,-1,11.2898,0.052,30,2,2
0,-2,-2,12.1007,0.0251,31,2,1
0,-1,-1,12.8992,0.0008,31,2,1
0,0,0,12.3458,1.0197,30,2,2
0,1,-2,11.4076,0.0,31,2,5
1,1,2,10.309,0.9124,29,2,2
0,0,0,11.9184,0.9676,29,2,1
0,2,-1,12.3458,0.0031,29,2,1
0,-1,-1,13.1422,0.1395,30,2,1
1,1,2,9.9035,1.0064,30,2,2
0,0,0,11.9184,0.3402,27,2,1
0,0,0,11.6082,0.0565,24,2,2
0,0,0,12.4292,0.0997,25,2,2
0,1,-2,12.3884,0.0,29,2,1
0,-1,-1,11.9184,0.0231,28,2,1
0,0,0,12.948,0.6358,29,2,2
0,0,0,12.0436,0.393,30,2,5
0,-1,0,12.3014,0.03,28,2,1
0,-2,-2,11.9829,0.0137,28,2,2
0,0,-1,11.9184,0.0368,28,2,2
1,1,2,11.9184,0.0305,29,2,2
1,-2,-2,11.8494,0.0032,27,2,2
0,0,-1,12.3884,0.1275,27,2,2
1,0,0,9.9035,0.1468,28,2,2
1,2,0,10.309,0.9514,29,2,2
0,2,0,11.2898,1.0012,29,2,2
0,-1,-1,12.8992,0.0139,29,2,1
0,0,0,11.9184,0.593,27,2,2
0,0,0,12.1007,0.5329,32,2,2
0,0,0,12.7939,0.6325,32,2,3
1,-1,-1,11.9829,0.006,30,2,1
0,0,0,11.2898,1.0085,30,2,2
0,1,-2,12.3884,0.0,32,2,2
1,0,0,10.8198,0.6897,33,2,2
0,-2,-1,10.8198,1.0136,34,2,2
1,0,0,10.8198,0.9439,29,2,3
0,-2,-2,12.2061,0.2124,30,2,2
0,2,0,10.8198,1.0092,29,2,1
0,0,0,11.8494,0.5578,30,2,1
0,0,-1,12.6443,0.0273,29,2,1
0,0,0,12.9715,0.718,30,2,3
0,0,0,11.5129,0.8924,30,2,1
0,0,0,13.1224,0.0571,29,2,1
1,0,0,12.2061,1.0207,29,2,2
0,0,0,11.8494,0.9674,29,2,1
0,-2,-1,12.2061,0.0,30,2,2
0,-2,-1,12.2061,0.0023,28,2,1
0,0,0,11.5129,0.1089,28,2,1
0,2,0,12.1007,0.6518,28,2,4
0,0,0,12.1548,0.7458,28,2,1
0,0,0,10.8198,0.9756,28,2,1
0,0,-1,12.9945,0.5285,31,2,1
0,-1,2,10.309,0.1665,30,2,2
0,-1,-1,12.1007,0.0232,29,2,2
1,-2,-2,11.9184,0.0,29,2,1
0,0,0,12.8739,0.2306,29,2,1
0,0,0,10.309,0.5402,31,2,2
1,-1,-1,9.2103,0.0077,32,2,2
0,0,0,12.5062,0.2211,32,2,2
1,3,2,9.9035,0.12,32,2,2
0,0,0,10.8198,0.9195,34,2,2
0,1,2,11.0021,0.1963,33,2,1
1,2,2,10.8198,0.5658,34,2,3
0,0,0,9.9035,0.9544,40,2,3
1,1,2,11.2898,0.8553,35,2,3
0,0,0,10.8198,0.9687,47,2,2
1,2,2,11.8494,0.1568,40,2,1
0,-1,-1,12.8992,0.0021,36,2,1
0,0,0,10.8198,0.2776,44,2,3
0,0,0,11.2898,0.9332,36,2,2
1,2,0,12.8479,0.5947,30,2,2
0,0,0,12.3458,1.0144,33,2,3
0,0,0,12.2549,0.0457,31,2,1
0,0,0,11.5129,0.9239,40,2,2
0,0,0,12.2549,0.5912,44,2,2
0,0,0,11.8494,0.6637,35,2,1
0,-2,-2,11.9184,0.0,47,2,2
0,0,0,10.5966,0.9145,48,2,5
1,1,-1,11.6952,0.0,26,2,3
0,0,0,10.8198,0.9859,26,2,2
0,-1,-1,12.7939,0.0008,26,2,1
1,2,2,11.2898,0.2189,42,2,3
0,-1,-1,12.3458,0.003,46,2,1
1,0,0,10.8198,0.127,38,2,2
0,0,0,11.9184,0.0241,48,2,2
0,0,0,9.9035,0.3598,35,2,3
1,5,4,9.2103,0.8678,44,2,3
0,0,0,11.8494,0.5757,41,2,1
0,-1,-1,11.9184,0.011,41,2,2
0,0,0,12.5776,0.3817,36,2,2
0,-1,-1,12.0436,0.0048,36,2,2
0,-2,-2,12.948,0.0059,39,2,3
0,-1,-1,11.6952,0.0042,33,2,2
0,-2,-2,11.9184,0.0203,40,2,2
0,0,0,11.2898,0.9675,45,2,1
0,0,0,11.5129,1.0903,48,2,2
1,0,0,10.5966,1.8223,41,2,3
0,0,0,11.7753,1.0154,46,2,3
0,0,0,11.5129,0.9651,41,2,2
0,0,0,12.6115,0.491,46,2,3
0,-1,-1,11.9184,0.0021,41,2,2
1,1,2,10.8198,0.5419,39,2,2
0,-2,-2,12.7657,0.0177,37,2,1
0,-1,-1,12.0436,0.0096,45,2,2
1,2,2,12.3014,0.8281,31,2,2
0,-1,-1,12.2549,0.0889,29,2,1
0,0,0,12.2061,0.4494,30,2,1
1,2,2,12.1007,0.078,30,2,1
1,1,2,10.8198,1.0177,31,2,1
0,1,2,10.8198,0.6301,35,2,2
0,-1,-1,12.1007,0.005,39,2,1
0,-2,-2,13.1224,0.06,44,2,1
0,1,-2,11.9829,0.0,45,2,2
1,2,2,11.6952,0.0062,37,2,1
1,-1,-1,11.0021,0.2091,39,2,2
0,-1,-1,12.3014,0.0084,35,2,4
0,0,0,12.2549,0.0641,36,2,2
0,-2,-2,13.0815,0.0117,38,2,2
0,0,0,11.8494,1.0059,43,2,3
0,0,0,11.9184,0.9997,38,2,2
1,2,2,11.6082,1.0419,43,2,3
0,0,0,12.7657,0.044,41,2,1
0,0,0,11.9184,0.7402,43,2,2
1,0,0,12.948,0.7113,39,2,1
0,0,0,11.2898,0.1498,41,2,1
0,0,0,12.1007,0.7706,44,2,1
0,1,-2,12.5776,-0.0002,39,2,2
0,0,-1,12.6115,0.0149,37,2,1
1,0,0,11.2898,0.981,41,2,2
0,-2,-2,12.3458,0.0,39,2,2
0,1,2,9.9035,0.8594,43,2,2
1,1,-2,9.9035,0.0,39,2,2
0,-2,-2,12.2061,-0.0002,40,2,1
0,-1,-1,13.1224,0.0664,35,2,1
0,0,0,9.2103,0.9807,49,2,3
0,0,0,11.5129,0.5854,42,2,3
0,-2,-2,12.4292,0.0,28,2,2
0,1,-2,13.1993,0.0014,38,2,3
0,0,0,10.8198,0.7501,39,2,2
0,0,-1,13.2177,0.0493,44,2,1
0,-1,-1,12.2061,0.0111,42,2,3
0,0,0,10.8198,0.9273,44,2,3
0,1,2,12.3458,1.0092,36,2,3
0,0,0,12.7068,0.1011,45,2,3
0,-2,-2,13.1616,0.0085,37,2,1
0,-2,-2,12.1007,0.0938,44,2,1
0,0,0,12.2061,0.8369,36,2,3
0,0,0,12.9715,1.4573,44,2,5
0,3,2,12.3014,1.1339,46,2,1
0,-2,-2,12.2549,0.0,41,2,2
0,-1,0,12.7939,0.1972,47,2,2
0,-2,-2,12.2061,0.0112,48,2,2
0,0,0,11.9184,0.2553,36,2,1
0,-1,-1,12.0436,0.0946,47,2,3
0,2,2,10.8198,0.9587,49,2,3
1,1,3,9.9035,0.9019,48,2,3
0,0,0,12.6115,0.5641,32,2,1
0,1,-2,12.2061,0.0121,40,2,1
0,0,0,12.2549,0.3492,34,2,1
0,0,0,11.5129,0.9326,42,2,1
0,-1,-1,12.2549,0.0147,43,2,2
0,0,0,11.2898,0.9726,32,2,2
1,0,-1,11.7753,0.4809,31,2,3
0,0,0,12.6761,0.2955,35,2,2
0,0,0,12.7657,1.0152,45,2,5
0,0,0,12.4684,0.3013,29,2,1
0,0,0,12.3458,1.1874,46,2,3
0,-1,-1,12.2549,0.0714,44,2,1
0,1,2,11.9829,0.2816,41,2,3
0,0,0,12.2549,0.8914,30,2,1
0,1,-2,11.6952,0.0,32,2,1
1,0,0,10.309,0.9255,32,2,1
0,0,0,11.1563,0.5511,31,2,2
0,0,0,12.5062,0.6556,31,2,2
0,-2,-2,12.7657,0.0027,30,2,1
1,1,3,10.8198,0.475,45,2,2
0,0,0,11.6082,0.9879,48,2,2
0,0,0,11.9184,0.3314,44,2,2
1,-2,-2,12.5425,0.0,29,2,1
0,-1,0,12.6115,0.0358,30,2,2
1,0,0,9.9035,0.9188,32,2,2
0,2,0,10.8198,0.8821,31,2,2
0,-2,-2,12.2061,0.0,31,2,1
0,1,-2,10.8198,0.0,31,2,3
0,0,0,11.9184,0.905,46,2,1
0,-1,-1,12.2061,0.0673,32,2,2
0,1,-2,11.5129,-0.0035,32,2,2
1,-1,0,12.7939,0.0148,33,2,1
0,0,0,10.8198,0.7508,33,2,2
0,0,0,12.3014,0.9279,33,2,2
1,1,2,11.2898,1.0421,33,2,1
0,-1,0,11.9184,0.1363,33,2,1
1,-1,-1,12.2549,0.0016,34,2,1
0,0,0,11.1563,0.9665,34,2,2
0,0,0,10.8198,0.8865,48,2,2
0,0,0,11.2898,0.0426,43,2,3
0,-2,-2,11.6082,0.0,34,2,2
0,-2,-2,12.0436,0.0064,34,2,1
0,-2,-2,11.9829,-0.0032,46,2,3
0,0,0,11.7753,0.1949,49,2,3
0,-2,-2,12.2061,0.5957,48,2,3
0,-1,-1,12.7939,0.0821,40,2,2
0,0,0,11.9829,0.1584,42,2,2
0,-2,-2,12.6443,0.0092,42,2,2
0,0,-1,13.1224,0.0369,40,2,1
1,0,0,12.9715,0.6005,36,2,1
1,1,3,12.6115,-0.0,48,2,3
0,-1,-1,10.8198,0.0747,46,2,1
0,0,-1,12.6115,0.0042,38,2,2
1,-2,-2,12.6115,0.0034,39,2,2
1,0,0,9.9035,0.9539,39,2,3
1,-2,-2,12.8992,0.0,39,2,1
0,-2,-2,12.6443,0.0,48,2,2
0,0,0,12.8213,0.2049,38,2,2
0,-1,-1,12.3458,0.0191,36,2,2
0,0,0,12.6115,0.039,40,2,2
0,-1,-1,12.4292,0.0119,40,2,1
0,0,0,12.6761,0.2974,41,2,1
0,0,0,12.6443,1.0045,45,2,3
0,-2,-2,13.1224,0.0072,39,2,1
0,0,0,11.2898,0.3118,37,2,3
0,0,0,12.2061,0.3491,45,2,3
0,0,0,11.9829,0.9498,38,2,3
0,0,0,9.9035,1.0076,47,2,2
0,0,0,9.9035,0.5818,33,2,2
1,3,2,10.309,0.08,33,2,2
0,1,-2,13.1224,0.0019,30,2,1
0,-1,-1,12.1007,0.0092,30,2,1
0,-2,-2,12.1007,0.0163,31,2,3
0,-2,-2,13.017,0.0,33,2,1
0,0,0,12.1007,0.3915,33,2,2
0,-1,-1,12.5776,0.1047,46,2,3
0,0,0,12.2061,0.0247,37,2,2
0,1,-2,12.2061,0.0,34,2,1
1,2,0,12.8992,0.1531,35,2,2
0,-2,-2,12.2549,0.0,32,2,2
1,1,2,10.309,1.0148,42,2,3
0,0,0,12.7367,0.9774,39,2,2
0,0,0,10.8198,1.4981,41,2,2
0,0,0,12.3014,0.9775,43,2,3
1,1,-2,11.5129,0.0,37,2,1
0,0,-1,12.8992,0.0754,40,2,3
0,-2,-2,12.7939,0.0169,43,2,2
0,-1,-1,10.309,0.1073,47,2,3
1,0,0,9.2103,0.7101,34,2,3
0,-2,-2,12.7068,0.0022,37,2,1
0,0,0,11.6082,0.9339,46,2,2
1,2,0,10.309,0.7001,44,2,2
0,0,0,11.6082,0.8726,37,2,2
0,0,0,11.9184,1.7014,42,2,2
1,1,2,11.2898,1.4218,32,2,2
0,-1,-1,11.9829,0.1526,41,2,1
0,0,0,10.309,0.1151,32,2,2
0,-2,-2,12.2061,0.0226,33,2,1
0,1,-1,11.9184,-0.0,33,2,1
0,1,-2,11.8494,0.0,34,2,2
0,0,0,11.6952,0.1761,37,2,1
0,-1,-1,11.5129,0.0039,48,2,3
0,0,0,10.8198,1.0205,38,2,2
0,-1,-1,11.2898,0.0571,42,2,3
0,0,0,11.8494,0.6121,41,2,3
0,0,0,12.5062,0.8078,45,2,1
0,-1,-1,12.2549,0.0056,36,2,3
0,-2,-2,12.3458,0.0,48,2,2
0,0,0,10.309,0.8935,43,2,2
1,0,0,12.4684,0.9975,44,2,3
1,2,3,9.9035,0.9081,42,2,2
0,-2,-2,11.9829,0.0024,34,2,2
0,0,0,10.8198,0.9376,43,2,2
0,0,0,10.8198,0.9371,41,2,3
1,-1,-1,11.9829,0.002,38,2,1
0,1,-1,11.8494,-0.0001,44,2,3
0,0,0,12.3458,0.0308,43,2,2
0,1,-2,11.6952,0.0,34,2,2
1,0,0,9.9035,0.4794,49,2,2
1,-1,-1,11.4076,0.0043,44,2,2
0,0,0,11.7753,0.4963,38,2,3
0,-2,-2,9.9035,-0.0442,31,2,3
0,-2,-2,12.3458,-0.0,31,2,1
0,0,0,12.9715,0.2087,42,2,2
0,0,0,11.6082,0.0496,40,2,2
1,0,0,12.2549,0.9831,40,2,5
0,-2,-2,12.4684,-0.0219,49,2,3
0,0,0,12.5425,1.0536,45,2,3
0,-2,-1,12.3458,0.0037,36,2,2
0,0,0,10.8198,0.7233,46,2,3
0,-1,-1,12.6761,0.0012,36,2,2
1,0,0,11.6082,0.9467,41,2,2
0,-1,-1,12.1007,0.0022,42,2,2
0,0,0,12.1007,0.7277,41,2,3
1,0,-1,9.2103,0.525,32,2,2
1,1,-2,10.309,0.0,32,2,2
1,2,0,11.1563,0.9708,32,2,2
0,0,0,9.9035,0.9289,44,2,2
1,2,0,10.8198,0.7825,36,2,2
0,-1,-1,12.1007,0.0022,38,2,2
0,0,0,12.3014,0.974,46,2,3
0,-1,-1,12.1007,0.0888,29,2,1
0,0,0,12.0436,0.6244,29,2,1
0,0,0,11.5129,0.9664,30,2,2
0,-1,-1,12.5425,0.0471,30,2,2
0,-1,-1,12.5776,0.0749,31,2,1
1,3,3,10.309,0.844,31,2,2
0,0,0,10.309,0.955,31,2,2
0,0,0,11.2898,0.9343,46,2,2
0,0,0,10.8198,0.9741,42,2,2
0,2,2,11.0021,0.1122,34,2,3
0,0,0,12.4684,0.7646,34,2,2
0,0,0,11.0021,0.3302,41,2,2
0,1,2,11.2898,1.0717,29,2,2
0,1,-2,12.7939,0.0,40,2,3
0,0,0,12.1007,0.0474,30,2,2
1,2,0,11.2898,0.3864,31,2,2
0,0,0,11.1563,0.9472,44,2,2
0,-1,-1,12.7939,0.0518,36,2,1
0,-2,-2,12.6115,0.0,36,2,3
0,0,0,11.5129,0.8718,38,2,3
0,0,0,11.5129,0.702,29,2,1
0,-2,-1,11.6952,0.0,34,2,3
1,-2,-1,12.2061,0.1106,48,2,2
0,-2,-2,12.1007,0.0477,37,2,1
0,0,-1,11.0021,0.1217,27,2,2
0,0,0,9.2103,0.6176,29,2,2
0,-2,-1,12.3458,0.0208,35,2,4
0,1,2,10.8198,0.2393,27,2,2
0,-2,-2,12.7657,0.0107,28,2,2
1,-2,-2,12.2061,0.0004,28,2,3
0,-2,-2,11.9184,0.0111,28,2,3
1,2,2,12.1007,0.6296,29,2,2
0,0,0,10.309,0.967,30,2,1
1,-1,0,11.1563,0.9928,30,2,2
0,0,0,13.039,0.0663,32,2,2
0,-1,-1,11.6082,0.0071,42,2,2
0,0,0,12.3884,0.1323,31,2,1
0,0,0,12.2549,0.9773,31,2,2
0,1,-1,12.6115,-0.0001,32,2,3
0,1,-1,12.0436,0.0,34,2,1
0,0,0,12.948,0.1173,34,2,2
0,0,0,12.3458,0.0097,34,2,4
0,-1,-1,12.4684,0.0018,33,2,1
0,0,0,10.8198,0.9291,41,2,3
0,0,0,11.2898,0.9685,43,2,2
0,-1,-1,12.2061,0.3464,45,2,1
0,0,0,11.2898,0.2326,40,2,3
0,0,0,12.5776,0.029,36,2,2
1,-1,-1,9.9035,0.0195,40,2,3
0,-1,-1,10.8198,0.0113,42,2,2
0,-1,-1,13.017,0.0069,36,2,2
0,1,-2,12.4292,-0.0007,38,2,2
0,0,0,10.8198,0.9749,40,2,3
0,0,0,12.5425,1.0427,40,2,2
0,0,0,9.9035,0.4388,41,2,3
0,-2,-2,12.6443,0.0131,37,2,3
0,0,0,12.4292,0.4448,36,2,1
1,2,2,12.1007,0.9576,36,2,2
0,1,-2,13.1224,0.9177,35,2,3
0,0,0,10.309,0.8652,44,2,3
0,0,0,12.4292,0.284,36,2,2
0,0,0,12.0436,0.356,39,2,1
0,-2,-2,11.5129,0.0052,39,2,2
0,-1,-1,12.9715,0.0895,42,2,2
0,0,0,12.0436,0.8007,43,2,2
0,-1,-1,12.2549,0.0027,32,2,2
0,-2,-2,12.5425,0.0234,32,2,2
0,-2,-2,11.9829,0.0025,47,2,3
0,-2,-2,12.2549,0.0359,40,2,1
0,-1,-1,12.2061,0.0191,40,2,1
0,-1,-1,12.8992,0.0016,30,2,1
0,1,-2,11.2898,0.0,35,2,3
1,1,2,11.2898,0.3875,35,2,2
0,-1,-1,10.309,0.0943,38,2,2
1,1,2,9.9035,0.4281,39,2,3
0,-2,-2,12.6115,0.0292,37,2,1
0,-1,-1,13.039,0.0248,39,2,2
0,0,0,11.2898,0.5332,42,2,2
0,-1,-1,11.2898,0.0101,36,2,3
0,-2,-1,11.5129,0.0323,40,2,3
1,2,2,11.5129,0.3179,41,2,1
0,0,0,10.8198,0.9343,36,2,2
1,1,2,11.2898,0.9291,36,2,2
0,0,0,11.7753,0.6287,37,2,2
0,2,2,10.8198,0.9241,36,2,2
0,0,0,12.2549,0.4205,44,2,2
0,0,0,12.4684,0.6715,39,2,5
0,0,0,10.8198,0.9054,32,2,2
0,0,0,13.039,0.0181,33,2,2
0,0,0,11.9184,0.7682,34,2,3
0,0,0,11.2898,0.7024,31,2,3
0,0,0,11.2898,0.5864,42,2,2
1,-1,2,12.1007,0.0581,46,2,3
0,1,-2,11.5129,0.0,35,2,3
1,0,0,11.0021,0.479,40,2,2
0,0,0,10.8198,1.0207,34,2,3
0,0,0,12.8739,0.7951,42,2,1
0,0,0,12.2549,0.0401,38,2,1
0,0,0,11.9829,1.0191,39,2,2
0,0,0,10.8198,0.5739,42,2,3
0,0,0,10.8198,0.2136,31,2,2
0,0,0,11.9829,0.8662,37,2,2
0,-2,-2,12.3014,0.0263,40,2,2
0,0,0,11.2898,0.895,43,2,3
0,-1,0,12.0436,0.3567,31,2,2
0,1,2,11.0021,0.9388,33,2,3
0,-2,-2,12.2061,0.0029,36,2,1
0,-2,-2,12.6761,0.0069,41,2,1
0,1,-2,11.9829,0.0,47,2,1
0,0,0,9.9035,0.489,45,2,2
1,-1,-1,11.2898,0.0124,27,2,1
0,-1,0,12.2549,0.4933,29,2,2
1,0,0,10.8198,0.099,27,2,1
0,0,0,13.1224,0.7808,28,2,1
0,1,-2,11.6952,0.0,28,2,2
0,1,2,9.9035,1.0292,28,2,2
0,0,0,12.4292,0.4674,28,2,1
0,-1,-1,11.2898,0.0438,34,2,3
0,-2,-2,12.3884,0.0048,28,2,2
0,0,0,11.9184,0.153,28,2,2
0,0,-1,12.7367,0.1286,29,2,2
0,0,0,11.2898,0.9201,28,2,1
0,0,0,11.7753,0.0995,29,2,3
0,0,0,11.5129,0.8713,29,2,2
0,0,0,12.3458,0.0539,29,2,1
0,1,-2,11.9829,0.0,30,2,1
0,2,0,12.3014,0.1318,29,2,2
1,0,0,11.2898,0.1778,29,2,1
0,0,0,12.948,0.1154,29,2,2
0,-2,-2,11.7753,0.086,32,2,2
0,0,0,11.2898,0.506,32,2,1
0,0,0,12.2549,0.3706,31,2,1
0,0,0,12.3014,0.5649,31,2,1
1,0,0,12.0436,0.7781,30,2,2
0,1,2,10.8198,0.8387,30,2,1
0,-2,-2,11.2898,0.0596,31,2,2
0,0,0,12.6115,0.1957,33,2,1
0,1,-1,11.8494,0.0,33,2,2
0,0,0,12.5776,0.8359,33,2,2
0,-2,-2,11.2898,0.0,33,2,1
0,-1,-1,13.1224,0.008,33,2,1
1,1,2,10.5966,0.8886,44,2,3
0,0,0,10.8198,0.7989,45,2,2
0,-2,-2,12.4684,0.0,34,2,2
0,-1,0,11.2898,0.2499,45,2,3
0,-1,-1,12.5425,0.0255,35,2,1
0,-2,-2,12.5062,0.001,37,2,1
0,0,-1,11.2898,0.4132,48,2,3
0,0,0,11.6952,0.999,34,2,2
0,0,0,12.6115,0.4053,40,2,1
0,2,2,11.6952,0.323,37,2,2
0,0,0,11.2898,0.7988,36,2,2
0,0,0,10.8198,0.2421,42,2,2
0,0,0,11.5129,0.2474,47,2,2
0,-2,-2,12.1007,0.0363,44,2,2
0,0,0,11.9829,0.395,45,2,2
0,-2,-2,12.7657,0.0462,49,2,2
0,0,0,10.8198,0.47,33,2,3
0,-2,-2,12.6761,-0.0178,37,2,2
0,0,0,12.0436,0.7131,35,2,2
0,0,0,10.8198,0.9566,37,2,2
1,2,2,12.7939,0.3011,40,2,1
1,0,0,11.1563,0.9718,36,2,2
0,-1,-1,9.9035,0.0702,45,2,3
0,0,0,11.5129,0.337,46,2,3
0,-1,-1,12.1007,0.0018,36,2,3
0,-2,-2,11.9829,0.0,42,2,3
1,2,2,12.3458,0.0053,35,2,2
1,-2,-2,9.9035,0.0,38,2,2
0,1,2,12.1007,0.564,39,2,2
0,1,-2,12.1007,0.0,45,2,1
0,0,0,9.9035,0.8812,34,2,2
0,1,-1,11.9184,0.0,49,2,2
1,-2,-2,12.3884,0.0,40,2,1
0,-2,-2,12.7939,0.0,37,2,3
0,-1,-1,12.4684,0.0218,35,2,2
0,-2,-2,13.1224,0.0343,34,2,2
0,-2,-2,12.2061,-0.0003,41,2,2
0,0,0,12.3458,0.1309,45,2,3
0,0,0,12.2061,0.6357,32,2,2
0,0,0,11.1563,0.6955,37,2,3
0,1,-1,11.9829,0.0,36,2,3
0,0,0,11.2898,0.3151,33,2,2
0,0,0,11.5129,0.4742,30,2,2
1,1,-1,9.9035,0.0,38,2,2
0,0,0,11.6082,0.9951,47,2,3
1,-1,-1,11.5129,0.0033,35,2,2
0,0,0,12.3884,0.9715,39,2,2
0,1,-2,12.0436,0.0092,31,2,1
1,2,2,11.6082,0.8343,31,2,1
0,-1,-1,10.8198,0.01,44,2,2
0,0,0,12.8739,0.0269,41,2,2
0,0,0,10.5966,0.3258,44,2,3
0,-2,-2,11.9829,0.0381,39,2,3
0,1,2,9.9035,0.9274,41,2,3
0,1,-2,12.1007,0.0,36,2,2
1,1,2,10.8198,0.4633,41,2,2
0,0,0,11.6082,0.1885,37,2,2
1,0,0,9.9035,0.7984,39,2,3
0,0,0,10.5966,0.3965,36,2,3
1,2,0,10.8198,0.9333,47,2,3
0,-1,-1,12.2061,0.001,30,2,1
0,0,0,11.4076,0.2214,31,2,2
0,-2,-2,12.6115,0.0,34,2,1
0,0,0,12.6443,0.949,36,2,2
0,0,0,12.7068,0.1404,37,2,2
0,-1,-1,12.2549,0.0079,30,2,3
0,-2,-2,12.4684,0.0322,34,2,2
0,-2,-2,12.5776,0.0081,35,2,1
0,1,2,9.9035,0.8876,39,2,2
0,0,0,11.8494,0.7018,31,2,2
1,2,2,11.9184,0.6683,36,2,2
0,-1,-1,10.8198,0.0078,46,2,3
0,-1,-1,10.8198,0.1478,37,2,2
0,-2,-2,12.5062,0.0054,28,2,2
0,0,0,12.3884,0.7332,28,2,2
0,0,0,11.9184,0.5203,29,2,1
0,0,0,12.4684,0.462,40,2,2
0,0,0,13.0605,0.4661,42,2,3
0,0,0,12.1548,1.0131,47,2,1
0,-1,-1,11.9829,0.0323,28,2,2
0,-1,-1,12.6761,0.2081,31,2,1
1,0,0,10.309,0.8161,30,2,2
0,-2,-2,11.9184,0.1626,33,2,1
1,0,0,12.2061,0.9474,34,2,2
0,0,0,11.9184,0.2659,34,2,2
0,0,0,10.8198,0.971,30,2,3
0,0,0,11.2898,0.2398,24,2,2
0,0,0,10.8198,0.1906,47,2,2
1,2,2,11.2898,1.1631,37,2,3
0,0,0,12.5425,0.0258,34,2,2
0,0,0,11.9829,0.8308,38,2,1
0,0,0,11.2898,0.3561,29,2,1
0,0,0,11.9829,0.8503,30,2,2
0,-1,2,11.4076,0.0409,32,2,2
0,0,0,12.7939,0.0323,32,2,2
0,0,0,11.2898,0.8929,34,2,2
1,-1,-1,9.9035,0.0313,36,2,3
0,0,0,10.8198,0.9714,48,2,2
1,2,2,12.2061,0.4023,40,2,1
1,1,2,10.8198,0.2622,44,2,3
1,1,2,11.6952,0.1761,31,2,2
1,2,2,11.0021,1.0534,31,2,2
0,-1,0,11.6952,0.5546,32,2,3
0,1,-2,11.2898,0.0,32,2,1
0,2,0,11.8494,0.737,32,2,2
0,-1,-1,12.6115,0.013,33,2,1
0,0,-1,12.3458,0.0378,30,2,2
0,1,-1,12.6443,0.0191,30,2,3
0,-1,0,12.7068,0.0123,31,2,1
0,0,0,12.2549,0.3208,35,2,1
0,0,0,11.6952,0.9633,35,2,2
0,0,0,12.0436,0.568,35,2,2
0,0,0,10.8198,0.5051,39,2,2
1,2,2,11.5129,0.1272,44,2,3
0,-1,-1,11.8494,0.0727,33,2,1
0,0,0,12.2549,0.205,33,2,2
0,0,0,12.7939,0.2671,34,2,1
0,0,0,10.8198,1.0171,34,2,2
0,-2,-2,12.7367,0.0,34,2,2
1,-1,-1,12.4684,0.004,37,2,1
0,1,2,13.1224,0.0104,37,2,3
0,1,2,11.0021,0.9565,40,2,2
0,0,-1,12.948,0.1336,38,2,2
0,1,2,10.309,0.9347,41,2,3
0,-2,-2,12.8213,0.0039,41,2,2
0,-2,-2,13.017,0.0161,35,2,1
1,0,-1,12.8992,0.005,39,2,1
1,0,-1,12.8992,0.0051,46,2,1
0,0,0,13.3692,0.1873,39,2,2
0,-1,-1,12.2549,0.0238,38,2,2
0,0,0,10.309,0.9291,35,2,3
0,-2,-2,11.5129,0.1616,36,2,1
0,-1,2,12.4292,0.0897,41,2,1
0,0,0,12.1548,0.6437,40,2,1
0,0,0,9.9035,0.477,43,2,3
0,0,0,12.1007,0.1162,40,2,3
0,-1,-1,12.2061,0.0009,29,2,1
0,1,-2,11.2898,0.0,29,2,1
0,0,0,11.6952,0.8057,29,2,2
0,0,0,10.8198,0.6103,29,2,2
0,-2,-2,12.4684,0.0196,30,2,4
0,1,-1,12.1007,0.0,30,2,1
1,-1,-1,11.7753,0.0127,30,2,2
0,1,2,11.6082,0.6265,30,2,2
0,0,0,10.8198,1.0099,44,2,2
0,0,0,13.1224,0.3932,46,2,1
0,1,-2,12.7939,0.0,32,2,1
0,-1,-1,11.2898,0.0173,34,2,2
0,2,2,9.2103,0.7486,33,2,1
0,-2,-2,12.6761,0.0161,34,2,1
0,0,-1,10.309,0.9567,32,2,3
0,-2,-2,11.2898,0.0,32,2,3
0,1,2,11.9829,0.4983,34,2,2
0,0,0,13.1022,0.0388,34,2,1
0,1,-2,12.3014,0.0,35,2,1
0,-1,-1,13.017,0.0009,35,2,1
0,-1,-1,12.8213,0.0159,35,2,3
1,0,0,11.2898,0.5415,34,2,3
1,2,2,12.7939,0.0069,47,2,1
0,0,0,11.0021,0.9816,42,2,2
0,-1,-1,10.8198,0.1593,45,2,1
0,-1,-1,11.9829,0.0022,49,2,2
0,0,0,12.4684,1.0175,41,2,3
0,-1,-1,12.3014,0.0045,45,2,2
1,2,3,11.0021,0.7338,46,2,3
0,1,2,12.3014,0.7808,38,2,1
0,-1,-1,12.5776,0.0009,39,2,1
0,0,0,11.7753,0.7606,40,2,3
0,0,-1,12.2061,0.0349,41,2,2
0,1,-1,12.2061,0.0,37,2,3
1,2,2,11.6082,0.3513,44,2,3
1,2,-1,10.309,0.5222,45,2,3
0,0,0,10.309,0.7648,42,2,2
0,-1,-1,11.5129,0.0062,41,2,2
0,-2,-2,12.7939,0.0,44,2,2
0,0,0,11.8494,0.6038,38,2,2
0,0,0,10.8198,0.6948,47,2,3
0,-1,-1,11.1563,0.021,35,2,3
0,2,2,11.0021,0.8016,48,2,3
0,1,-2,12.7939,0.0,39,2,3
0,1,-1,12.3884,0.0,40,2,1
0,-2,-2,12.2061,0.0045,30,2,1
0,0,0,11.5129,0.9152,35,2,3
0,0,0,10.8198,0.1834,41,2,2
0,0,0,11.5129,0.9808,41,2,2
0,-2,-2,12.5062,0.0532,42,2,4
0,0,0,10.8198,0.9589,48,2,3
0,-1,-1,12.6115,0.0184,41,2,2
1,0,0,10.8198,0.6387,40,2,2
0,0,-1,11.2898,0.5266,41,2,3
0,0,0,12.2061,0.3831,31,2,1
1,5,4,12.7367,1.7343,31,2,2
0,-2,-2,12.6443,0.0,31,2,1
0,0,0,11.2898,0.1954,31,2,2
0,-1,-1,12.2549,0.0094,31,2,1
0,0,0,11.2898,0.877,32,2,1
0,0,0,13.1224,0.811,32,2,2
0,0,0,12.4684,0.0357,35,2,2
0,-1,-1,11.6952,0.0077,41,2,2
0,0,0,11.5129,0.702,41,2,3
1,2,0,11.0021,0.8304,35,2,2
0,-1,-1,12.1548,0.0364,36,2,1
1,2,2,11.5129,0.9398,35,2,3
0,0,0,12.8479,0.0353,37,2,2
1,1,2,12.7657,0.0247,44,2,1
0,0,0,11.5129,0.9794,39,2,3
0,0,0,11.5129,1.003,31,2,1
0,-1,-1,11.9184,0.0218,32,2,2
1,1,2,11.9184,0.0374,33,2,2
0,0,0,11.9184,0.7283,38,2,1
0,1,-1,13.039,-0.0,35,2,1
1,2,2,11.5129,1.0537,44,2,2
0,0,0,12.3458,0.3281,38,2,2
1,1,3,9.2103,0.398,38,2,2
0,-2,-2,12.2061,0.002,44,2,3
0,0,0,11.8494,1.0076,34,2,2
0,-2,-2,12.8213,0.0172,46,2,3
0,0,0,10.8198,0.7265,49,2,3
0,-1,-1,11.9829,0.0153,36,2,2
0,0,0,11.2898,1.0088,43,2,3
0,0,0,12.3884,0.2549,33,2,1
0,-1,2,11.9829,0.1137,33,2,3
1,0,0,10.8198,0.9718,44,2,3
0,0,0,12.1007,0.9962,38,2,2
0,0,0,10.8198,1.1628,46,2,3
0,0,0,13.1224,0.5075,32,2,1
0,-2,-2,12.2061,0.0148,34,2,1
0,0,0,11.0021,0.94,44,2,3
0,1,3,10.8198,1.0462,46,2,2
1,2,2,10.8198,0.8197,44,2,3
1,1,-2,12.2549,0.0,27,2,2
0,1,2,11.0021,0.1736,27,2,2
1,-1,-1,11.8494,0.0002,28,2,1
1,-2,-2,12.4684,-0.0005,35,2,1
0,-2,-2,12.6115,0.0051,40,2,1
0,-2,-2,13.1224,-0.0,36,2,2
0,-1,-1,11.8494,0.0184,34,2,1
1,2,2,12.5776,1.0402,49,2,3
0,0,0,12.7939,0.2536,27,2,1
0,0,0,9.9035,0.444,27,2,2
0,0,0,12.1548,0.6618,27,2,2
0,0,0,11.9184,0.2759,28,2,1
1,2,0,11.5129,0.0452,28,2,1
0,0,0,12.6443,0.0965,29,2,1
0,0,0,13.1224,0.1406,29,2,1
0,-1,-1,11.6952,0.0066,28,2,2
0,0,0,12.2061,0.6792,28,2,2
0,0,0,12.1007,0.0434,30,2,1
1,0,0,10.8198,0.9359,30,2,2
0,0,0,12.2549,0.2501,30,2,1
1,2,2,12.3458,0.9235,30,2,1
0,-2,-2,12.2061,0.0051,30,2,1
1,0,0,11.5129,1.0146,31,2,2
0,0,0,12.4292,0.684,31,2,2
0,-1,2,12.2061,0.0192,31,2,2
0,0,0,10.8198,0.0894,31,2,2
0,1,-1,12.0436,0.0,31,2,2
0,0,0,11.1563,0.8221,32,2,2
0,0,0,12.4684,0.1935,31,2,1
0,0,0,11.0021,0.9857,32,2,3
1,-2,-2,11.6952,0.0012,31,2,2
0,0,0,11.5129,0.7485,33,2,3
0,0,0,13.1224,0.3234,34,2,1
0,2,-1,12.3458,0.0025,34,2,2
0,0,0,12.7068,0.7659,34,2,5
0,-2,-2,12.7939,0.0109,35,2,1
0,1,-2,12.1007,0.0,44,2,2
1,0,0,12.1007,0.9733,35,2,3
0,0,0,11.8494,0.6062,35,2,2
0,1,2,12.4684,0.2241,37,2,1
0,-2,-2,12.3014,0.0,36,2,1
0,-1,-1,11.5129,0.0165,42,2,3
0,-1,-1,12.5425,0.0052,39,2,1
0,-1,-1,11.5129,0.0157,40,2,2
0,-1,0,12.5776,0.2538,46,2,3
0,0,0,12.7939,0.5633,48,2,1
0,0,0,12.5776,0.0272,46,2,3
0,0,0,11.0021,0.5456,39,2,2
1,0,0,11.2898,0.5204,44,2,1
0,0,0,12.1007,0.7388,42,2,2
0,-1,-1,12.2061,0.0023,37,2,1
0,-1,-1,12.0436,0.0147,44,2,1
0,-2,-2,13.567,0.1307,41,2,2
0,-1,-1,12.7367,0.4112,42,2,1
0,-2,-2,12.2061,0.1011,39,2,5
0,-1,-1,12.7657,0.0008,45,2,1
1,0,0,12.7939,1.0193,39,2,2
0,-1,0,11.7753,0.0195,41,2,2
0,-1,0,12.6443,0.2175,44,2,2
0,0,0,11.6082,0.9753,46,2,2
0,1,-1,12.4684,-0.0,44,2,2
0,-2,-2,12.5776,0.0272,44,2,1
0,-1,-1,12.2061,0.0069,37,2,1
1,0,0,11.7753,0.4164,40,2,2
0,0,0,11.0021,0.6498,28,2,1
0,0,0,9.9035,1.0651,30,2,2
0,0,-1,12.6115,0.0119,31,2,2
0,0,0,11.1563,1.7785,39,2,3
1,-1,2,12.3884,0.0022,35,2,2
0,-1,-1,11.0021,0.0926,29,2,1
0,1,-2,12.3884,0.0,28,2,1
0,-1,-1,12.2061,0.0008,29,2,3
0,0,0,13.1224,0.0944,31,2,1
1,0,0,11.8494,0.9922,28,2,2
0,0,0,12.2549,0.2007,29,2,2
0,-1,-1,12.3884,0.0008,31,2,2
0,-2,-2,12.3884,0.0,30,2,1
0,-2,2,11.9829,0.0259,28,2,1
0,0,0,10.8198,0.5778,29,2,1
0,-1,-1,12.8992,0.0417,29,2,1
0,-1,-1,12.9945,0.0526,29,2,2
0,0,0,11.9184,0.7653,30,2,1
1,1,-2,11.5129,0.0,27,2,2
0,-1,-1,11.6952,0.0041,32,2,1
0,3,2,10.8198,0.048,28,2,2
1,2,2,11.9184,0.789,32,2,1
0,-2,-2,12.7939,0.0069,30,2,1
0,0,0,12.4684,0.9481,29,2,2
1,0,0,12.3884,1.0171,43,2,2
0,0,0,12.1007,0.7841,41,2,2
0,-1,-1,12.2549,0.0105,42,2,2
0,-1,-1,11.1563,0.0318,34,2,2
0,0,0,13.1224,0.008,35,2,1
0,-1,0,13.1224,0.0605,48,2,2
0,0,0,12.1007,0.2838,28,2,1
0,0,0,11.6952,0.381,31,2,2
0,0,0,12.2061,0.0756,33,2,2
0,0,0,11.8494,0.6373,33,2,2
1,1,-2,9.9035,0.0,34,2,3
0,-1,-1,12.3014,0.0019,39,2,1
1,-2,-2,12.5776,0.015,32,2,1
0,-1,-1,12.4684,0.0007,37,2,2
0,0,0,12.3014,0.6142,34,2,1
0,2,2,11.2898,0.0142,40,2,3
0,0,0,11.9829,0.0844,41,2,2
0,0,0,13.1224,0.1617,37,2,1
0,-2,-2,12.3458,-0.0006,42,2,2
1,1,-2,11.6952,0.0,39,2,3
0,-2,-2,12.7939,0.0067,38,2,1
0,-1,-1,12.3014,0.0014,39,2,1
0,-1,2,11.6952,0.0099,32,2,1
0,-1,-1,12.7939,0.009,33,2,2
1,-1,-1,11.6952,0.0029,42,2,1
0,0,0,10.8198,0.5489,32,2,1
0,0,0,12.5776,0.9851,35,2,2
0,-1,0,12.3458,0.0049,38,2,2
0,1,-2,12.2061,0.0,36,2,1
0,0,0,12.8213,0.6764,48,2,6
0,0,0,10.8198,1.2026,40,1,2
0,-2,-2,10.8198,0.0,32,2,5
0,0,0,9.9035,0.9392,44,2,3
0,0,0,12.4684,0.5076,36,2,1
0,-1,-1,12.3458,0.0017,42,2,5
0,-1,-1,12.2061,0.0441,36,2,2
0,0,0,12.7367,0.0879,36,2,1
0,0,0,12.3014,0.3861,32,2,5
0,-1,-1,12.7367,0.0132,36,2,1
0,-1,-1,12.2061,0.0027,42,2,3
0,1,-2,12.1007,0.0,44,2,3
0,0,0,10.8198,0.4969,43,2,2
0,0,0,11.2898,0.965,38,2,1
0,-1,-1,11.9829,0.0071,31,2,2
0,0,0,11.2898,0.9703,48,2,2
1,-1,-1,10.309,0.0088,37,2,1
0,-2,-2,12.3458,0.0005,42,2,1
0,-1,-1,12.8992,0.009,42,2,2
0,1,-1,12.2061,-0.0005,42,2,3
1,2,0,9.9035,0.2718,46,2,2
0,-1,-1,12.2061,0.0191,38,2,1
0,-1,-1,11.8494,0.0107,34,2,1
0,0,0,12.7939,0.7515,29,2,1
0,1,-2,12.7939,-0.0,36,2,1
0,0,0,12.8739,0.4732,45,2,5
1,-2,-2,12.8739,-0.0,41,2,1
0,-1,-1,11.9829,0.0021,35,2,3
0,-2,-2,12.7367,0.008,44,2,1
0,-1,2,12.5425,0.003,36,2,1
0,-1,-1,13.1224,0.0424,42,2,1
0,0,0,11.0021,0.267,46,2,1
0,0,0,12.948,0.0353,37,2,2
0,0,0,11.9829,0.041,38,2,1
0,-1,-1,12.3458,0.0014,34,2,2
1,2,0,12.3458,0.5447,31,2,1
0,-2,-2,12.5425,0.0103,36,2,2
0,0,0,12.1007,0.0384,31,2,2
1,-2,-2,11.5129,0.019,40,2,1
0,0,-1,12.1007,0.0183,33,2,1
0,0,0,10.309,0.9738,46,2,5
0,0,0,12.6761,0.1449,39,2,2
0,0,0,13.2879,0.2181,39,2,3
0,-1,-1,11.7753,0.0434,38,2,2
0,-1,-1,11.7753,0.0105,33,2,1
0,1,-1,12.5425,0.001,41,2,2
0,0,0,11.4076,0.9977,40,2,2
0,-2,-2,12.6761,0.0032,30,2,2
0,0,0,11.9829,0.3986,31,2,2
0,-1,0,11.9184,0.6964,37,2,2
0,-1,0,10.5966,0.6818,48,2,2
0,0,0,12.1007,0.3803,31,2,3
0,0,0,13.2177,0.6122,39,2,2
0,1,2,10.8198,0.1361,45,2,1
1,0,0,12.3014,1.0118,36,2,1
0,-1,-1,12.7939,0.0259,40,2,2
0,0,0,12.4292,1.1113,35,2,2
0,0,0,12.7367,0.2792,46,2,1
0,-1,-1,12.1007,0.0067,44,2,1
1,2,2,10.309,0.8983,48,2,3
1,-1,-1,12.6115,0.2564,33,2,3
0,0,0,10.5966,0.1342,37,2,2
0,0,0,13.1224,0.0522,47,2,1
0,0,0,12.1007,0.3066,41,2,1
0,0,0,12.7657,0.3166,44,2,1
0,-2,-2,11.4076,0.0692,48,2,2
0,0,0,12.3884,1.0231,31,2,2
0,0,0,10.8198,0.8967,46,2,3
0,-1,2,12.3014,0.0063,33,2,1
0,0,0,12.1007,0.1439,38,2,2
0,-2,-2,12.8992,0.0372,37,2,4
1,3,2,12.3014,0.0114,42,2,1
0,-1,-1,12.1007,0.0048,48,2,6
1,0,0,11.2898,0.495,38,2,3
0,0,0,12.7939,0.5523,37,2,1
0,0,0,12.0436,0.9644,49,2,1
0,-2,-2,11.7753,0.0,48,2,2
0,0,0,12.5776,0.746,30,2,1
0,0,0,11.4076,0.8789,32,2,2
0,0,0,11.7753,0.0964,32,2,3
0,1,-1,11.8494,0.0,48,2,1
0,0,0,13.1422,0.2228,48,2,2
0,-1,-1,10.8198,0.0416,39,2,1
0,-1,-1,12.2061,0.0074,40,2,1
0,0,0,12.2061,0.415,37,2,1
0,0,0,12.8992,0.1734,36,2,2
0,-1,-1,12.6443,0.0059,35,2,1
0,0,0,12.2549,0.2415,46,2,1
0,0,0,11.4076,0.8598,33,2,2
0,-1,0,12.5062,0.0341,31,2,1
1,0,0,10.309,1.0079,39,2,3
0,0,0,10.309,0.6687,41,2,2
0,-1,-1,12.2549,0.0136,36,2,2
0,0,0,11.6082,0.9511,43,2,1
0,1,-2,11.9829,0.0,42,2,2
0,0,0,12.8479,0.0711,30,2,1
0,-2,-2,11.8494,0.0068,33,2,1
0,0,0,12.4292,0.6653,44,2,3
0,-1,-1,11.9184,0.0114,39,2,1
1,2,2,12.3458,0.8967,43,2,2
1,-2,-2,12.3014,0.0,49,2,1
0,1,2,11.0021,0.5168,39,2,3
1,0,0,10.8198,0.923,41,2,5
0,1,-2,12.6115,0.0,40,2,2
0,-2,-2,12.6761,0.008,41,2,2
0,-2,-2,12.4292,0.0013,43,2,1
0,-1,-1,12.2061,0.0043,42,2,3
0,-1,-1,11.6082,0.0335,36,2,3
0,0,0,10.8198,0.7252,46,2,3
0,1,-1,12.6115,0.0,45,2,4
0,1,2,10.8198,0.5272,33,2,5
0,-1,-1,12.3458,0.0007,42,2,3
1,-1,-1,10.309,0.0176,36,2,2
0,3,2,10.309,0.0553,41,2,2
0,0,0,12.5776,0.0165,41,2,2
0,-2,-2,12.2549,0.0011,47,2,1
0,-1,-1,12.2061,0.0041,46,2,2
0,-2,-2,11.9184,0.0735,41,2,2
0,0,0,11.6082,0.1986,45,2,1
1,2,0,9.9035,0.657,43,2,2
0,0,0,12.7939,0.2199,28,2,1
0,0,0,12.3458,0.7192,35,2,1
0,0,0,11.0021,0.4588,38,2,2
0,0,0,13.0605,0.4531,45,2,2
0,0,0,11.6952,0.4962,29,2,1
0,0,0,10.8198,0.8331,35,2,2
0,1,-1,11.8494,0.0,40,2,1
0,-1,-1,13.1224,0.0217,39,2,1
1,-2,-2,12.8992,0.1092,41,2,2
0,0,0,12.6443,0.2824,34,2,2
1,0,0,12.6761,0.9502,42,2,1
0,-1,-1,12.7068,0.0334,41,2,1
0,0,0,12.3884,0.9666,38,2,2
0,-2,-2,12.5776,0.0307,36,2,2
0,-1,-1,11.9184,0.0676,39,2,1
0,0,0,10.8198,0.1149,34,2,2
0,0,0,12.2549,0.0141,37,2,1
0,-2,-2,11.9184,0.0959,38,2,1
0,-1,2,12.2549,0.0028,46,2,2
0,0,-1,12.1007,0.1916,40,2,1
1,1,-2,12.7939,0.0,33,2,1
0,-1,0,12.3014,0.8156,33,2,3
0,1,-1,11.9829,0.0,40,2,2
0,0,0,13.1224,0.0766,40,2,3
0,2,2,11.5129,1.0079,43,2,3
1,-2,-2,11.2898,0.0121,47,2,2
1,-2,-2,12.7939,0.0,35,2,2
0,0,0,12.3458,0.9782,49,2,3
0,-2,-2,12.1007,0.025,33,2,1
1,0,0,12.2061,1.0152,44,2,1
0,0,0,11.0021,1.0041,45,2,2
0,0,0,12.5425,0.6109,35,2,1
1,-1,-1,11.2898,0.005,48,2,3
0,1,-2,12.2061,0.0,40,2,1
0,0,0,10.8198,0.0959,37,2,2
0,-1,-1,13.039,0.0314,34,2,1
0,-1,-1,12.3014,0.0126,34,2,1
0,-1,0,12.0436,0.0023,37,2,1
0,0,0,10.8198,0.208,41,2,2
0,0,0,12.2549,0.4263,44,2,1
0,1,2,9.9035,0.485,31,2,2
0,-2,-2,12.3458,0.0012,46,2,1
0,-1,0,12.8739,0.1202,32,2,1
0,0,0,12.1007,0.1017,34,2,2
0,1,-2,11.7753,0.0,33,2,3
0,-2,-2,12.4292,0.0011,43,2,3
1,-1,-1,13.1224,0.0134,37,2,1
0,0,0,12.3884,1.4096,40,2,1
0,-2,-2,12.5062,0.0114,39,2,2
0,-2,-2,13.017,0.0248,44,2,3
1,0,0,12.5425,0.2713,33,2,3
0,-1,-1,12.0436,0.0205,42,2,1
0,-1,-1,12.5425,0.0953,30,2,1
0,0,0,12.0436,0.2243,43,2,2
0,0,0,12.2061,0.0957,37,2,1
0,0,0,12.8479,0.2364,33,2,1
0,-2,-2,13.1224,0.001,44,2,1
0,0,0,10.5966,0.8934,29,2,1
1,2,0,11.9184,0.8217,29,2,2
0,0,0,12.3014,0.1647,34,2,2
0,0,0,12.2061,0.9091,29,2,1
0,-2,-2,12.7939,0.0,43,2,1
0,-1,-1,11.5129,0.0091,36,2,1
1,0,0,12.948,0.3773,34,2,2
0,1,-2,12.2061,0.0,39,2,1
1,0,0,12.6443,0.962,36,2,2
0,0,0,12.1007,0.2317,34,2,2
0,-1,-1,13.1224,0.0107,32,2,5
0,-2,-2,12.3458,0.0,35,2,1
0,0,0,10.8198,1.0568,40,2,1
0,1,2,12.4292,0.066,40,2,1
0,1,2,11.9184,0.1515,31,2,2
0,0,0,10.8198,0.0487,34,2,2
1,0,0,11.5129,0.7739,35,2,2
1,2,2,11.6082,0.3603,42,2,2
0,0,0,12.2549,0.3639,38,2,2
0,-2,-2,11.9184,0.0128,45,2,1
0,1,-1,11.2898,-0.0008,44,2,1
1,-2,-1,12.2061,-0.0056,48,2,2
1,2,2,11.9184,0.3689,35,2,1
0,-2,-1,11.5129,0.1014,39,2,3
0,0,0,11.6082,0.4237,32,2,1
0,0,0,12.3884,0.4164,33,2,1
0,-2,-2,11.2898,0.0,42,2,3
1,0,0,12.1007,0.0303,35,2,1
0,1,-2,12.1007,0.0,35,2,2
0,-2,-2,12.8992,-0.0007,31,2,1
0,0,0,12.4684,0.7518,41,2,2
1,-1,3,11.9829,0.0116,47,2,2
0,0,0,12.3884,0.0325,34,2,2
0,-2,-2,12.4684,0.0,35,2,1
0,0,0,11.9829,0.9977,38,2,2
0,0,0,11.2898,0.8256,43,2,3
1,0,0,13.0815,0.2054,39,2,1
0,0,0,12.5062,0.181,41,2,3
1,2,0,11.5129,0.4063,40,2,2
0,-1,-1,12.6115,0.0013,40,2,3
0,-1,-1,13.017,0.0121,40,2,3
0,1,-2,12.7939,0.0,43,2,1
0,0,0,12.0436,0.7912,40,2,2
0,0,0,10.8198,0.9606,36,2,3
1,0,0,10.8198,0.3397,30,2,3
1,1,2,12.3884,0.0288,31,2,2
0,0,0,12.9945,0.0147,34,2,2
0,2,0,12.1007,0.9338,35,2,2
0,-2,-2,11.8494,0.0,40,2,2
0,1,-1,11.9184,0.0,34,2,1
0,0,0,11.5129,1.0021,35,2,2
0,0,0,12.1548,0.6531,40,2,2
0,1,-1,12.2061,0.0,40,2,1
0,0,0,12.4684,0.606,41,2,1
1,1,2,13.2708,0.7243,34,2,2
0,0,0,11.5129,1.0151,36,2,2
0,-1,-1,12.8992,0.0093,40,2,1
0,-2,-1,12.7657,0.0701,32,2,1
1,2,2,11.8494,0.6474,43,2,2
0,-1,-1,11.4076,0.0203,46,2,2
1,1,-1,12.1007,0.0,40,2,1
0,-2,-2,11.9184,0.0218,41,2,1
1,-2,-2,12.2061,0.0,40,2,1
0,0,0,12.8739,0.9222,39,2,2
1,-1,-1,12.1007,0.0023,28,2,2
0,1,2,11.4076,0.0644,28,2,1
0,0,0,12.3884,0.3386,29,2,2
1,-1,-1,12.6761,0.001,28,2,1
1,2,3,11.4076,0.9847,28,2,1
0,-1,-1,12.2061,0.0293,40,2,1
1,-1,-1,12.2549,0.0009,41,2,1
1,3,2,11.9829,1.0411,31,2,2
0,0,0,11.5129,0.7701,28,2,1
0,0,0,12.3884,0.987,29,2,1
0,0,0,10.8198,0.2433,50,2,3
0,0,0,10.8198,0.4391,50,2,2
1,0,0,9.9035,0.5124,52,2,3
0,-1,-1,12.6761,0.0028,50,2,1
1,-1,-1,11.0021,0.0468,50,2,3
0,-2,-2,12.3458,0.0045,49,2,1
0,-1,-1,12.0436,0.0116,50,2,1
0,1,2,12.8992,0.0232,49,2,1
0,-1,-1,12.2061,0.0197,50,2,3
0,-2,-2,12.4292,0.7734,50,2,3
1,0,0,13.039,1.2637,50,2,2
0,0,-1,9.2103,0.1083,54,2,3
0,0,0,10.8198,0.6514,50,2,2
1,-2,-2,11.9184,0.0,50,2,2
0,0,0,12.5776,0.9407,50,2,2
0,0,0,10.8198,0.1462,58,2,3
0,0,0,11.6952,0.487,65,2,3
0,-1,-1,12.4292,0.0018,53,2,1
1,-2,-2,13.1224,0.0,54,2,3
0,0,0,11.9829,0.5386,55,2,2
0,1,2,11.0021,0.4376,58,2,3
1,1,4,9.2103,0.8546,52,2,2
0,1,-1,9.9035,0.0,50,2,2
1,0,0,11.2898,0.5341,51,2,2
0,0,0,11.5129,1.0189,57,2,3
0,2,2,10.309,1.1882,53,2,3
0,0,0,12.3458,0.6437,53,2,2
1,-2,-2,12.7939,0.0,53,2,3
0,0,0,10.309,0.9321,52,2,3
0,0,0,12.6115,0.9772,52,2,3
0,0,0,11.6082,0.755,64,2,3
0,-2,-2,13.017,0.0056,54,2,1
0,0,0,12.7068,0.8698,53,2,3
0,2,0,12.3884,0.3008,55,2,2
0,0,0,11.5129,0.1705,55,2,3
0,0,0,10.309,0.9754,56,2,3
0,0,0,11.6952,0.9114,50,2,3
0,-1,-1,12.6443,0.001,50,2,2
0,-2,-2,12.5776,0.0,51,2,1
0,-2,-2,12.3458,0.0043,52,2,3
0,0,0,12.5062,0.16,52,2,2
0,0,0,11.9829,0.9814,52,2,5
0,2,2,12.5425,0.9242,51,2,2
1,1,2,9.9035,0.7465,54,2,2
0,-1,-1,12.8992,0.3849,55,2,1
0,0,-1,10.8198,0.5248,56,2,3
0,0,0,11.7753,0.3897,52,2,2
0,1,2,11.5129,0.2862,56,2,3
0,-1,-1,12.8992,0.0013,55,2,2
1,1,-2,11.6952,-0.0017,54,2,2
1,1,2,12.2061,1.0155,58,2,1
0,1,-2,12.4684,0.0,55,2,1
0,0,0,11.6082,0.31,56,2,1
1,-2,-2,12.4684,0.0,65,2,3
0,1,-2,12.3014,0.0,56,2,1
0,0,0,11.0021,0.4701,61,2,3
0,-1,-1,11.8494,0.0793,56,2,3
0,0,0,11.5129,0.1647,50,2,3
0,1,-1,12.7939,-0.0001,51,2,2
0,-1,-1,11.9829,0.0029,52,2,2
1,1,2,10.309,1.1368,52,2,2
0,0,0,12.2061,1.4506,52,2,2
0,0,0,12.7068,0.3964,59,2,2
0,-1,0,11.2898,0.0176,56,2,3
1,0,0,11.8494,0.972,56,2,1
0,-2,-1,12.5062,0.0076,55,2,3
0,0,0,11.4076,1.0125,50,2,3
0,-1,-1,11.6952,0.0548,50,2,3
0,0,0,10.8198,0.9814,50,2,2
0,-2,-2,12.6761,0.002,52,2,3
0,0,0,11.2898,0.6169,56,2,2
0,-2,-2,12.1007,0.0,58,2,2
0,0,0,11.0021,0.6465,51,2,2
0,0,0,12.9945,0.6675,54,2,1
1,1,-1,10.8198,0.0,50,2,3
0,-2,-2,11.9829,0.0119,50,2,1
0,1,2,10.8198,0.0949,51,2,2
1,2,2,10.8198,1.0105,57,2,3
1,1,3,11.8494,0.1283,54,2,1
0,0,0,11.2898,1.0037,57,2,3
0,-2,-2,12.6115,0.0,53,2,3
0,0,0,10.5966,0.3505,60,2,3
1,0,0,10.309,1.2955,54,2,2
1,-2,-2,12.6115,0.0,50,2,3
1,3,2,9.9035,0.4402,59,2,2
0,0,0,9.9035,0.6772,54,2,3
0,0,0,11.8494,0.8819,56,2,2
1,2,-1,12.2061,0.0028,49,2,3
0,-1,2,12.2061,0.0104,50,2,1
0,-1,-1,12.8992,0.04,50,2,2
0,1,2,12.5776,0.5985,50,2,3
0,0,0,12.2549,0.4223,53,2,3
0,0,0,10.8198,0.9227,54,2,2
0,0,0,9.9035,0.5736,56,2,3
0,-1,-1,12.7939,0.0124,54,2,1
1,2,0,11.1563,1.0094,53,2,3
0,1,2,11.2898,1.0363,52,2,2
0,-2,-2,12.3458,0.0,66,2,3
0,0,0,10.309,0.6543,52,2,2
0,0,0,13.1224,0.1534,52,2,1
0,1,-1,12.4684,0.0,51,2,1
1,-2,-2,12.7068,0.0027,58,2,1
0,-2,-2,12.7657,0.0,59,2,1
0,-2,-2,12.2061,0.0,50,2,5
0,0,0,11.7753,0.9539,52,2,2
0,-1,-1,13.3212,0.0173,50,2,3
0,0,0,12.7068,0.6311,51,2,2
1,2,2,11.1563,0.6116,51,2,2
0,0,0,11.6082,1.0114,51,2,3
0,0,0,11.6952,0.9774,51,2,1
0,-2,-2,13.0815,0.2193,52,2,1
0,0,0,11.2898,1.1102,52,2,2
0,-1,-1,12.2061,0.0848,52,2,1
0,0,0,9.9035,0.5578,51,2,2
1,-1,0,12.3458,0.7978,70,2,3
0,0,0,10.5966,0.799,52,2,3
0,-2,-2,12.7657,0.0056,56,2,2
0,-1,-1,12.7939,0.0026,56,2,2
0,2,2,10.309,0.9314,67,2,3
1,2,0,12.7939,0.981,61,2,2
1,3,2,10.309,0.065,60,2,3
1,1,2,11.6952,1.0142,61,2,3
0,0,0,9.9035,0.9887,56,2,3
1,3,2,11.8494,0.0032,56,2,1
1,1,2,9.9035,0.9664,59,2,2
0,0,0,11.2898,0.8565,54,2,3
0,1,-2,12.7939,0.0,56,2,3
0,0,0,10.8198,0.913,56,2,3
0,-1,-1,11.9184,0.0943,55,2,1
0,2,4,9.9035,0.8737,53,2,2
1,2,2,9.2103,0.9917,53,2,3
0,-2,-1,11.5129,0.0039,56,2,2
1,-2,-2,12.7939,0.0,73,2,3
0,-2,-2,12.0436,0.0046,53,2,2
0,0,0,11.1563,0.9781,55,2,3
0,0,0,10.309,0.2872,53,2,3
1,0,0,11.2898,0.9787,54,2,1
0,0,0,11.5129,0.9807,58,2,3
1,1,3,9.9035,0.453,56,2,3
1,1,2,11.0021,0.1456,53,2,2
0,0,0,13.1422,0.3668,61,2,3
0,-1,-1,12.4684,0.0375,54,2,3
0,-2,-2,12.7939,0.0,64,2,1
0,-2,-2,12.6115,0.0258,53,2,2
0,0,0,11.9829,0.495,74,2,3
1,3,2,12.3884,0.0104,56,2,2
0,2,0,11.9184,1.0184,58,2,3
0,-1,-1,11.4076,0.0215,60,2,3
1,-2,-2,13.1224,0.0,73,2,2
1,2,2,11.8494,0.8077,60,2,2
0,0,0,12.0436,0.9615,57,2,3
0,-2,-2,12.5425,0.0154,56,2,1
0,0,0,10.309,0.8687,30,1,1
1,-1,-1,11.6952,0.0054,34,1,1
0,2,0,10.8198,0.2748,55,2,3
0,0,0,11.2898,0.7574,41,1,2
0,0,0,12.1007,0.9864,29,1,2
0,1,-1,12.8992,0.0023,26,1,2
1,0,0,10.8198,0.2652,28,1,1
0,0,0,11.0021,0.2842,24,1,3
0,-2,-2,12.2061,0.0688,29,1,2
1,0,-1,10.8198,1.0017,29,1,1
1,0,0,9.9035,0.8033,28,1,3
0,0,0,11.7753,0.1938,22,1,2
0,-1,5,9.2103,1.016,22,1,2
0,0,0,10.8198,1.0069,26,1,3
0,0,0,9.2103,0.7521,24,1,2
0,-1,0,12.2061,0.0159,27,1,3
0,0,0,9.2103,0.9457,27,1,2
0,0,0,10.8198,0.7937,25,1,3
1,1,2,9.9035,0.854,23,1,2
1,0,0,9.2103,0.9473,22,1,3
0,0,0,11.5129,0.9447,35,1,3
0,0,0,10.8198,0.9968,23,1,2
0,0,0,10.8198,0.9385,23,1,2
0,0,0,10.8198,0.223,23,1,2
0,-1,0,11.9829,0.0422,23,1,1
0,0,0,9.2103,0.6927,23,1,1
0,0,-1,9.9035,0.316,23,1,2
1,1,2,9.9035,0.9849,22,1,2
0,0,0,10.8198,1.0232,22,1,2
0,0,0,11.4076,0.4221,24,1,2
1,2,2,9.9035,0.2633,24,1,2
1,1,2,9.9035,0.3348,24,1,1
0,0,0,10.8198,1.0035,23,1,2
0,0,0,9.2103,0.8604,23,1,3
0,-1,-1,11.9184,0.0634,24,1,2
0,0,0,11.0021,0.97,24,1,2
0,0,0,9.9035,0.1928,25,1,2
0,1,-2,9.2103,0.0,23,1,1
0,0,0,9.9035,0.9418,24,1,2
0,0,0,9.2103,0.776,24,1,1
0,0,0,9.2103,1.0041,23,1,2
0,2,0,9.9035,0.8397,24,1,2
0,-1,-1,10.8198,0.0196,23,1,1
0,0,0,9.9035,0.217,22,1,2
0,-1,0,10.8198,0.134,24,1,2
0,0,0,9.2103,0.7545,23,1,2
0,0,0,10.8198,0.3737,24,1,2
0,0,0,10.309,0.3693,24,1,1
0,1,-2,12.4292,0.0,24,1,2
0,0,0,10.8198,0.9882,24,1,2
1,0,0,10.8198,0.4529,23,1,2
1,0,0,9.2103,0.2427,23,1,2
0,0,0,9.9035,0.8497,23,1,2
1,0,0,9.9035,0.9482,23,1,2
0,0,0,10.8198,1.0102,23,1,2
0,1,2,10.8198,1.0129,24,1,3
0,0,0,9.9035,0.797,24,1,2
1,-2,-2,11.6082,0.003,24,1,2
0,0,0,9.9035,0.591,23,1,1
1,-1,-1,10.8198,0.0078,24,1,2
0,0,0,10.8198,0.8759,25,1,2
0,1,-1,11.8494,0.0,25,1,2
0,0,0,10.8198,0.9411,25,1,1
0,1,-2,9.2103,0.0,25,1,2
1,1,2,11.1563,0.9921,25,1,3
1,0,0,9.9035,0.7494,25,1,2
1,3,2,9.9035,0.0825,25,1,3
1,1,2,9.9035,0.9442,25,1,2
0,0,0,9.9035,0.8964,25,1,2
0,0,0,11.0021,0.6469,26,1,2
0,0,0,10.8198,0.9482,25,1,2
1,0,0,10.8198,0.9801,25,1,2
1,0,0,10.309,0.3785,25,1,2
0,0,0,9.9035,0.9719,24,1,3
1,0,0,10.8198,0.4127,25,1,2
0,1,2,11.1563,0.4648,24,1,2
0,0,0,11.1563,0.173,24,1,1
0,0,0,9.9035,0.6714,25,1,2
1,-1,0,9.2103,0.4812,23,1,2
0,0,0,9.2103,0.2736,24,1,3
0,-1,2,11.2898,0.0132,23,1,3
0,-1,0,11.0021,0.0199,25,1,1
0,-1,-1,12.1007,0.0022,26,1,2
0,-1,-1,12.6115,0.0046,27,1,2
0,0,0,11.1563,0.9242,26,1,2
1,3,3,10.8198,0.5875,26,1,2
0,0,0,11.6952,0.1339,26,1,2
1,0,0,10.8198,1.0084,26,1,3
0,-1,-1,12.0436,0.0159,27,1,2
0,-1,-1,12.0436,0.0042,27,1,2
0,1,2,10.8198,0.7181,27,1,2
0,0,0,12.1007,0.9889,23,1,1
0,2,0,11.2898,0.3968,26,1,2
0,0,0,10.8198,0.9801,26,1,3
0,0,0,12.5776,0.3409,27,1,2
1,0,0,11.9829,0.7001,27,1,2
0,-1,-1,11.9829,0.002,27,1,1
0,0,0,12.8739,0.1536,27,1,1
1,1,2,9.2103,0.9737,25,1,3
0,0,-1,11.2898,0.1112,25,2,1
0,0,0,11.9829,0.5359,25,1,1
0,0,0,11.2898,0.7101,26,1,1
0,0,0,12.7939,0.263,26,1,2
1,1,2,12.2061,0.2902,26,1,2
0,0,0,11.0021,0.9412,25,1,2
0,0,0,11.6082,0.5561,26,1,2
0,0,0,11.4076,0.6801,26,1,1
1,2,0,10.8198,0.9929,26,1,3
0,0,0,12.1007,1.182,27,1,1
1,2,3,10.309,0.7134,25,1,2
1,-1,-1,10.8198,0.1943,25,1,1
0,0,0,10.8198,0.3853,24,1,2
0,2,2,11.6952,0.9092,26,1,2
0,0,0,11.0021,0.9746,25,1,1
0,0,-1,11.1563,0.4957,25,1,2
0,0,0,10.8198,0.5885,25,1,2
0,0,0,12.3884,0.1032,26,1,2
1,2,2,12.2061,0.7383,25,1,2
0,0,0,10.8198,0.8352,25,1,1
0,0,0,12.5776,0.6786,26,1,1
0,1,-1,10.309,-0.0062,26,1,2
0,0,0,12.5776,0.1588,26,1,2
0,0,0,10.8198,1.0037,25,1,3
0,-1,-1,10.8198,0.0116,26,1,2
0,-1,0,12.6443,0.1527,26,1,1
0,0,0,11.6952,0.8435,26,1,2
1,1,3,11.8494,1.043,26,1,2
0,0,0,10.8198,0.4801,26,1,3
1,0,0,9.2103,0.1198,26,1,2
1,2,2,11.6082,0.8015,30,1,2
0,0,0,9.9035,0.7288,29,1,3
0,0,0,10.8198,0.8956,26,1,2
0,-2,-2,12.3458,-0.0,26,1,2
0,1,-2,11.2898,0.0,27,1,3
0,0,0,10.309,0.9446,26,1,3
0,0,0,11.5129,1.8885,28,1,2
0,-1,-1,12.5425,0.0025,26,1,4
0,0,0,11.6082,0.5929,26,1,1
0,0,0,11.6082,0.4772,26,1,2
0,1,3,10.5966,1.0233,27,1,2
0,0,0,12.1007,0.132,26,1,1
0,0,0,10.8198,1.0126,26,1,3
0,0,0,10.8198,1.0116,27,1,2
0,0,0,10.8198,0.9707,27,1,3
0,0,0,11.4076,0.239,27,1,1
0,0,0,11.2898,0.8386,26,1,1
1,-2,-2,11.4076,0.0318,26,1,4
0,0,0,10.8198,0.2915,26,1,1
0,-1,-1,11.5129,0.0187,26,1,1
0,0,0,12.8739,0.0572,41,1,2
0,0,0,11.1563,0.268,26,1,2
0,0,0,11.5129,0.0923,27,1,1
0,0,0,12.2549,0.4318,27,1,2
0,-1,0,9.2103,0.5002,27,1,2
0,-2,-2,12.6443,0.0069,26,1,2
1,6,5,10.309,1.106,26,1,2
0,1,-2,11.7753,0.0,27,1,1
0,-1,-1,9.9035,0.0272,27,1,6
0,0,0,10.8198,0.1056,28,1,2
1,1,2,10.309,0.7263,24,1,2
0,0,0,11.8494,0.5739,26,1,2
0,0,0,11.1563,0.6173,27,1,1
1,1,2,9.9035,0.8784,27,1,2
0,0,0,12.8992,0.0084,27,1,1
0,1,6,9.9035,0.9694,27,1,2
0,0,0,9.2103,0.8907,27,1,1
0,0,0,11.0021,0.0895,27,1,1
0,-2,-2,12.1007,0.0143,28,1,1
0,0,0,10.8198,0.9828,28,1,2
1,0,0,11.4076,0.1771,28,1,3
0,0,0,12.8739,0.508,28,1,2
1,0,0,10.309,0.6454,29,1,2
1,1,2,12.2061,0.0394,29,1,1
1,1,2,9.9035,0.4234,28,1,1
0,1,3,11.1563,1.0372,28,1,1
0,0,0,11.2898,0.7892,27,1,1
0,-1,-1,11.2898,0.0275,27,1,1
1,0,0,11.6082,0.0983,28,1,2
0,-1,2,12.6443,0.0006,28,1,3
0,0,0,11.2898,1.0106,28,1,1
0,-1,-1,12.8739,0.0171,29,1,2
0,-2,-2,9.9035,-0.0004,22,1,1
0,0,0,10.8198,0.2182,24,1,2
1,3,2,9.9035,0.015,26,1,2
0,0,0,10.309,0.8664,26,1,2
0,0,0,12.0436,0.0425,26,1,2
0,0,-1,12.6761,0.0181,28,1,2
0,0,0,12.2061,0.6863,27,1,2
0,0,0,10.8198,0.35,27,1,3
0,0,0,12.1007,0.64,29,1,1
0,0,0,12.5776,0.1451,29,1,2
0,1,-2,12.4684,0.0,28,1,2
0,-2,-2,12.0436,0.0129,27,1,1
1,-2,-2,12.5776,0.0012,28,1,1
0,0,0,11.6952,0.7723,28,1,2
1,0,0,12.5776,0.0221,28,1,1
0,0,0,9.2103,0.5703,27,1,1
0,-1,2,11.9829,0.0033,28,1,2
0,0,0,9.9035,0.947,28,1,2
0,1,2,12.2061,0.9971,29,1,1
0,0,0,12.2061,0.1243,30,1,3
0,0,0,11.7753,0.6506,27,1,2
0,0,0,12.3458,0.1155,28,1,2
0,-2,-2,11.8494,0.0067,28,1,1
0,-1,-1,12.5425,0.0046,27,1,1
0,0,0,10.8198,0.2923,27,1,1
0,0,0,9.9035,0.6117,28,1,2
0,0,0,11.9184,0.8892,27,1,5
1,1,-2,12.2061,0.0,29,1,1
0,0,0,12.948,0.0384,29,1,1
0,0,0,9.2103,0.2944,29,1,3
0,0,0,13.1224,0.5152,28,1,2
0,0,0,11.9184,1.047,28,1,2
0,0,0,12.3884,0.9473,28,1,1
0,-1,-1,11.1563,0.0663,28,1,1
0,0,0,11.1563,0.8254,29,1,2
0,-2,-2,12.3458,-0.0003,28,1,2
0,-1,-1,12.2061,0.0288,28,1,1
0,0,0,10.8198,0.9298,29,1,1
0,-2,-2,12.6115,0.0072,29,1,1
0,0,0,11.7753,0.4485,29,1,2
0,0,0,13.3212,0.0147,29,1,3
0,0,0,11.6952,0.9642,29,1,2
0,0,0,11.0021,0.983,27,1,2
0,0,0,10.8198,0.5764,29,1,2
1,1,2,10.8198,0.8787,29,1,3
0,0,0,9.9035,0.9541,30,1,2
0,-2,-1,12.6115,0.003,30,1,2
0,1,1,10.8198,0.864,31,1,3
0,1,2,11.7753,0.9133,29,1,1
1,2,4,11.5129,0.899,30,1,2
0,0,0,11.7753,0.7811,28,1,2
0,-1,-1,10.309,0.013,29,1,2
0,0,0,9.2103,0.8099,29,1,2
0,0,0,10.8198,0.9718,28,1,2
1,3,2,9.2103,0.105,30,1,2
0,0,0,12.3458,0.5006,30,1,2
0,-1,-1,12.2549,0.0039,30,1,2
0,-2,-2,11.8494,0.019,30,1,5
0,0,0,10.8198,0.9507,31,1,2
0,-1,0,12.6443,0.1578,30,1,1
0,0,0,11.2898,0.8041,30,1,2
0,-1,-1,13.1224,0.0121,30,1,1
0,0,0,11.2898,0.6305,26,1,2
1,-1,3,11.6952,0.0153,28,1,3
0,0,0,10.8198,0.9051,26,1,2
0,0,0,10.8198,0.3279,30,1,2
0,-2,-2,12.2061,0.016,30,1,1
0,-1,0,10.8198,0.0276,30,1,2
0,-1,2,11.7753,0.006,30,1,2
0,0,0,12.3884,0.7565,28,1,1
0,0,-1,12.1007,0.0544,28,1,1
0,0,0,9.9035,0.5463,28,1,2
1,1,2,11.8494,0.2252,28,1,1
0,-1,-1,11.9829,0.0031,29,1,1
0,-2,-2,12.5425,0.0381,29,1,1
0,-1,-1,11.2898,0.0025,28,1,1
0,0,0,11.8494,0.1039,29,1,2
0,0,0,12.6115,0.7912,30,1,1
0,0,0,11.9184,0.7902,27,1,2
0,-2,-2,12.3884,0.0,27,1,5
1,-2,-2,11.5129,0.0039,29,1,1
0,0,0,11.5129,0.2787,30,1,2
0,0,0,12.3014,0.0716,30,1,2
1,0,0,10.8198,0.1922,30,1,3
0,-1,2,11.6952,0.0125,30,1,1
0,-2,-2,12.5425,-0.0,31,1,1
0,1,-1,12.2061,0.0,30,1,1
1,2,2,9.2103,0.5948,29,1,2
1,0,0,9.2103,0.8107,30,1,2
0,0,0,10.8198,0.105,29,1,1
1,0,0,11.1563,0.0333,30,1,1
0,1,-2,9.9035,-0.015,30,1,2
0,0,0,11.8494,0.6451,30,1,1
0,0,0,12.2061,0.5157,46,1,4
0,-1,0,12.5425,0.0815,42,1,2
0,1,2,11.1563,1.0565,45,1,1
0,0,0,12.2549,0.0446,26,1,2
0,0,0,10.8198,0.9566,27,1,5
0,0,0,11.9184,0.57,27,1,1
0,0,0,11.6952,0.0669,28,1,2
1,-1,-1,12.2061,0.0093,28,1,1
0,-1,0,12.948,0.074,31,1,1
0,1,2,10.8198,0.1186,29,1,1
0,0,0,12.5062,0.0353,31,1,1
0,-1,-1,11.7753,0.0175,31,1,2
0,0,0,12.2549,0.395,31,1,1
0,1,-1,12.3884,0.0,31,1,2
0,0,0,12.4684,0.1071,30,1,1
0,-1,-1,12.4292,0.3173,32,1,2
0,-1,-1,11.9184,0.0035,31,1,2
0,0,0,11.8494,0.9145,31,1,1
0,0,0,11.0021,0.7216,34,1,3
0,0,0,13.1224,0.2672,39,1,1
1,3,2,10.8198,0.4231,37,1,2
0,0,0,10.8198,0.3768,42,1,3
0,0,0,11.8494,0.9158,33,1,1
0,0,0,9.9035,0.8177,32,1,2
0,-1,-1,12.7939,0.007,38,1,1
0,0,0,9.2103,1.04,41,1,3
1,0,0,12.2061,0.26,41,1,2
0,-1,-1,12.8992,0.0084,38,1,2
1,0,0,12.1007,0.0372,32,1,1
0,0,0,12.3014,0.8814,41,1,3
0,0,-1,10.8198,0.1068,45,1,3
0,0,0,11.5129,0.945,45,1,5
0,0,0,10.8198,1.0226,47,1,2
0,-2,-2,12.6761,0.0817,28,1,1
1,1,-2,12.6761,-0.0188,31,1,1
0,-1,2,12.6443,0.0151,31,1,2
0,2,4,11.5129,0.6029,33,1,2
0,0,0,12.6761,0.2248,34,1,1
0,0,0,12.5425,0.1973,34,1,2
0,-1,-1,11.2898,0.0212,35,1,2
1,1,2,12.2061,0.752,41,1,1
0,0,0,11.1563,0.3364,37,1,2
0,0,0,10.8198,0.9539,40,1,1
1,2,2,9.2103,0.477,42,1,2
0,-1,-1,12.6115,0.0064,43,1,1
0,-2,-2,12.2549,0.062,39,1,3
1,1,2,11.0021,0.4751,36,1,1
0,1,2,9.9035,0.7415,40,1,2
0,0,0,10.8198,0.7178,42,1,2
0,0,0,11.5129,0.6618,39,1,2
0,-1,0,12.2061,0.0921,43,1,1
0,0,0,12.3884,0.4277,34,1,1
0,0,0,12.2061,0.5329,41,1,2
0,0,0,11.7753,0.1515,39,1,2
1,1,-2,11.7753,0.0,28,1,1
1,-1,-1,10.8198,0.0188,45,1,2
0,0,0,10.309,0.8914,32,1,2
0,0,0,11.7753,0.9969,29,1,3
1,0,0,9.2103,0.9592,46,1,3
1,-1,-1,11.1563,0.0056,33,1,2
0,0,0,11.9184,0.6726,37,1,2
1,0,0,11.6952,0.97,38,1,2
0,0,0,11.5129,0.5843,48,1,3
1,0,0,10.8198,0.9819,34,1,3
0,-2,-1,12.2549,0.0258,40,1,1
0,0,0,10.8198,0.9726,29,1,2
1,3,2,10.8198,0.048,36,1,2
1,1,2,10.309,0.8112,42,1,3
0,-1,-1,13.1224,0.0014,33,1,2
0,0,0,11.0021,1.0258,46,1,3
0,-1,-1,12.1007,0.004,39,1,2
0,0,0,9.9035,0.7093,47,1,2
0,1,-1,10.8198,0.0,42,1,2
0,0,-1,11.5129,0.0147,38,1,2
1,1,-2,12.3884,0.0,34,1,1
0,-1,-1,12.0436,0.0468,34,1,2
0,1,2,10.8198,0.9879,36,1,1
0,0,0,11.9184,0.9807,30,1,1
0,1,2,9.9035,0.8056,34,1,2
0,0,0,12.2549,0.4935,35,1,1
1,0,0,10.8198,0.9696,49,1,2
0,2,2,11.6952,0.9587,34,1,2
0,0,0,11.1563,0.9403,45,1,3
1,0,0,9.2103,0.9649,40,1,2
0,1,2,9.9035,0.4099,47,1,2
0,0,0,11.9184,1.2089,36,1,4
0,1,-2,12.1548,0.0,35,1,2
0,0,0,10.8198,0.9845,40,1,2
1,0,0,10.8198,0.7442,30,1,3
0,0,0,10.8198,0.9839,30,1,1
0,0,0,12.4292,0.8248,31,1,2
1,0,0,12.3014,0.5446,31,1,1
0,-1,2,13.1022,0.1204,33,1,1
0,2,2,9.9035,0.6634,30,1,2
0,1,-1,11.1563,0.1493,29,1,1
0,0,0,12.5776,0.0812,32,1,1
0,-1,-1,13.017,0.0028,32,1,1
1,0,0,9.9035,1.1528,32,1,2
0,0,0,11.5129,0.4942,33,1,1
1,2,2,11.2898,1.2335,33,1,1
1,-1,0,11.1563,0.0783,44,1,3
0,1,-1,12.2061,-0.0,45,1,2
0,0,0,9.9035,0.4634,38,1,2
0,-1,-1,12.3014,0.0082,38,1,1
0,1,2,9.2103,0.9298,45,1,2
0,0,0,12.5776,0.2784,35,1,3
0,1,-1,9.9035,-0.1043,38,1,3
0,-1,-1,12.2061,0.0175,37,1,2
0,1,-2,10.8198,-0.0402,47,1,3
0,0,0,10.8198,0.9084,41,1,2
0,0,0,11.0021,0.7994,41,1,2
0,1,-2,10.8198,0.126,48,1,3
1,2,0,12.5776,0.3363,38,1,1
1,2,2,11.8494,0.5233,41,1,2
0,0,0,13.2534,0.6823,33,1,1
1,-1,-1,12.2549,0.0075,40,1,1
0,1,2,12.5062,0.5827,32,1,3
0,0,0,10.8198,0.941,33,1,2
1,2,0,11.0021,0.9698,38,1,2
1,1,2,11.6952,0.5326,45,1,2
1,-1,2,13.017,0.0079,42,1,1
0,-2,2,11.0021,0.8368,39,1,2
1,3,2,9.9035,0.12,36,1,2
0,0,0,12.1007,0.4761,36,1,1
0,-1,-1,12.8479,0.0061,37,1,2
0,0,0,9.9035,0.92,48,1,2
0,-1,-1,11.6952,0.0198,26,1,1
1,0,-1,13.1224,0.0653,39,1,3
1,-1,0,9.9035,0.9323,39,1,2
0,0,0,12.4684,0.7908,43,1,3
0,0,0,9.9035,0.674,33,1,2
0,0,0,12.3458,0.6509,35,1,2
0,-1,-1,11.6952,0.0111,33,1,2
1,2,2,11.7753,0.623,40,1,1
0,-1,-1,12.2061,0.0042,40,1,1
0,0,0,10.309,0.8381,49,1,1
0,-1,-1,12.3458,0.0113,39,1,3
1,-1,-1,12.2549,0.0019,44,1,1
0,0,0,12.4684,0.0712,40,1,5
0,-2,-2,11.9829,0.0544,36,1,2
0,0,0,11.8494,0.9236,44,1,2
1,0,0,11.1563,1.0151,39,1,2
0,0,0,11.5129,0.1579,38,1,2
0,-2,-2,11.9184,0.0056,32,1,1
0,0,0,12.5776,0.0501,34,1,2
0,0,0,11.0021,0.1124,37,1,2
0,5,4,10.8198,0.3972,37,1,2
0,0,0,9.9035,0.8612,38,1,3
0,0,0,13.1224,0.9499,37,1,1
1,-1,3,11.4076,0.0407,45,1,2
0,-2,-2,12.5425,0.0269,37,1,1
1,1,2,10.5966,0.8591,40,1,2
1,-1,-1,12.3014,0.004,39,1,1
0,-2,-2,12.3014,0.2012,37,1,5
1,0,0,10.8198,1.9438,33,1,2
1,-1,-1,9.9035,0.0195,47,1,2
0,0,0,12.2061,0.9613,39,1,1
1,2,0,9.9035,0.9195,32,1,2
1,1,2,11.0021,1.0006,39,1,1
0,-2,-2,12.5425,0.0518,45,1,3
0,0,0,10.8198,0.8877,48,1,2
0,0,0,12.948,0.9218,32,1,1
1,1,2,10.309,0.6466,44,1,3
0,0,0,10.8198,0.4462,36,1,3
0,0,0,9.9035,0.905,43,1,3
1,2,3,11.6082,0.3612,39,1,2
0,0,0,12.3458,0.0883,39,1,2
0,0,0,11.0021,0.3493,45,1,2
0,-2,-2,12.7939,0.005,36,1,1
0,0,0,10.8198,0.9833,42,1,2
0,0,0,11.6082,0.9692,35,1,2
0,0,0,11.9184,0.6944,29,1,2
0,-1,-1,12.1007,0.0062,29,1,1
0,-1,-1,11.2898,0.0636,30,1,2
0,0,0,10.8198,0.933,30,1,2
0,-1,0,12.0436,0.0373,31,1,2
0,-1,-1,12.2061,0.0272,31,1,2
0,0,0,12.2549,0.1716,31,1,1
0,0,0,9.9035,0.9718,32,1,2
0,-1,2,11.9829,0.0022,35,1,1
0,0,0,10.8198,0.9368,45,1,3
1,0,0,12.7367,0.6876,30,1,2
0,-1,-1,12.3014,0.0244,32,1,1
1,-2,-1,12.2061,0.0025,37,1,2
0,0,0,12.6761,0.7059,29,1,1
1,2,0,11.6082,0.7076,29,1,1
1,3,2,12.2061,0.0056,30,1,1
0,1,2,11.9829,0.3527,31,1,1
0,0,0,12.6443,0.289,34,1,2
0,0,0,11.1563,1.1178,29,1,2
0,-1,-1,11.2898,0.3522,29,1,2
0,-2,-2,12.6761,0.0164,34,1,1
0,0,-1,12.3458,0.2454,34,1,1
1,2,0,12.4684,1.2854,36,1,2
1,5,4,10.8198,1.0818,41,1,3
0,0,0,12.2549,0.4053,48,1,3
0,0,0,11.0021,0.3248,42,1,3
1,0,0,10.309,0.8798,48,1,2
0,-2,-2,13.0815,0.0606,44,1,2
0,0,0,12.3884,0.9843,43,1,2
1,0,0,9.9035,0.9008,44,1,2
0,0,0,10.8198,0.9956,41,1,3
0,0,0,10.8198,0.8854,37,1,2
0,-1,-1,10.8198,0.1258,35,1,1
0,-1,-1,13.1224,0.0296,37,1,1
0,0,0,11.1563,0.5074,31,1,2
0,0,0,10.5966,0.8269,31,1,1
0,-1,-1,12.948,0.0026,32,1,1
0,2,2,9.9035,1.2619,36,1,2
0,-1,-1,12.6115,0.0052,41,1,3
1,3,2,11.6082,0.7135,38,1,2
1,4,4,11.1563,0.8447,42,1,2
0,0,0,11.6082,0.1665,39,1,1
0,2,2,12.3014,1.011,40,1,2
0,0,0,9.9035,0.716,37,1,1
0,-1,-1,11.6952,0.0027,39,1,3
0,0,0,11.9184,0.4394,44,1,3
0,0,0,11.6082,0.8298,40,1,3
0,-2,-2,12.6761,0.0168,36,1,3
0,-1,-1,10.8198,0.0086,28,1,2
0,0,0,9.9035,0.8456,34,1,2
1,2,0,12.1007,0.3222,35,1,3
0,0,0,12.2061,1.0442,37,1,2
0,1,2,10.8198,0.3243,47,1,3
1,-1,3,12.7939,0.0014,40,1,1
0,0,0,10.309,0.9377,30,1,2
0,-2,-2,12.3458,0.0,31,1,1
0,-2,-2,12.5425,0.0142,32,1,1
1,0,0,10.8198,0.9595,32,1,3
0,-1,-1,12.7939,0.1603,33,1,1
1,2,2,12.3884,0.1878,37,1,2
0,2,2,12.1007,0.9828,43,1,3
0,-1,-1,12.2061,0.002,36,1,1
0,-2,-2,12.8739,0.0015,29,1,1
0,0,0,11.6082,0.4362,29,1,1
0,0,0,12.4292,0.9629,29,1,1
0,0,0,12.8479,0.1257,30,1,2
0,-1,-1,12.6115,0.0006,30,1,2
0,0,0,12.6115,0.744,44,1,2
0,-2,-2,12.6761,0.003,40,1,1
0,1,-2,11.9829,0.0,48,1,2
0,-2,-2,12.6443,-0.006,47,1,1
0,0,0,10.8198,1.0192,32,1,2
1,0,0,9.9035,0.4384,32,1,2
1,2,0,12.3884,0.2521,31,1,2
0,-1,0,12.4292,1.5096,31,1,1
0,0,0,12.2061,0.8101,31,1,1
0,1,-2,12.3884,0.0,35,1,1
0,-1,2,11.9184,0.0085,43,1,3
0,0,0,12.948,0.0871,43,1,2
0,0,0,9.2103,0.5104,36,1,3
0,1,2,10.309,0.4117,44,1,2
1,-1,3,12.4292,0.0018,33,1,1
0,0,0,13.1224,0.0106,33,1,2
0,0,0,10.309,0.9923,38,1,2
0,0,0,11.6952,0.973,48,1,2
0,-1,-1,12.2061,0.0125,34,1,2
0,0,0,9.9035,0.5589,36,1,2
1,1,2,10.8198,0.3023,38,1,2
1,2,2,10.8198,0.7978,47,1,3
1,0,0,10.8198,0.9237,40,1,3
0,0,0,11.8494,0.988,39,1,3
0,0,0,9.9035,0.8846,34,1,3
0,0,0,11.9184,0.2802,39,1,3
0,0,0,12.3458,0.7577,35,1,2
0,0,0,12.3884,0.9605,36,1,2
1,3,2,11.9184,0.7404,41,1,1
0,0,0,11.8494,0.3763,38,1,1
0,-2,-2,12.6443,0.0052,37,1,2
1,3,2,11.0021,0.04,36,1,2
0,-2,-2,12.2061,0.0024,34,1,1
1,-2,-2,11.9829,0.0,46,1,1
0,-1,-1,12.7939,0.0358,35,1,1
0,0,0,10.309,0.4307,49,1,2
1,1,-1,11.5129,0.0,41,1,3
0,1,2,9.2103,0.6321,45,1,2
0,-2,-2,12.6115,0.0101,37,1,2
1,-1,-1,13.1224,0.0029,49,1,2
1,2,0,10.8198,0.9757,40,1,3
0,-2,-2,13.1224,0.0038,48,1,2
1,2,0,11.5129,1.0,46,1,2
0,0,0,12.3884,1.0062,35,1,1
0,0,0,13.017,0.2322,43,1,2
0,-2,-2,13.3375,0.0092,31,1,2
0,0,0,11.5129,0.6012,32,1,2
0,0,0,12.3458,1.0729,32,1,1
0,0,0,10.8198,0.0833,34,1,2
1,4,3,10.309,0.5876,38,1,2
0,0,0,9.9035,0.8074,40,1,2
1,-1,-1,12.1007,0.0016,32,1,1
1,2,2,11.4076,1.0036,31,1,1
0,0,0,12.0436,0.9792,32,1,1
0,-2,-2,12.1007,-0.0001,34,1,2
0,0,0,10.8198,1.0139,40,1,3
0,0,0,11.5129,0.5051,30,1,3
0,1,-2,12.2061,0.0,39,1,1
0,-2,-2,12.2061,0.0214,37,1,1
0,1,-2,12.3014,0.0,39,1,1
0,2,-1,11.2898,0.0184,43,1,3
0,1,2,10.309,0.8032,37,1,3
0,0,0,10.8198,0.9372,30,1,3
0,1,2,12.2549,0.3122,40,1,1
0,1,2,9.2103,0.8594,48,1,1
1,-2,-2,12.6115,0.0,38,1,1
0,0,0,13.0605,0.0261,31,1,2
0,0,0,12.2061,0.9838,44,1,1
0,0,0,11.2898,1.0156,32,1,2
0,0,0,9.2103,0.6728,36,1,3
0,1,-1,9.2103,0.2365,49,1,3
0,0,0,9.9035,0.9312,37,1,3
0,1,2,12.3884,1.0222,39,1,2
0,0,0,10.309,0.4391,29,1,2
0,0,0,11.9829,0.5878,31,1,2
1,3,2,9.9035,0.12,31,1,1
1,-1,4,9.2103,0.7501,37,1,2
0,0,0,12.4292,0.8371,39,1,3
0,0,0,12.4684,0.9664,34,1,1
1,0,0,11.5129,0.4791,34,1,2
0,-1,2,12.2549,0.0073,35,1,1
0,0,0,12.5776,0.956,33,1,1
1,0,0,11.9184,1.3363,29,1,4
1,2,0,12.6115,0.851,32,1,1
0,1,-2,10.8198,-0.2309,32,1,2
0,0,0,11.5129,0.5118,29,1,2
0,1,2,12.2549,0.7688,32,1,1
0,-1,-1,12.6115,0.002,32,1,3
0,1,2,11.4076,0.503,30,1,2
0,-1,-1,12.2549,0.0083,31,1,2
1,2,0,9.2103,0.864,47,1,2
0,0,0,11.4076,0.5915,36,1,2
0,1,2,10.8198,1.027,35,1,3
0,-1,-1,11.8494,0.0105,41,1,3
0,0,0,12.6443,0.8375,35,1,2
0,-1,-1,12.4292,0.0148,44,1,1
0,-2,-2,12.2061,0.0579,37,1,1
0,-1,-1,12.7939,0.0105,35,1,1
1,0,0,10.8198,0.2532,43,1,2
0,-2,-2,13.1224,0.0036,39,1,2
0,0,0,10.8198,1.0112,43,1,2
0,-2,-2,9.9035,0.0334,31,1,1
0,0,0,11.4076,0.7814,31,1,2
0,0,0,12.3884,0.9038,36,1,2
1,3,2,9.9035,0.7256,33,1,2
0,0,0,12.2549,0.7421,33,1,2
0,2,2,12.4684,0.4937,33,1,1
0,0,0,10.8198,1.0495,32,1,2
0,0,0,11.4076,0.9878,32,1,2
1,1,3,9.9035,0.9419,45,1,3
0,0,0,11.0021,0.8983,40,1,2
0,0,0,12.2061,0.8832,34,1,2
0,0,0,10.8198,0.8678,34,1,2
1,0,0,12.4292,0.0241,34,1,1
1,0,0,9.9035,0.5402,48,1,3
0,-1,0,12.2061,0.0138,42,1,3
0,0,0,10.8198,0.9867,46,1,5
0,0,0,12.2061,0.7465,37,1,2
0,-1,-1,12.4292,0.1175,35,1,3
0,5,4,10.8198,1.0464,49,1,2
0,-1,-1,12.2549,0.0016,35,1,1
0,1,4,11.2898,1.223,42,1,2
1,2,0,10.8198,0.2212,40,1,2
0,0,0,10.8198,0.4739,48,1,2
1,0,0,9.9035,1.0264,36,1,2
0,1,-1,12.8992,0.9909,37,1,2
0,-1,-1,13.1224,0.2017,44,1,1
0,0,0,11.5129,0.608,46,1,2
1,1,-2,12.3014,0.0,42,1,1
1,2,2,10.5966,0.2639,47,1,1
0,0,0,10.8198,0.8695,41,1,2
0,0,0,11.5129,0.9972,49,1,3
1,2,0,11.9184,1.1029,35,1,1
1,0,0,11.2898,0.5971,37,1,2
0,0,0,11.5129,0.8537,32,1,2
1,1,-2,12.7367,0.0,33,1,1
0,0,0,11.6952,0.8203,30,1,2
0,0,0,9.9035,0.9514,30,1,2
1,-1,-1,9.9035,0.0195,31,1,2
0,0,0,10.309,0.8127,34,1,2
0,0,0,11.7753,0.0812,34,1,3
0,-2,-2,12.1007,0.0,34,1,6
0,0,0,13.1224,0.9887,34,1,1
1,0,0,12.1548,0.4389,43,1,2
0,0,0,11.9184,1.4432,36,1,5
1,2,2,12.6761,0.646,48,1,1
0,0,0,12.6761,0.5084,47,1,1
0,-1,-1,13.1022,0.039,49,1,1
1,2,2,9.2103,0.9013,42,1,3
0,0,0,12.8992,0.0256,39,1,1
1,1,-2,9.2103,-0.0265,37,1,2
0,0,0,12.6115,0.3642,47,1,2
0,-1,-1,12.6443,0.0498,46,1,4
1,2,2,11.5129,0.8036,44,1,2
0,0,0,11.2898,0.4182,36,1,2
0,0,0,10.8198,1.2463,46,1,3
0,1,-1,12.5062,-0.0001,36,1,2
0,-1,-1,13.1224,0.0049,44,1,2
1,0,0,10.8198,0.5127,39,1,2
0,-2,-2,13.039,0.0015,39,1,2
0,1,2,11.2898,0.7326,44,1,3
0,0,0,12.4684,0.1173,39,1,3
0,0,0,10.8198,0.2265,47,1,2
0,0,0,10.309,0.6635,41,1,3
1,0,0,12.1548,0.0197,42,1,2
0,0,0,12.5776,0.2883,40,1,1
0,-2,-2,13.3847,0.0033,44,1,1
1,0,0,10.8198,0.0306,38,1,2
0,0,0,11.2898,0.9644,44,1,1
0,0,0,12.2061,0.3846,42,1,2
1,-1,3,11.9184,0.0055,43,1,1
1,2,2,12.5776,0.9315,30,1,2
0,-1,0,12.7367,0.1319,29,1,1
0,0,0,12.6761,0.2985,30,1,1
0,0,0,11.2898,0.628,31,1,2
1,0,0,9.2103,0.9018,30,1,2
0,0,0,12.948,0.9649,31,1,2
0,0,0,12.3458,0.9846,41,1,2
0,0,0,11.5129,0.6138,35,1,2
1,0,0,11.5129,0.988,35,1,1
0,0,0,12.5425,0.8409,31,1,1
0,-2,-2,12.3014,0.0292,34,1,1
0,-2,-2,12.7367,0.0577,36,1,2
1,0,0,12.7367,1.0652,36,1,3
0,0,0,12.2549,0.09,37,1,2
1,0,0,11.8494,0.9662,38,1,2
0,0,0,12.8739,0.4477,37,1,2
0,0,0,9.9035,0.8394,49,1,3
0,0,0,12.948,1.0819,34,1,1
0,1,2,12.7657,0.6441,31,1,3
1,0,0,10.8198,0.8625,39,1,3
0,0,0,13.3535,0.2,46,1,2
0,0,0,11.8494,0.2324,34,1,2
0,0,0,12.1007,0.5884,40,1,3
0,0,0,12.7367,0.2116,37,1,2
0,-1,-1,12.2549,0.0014,49,1,1
0,0,0,11.5129,0.9467,47,1,3
0,1,-1,12.1007,0.0092,37,1,1
0,-1,-1,12.6115,0.4425,46,1,1
1,-1,-1,12.2549,0.0085,45,1,2
0,-1,-1,12.3458,0.1735,46,1,1
1,2,2,11.1563,1.0227,45,1,3
1,0,0,11.6952,0.5981,47,1,3
0,1,2,9.9035,0.7249,34,1,2
1,0,0,11.8494,1.0146,29,1,1
1,0,0,9.9035,0.8404,29,1,2
0,1,2,10.8198,1.0169,29,1,2
0,0,-1,12.0436,0.0611,30,1,3
0,-1,0,12.4684,0.1053,30,1,1
1,0,0,11.0021,0.9159,30,1,3
1,1,2,10.8198,0.3496,30,1,3
0,0,0,11.9184,0.7104,29,1,3
1,0,0,12.3884,0.2701,29,1,1
1,-2,-2,11.8494,0.0,29,1,1
0,-2,-2,12.7939,0.0,32,1,1
0,-2,-2,12.6443,0.0005,30,1,2
1,-1,-1,12.2549,0.0016,31,1,2
0,-1,-1,13.017,0.0111,31,1,1
0,-1,-1,12.3458,0.1017,34,1,1
0,0,0,12.8739,0.1549,32,1,1
0,2,0,9.2103,0.9299,32,1,2
0,0,0,12.7068,0.1545,33,1,2
1,-1,3,10.309,1.0575,33,1,1
0,0,0,12.1548,0.7616,33,1,1
1,-1,-1,10.8198,0.0611,37,1,3
1,2,0,10.8198,1.4385,45,1,5
1,0,0,12.9239,1.1433,34,1,1
0,1,-2,11.9184,-0.0001,35,1,2
0,-1,-1,12.7939,0.0006,35,1,1
0,0,0,10.8198,0.9815,40,1,2
0,0,0,12.2549,0.4658,36,1,1
0,3,3,10.8198,1.0684,46,1,3
0,0,0,12.3014,0.7242,38,1,1
0,0,0,9.9035,0.5345,42,1,2
1,-1,-1,12.0436,0.0106,46,1,3
0,1,2,9.9035,0.3108,43,1,2
0,0,0,11.0021,1.0186,41,1,2
1,2,0,11.9829,0.8749,42,1,3
0,-1,2,12.1548,0.0015,44,1,3
0,-1,-1,12.7939,0.0515,45,1,2
1,0,0,10.8198,0.9637,48,1,2
0,0,0,11.7753,0.9965,40,1,3
0,-2,-2,12.6761,0.044,44,1,1
0,2,2,10.309,0.6664,38,1,2
0,0,0,11.5129,0.3165,37,1,3
0,1,2,9.9035,1.0366,48,1,2
0,0,0,10.8198,0.4128,45,1,2
1,-1,-1,11.7753,0.0113,45,1,3
0,0,0,13.1224,0.063,38,1,2
1,3,2,11.2898,0.9454,39,1,2
0,0,0,10.309,0.9553,42,1,2
0,-2,-1,12.3458,0.0236,44,1,1
0,0,0,10.8198,0.228,46,1,3
0,-1,-1,12.5776,0.1101,32,1,1
0,0,0,12.5425,0.1966,39,1,1
0,-1,2,12.3014,0.0024,32,1,1
0,0,0,11.9829,0.8966,30,1,1
0,-1,-1,12.2549,0.02,30,1,2
0,0,0,12.0436,0.7638,30,1,1
0,0,0,12.1007,0.2851,30,1,2
0,-1,2,12.9239,0.0009,32,1,1
0,0,0,11.9184,0.0159,30,1,1
0,0,0,13.1224,0.0591,31,1,2
0,0,-1,12.3458,0.0185,31,1,3
0,-1,-1,12.5776,0.0801,32,1,1
0,0,0,9.2103,0.9406,29,1,2
0,-2,-2,12.4684,0.0,33,1,1
0,1,-1,10.8198,-0.0053,30,1,2
0,0,-1,13.3212,0.5711,31,1,1
0,-1,-1,12.7939,0.002,31,1,1
0,0,0,11.8494,0.9588,32,1,2
1,2,0,11.9184,0.8991,31,1,5
0,0,0,10.8198,1.0113,32,1,2
0,0,0,9.9035,0.6865,34,1,2
0,0,0,12.2061,0.55,33,1,2
0,-1,-1,12.7939,0.0935,34,1,1
0,0,0,11.2898,0.8194,36,1,3
0,0,0,12.1548,0.1138,37,1,1
1,1,-2,12.3458,0.0,35,1,2
1,1,2,10.8198,0.2181,37,1,2
0,0,0,12.3014,0.2049,41,1,2
1,2,2,10.5966,1.309,47,1,2
0,0,0,12.948,0.3141,34,1,1
0,0,0,12.6443,0.7709,39,1,2
0,-2,-2,12.1007,0.0,32,1,1
0,0,0,10.8198,0.88,42,1,3
0,1,2,10.8198,0.7734,44,1,2
1,0,0,11.4076,0.0861,36,1,2
0,-2,-2,9.9035,0.0911,44,1,2
0,-1,-1,10.309,0.0105,38,1,2
0,-2,-2,12.3884,0.0,30,1,1
0,-1,-1,12.7939,0.0062,35,1,1
0,0,0,11.7753,0.1792,34,1,1
0,0,0,12.4292,1.1186,34,1,1
0,-1,-1,11.9184,0.0228,35,1,1
0,0,0,11.8494,0.988,41,1,2
1,3,2,12.2549,0.0119,34,1,2
0,0,0,9.2103,0.8802,43,1,3
0,0,-1,11.5129,0.0304,38,1,1
1,2,2,11.2898,0.907,34,1,2
0,0,0,12.3014,0.8589,39,1,3
0,-1,-1,11.9184,0.0112,43,1,3
1,4,3,10.309,0.1188,37,1,2
1,1,-1,11.2898,-0.0206,41,1,3
1,0,0,10.8198,0.9586,46,1,2
